{"textures":{"0":"block/anvil","1":"block/blast_furnace_side","2":"block/red_concrete_powder","particle":"block/anvil","1_0":"block/anvil","1_1":"block/blast_furnace_side","1_2":"block/white_concrete_powder"},"elements":[{"from":[7,0,0],"to":[9,1.5,2],"rotation":{"angle":0,"axis":"y","origin":[15,8,8]},"faces":{"north":{"uv":[8,0,4,3],"texture":"#1"},"east":{"uv":[8,0,4,3],"texture":"#1"},"south":{"uv":[8,0,4,3],"texture":"#1"},"west":{"uv":[8,0,4,3],"texture":"#1"},"up":{"uv":[8,0,4,3],"texture":"#1"},"down":{"uv":[8,0,4,3],"texture":"#1"}}},{"from":[13.99404,0,6.99404],"to":[15.99404,1.5,8.99404],"rotation":{"angle":0,"axis":"y","origin":[7.99404,8,14.99404]},"faces":{"north":{"uv":[8,0,4,3],"texture":"#1"},"east":{"uv":[8,0,4,3],"texture":"#1"},"south":{"uv":[8,0,4,3],"texture":"#1"},"west":{"uv":[8,0,4,3],"texture":"#1"},"up":{"uv":[8,0,4,3],"texture":"#1"},"down":{"uv":[8,0,4,3],"texture":"#1"}}},{"from":[6.34702,20.9,6.44702],"to":[7.34702,21.65,7.44702],"rotation":{"angle":0,"axis":"y","origin":[3.34702,24.9,10.44702]},"faces":{"north":{"uv":[8,0,4,3],"texture":"#1"},"east":{"uv":[8,0,4,3],"texture":"#1"},"south":{"uv":[8,0,4,3],"texture":"#1"},"west":{"uv":[8,0,4,3],"texture":"#1"},"up":{"uv":[8,0,4,3],"texture":"#1"},"down":{"uv":[8,0,4,3],"texture":"#1"}}},{"from":[7,0,14],"to":[9,1.5,16],"rotation":{"angle":0,"axis":"y","origin":[15,8,8]},"faces":{"north":{"uv":[8,0,4,3],"texture":"#1"},"east":{"uv":[8,0,4,3],"texture":"#1"},"south":{"uv":[8,0,4,3],"texture":"#1"},"west":{"uv":[8,0,4,3],"texture":"#1"},"up":{"uv":[8,1,4,4],"texture":"#1"},"down":{"uv":[8,0,4,3],"texture":"#1"}}},{"from":[-0.00596,0,6.99404],"to":[1.99404,1.5,8.99404],"rotation":{"angle":0,"axis":"y","origin":[7.99404,8,14.99404]},"faces":{"north":{"uv":[8,0,4,3],"texture":"#1"},"east":{"uv":[8,0,4,3],"texture":"#1"},"south":{"uv":[8,0,4,3],"texture":"#1"},"west":{"uv":[8,0,4,3],"texture":"#1"},"up":{"uv":[8,0,4,3],"texture":"#1"},"down":{"uv":[8,0,4,3],"texture":"#1"}}},{"from":[7.5,1.4,0.5],"to":[8.5,4.9,1.5],"rotation":{"angle":0,"axis":"x","origin":[8,2.15,1]},"faces":{"north":{"uv":[0,0,1,3.5],"texture":"#0"},"east":{"uv":[0,0,1,3.5],"texture":"#0"},"south":{"uv":[0,0,1,3.5],"texture":"#0"},"west":{"uv":[0,0,1,3.5],"texture":"#0"},"up":{"uv":[0,0,1,1],"texture":"#0"},"down":{"uv":[0,0,1,1],"texture":"#0"}}},{"from":[7.475,11.7,7.5],"to":[8.475,18.4,8.5],"rotation":{"angle":0,"axis":"x","origin":[7.975,12.45,8]},"faces":{"north":{"uv":[0,0,1,3.5],"texture":"#0"},"east":{"uv":[0,0,1,3.5],"texture":"#0"},"south":{"uv":[0,0,1,3.5],"texture":"#0"},"west":{"uv":[0,0,1,3.5],"texture":"#0"},"up":{"uv":[0,0,1,1],"texture":"#0"},"down":{"uv":[0,0,1,1],"texture":"#0"}}},{"from":[14.49404,1.4,7.49404],"to":[15.49404,4.9,8.49404],"rotation":{"angle":0,"axis":"x","origin":[14.99404,2.15,7.99404]},"faces":{"north":{"uv":[0,0,1,3.5],"texture":"#0"},"east":{"uv":[0,0,1,3.5],"texture":"#0"},"south":{"uv":[0,0,1,3.5],"texture":"#0"},"west":{"uv":[0,0,1,3.5],"texture":"#0"},"up":{"uv":[0,0,1,1],"rotation":90,"texture":"#0"},"down":{"uv":[0,0,1,1],"rotation":270,"texture":"#0"}}},{"from":[6.59702,21.6,6.69702],"to":[7.09702,22.95,7.19702],"rotation":{"angle":0,"axis":"x","origin":[6.84702,21.975,6.94702]},"faces":{"north":{"uv":[0,0,1,3.5],"texture":"#0"},"east":{"uv":[0,0,1,3.5],"texture":"#0"},"south":{"uv":[0,0,1,3.5],"texture":"#0"},"west":{"uv":[0,0,1,3.5],"texture":"#0"},"up":{"uv":[0,0,1,1],"rotation":90,"texture":"#0"},"down":{"uv":[0,0,1,1],"rotation":270,"texture":"#0"}}},{"from":[6.69702,22.8,6.79702],"to":[6.99702,24.15,7.09702],"rotation":{"angle":0,"axis":"x","origin":[6.84702,23.175,6.94702]},"faces":{"north":{"uv":[0,0,1,3.5],"texture":"#0"},"east":{"uv":[0,0,1,3.5],"texture":"#0"},"south":{"uv":[0,0,1,3.5],"texture":"#0"},"west":{"uv":[0,0,1,3.5],"texture":"#0"},"up":{"uv":[0,0,1,1],"rotation":90,"texture":"#0"},"down":{"uv":[0,0,1,1],"rotation":270,"texture":"#0"}}},{"from":[6.49702,24.1,6.59702],"to":[7.19702,24.25,7.29702],"rotation":{"angle":0,"axis":"x","origin":[6.84702,24.475,6.94702]},"faces":{"north":{"uv":[0,0,1,3.5],"texture":"#0"},"east":{"uv":[0,0,1,3.5],"texture":"#0"},"south":{"uv":[0,0,1,3.5],"texture":"#0"},"west":{"uv":[0,0,1,3.5],"texture":"#0"},"up":{"uv":[0,0,1,1],"rotation":90,"texture":"#0"},"down":{"uv":[0,0,1,1],"rotation":270,"texture":"#0"}}},{"from":[7.5,1.4,14.5],"to":[8.5,4.9,15.5],"rotation":{"angle":0,"axis":"x","origin":[8,2.15,15]},"faces":{"north":{"uv":[1,0,0,3.5],"texture":"#0"},"east":{"uv":[1,0,0,3.5],"texture":"#0"},"south":{"uv":[1,0,0,3.5],"texture":"#0"},"west":{"uv":[1,0,0,3.5],"texture":"#0"},"up":{"uv":[0,1,1,0],"texture":"#0"},"down":{"uv":[0,1,1,0],"texture":"#0"}}},{"from":[0.49404,1.4,7.49404],"to":[1.49404,4.9,8.49404],"rotation":{"angle":0,"axis":"x","origin":[0.99404,2.15,7.99404]},"faces":{"north":{"uv":[1,0,0,3.5],"texture":"#0"},"east":{"uv":[1,0,0,3.5],"texture":"#0"},"south":{"uv":[1,0,0,3.5],"texture":"#0"},"west":{"uv":[1,0,0,3.5],"texture":"#0"},"up":{"uv":[0,1,1,0],"rotation":90,"texture":"#0"},"down":{"uv":[0,1,1,0],"rotation":270,"texture":"#0"}}},{"from":[7.5,4.65157,0.74895],"to":[8.5,9.15157,1.74895],"rotation":{"angle":22.5,"axis":"x","origin":[8,5.40157,1.24895]},"faces":{"north":{"uv":[0,0,1,4.5],"texture":"#0"},"east":{"uv":[0,0,1,4.5],"texture":"#0"},"south":{"uv":[0,0,1,4.5],"texture":"#0"},"west":{"uv":[0,0,1,4.5],"texture":"#0"},"up":{"uv":[0,0,1,1],"texture":"#0"},"down":{"uv":[0,0,1,1],"texture":"#0"}}},{"from":[14.24509,4.65157,7.49404],"to":[15.24509,9.15157,8.49404],"rotation":{"angle":22.5,"axis":"z","origin":[14.74509,5.40157,7.99404]},"faces":{"north":{"uv":[0,0,1,4.5],"texture":"#0"},"east":{"uv":[0,0,1,4.5],"texture":"#0"},"south":{"uv":[0,0,1,4.5],"texture":"#0"},"west":{"uv":[0,0,1,4.5],"texture":"#0"},"up":{"uv":[0,0,1,1],"rotation":90,"texture":"#0"},"down":{"uv":[0,0,1,1],"rotation":270,"texture":"#0"}}},{"from":[7.5,4.65157,14.25105],"to":[8.5,9.15157,15.25105],"rotation":{"angle":-22.5,"axis":"x","origin":[8,5.40157,14.75105]},"faces":{"north":{"uv":[1,0,0,4.5],"texture":"#0"},"east":{"uv":[1,0,0,4.5],"texture":"#0"},"south":{"uv":[1,0,0,4.5],"texture":"#0"},"west":{"uv":[1,0,0,4.5],"texture":"#0"},"up":{"uv":[0,1,1,0],"texture":"#0"},"down":{"uv":[0,1,1,0],"texture":"#0"}}},{"from":[0.74299,4.65157,7.49404],"to":[1.74299,9.15157,8.49404],"rotation":{"angle":-22.5,"axis":"z","origin":[1.24299,5.40157,7.99404]},"faces":{"north":{"uv":[1,0,0,4.5],"texture":"#0"},"east":{"uv":[1,0,0,4.5],"texture":"#0"},"south":{"uv":[1,0,0,4.5],"texture":"#0"},"west":{"uv":[1,0,0,4.5],"texture":"#0"},"up":{"uv":[0,1,1,0],"rotation":90,"texture":"#0"},"down":{"uv":[0,1,1,0],"rotation":270,"texture":"#0"}}},{"from":[7.5,8.48423,2.60596],"to":[8.5,11.98423,3.60596],"rotation":{"angle":45,"axis":"x","origin":[8,9.23423,3.10596]},"faces":{"north":{"uv":[0,0,1,3.5],"texture":"#0"},"east":{"uv":[0,0,1,3.5],"texture":"#0"},"south":{"uv":[0,0,1,3.5],"texture":"#0"},"west":{"uv":[0,0,1,3.5],"texture":"#0"},"up":{"uv":[0,0,1,1],"texture":"#0"},"down":{"uv":[0,0,1,1],"texture":"#0"}}},{"from":[12.38808,8.48423,7.49404],"to":[13.38808,11.98423,8.49404],"rotation":{"angle":45,"axis":"z","origin":[12.88808,9.23423,7.99404]},"faces":{"north":{"uv":[0,0,1,3.5],"texture":"#0"},"east":{"uv":[0,0,1,3.5],"texture":"#0"},"south":{"uv":[0,0,1,3.5],"texture":"#0"},"west":{"uv":[0,0,1,3.5],"texture":"#0"},"up":{"uv":[0,0,1,1],"rotation":90,"texture":"#0"},"down":{"uv":[0,0,1,1],"rotation":270,"texture":"#0"}}},{"from":[7.25,9.48423,2.35596],"to":[8.75,11.98423,3.85596],"rotation":{"angle":45,"axis":"x","origin":[8,9.23423,3.10596]},"faces":{"north":{"uv":[9,9,5,16],"texture":"#1","tintindex":0},"east":{"uv":[9,9,5,16],"texture":"#1","tintindex":0},"south":{"uv":[9,9,5,16],"texture":"#1","tintindex":0},"west":{"uv":[9,9,5,16],"texture":"#1","tintindex":0},"up":{"uv":[9,9,5,16],"texture":"#1","tintindex":0},"down":{"uv":[10,1,6,4],"texture":"#1","tintindex":0}}},{"from":[12.13808,9.48423,7.24404],"to":[13.63808,11.98423,8.74404],"rotation":{"angle":45,"axis":"z","origin":[12.88808,9.23423,7.99404]},"faces":{"north":{"uv":[9,9,5,16],"texture":"#1","tintindex":0},"east":{"uv":[9,9,5,16],"texture":"#1","tintindex":0},"south":{"uv":[9,9,5,16],"texture":"#1","tintindex":0},"west":{"uv":[9,9,5,16],"texture":"#1","tintindex":0},"up":{"uv":[9,9,5,16],"texture":"#1","tintindex":0},"down":{"uv":[10,1,6,4],"texture":"#1","tintindex":0}}},{"from":[7.25,9.48423,12.14404],"to":[8.75,11.98423,13.64404],"rotation":{"angle":-45,"axis":"x","origin":[8,9.23423,12.89404]},"faces":{"north":{"uv":[9,9,5,16],"texture":"#1","tintindex":0},"east":{"uv":[9,9,5,16],"texture":"#1","tintindex":0},"south":{"uv":[9,9,5,16],"texture":"#1","tintindex":0},"west":{"uv":[9,9,5,16],"texture":"#1","tintindex":0},"up":{"uv":[9,9,5,16],"texture":"#1","tintindex":0},"down":{"uv":[10,1,6,4],"texture":"#1","tintindex":0}}},{"from":[2.35,9.48423,7.24404],"to":[3.85,11.98423,8.74404],"rotation":{"angle":-45,"axis":"z","origin":[3.1,9.23423,7.99404]},"faces":{"north":{"uv":[9,9,5,16],"texture":"#1","tintindex":0},"east":{"uv":[9,9,5,16],"texture":"#1","tintindex":0},"south":{"uv":[9,9,5,16],"texture":"#1","tintindex":0},"west":{"uv":[9,9,5,16],"texture":"#1","tintindex":0},"up":{"uv":[9,9,5,16],"texture":"#1"},"down":{"uv":[10,1,6,4],"texture":"#1","tintindex":0}}},{"from":[4.51421,10.20911,4.51904],"to":[11.46421,11.70911,11.49404],"rotation":{"angle":0,"axis":"z","origin":[4.26421,10.95911,7.99404]},"faces":{"north":{"uv":[15,9,1,12],"texture":"#1","tintindex":0},"east":{"uv":[15,9,1,12],"texture":"#1","tintindex":0},"south":{"uv":[15,9,1,12],"texture":"#1","tintindex":0},"west":{"uv":[15,9,1,12],"texture":"#1","tintindex":0},"up":{"uv":[11,10,3,15],"texture":"#1","tintindex":0},"down":{"uv":[11,10,3,15],"texture":"#1"}}},{"from":[7.03579,21.10911,7.29404],"to":[7.26079,21.30911,7.46904],"rotation":{"angle":0,"axis":"z","origin":[11.56079,18.55911,3.51904]},"faces":{"north":{"uv":[5,9,5.225,9.2],"texture":"#2"},"east":{"uv":[5,9,5.175,9.2],"texture":"#2"},"south":{"uv":[5,8,5.225,8.2],"texture":"#2"},"west":{"uv":[5,9,5.175,9.2],"texture":"#2"},"up":{"uv":[5,9,5.225,9.175],"texture":"#2"},"down":{"uv":[5,9,5.225,9.175],"texture":"#2"}}},{"from":[4.51421,18.29089,4.51904],"to":[11.46421,19.79089,11.49404],"rotation":{"angle":0,"axis":"z","origin":[4.26421,19.04089,7.99404]},"faces":{"north":{"uv":[15,12,1,9],"texture":"#1","tintindex":0},"east":{"uv":[15,12,1,9],"texture":"#1","tintindex":0},"south":{"uv":[15,12,1,9],"texture":"#1","tintindex":0},"west":{"uv":[15,12,1,9],"texture":"#1","tintindex":0},"up":{"uv":[11,15,3,10],"texture":"#1","tintindex":0},"down":{"uv":[11,15,3,10],"texture":"#1","tintindex":0}}},{"from":[5.51421,9.00911,5.51904],"to":[10.46421,10.50911,10.49404],"rotation":{"angle":0,"axis":"z","origin":[4.26421,9.75911,7.99404]},"faces":{"north":{"uv":[11,10,3,13],"texture":"#1","tintindex":0},"east":{"uv":[11,10,3,13],"texture":"#1","tintindex":0},"south":{"uv":[11,10,3,13],"texture":"#1","tintindex":0},"west":{"uv":[11,10,3,13],"texture":"#1","tintindex":0},"up":{"uv":[11,10,3,13],"texture":"#1"},"down":{"uv":[11,10,3,15],"texture":"#1","tintindex":0}}},{"from":[5.51421,19.49089,5.51904],"to":[10.46421,20.99089,10.49404],"rotation":{"angle":0,"axis":"z","origin":[4.26421,20.24089,7.99404]},"faces":{"north":{"uv":[11,13,3,10],"texture":"#1","tintindex":0},"east":{"uv":[11,13,3,10],"texture":"#1","tintindex":0},"south":{"uv":[11,13,3,10],"texture":"#1","tintindex":0},"west":{"uv":[11,13,3,10],"texture":"#1","tintindex":0},"up":{"uv":[11,15,3,10],"texture":"#1","tintindex":0},"down":{"uv":[11,13,3,10],"texture":"#1"}}},{"from":[7.5,8.48423,12.39404],"to":[8.5,11.98423,13.39404],"rotation":{"angle":-45,"axis":"x","origin":[8,9.23423,12.89404]},"faces":{"north":{"uv":[1,0,0,3.5],"texture":"#0"},"east":{"uv":[1,0,0,3.5],"texture":"#0"},"south":{"uv":[1,0,0,3.5],"texture":"#0"},"west":{"uv":[1,0,0,3.5],"texture":"#0"},"up":{"uv":[0,1,1,0],"texture":"#0"},"down":{"uv":[0,1,1,0],"texture":"#0"}}},{"from":[2.6,8.48423,7.49404],"to":[3.6,11.98423,8.49404],"rotation":{"angle":-45,"axis":"z","origin":[3.1,9.23423,7.99404]},"faces":{"north":{"uv":[1,0,0,3.5],"texture":"#0"},"east":{"uv":[1,0,0,3.5],"texture":"#0"},"south":{"uv":[1,0,0,3.5],"texture":"#0"},"west":{"uv":[1,0,0,3.5],"texture":"#0"},"up":{"uv":[0,1,1,0],"rotation":90,"texture":"#0"},"down":{"uv":[0,1,1,0],"rotation":270,"texture":"#0"}}},{"from":[4.26421,13.00911,4.26904],"to":[7.91421,17.00911,11.74404],"rotation":{"angle":0,"axis":"y","origin":[4.26421,12.75911,7.99404]},"faces":{"north":{"uv":[4.65,9,1,15],"texture":"#1_0"},"east":{"uv":[8.475,9,1,15],"texture":"#1_0"},"south":{"uv":[4.65,9,1,15],"texture":"#1_0"},"west":{"uv":[8.475,9,1,15],"texture":"#1_0"},"up":{"uv":[6.65,10,3,17.475],"texture":"#1_0"},"down":{"uv":[6.65,10,3,17.475],"texture":"#1_0"}}},{"from":[8.08579,13.00911,4.26904],"to":[11.73579,17.00911,11.74404],"rotation":{"angle":0,"axis":"y","origin":[11.73579,12.75911,7.99404]},"faces":{"north":{"uv":[1,9,4.65,15],"texture":"#1_0"},"east":{"uv":[1,9,8.475,15],"texture":"#1_0"},"south":{"uv":[1,9,4.65,15],"texture":"#1_0"},"west":{"uv":[1,9,8.475,15],"texture":"#1_0"},"up":{"uv":[3,10,6.65,17.475],"texture":"#1_0"},"down":{"uv":[3,10,6.65,17.475],"texture":"#1_0"}}},{"from":[8.06079,12.90911,4.16904],"to":[8.31079,17.10911,11.84404],"rotation":{"angle":0,"axis":"y","origin":[11.71079,12.75911,7.99404]},"faces":{"north":{"uv":[5,9,6,10],"texture":"#1_1"},"east":{"uv":[5,9,6,10],"texture":"#1_1"},"south":{"uv":[5,9,6,10],"texture":"#1_1"},"west":{"uv":[5,9,6,10],"texture":"#1_1"},"up":{"uv":[5,9,6,10],"texture":"#1_1"},"down":{"uv":[5,9,6,10],"texture":"#1_1"}}},{"from":[8.06079,14.60911,3.96904],"to":[8.31079,16.10911,12.04404],"rotation":{"angle":0,"axis":"y","origin":[11.71079,12.75911,8.19404]},"faces":{"north":{"uv":[5,9,6,10],"texture":"#1_1"},"east":{"uv":[5,9,6,10],"texture":"#1_1"},"south":{"uv":[5,9,6,10],"texture":"#1_1"},"west":{"uv":[5,9,6,10],"texture":"#1_1"},"up":{"uv":[5,9,6,10],"texture":"#1_1"},"down":{"uv":[5,9,6,10],"texture":"#1_1"}}},{"from":[7.18579,14.10911,11.46904],"to":[8.81079,15.90911,12.14404],"rotation":{"angle":0,"axis":"y","origin":[11.71079,11.55911,8.19404]},"faces":{"north":{"uv":[5,9,6.625,10.8],"texture":"#1_2","tintindex":1},"east":{"uv":[5,9,5.575,10.8],"texture":"#1_2","tintindex":1},"south":{"uv":[5,8,8.8,11.8],"texture":"#1_2","tintindex":1},"west":{"uv":[5,9,5.575,10.8],"texture":"#1_2","tintindex":1},"up":{"uv":[5,9,6.625,9.575],"texture":"#1_2","tintindex":1},"down":{"uv":[5,9,6.625,9.575],"texture":"#1_2","tintindex":1}}},{"from":[7.08579,13.98411,11.46904],"to":[8.91079,16.03411,12.04404],"rotation":{"angle":0,"axis":"y","origin":[11.71079,11.55911,8.19404]},"faces":{"north":{"uv":[5,9,6,10],"texture":"#1_1"},"east":{"uv":[5,9,6,10],"texture":"#1_1"},"south":{"uv":[5,9,6,10],"texture":"#1_1"},"west":{"uv":[5,9,6,10],"texture":"#1_1"},"up":{"uv":[5,9,6,10],"texture":"#1_1"},"down":{"uv":[5,9,6,10],"texture":"#1_1"}}},{"from":[8.06079,13.90911,3.96904],"to":[8.31079,14.60911,12.04404],"rotation":{"angle":0,"axis":"y","origin":[11.71079,9.75911,8.19404]},"faces":{"north":{"uv":[5,9,6,10],"texture":"#1_1"},"east":{"uv":[5,9,6,10],"texture":"#1_1"},"south":{"uv":[5,9,6,10],"texture":"#1_1"},"west":{"uv":[5,9,6,10],"texture":"#1_1"},"up":{"uv":[5,9,6,10],"texture":"#1_1"},"down":{"uv":[5,9,6,10],"texture":"#1_1"}}},{"from":[7.68921,14.60911,3.96904],"to":[7.93921,16.10911,12.04404],"rotation":{"angle":0,"axis":"y","origin":[4.28921,12.75911,8.19404]},"faces":{"north":{"uv":[6,9,5,10],"texture":"#1_1"},"east":{"uv":[6,9,5,10],"texture":"#1_1"},"south":{"uv":[6,9,5,10],"texture":"#1_1"},"west":{"uv":[6,9,5,10],"texture":"#1_1"},"up":{"uv":[6,9,5,10],"texture":"#1_1"},"down":{"uv":[6,9,5,10],"texture":"#1_1"}}},{"from":[7.68921,13.90911,3.96904],"to":[7.93921,14.60911,12.04404],"rotation":{"angle":0,"axis":"y","origin":[4.28921,9.75911,8.19404]},"faces":{"north":{"uv":[6,9,5,10],"texture":"#1_1"},"east":{"uv":[6,9,5,10],"texture":"#1_1"},"south":{"uv":[6,9,5,10],"texture":"#1_1"},"west":{"uv":[6,9,5,10],"texture":"#1_1"},"up":{"uv":[6,9,5,10],"texture":"#1_1"},"down":{"uv":[6,9,5,10],"texture":"#1_1"}}},{"from":[7.68921,12.90911,4.16904],"to":[7.93921,17.10911,11.84404],"rotation":{"angle":0,"axis":"y","origin":[4.28921,12.75911,7.99404]},"faces":{"north":{"uv":[6,9,5,10],"texture":"#1_1"},"east":{"uv":[6,9,5,10],"texture":"#1_1"},"south":{"uv":[6,9,5,10],"texture":"#1_1"},"west":{"uv":[6,9,5,10],"texture":"#1_1"},"up":{"uv":[6,9,5,10],"texture":"#1_1"},"down":{"uv":[6,9,5,10],"texture":"#1_1"}}},{"from":[8.06421,14.00911,4.06904],"to":[11.91421,16.00911,11.94404],"rotation":{"angle":0,"axis":"y","origin":[4.26421,12.75911,7.99404]},"faces":{"north":{"uv":[4.85,9,1,13],"texture":"#1_0"},"east":{"uv":[8.875,9,1,13],"texture":"#1_0"},"south":{"uv":[4.85,9,1,13],"texture":"#1_0"},"west":{"uv":[8.875,9,1,13],"texture":"#1_0"},"up":{"uv":[6.85,10,3,17.875],"texture":"#1_0"},"down":{"uv":[6.85,10,3,17.875],"texture":"#1_0"}}},{"from":[4.08579,14.00911,4.06904],"to":[7.86079,16.00911,11.94404],"rotation":{"angle":0,"axis":"y","origin":[11.73579,12.75911,7.99404]},"faces":{"north":{"uv":[1,9,4.85,13],"texture":"#1_0"},"east":{"uv":[1,9,8.875,13],"texture":"#1_0"},"south":{"uv":[1,9,4.85,13],"texture":"#1_0"},"west":{"uv":[1,9,8.875,13],"texture":"#1_0"},"up":{"uv":[3,10,6.85,17.875],"texture":"#1_0"},"down":{"uv":[3,10,6.85,17.875],"texture":"#1_0"}}},{"from":[8.08579,12.30911,5.26904],"to":[10.73579,17.70911,10.74404],"rotation":{"angle":0,"axis":"y","origin":[11.73579,16.75911,7.99404]},"faces":{"north":{"uv":[1,9,3.65,14.4],"texture":"#1_0"},"east":{"uv":[1,9,6.475,14.4],"texture":"#1_0"},"south":{"uv":[1,9,3.65,14.4],"texture":"#1_0"},"west":{"uv":[1,9,6.475,14.4],"texture":"#1_0"},"up":{"uv":[3,10,5.65,15.475],"texture":"#1_0"},"down":{"uv":[3,10,5.65,15.475],"texture":"#1_0"}}},{"from":[5.26421,12.30911,5.26904],"to":[7.91421,17.70911,10.74404],"rotation":{"angle":0,"axis":"y","origin":[4.26421,16.75911,7.99404]},"faces":{"north":{"uv":[3.65,9,1,14.4],"texture":"#1_0"},"east":{"uv":[6.475,9,1,14.4],"texture":"#1_0"},"south":{"uv":[3.65,9,1,14.4],"texture":"#1_0"},"west":{"uv":[6.475,9,1,14.4],"texture":"#1_0"},"up":{"uv":[5.65,10,3,15.475],"texture":"#1_0"},"down":{"uv":[5.65,10,3,15.475],"texture":"#1_0"}}},{"from":[8.06079,12.23411,5.16904],"to":[8.31079,17.78411,10.84404],"rotation":{"angle":0,"axis":"y","origin":[11.71079,13.43411,6.99404]},"faces":{"north":{"uv":[5,9,6,10],"texture":"#1_1"},"east":{"uv":[5,9,6,10],"texture":"#1_1"},"south":{"uv":[5,9,6,10],"texture":"#1_1"},"west":{"uv":[5,9,6,10],"texture":"#1_1"},"up":{"uv":[5,9,6,10],"texture":"#1_1"},"down":{"uv":[5,9,6,10],"texture":"#1_1"}}},{"from":[7.68921,12.23411,5.16904],"to":[7.93921,17.78411,10.84404],"rotation":{"angle":0,"axis":"y","origin":[4.28921,13.43411,6.99404]},"faces":{"north":{"uv":[6,9,5,10],"texture":"#1_1"},"east":{"uv":[6,9,5,10],"texture":"#1_1"},"south":{"uv":[6,9,5,10],"texture":"#1_1"},"west":{"uv":[6,9,5,10],"texture":"#1_1"},"up":{"uv":[6,9,5,10],"texture":"#1_1"},"down":{"uv":[6,9,5,10],"texture":"#1_1"}}}],"display":{"gui":{"rotation":[20,45,0],"translation":[0,-1.5,0],"scale":[0.5,0.5,0.5]},"head":{"translation":[0,5,0],"scale":[1.6,1.6,1.6]}},"groups":[0,1,2,3,4,5,6,7,8,9,10,11,12,13,14,15,16,17,18,19,20,21,22,23,24,25,26,27,28,29,{"name":"default_head","origin":[8,8,8],"children":[30,31,32,33,34,35,36,37,38,39,40,41,42,43,44,45]}],"credit":"Model by Craftventure"}