{"textures":{"0":"block/anvil","1":"block/blast_furnace_side","2":"block/white_concrete_powder","particle":"block/anvil"},"elements":[{"from":[4.26421,13.00911,4.26904],"to":[7.91421,17.00911,11.74404],"rotation":{"angle":0,"axis":"y","origin":[4.26421,12.75911,7.99404]},"faces":{"north":{"uv":[4.65,9,1,15],"texture":"#0"},"east":{"uv":[8.475,9,1,15],"texture":"#0"},"south":{"uv":[4.65,9,1,15],"texture":"#0"},"west":{"uv":[8.475,9,1,15],"texture":"#0"},"up":{"uv":[6.65,10,3,17.475],"texture":"#0"},"down":{"uv":[6.65,10,3,17.475],"texture":"#0"}}},{"from":[8.08579,13.00911,4.26904],"to":[11.73579,17.00911,11.74404],"rotation":{"angle":0,"axis":"y","origin":[11.73579,12.75911,7.99404]},"faces":{"north":{"uv":[1,9,4.65,15],"texture":"#0"},"east":{"uv":[1,9,8.475,15],"texture":"#0"},"south":{"uv":[1,9,4.65,15],"texture":"#0"},"west":{"uv":[1,9,8.475,15],"texture":"#0"},"up":{"uv":[3,10,6.65,17.475],"texture":"#0"},"down":{"uv":[3,10,6.65,17.475],"texture":"#0"}}},{"from":[8.06079,12.90911,4.16904],"to":[8.31079,17.10911,11.84404],"rotation":{"angle":0,"axis":"y","origin":[11.71079,12.75911,7.99404]},"faces":{"north":{"uv":[5,9,6,10],"texture":"#1"},"east":{"uv":[5,9,6,10],"texture":"#1"},"south":{"uv":[5,9,6,10],"texture":"#1"},"west":{"uv":[5,9,6,10],"texture":"#1"},"up":{"uv":[5,9,6,10],"texture":"#1"},"down":{"uv":[5,9,6,10],"texture":"#1"}}},{"from":[8.06079,14.60911,3.96904],"to":[8.31079,16.10911,12.04404],"rotation":{"angle":0,"axis":"y","origin":[11.71079,12.75911,8.19404]},"faces":{"north":{"uv":[5,9,6,10],"texture":"#1"},"east":{"uv":[5,9,6,10],"texture":"#1"},"south":{"uv":[5,9,6,10],"texture":"#1"},"west":{"uv":[5,9,6,10],"texture":"#1"},"up":{"uv":[5,9,6,10],"texture":"#1"},"down":{"uv":[5,9,6,10],"texture":"#1"}}},{"from":[7.18579,14.10911,11.46904],"to":[8.81079,15.90911,12.14404],"rotation":{"angle":0,"axis":"y","origin":[11.71079,11.55911,8.19404]},"faces":{"north":{"uv":[5,9,6.625,10.8],"texture":"#2","tintindex":1},"east":{"uv":[5,9,5.575,10.8],"texture":"#2","tintindex":1},"south":{"uv":[5,8,8.8,11.8],"texture":"#2","tintindex":1},"west":{"uv":[5,9,5.575,10.8],"texture":"#2","tintindex":1},"up":{"uv":[5,9,6.625,9.575],"texture":"#2","tintindex":1},"down":{"uv":[5,9,6.625,9.575],"texture":"#2","tintindex":1}}},{"from":[7.08579,13.98411,11.46904],"to":[8.91079,16.03411,12.04404],"rotation":{"angle":0,"axis":"y","origin":[11.71079,11.55911,8.19404]},"faces":{"north":{"uv":[5,9,6,10],"texture":"#1"},"east":{"uv":[5,9,6,10],"texture":"#1"},"south":{"uv":[5,9,6,10],"texture":"#1"},"west":{"uv":[5,9,6,10],"texture":"#1"},"up":{"uv":[5,9,6,10],"texture":"#1"},"down":{"uv":[5,9,6,10],"texture":"#1"}}},{"from":[8.06079,13.90911,3.96904],"to":[8.31079,14.60911,12.04404],"rotation":{"angle":0,"axis":"y","origin":[11.71079,9.75911,8.19404]},"faces":{"north":{"uv":[5,9,6,10],"texture":"#1"},"east":{"uv":[5,9,6,10],"texture":"#1"},"south":{"uv":[5,9,6,10],"texture":"#1"},"west":{"uv":[5,9,6,10],"texture":"#1"},"up":{"uv":[5,9,6,10],"texture":"#1"},"down":{"uv":[5,9,6,10],"texture":"#1"}}},{"from":[7.68921,14.60911,3.96904],"to":[7.93921,16.10911,12.04404],"rotation":{"angle":0,"axis":"y","origin":[4.28921,12.75911,8.19404]},"faces":{"north":{"uv":[6,9,5,10],"texture":"#1"},"east":{"uv":[6,9,5,10],"texture":"#1"},"south":{"uv":[6,9,5,10],"texture":"#1"},"west":{"uv":[6,9,5,10],"texture":"#1"},"up":{"uv":[6,9,5,10],"texture":"#1"},"down":{"uv":[6,9,5,10],"texture":"#1"}}},{"from":[7.68921,13.90911,3.96904],"to":[7.93921,14.60911,12.04404],"rotation":{"angle":0,"axis":"y","origin":[4.28921,9.75911,8.19404]},"faces":{"north":{"uv":[6,9,5,10],"texture":"#1"},"east":{"uv":[6,9,5,10],"texture":"#1"},"south":{"uv":[6,9,5,10],"texture":"#1"},"west":{"uv":[6,9,5,10],"texture":"#1"},"up":{"uv":[6,9,5,10],"texture":"#1"},"down":{"uv":[6,9,5,10],"texture":"#1"}}},{"from":[7.68921,12.90911,4.16904],"to":[7.93921,17.10911,11.84404],"rotation":{"angle":0,"axis":"y","origin":[4.28921,12.75911,7.99404]},"faces":{"north":{"uv":[6,9,5,10],"texture":"#1"},"east":{"uv":[6,9,5,10],"texture":"#1"},"south":{"uv":[6,9,5,10],"texture":"#1"},"west":{"uv":[6,9,5,10],"texture":"#1"},"up":{"uv":[6,9,5,10],"texture":"#1"},"down":{"uv":[6,9,5,10],"texture":"#1"}}},{"from":[8.06421,14.00911,4.06904],"to":[11.91421,16.00911,11.94404],"rotation":{"angle":0,"axis":"y","origin":[4.26421,12.75911,7.99404]},"faces":{"north":{"uv":[4.85,9,1,13],"texture":"#0"},"east":{"uv":[8.875,9,1,13],"texture":"#0"},"south":{"uv":[4.85,9,1,13],"texture":"#0"},"west":{"uv":[8.875,9,1,13],"texture":"#0"},"up":{"uv":[6.85,10,3,17.875],"texture":"#0"},"down":{"uv":[6.85,10,3,17.875],"texture":"#0"}}},{"from":[4.08579,14.00911,4.06904],"to":[7.86079,16.00911,11.94404],"rotation":{"angle":0,"axis":"y","origin":[11.73579,12.75911,7.99404]},"faces":{"north":{"uv":[1,9,4.85,13],"texture":"#0"},"east":{"uv":[1,9,8.875,13],"texture":"#0"},"south":{"uv":[1,9,4.85,13],"texture":"#0"},"west":{"uv":[1,9,8.875,13],"texture":"#0"},"up":{"uv":[3,10,6.85,17.875],"texture":"#0"},"down":{"uv":[3,10,6.85,17.875],"texture":"#0"}}},{"from":[8.08579,12.30911,5.26904],"to":[10.73579,17.70911,10.74404],"rotation":{"angle":0,"axis":"y","origin":[11.73579,16.75911,7.99404]},"faces":{"north":{"uv":[1,9,3.65,14.4],"texture":"#0"},"east":{"uv":[1,9,6.475,14.4],"texture":"#0"},"south":{"uv":[1,9,3.65,14.4],"texture":"#0"},"west":{"uv":[1,9,6.475,14.4],"texture":"#0"},"up":{"uv":[3,10,5.65,15.475],"texture":"#0"},"down":{"uv":[3,10,5.65,15.475],"texture":"#0"}}},{"from":[5.26421,12.30911,5.26904],"to":[7.91421,17.70911,10.74404],"rotation":{"angle":0,"axis":"y","origin":[4.26421,16.75911,7.99404]},"faces":{"north":{"uv":[3.65,9,1,14.4],"texture":"#0"},"east":{"uv":[6.475,9,1,14.4],"texture":"#0"},"south":{"uv":[3.65,9,1,14.4],"texture":"#0"},"west":{"uv":[6.475,9,1,14.4],"texture":"#0"},"up":{"uv":[5.65,10,3,15.475],"texture":"#0"},"down":{"uv":[5.65,10,3,15.475],"texture":"#0"}}},{"from":[8.06079,12.23411,5.16904],"to":[8.31079,17.78411,10.84404],"rotation":{"angle":0,"axis":"y","origin":[11.71079,13.43411,6.99404]},"faces":{"north":{"uv":[5,9,6,10],"texture":"#1"},"east":{"uv":[5,9,6,10],"texture":"#1"},"south":{"uv":[5,9,6,10],"texture":"#1"},"west":{"uv":[5,9,6,10],"texture":"#1"},"up":{"uv":[5,9,6,10],"texture":"#1"},"down":{"uv":[5,9,6,10],"texture":"#1"}}},{"from":[7.68921,12.23411,5.16904],"to":[7.93921,17.78411,10.84404],"rotation":{"angle":0,"axis":"y","origin":[4.28921,13.43411,6.99404]},"faces":{"north":{"uv":[6,9,5,10],"texture":"#1"},"east":{"uv":[6,9,5,10],"texture":"#1"},"south":{"uv":[6,9,5,10],"texture":"#1"},"west":{"uv":[6,9,5,10],"texture":"#1"},"up":{"uv":[6,9,5,10],"texture":"#1"},"down":{"uv":[6,9,5,10],"texture":"#1"}}}],"display":{"gui":{"rotation":[23,-45,0],"translation":[0,-6.5,0]},"head":{"rotation":[0,-180,0],"translation":[0,-16,0],"scale":[1.6,1.6,1.6]}},"credit":"Model by Craftventure"}