{
	"credit": "Steven Paw",
	"texture_size": [32, 32],
	"textures": {
		"0": "nlp/hats/devilhorns",
		"particle": "nlp/hats/devilhorns"
	},
	"elements": [
		{
			"from": [2, -1.5, 4.9],
			"to": [6, 4.5, 8.9],
			"rotation": {"angle": 22.5, "axis": "x", "origin": [4, 2.5, 7]},
			"faces": {
				"north": {"uv": [2, 10, 4, 13], "texture": "#0"},
				"east": {"uv": [0, 10, 2, 13], "texture": "#0"},
				"south": {"uv": [6, 10, 8, 13], "texture": "#0"},
				"west": {"uv": [4, 10, 6, 13], "texture": "#0"},
				"up": {"uv": [4, 10, 2, 8], "texture": "#0"},
				"down": {"uv": [6, 8, 4, 10], "texture": "#0"}
			}
		},
		{
			"from": [2.8, 4, 6.4],
			"to": [5.8, 8, 9.4],
			"rotation": {"angle": 45, "axis": "x", "origin": [4, 5, 7]},
			"faces": {
				"north": {"uv": [1.5, 6, 3, 8], "texture": "#0"},
				"east": {"uv": [0, 6, 1.5, 8], "texture": "#0"},
				"south": {"uv": [4.5, 6, 6, 8], "texture": "#0"},
				"west": {"uv": [3, 6, 4.5, 8], "texture": "#0"},
				"up": {"uv": [3, 6, 1.5, 4.5], "texture": "#0"},
				"down": {"uv": [4.5, 4.5, 3, 6], "texture": "#0"}
			}
		},
		{
			"from": [3.6, 4.6, 7.8],
			"to": [5.6, 6.6, 11.2],
			"rotation": {"angle": -22.5, "axis": "x", "origin": [4, 8, 7]},
			"faces": {
				"north": {"uv": [1.5, 3.5, 2.5, 4.5], "texture": "#0"},
				"east": {"uv": [0, 3.5, 1.5, 4.5], "texture": "#0"},
				"south": {"uv": [4, 3.5, 5, 4.5], "texture": "#0"},
				"west": {"uv": [2.5, 3.5, 4, 4.5], "texture": "#0"},
				"up": {"uv": [2.5, 3.5, 1.5, 2], "texture": "#0"},
				"down": {"uv": [3.5, 2, 2.5, 3.5], "texture": "#0"}
			}
		},
		{
			"from": [4.4, 6.95462, 10.70468],
			"to": [5.4, 7.95462, 13.70468],
			"rotation": {"angle": 0, "axis": "x", "origin": [4, 9.55462, 10.30468]},
			"faces": {
				"north": {"uv": [1.5, 1.5, 2, 2], "texture": "#0"},
				"east": {"uv": [0, 1.5, 1.5, 2], "texture": "#0"},
				"south": {"uv": [3.5, 1.5, 4, 2], "texture": "#0"},
				"west": {"uv": [2, 1.5, 3.5, 2], "texture": "#0"},
				"up": {"uv": [2, 1.5, 1.5, 0], "texture": "#0"},
				"down": {"uv": [2.5, 0, 2, 1.5], "texture": "#0"}
			}
		},
		{
			"from": [10.6, 6.95462, 10.70468],
			"to": [11.6, 7.95462, 13.70468],
			"rotation": {"angle": 0, "axis": "x", "origin": [12, 9.55462, 10.30468]},
			"faces": {
				"north": {"uv": [13.5, 4.5, 14, 5], "texture": "#0"},
				"east": {"uv": [12, 4.5, 13.5, 5], "texture": "#0"},
				"south": {"uv": [15.5, 4.5, 16, 5], "texture": "#0"},
				"west": {"uv": [14, 4.5, 15.5, 5], "texture": "#0"},
				"up": {"uv": [14, 4.5, 13.5, 3], "texture": "#0"},
				"down": {"uv": [14.5, 3, 14, 4.5], "texture": "#0"}
			}
		},
		{
			"from": [10, -1.5, 4.9],
			"to": [14, 4.5, 8.9],
			"rotation": {"angle": 22.5, "axis": "x", "origin": [12, 2.5, 7]},
			"faces": {
				"north": {"uv": [10, 13, 12, 16], "texture": "#0"},
				"east": {"uv": [8, 13, 10, 16], "texture": "#0"},
				"south": {"uv": [14, 13, 16, 16], "texture": "#0"},
				"west": {"uv": [12, 13, 14, 16], "texture": "#0"},
				"up": {"uv": [12, 13, 10, 11], "texture": "#0"},
				"down": {"uv": [14, 11, 12, 13], "texture": "#0"}
			}
		},
		{
			"from": [10.2, 4, 6.4],
			"to": [13.2, 8, 9.4],
			"rotation": {"angle": 45, "axis": "x", "origin": [12, 5, 7]},
			"faces": {
				"north": {"uv": [11.5, 9, 13, 11], "texture": "#0"},
				"east": {"uv": [10, 9, 11.5, 11], "texture": "#0"},
				"south": {"uv": [14.5, 9, 16, 11], "texture": "#0"},
				"west": {"uv": [13, 9, 14.5, 11], "texture": "#0"},
				"up": {"uv": [13, 9, 11.5, 7.5], "texture": "#0"},
				"down": {"uv": [14.5, 7.5, 13, 9], "texture": "#0"}
			}
		},
		{
			"from": [10.4, 4.6, 7.8],
			"to": [12.4, 6.6, 11.2],
			"rotation": {"angle": -22.5, "axis": "x", "origin": [12, 8, 7]},
			"faces": {
				"north": {"uv": [12.5, 6.5, 13.5, 7.5], "texture": "#0"},
				"east": {"uv": [11, 6.5, 12.5, 7.5], "texture": "#0"},
				"south": {"uv": [15, 6.5, 16, 7.5], "texture": "#0"},
				"west": {"uv": [13.5, 6.5, 15, 7.5], "texture": "#0"},
				"up": {"uv": [13.5, 6.5, 12.5, 5], "texture": "#0"},
				"down": {"uv": [14.5, 5, 13.5, 6.5], "texture": "#0"}
			}
		}
	],
	"display": {
		"thirdperson_righthand": {
			"rotation": [-10, 25, -15],
			"translation": [0, 2.5, 0],
			"scale": [0.5, 0.5, 0.5]
		},
		"thirdperson_lefthand": {
			"rotation": [-10, 25, -15],
			"translation": [0, 2.5, 0],
			"scale": [0.5, 0.5, 0.5]
		},
		"firstperson_righthand": {
			"rotation": [0, 25, 0],
			"translation": [0, 2.5, 0],
			"scale": [0.5, 0.5, 0.5]
		},
		"firstperson_lefthand": {
			"rotation": [0, 25, 0],
			"translation": [0, 2.5, 0],
			"scale": [0.5, 0.5, 0.5]
		},
		"ground": {
			"translation": [0, 1, 0],
			"scale": [0.6, 0.6, 0.6]
		},
		"gui": {
			"rotation": [35, 135, 0],
			"translation": [0, 3, 0],
			"scale": [0.8, 0.8, 0.8]
		},
		"head": {
			"translation": [0, 13.75, 0],
			"scale": [0.91, 0.91, 0.91]
		}
	}
}