{
	"credit": "Steven Paw",
	"texture_size": [32, 32],
	"textures": {
		"0": "nlp/hats/papiertute",
		"particle": "nlp/hats/papiertute"
	},
	"elements": [
		{
			"from": [0, 0, 0],
			"to": [16, 3, 1.2],
			"faces": {
				"north": {"uv": [8, 14, 16, 15.5], "texture": "#0"},
				"east": {"uv": [0, 0.5, 0.5, 2], "texture": "#0"},
				"south": {"uv": [9, 0.5, 17, 2], "texture": "#0"},
				"west": {"uv": [8.5, 0.5, 9, 2], "texture": "#0"},
				"up": {"uv": [8.5, 0.5, 0.5, 0], "texture": "#0"},
				"down": {"uv": [16.5, 0, 8.5, 0.5], "texture": "#0"}
			}
		},
		{
			"from": [0, 0, 1.2],
			"to": [1.2, 3, 14.8],
			"rotation": {"angle": 0, "axis": "y", "origin": [0, 0, 15]},
			"faces": {
				"north": {"uv": [6.5, 6.5, 7, 8], "texture": "#0"},
				"east": {"uv": [0, 6.5, 6.5, 8], "texture": "#0"},
				"south": {"uv": [13.5, 6.5, 14, 8], "texture": "#0"},
				"west": {"uv": [0, 0, 6.5, 1.5], "texture": "#0"},
				"up": {"uv": [7, 6.5, 6.5, 0], "texture": "#0"},
				"down": {"uv": [7.5, 0, 7, 6.5], "texture": "#0"}
			}
		},
		{
			"from": [14.8, 0, 1.2],
			"to": [16, 3, 14.8],
			"rotation": {"angle": 0, "axis": "y", "origin": [14.8, 0, 15]},
			"faces": {
				"north": {"uv": [6.5, 6.5, 7, 8], "texture": "#0"},
				"east": {"uv": [0, 6.5, 6.5, 8], "texture": "#0"},
				"south": {"uv": [13.5, 6.5, 14, 8], "texture": "#0"},
				"west": {"uv": [0, 0, 6.5, 1.5], "texture": "#0"},
				"up": {"uv": [7, 6.5, 6.5, 0], "texture": "#0"},
				"down": {"uv": [7.5, 0, 7, 6.5], "texture": "#0"}
			}
		},
		{
			"from": [0, 0, 14.8],
			"to": [16, 3, 16],
			"rotation": {"angle": 0, "axis": "y", "origin": [0, 0, 14.8]},
			"faces": {
				"north": {"uv": [0.5, 0.5, 8.5, 2], "texture": "#0"},
				"east": {"uv": [0, 0.5, 0.5, 2], "texture": "#0"},
				"south": {"uv": [8, 0.5, 16, 2], "texture": "#0"},
				"west": {"uv": [8.5, 0.5, 9, 2], "texture": "#0"},
				"up": {"uv": [8.5, 0.5, 0.5, 0], "texture": "#0"},
				"down": {"uv": [16.5, 0, 8.5, 0.5], "texture": "#0"}
			}
		},
		{
			"from": [0, 3, 0],
			"to": [16, 8, 16],
			"faces": {
				"north": {"uv": [8, 11.5, 16, 14], "texture": "#0"},
				"east": {"uv": [0, 0, 8, 2.5], "texture": "#0"},
				"south": {"uv": [8, 1.5, 16, 4], "texture": "#0"},
				"west": {"uv": [8, 0, 16, 2.5], "texture": "#0"},
				"up": {"uv": [8, 8, 0, 0], "texture": "#0"},
				"down": {"uv": [8, 0, 0, 8], "texture": "#0"}
			}
		},
		{
			"from": [0, 13, 0],
			"to": [16, 18, 16],
			"faces": {
				"north": {"uv": [8, 6.5, 16, 9], "texture": "#0"},
				"east": {"uv": [0, 0, 8, 2.5], "texture": "#0"},
				"south": {"uv": [5, 2, 13, 4.5], "texture": "#0"},
				"west": {"uv": [8, 0, 16, 2.5], "texture": "#0"},
				"up": {"uv": [8, 8, 0, 0], "texture": "#0"},
				"down": {"uv": [8, 0, 0, 8], "texture": "#0"}
			}
		},
		{
			"from": [0, 8, 0],
			"to": [3, 13, 15],
			"faces": {
				"north": {"uv": [14.5, 9, 16, 11.5], "texture": "#0"},
				"east": {"uv": [0, 7.5, 7.5, 10], "texture": "#0"},
				"south": {"uv": [16.5, 7.5, 18, 10], "texture": "#0"},
				"west": {"uv": [8.5, 0, 16, 2.5], "texture": "#0"},
				"up": {"uv": [9, 7.5, 7.5, 0], "texture": "#0"},
				"down": {"uv": [10.5, 0, 9, 7.5], "texture": "#0"}
			}
		},
		{
			"from": [13, 8, 0],
			"to": [16, 13, 15],
			"faces": {
				"north": {"uv": [8, 9, 9.5, 11.5], "texture": "#0"},
				"east": {"uv": [0, 7.5, 7.5, 10], "texture": "#0"},
				"south": {"uv": [16.5, 7.5, 18, 10], "texture": "#0"},
				"west": {"uv": [8.5, 0, 16, 2.5], "texture": "#0"},
				"up": {"uv": [9, 7.5, 7.5, 0], "texture": "#0"},
				"down": {"uv": [10.5, 0, 9, 7.5], "texture": "#0"}
			}
		},
		{
			"from": [7, 8, 0],
			"to": [9, 13, 15],
			"faces": {
				"north": {"uv": [11.5, 9, 12.5, 11.5], "texture": "#0"},
				"east": {"uv": [0, 7.5, 7.5, 10], "texture": "#0"},
				"south": {"uv": [16, 7.5, 17, 10], "texture": "#0"},
				"west": {"uv": [8.5, 0, 16, 2.5], "texture": "#0"},
				"up": {"uv": [8.5, 7.5, 7.5, 0], "texture": "#0"},
				"down": {"uv": [9.5, 0, 8.5, 7.5], "texture": "#0"}
			}
		},
		{
			"from": [0, 8, 15],
			"to": [16, 13, 16],
			"faces": {
				"north": {"uv": [0, 13.5, 8, 16], "texture": "#0"},
				"east": {"uv": [0, 0.5, 0.5, 3], "texture": "#0"},
				"south": {"uv": [0, 5, 8, 7.5], "texture": "#0"},
				"west": {"uv": [8.5, 0.5, 9, 3], "texture": "#0"},
				"up": {"uv": [8.5, 0.5, 0.5, 0], "texture": "#0"},
				"down": {"uv": [16.5, 0, 8.5, 0.5], "texture": "#0"}
			}
		},
		{
			"from": [0.9, -2, 0.1],
			"to": [2.9, 0, 1.1],
			"rotation": {"angle": 45, "axis": "z", "origin": [0.9, 0, 0]},
			"faces": {
				"north": {"uv": [0.5, 0.5, 1.5, 1.5], "texture": "#0"},
				"east": {"uv": [0, 0.5, 0.5, 1.5], "texture": "#0"},
				"south": {"uv": [2, 0.5, 3, 1.5], "texture": "#0"},
				"west": {"uv": [1.5, 0.5, 2, 1.5], "texture": "#0"},
				"up": {"uv": [1.5, 0.5, 0.5, 0], "texture": "#0"},
				"down": {"uv": [2.5, 0, 1.5, 0.5], "texture": "#0"}
			}
		},
		{
			"from": [0.9, -2, 14.9],
			"to": [2.9, 0, 15.9],
			"rotation": {"angle": 45, "axis": "z", "origin": [0.9, 0, 14.8]},
			"faces": {
				"north": {"uv": [0.5, 0.5, 1.5, 1.5], "texture": "#0"},
				"east": {"uv": [0, 0.5, 0.5, 1.5], "texture": "#0"},
				"south": {"uv": [2, 0.5, 3, 1.5], "texture": "#0"},
				"west": {"uv": [1.5, 0.5, 2, 1.5], "texture": "#0"},
				"up": {"uv": [1.5, 0.5, 0.5, 0], "texture": "#0"},
				"down": {"uv": [2.5, 0, 1.5, 0.5], "texture": "#0"}
			}
		},
		{
			"from": [0.1, -2, 7.5],
			"to": [1.1, 0, 9.5],
			"rotation": {"angle": 45, "axis": "x", "origin": [0, 0, 9.5]},
			"faces": {
				"north": {"uv": [1, 1, 1.5, 2], "texture": "#0"},
				"east": {"uv": [0, 1, 1, 2], "texture": "#0"},
				"south": {"uv": [2.5, 1, 3, 2], "texture": "#0"},
				"west": {"uv": [1.5, 1, 2.5, 2], "texture": "#0"},
				"up": {"uv": [1.5, 1, 1, 0], "texture": "#0"},
				"down": {"uv": [2, 0, 1.5, 1], "texture": "#0"}
			}
		},
		{
			"from": [14.95, -2, 7.5],
			"to": [15.95, 0, 9.5],
			"rotation": {"angle": 45, "axis": "x", "origin": [14.85, 0, 9.5]},
			"faces": {
				"north": {"uv": [1, 1, 1.5, 2], "texture": "#0"},
				"east": {"uv": [0, 1, 1, 2], "texture": "#0"},
				"south": {"uv": [2.5, 1, 3, 2], "texture": "#0"},
				"west": {"uv": [1.5, 1, 2.5, 2], "texture": "#0"},
				"up": {"uv": [1.5, 1, 1, 0], "texture": "#0"},
				"down": {"uv": [2, 0, 1.5, 1], "texture": "#0"}
			}
		},
		{
			"from": [0.1, -2, 4.7],
			"to": [1.1, 0, 6.7],
			"rotation": {"angle": 45, "axis": "x", "origin": [0, 0, 6.7]},
			"faces": {
				"north": {"uv": [1, 1, 1.5, 2], "texture": "#0"},
				"east": {"uv": [0, 1, 1, 2], "texture": "#0"},
				"south": {"uv": [2.5, 1, 3, 2], "texture": "#0"},
				"west": {"uv": [1.5, 1, 2.5, 2], "texture": "#0"},
				"up": {"uv": [1.5, 1, 1, 0], "texture": "#0"},
				"down": {"uv": [2, 0, 1.5, 1], "texture": "#0"}
			}
		},
		{
			"from": [14.95, -2, 4.7],
			"to": [15.95, 0, 6.7],
			"rotation": {"angle": 45, "axis": "x", "origin": [14.85, 0, 6.7]},
			"faces": {
				"north": {"uv": [1, 1, 1.5, 2], "texture": "#0"},
				"east": {"uv": [0, 1, 1, 2], "texture": "#0"},
				"south": {"uv": [2.5, 1, 3, 2], "texture": "#0"},
				"west": {"uv": [1.5, 1, 2.5, 2], "texture": "#0"},
				"up": {"uv": [1.5, 1, 1, 0], "texture": "#0"},
				"down": {"uv": [2, 0, 1.5, 1], "texture": "#0"}
			}
		},
		{
			"from": [0.1, -2, 1.9],
			"to": [1.1, 0, 3.9],
			"rotation": {"angle": 45, "axis": "x", "origin": [0, 0, 3.9]},
			"faces": {
				"north": {"uv": [1, 1, 1.5, 2], "texture": "#0"},
				"east": {"uv": [0, 1, 1, 2], "texture": "#0"},
				"south": {"uv": [2.5, 1, 3, 2], "texture": "#0"},
				"west": {"uv": [1.5, 1, 2.5, 2], "texture": "#0"},
				"up": {"uv": [1.5, 1, 1, 0], "texture": "#0"},
				"down": {"uv": [2, 0, 1.5, 1], "texture": "#0"}
			}
		},
		{
			"from": [14.95, -2, 1.9],
			"to": [15.95, 0, 3.9],
			"rotation": {"angle": 45, "axis": "x", "origin": [14.85, 0, 3.9]},
			"faces": {
				"north": {"uv": [1, 1, 1.5, 2], "texture": "#0"},
				"east": {"uv": [0, 1, 1, 2], "texture": "#0"},
				"south": {"uv": [2.5, 1, 3, 2], "texture": "#0"},
				"west": {"uv": [1.5, 1, 2.5, 2], "texture": "#0"},
				"up": {"uv": [1.5, 1, 1, 0], "texture": "#0"},
				"down": {"uv": [2, 0, 1.5, 1], "texture": "#0"}
			}
		},
		{
			"from": [0.1, -2, 10.3],
			"to": [1.1, 0, 12.3],
			"rotation": {"angle": 45, "axis": "x", "origin": [0, 0, 12.3]},
			"faces": {
				"north": {"uv": [1, 1, 1.5, 2], "texture": "#0"},
				"east": {"uv": [0, 1, 1, 2], "texture": "#0"},
				"south": {"uv": [2.5, 1, 3, 2], "texture": "#0"},
				"west": {"uv": [1.5, 1, 2.5, 2], "texture": "#0"},
				"up": {"uv": [1.5, 1, 1, 0], "texture": "#0"},
				"down": {"uv": [2, 0, 1.5, 1], "texture": "#0"}
			}
		},
		{
			"from": [14.95, -2, 10.3],
			"to": [15.95, 0, 12.3],
			"rotation": {"angle": 45, "axis": "x", "origin": [14.85, 0, 12.3]},
			"faces": {
				"north": {"uv": [1, 1, 1.5, 2], "texture": "#0"},
				"east": {"uv": [0, 1, 1, 2], "texture": "#0"},
				"south": {"uv": [2.5, 1, 3, 2], "texture": "#0"},
				"west": {"uv": [1.5, 1, 2.5, 2], "texture": "#0"},
				"up": {"uv": [1.5, 1, 1, 0], "texture": "#0"},
				"down": {"uv": [2, 0, 1.5, 1], "texture": "#0"}
			}
		},
		{
			"from": [0.1, -2, 13.1],
			"to": [1.1, 0, 15.1],
			"rotation": {"angle": 45, "axis": "x", "origin": [0, 0, 15.1]},
			"faces": {
				"north": {"uv": [1, 1, 1.5, 2], "texture": "#0"},
				"east": {"uv": [0, 1, 1, 2], "texture": "#0"},
				"south": {"uv": [2.5, 1, 3, 2], "texture": "#0"},
				"west": {"uv": [1.5, 1, 2.5, 2], "texture": "#0"},
				"up": {"uv": [1.5, 1, 1, 0], "texture": "#0"},
				"down": {"uv": [2, 0, 1.5, 1], "texture": "#0"}
			}
		},
		{
			"from": [14.95, -2, 13.1],
			"to": [15.95, 0, 15.1],
			"rotation": {"angle": 45, "axis": "x", "origin": [14.85, 0, 15.1]},
			"faces": {
				"north": {"uv": [1, 1, 1.5, 2], "texture": "#0"},
				"east": {"uv": [0, 1, 1, 2], "texture": "#0"},
				"south": {"uv": [2.5, 1, 3, 2], "texture": "#0"},
				"west": {"uv": [1.5, 1, 2.5, 2], "texture": "#0"},
				"up": {"uv": [1.5, 1, 1, 0], "texture": "#0"},
				"down": {"uv": [2, 0, 1.5, 1], "texture": "#0"}
			}
		},
		{
			"from": [3.7, -2, 0.1],
			"to": [5.7, 0, 1.1],
			"rotation": {"angle": 45, "axis": "z", "origin": [3.7, 0, 0]},
			"faces": {
				"north": {"uv": [0.5, 0.5, 1.5, 1.5], "texture": "#0"},
				"east": {"uv": [0, 0.5, 0.5, 1.5], "texture": "#0"},
				"south": {"uv": [2, 0.5, 3, 1.5], "texture": "#0"},
				"west": {"uv": [1.5, 0.5, 2, 1.5], "texture": "#0"},
				"up": {"uv": [1.5, 0.5, 0.5, 0], "texture": "#0"},
				"down": {"uv": [2.5, 0, 1.5, 0.5], "texture": "#0"}
			}
		},
		{
			"from": [3.7, -2, 14.9],
			"to": [5.7, 0, 15.9],
			"rotation": {"angle": 45, "axis": "z", "origin": [3.7, 0, 14.8]},
			"faces": {
				"north": {"uv": [0.5, 0.5, 1.5, 1.5], "texture": "#0"},
				"east": {"uv": [0, 0.5, 0.5, 1.5], "texture": "#0"},
				"south": {"uv": [2, 0.5, 3, 1.5], "texture": "#0"},
				"west": {"uv": [1.5, 0.5, 2, 1.5], "texture": "#0"},
				"up": {"uv": [1.5, 0.5, 0.5, 0], "texture": "#0"},
				"down": {"uv": [2.5, 0, 1.5, 0.5], "texture": "#0"}
			}
		},
		{
			"from": [6.5, -2, 0.1],
			"to": [8.5, 0, 1.1],
			"rotation": {"angle": 45, "axis": "z", "origin": [6.5, 0, 0]},
			"faces": {
				"north": {"uv": [0.5, 0.5, 1.5, 1.5], "texture": "#0"},
				"east": {"uv": [0, 0.5, 0.5, 1.5], "texture": "#0"},
				"south": {"uv": [2, 0.5, 3, 1.5], "texture": "#0"},
				"west": {"uv": [1.5, 0.5, 2, 1.5], "texture": "#0"},
				"up": {"uv": [1.5, 0.5, 0.5, 0], "texture": "#0"},
				"down": {"uv": [2.5, 0, 1.5, 0.5], "texture": "#0"}
			}
		},
		{
			"from": [6.5, -2, 14.9],
			"to": [8.5, 0, 15.9],
			"rotation": {"angle": 45, "axis": "z", "origin": [6.5, 0, 14.8]},
			"faces": {
				"north": {"uv": [0.5, 0.5, 1.5, 1.5], "texture": "#0"},
				"east": {"uv": [0, 0.5, 0.5, 1.5], "texture": "#0"},
				"south": {"uv": [2, 0.5, 3, 1.5], "texture": "#0"},
				"west": {"uv": [1.5, 0.5, 2, 1.5], "texture": "#0"},
				"up": {"uv": [1.5, 0.5, 0.5, 0], "texture": "#0"},
				"down": {"uv": [2.5, 0, 1.5, 0.5], "texture": "#0"}
			}
		},
		{
			"from": [9.3, -2, 0.1],
			"to": [11.3, 0, 1.1],
			"rotation": {"angle": 45, "axis": "z", "origin": [9.3, 0, 0]},
			"faces": {
				"north": {"uv": [0.5, 0.5, 1.5, 1.5], "texture": "#0"},
				"east": {"uv": [0, 0.5, 0.5, 1.5], "texture": "#0"},
				"south": {"uv": [2, 0.5, 3, 1.5], "texture": "#0"},
				"west": {"uv": [1.5, 0.5, 2, 1.5], "texture": "#0"},
				"up": {"uv": [1.5, 0.5, 0.5, 0], "texture": "#0"},
				"down": {"uv": [2.5, 0, 1.5, 0.5], "texture": "#0"}
			}
		},
		{
			"from": [9.3, -2, 14.9],
			"to": [11.3, 0, 15.9],
			"rotation": {"angle": 45, "axis": "z", "origin": [9.3, 0, 14.8]},
			"faces": {
				"north": {"uv": [0.5, 0.5, 1.5, 1.5], "texture": "#0"},
				"east": {"uv": [0, 0.5, 0.5, 1.5], "texture": "#0"},
				"south": {"uv": [2, 0.5, 3, 1.5], "texture": "#0"},
				"west": {"uv": [1.5, 0.5, 2, 1.5], "texture": "#0"},
				"up": {"uv": [1.5, 0.5, 0.5, 0], "texture": "#0"},
				"down": {"uv": [2.5, 0, 1.5, 0.5], "texture": "#0"}
			}
		},
		{
			"from": [12.1, -2, 0.1],
			"to": [14.1, 0, 1.1],
			"rotation": {"angle": 45, "axis": "z", "origin": [12.1, 0, 0]},
			"faces": {
				"north": {"uv": [0.5, 0.5, 1.5, 1.5], "texture": "#0"},
				"east": {"uv": [0, 0.5, 0.5, 1.5], "texture": "#0"},
				"south": {"uv": [2, 0.5, 3, 1.5], "texture": "#0"},
				"west": {"uv": [1.5, 0.5, 2, 1.5], "texture": "#0"},
				"up": {"uv": [1.5, 0.5, 0.5, 0], "texture": "#0"},
				"down": {"uv": [2.5, 0, 1.5, 0.5], "texture": "#0"}
			}
		},
		{
			"from": [12.1, -2, 14.9],
			"to": [14.1, 0, 15.9],
			"rotation": {"angle": 45, "axis": "z", "origin": [12.1, 0, 14.8]},
			"faces": {
				"north": {"uv": [0.5, 0.5, 1.5, 1.5], "texture": "#0"},
				"east": {"uv": [0, 0.5, 0.5, 1.5], "texture": "#0"},
				"south": {"uv": [2, 0.5, 3, 1.5], "texture": "#0"},
				"west": {"uv": [1.5, 0.5, 2, 1.5], "texture": "#0"},
				"up": {"uv": [1.5, 0.5, 0.5, 0], "texture": "#0"},
				"down": {"uv": [2.5, 0, 1.5, 0.5], "texture": "#0"}
			}
		}
	],
	"display": {
		"thirdperson_righthand": {
			"rotation": [-10, 25, -15],
			"translation": [0, 2.5, 0],
			"scale": [0.5, 0.5, 0.5]
		},
		"thirdperson_lefthand": {
			"rotation": [-10, 25, -15],
			"translation": [0, 2.5, 0],
			"scale": [0.5, 0.5, 0.5]
		},
		"firstperson_righthand": {
			"rotation": [0, 25, 0],
			"scale": [0.5, 0.5, 0.5]
		},
		"firstperson_lefthand": {
			"rotation": [0, 25, 0],
			"scale": [0.5, 0.5, 0.5]
		},
		"ground": {
			"translation": [0, 1, 0],
			"scale": [0.6, 0.6, 0.6]
		},
		"gui": {
			"rotation": [35, 135, 0],
			"translation": [0, -0.25, 0],
			"scale": [0.55, 0.55, 0.55]
		},
		"head": {
			"translation": [0, -1.5, 0],
			"scale": [0.91, 0.91, 0.91]
		}
	}
}