{"textures":{"wielen inner":"block/piston_inner","cauldron_inner":"block/cauldron_inner","anvil":"block/anvil","wielen":"block/coal_block","remmen":"block/furnace_side","hopper_outside":"block/hopper_outside","stone_slab_top":"block/smooth_stone","spruce_planks":"block/dark_oak_planks","red_terracotta":"block/black_terracotta","furnace_front_on":"block/furnace_front_on","furnace_top":"block/furnace_top"},"elements":[{"from":[-2.5,5,14],"to":[18.5,5.5,29.5],"faces":{"north":{"uv":[0,0,16,16],"texture":"#stone_slab_top"},"east":{"uv":[0,0,16,16],"texture":"#stone_slab_top"},"south":{"uv":[0,0,16,16],"texture":"#stone_slab_top"},"west":{"uv":[0,0,16,16],"texture":"#stone_slab_top"},"up":{"uv":[0,0,16,16],"texture":"#stone_slab_top"},"down":{"uv":[0,0,16,16],"texture":"#stone_slab_top"}}},{"from":[9,1.5,-3],"to":[9.5,4.5,19],"faces":{"north":{"uv":[1.5,11,2,14],"texture":"#remmen"},"east":{"uv":[1.5,8.5,14.5,14.5],"texture":"#remmen"},"south":{"uv":[1.5,11,2,14],"texture":"#remmen"},"west":{"uv":[1.5,8.5,14.5,14.5],"texture":"#remmen"},"up":{"uv":[15,2.5,15.5,16],"texture":"#remmen"},"down":{"uv":[15,2.5,15.5,16],"texture":"#remmen"}}},{"from":[6.5,1.5,-3],"to":[7,4.5,19],"faces":{"north":{"uv":[1.5,11,2,14],"texture":"#remmen"},"east":{"uv":[1,9,15,15],"texture":"#remmen"},"south":{"uv":[1.5,11,2,14],"texture":"#remmen"},"west":{"uv":[1.5,8.5,14.5,14.5],"texture":"#remmen"},"up":{"uv":[15,2.5,15.5,16],"texture":"#remmen"},"down":{"uv":[15,2.5,15.5,16],"texture":"#remmen"}}},{"from":[0,0.5,23],"to":[1.5,3,25.5],"faces":{"north":{"uv":[4,4,12,12],"texture":"#wielen inner"},"east":{"uv":[4,4,12,12],"texture":"#wielen inner"},"south":{"uv":[5,5,11,11],"texture":"#wielen inner"},"west":{"uv":[4,4,12,12],"texture":"#wielen inner"},"up":{"uv":[4,4,12,12],"texture":"#wielen inner"},"down":{"uv":[4,4,12,12],"texture":"#wielen inner"}}},{"from":[0,3,23],"to":[1.5,3.5,25.5],"faces":{"north":{"uv":[15,13,16,14],"texture":"#anvil"},"east":{"uv":[15,13,16,14],"texture":"#anvil"},"south":{"uv":[15,13,16,14],"texture":"#anvil"},"west":{"uv":[15,13,16,14],"texture":"#anvil"},"up":{"uv":[15,13,16,14],"texture":"#anvil"},"down":{"uv":[15,13,16,14],"texture":"#anvil"}}},{"from":[0,0,23],"to":[1.5,0.5,25.5],"faces":{"north":{"uv":[15,13,16,14],"texture":"#anvil"},"east":{"uv":[15,13,16,14],"texture":"#anvil"},"south":{"uv":[15,13,16,14],"texture":"#anvil"},"west":{"uv":[15,13,16,14],"texture":"#anvil"},"up":{"uv":[15,13,16,14],"texture":"#anvil"},"down":{"uv":[15,13,16,14],"texture":"#anvil"}}},{"from":[14.5,0.5,27.5],"to":[16,3,30],"faces":{"north":{"uv":[4,4,12,12],"texture":"#wielen inner"},"east":{"uv":[4,4,12,12],"texture":"#wielen inner"},"south":{"uv":[4,4,12,12],"texture":"#wielen inner"},"west":{"uv":[4,4,12,12],"texture":"#wielen inner"},"up":{"uv":[4,4,12,12],"texture":"#wielen inner"},"down":{"uv":[4,4,12,12],"texture":"#wielen inner"}}},{"from":[16,-1.5,23.5],"to":[16.5,-0.5,25.5],"faces":{"north":{"uv":[15,13,16,14],"texture":"#anvil"},"east":{"uv":[15,13,16,14],"texture":"#anvil"},"south":{"uv":[15,13,16,14],"texture":"#anvil"},"west":{"uv":[15,13,16,14],"texture":"#anvil"},"up":{"uv":[15,13,16,14],"texture":"#anvil"},"down":{"uv":[15,13,16,14],"texture":"#anvil"}}},{"from":[16.5,-1.5,29.4375],"to":[18.5,-0.5,29.9375],"faces":{"north":{"uv":[15,13,16,14],"texture":"#anvil"},"east":{"uv":[15,13,16,14],"texture":"#anvil"},"south":{"uv":[15,13,16,14],"texture":"#anvil"},"west":{"uv":[15,13,16,14],"texture":"#anvil"},"up":{"uv":[15,13,16,14],"texture":"#anvil"},"down":{"uv":[15,13,16,14],"texture":"#anvil"}}},{"from":[0,0.5,22.5],"to":[1.5,3,23],"faces":{"north":{"uv":[15,13,16,14],"texture":"#anvil"},"east":{"uv":[15,13,16,14],"texture":"#anvil"},"south":{"uv":[15,13,16,14],"texture":"#anvil"},"west":{"uv":[15,13,16,14],"texture":"#anvil"},"up":{"uv":[15,13,16,14],"texture":"#anvil"},"down":{"uv":[15,13,16,14],"texture":"#anvil"}}},{"from":[16.5,-1.5,23],"to":[18.5,-0.5,23.5],"faces":{"north":{"uv":[15,13,16,14],"texture":"#anvil"},"east":{"uv":[15,13,16,14],"texture":"#anvil"},"south":{"uv":[15,13,16,14],"texture":"#anvil"},"west":{"uv":[15,13,16,14],"texture":"#anvil"},"up":{"uv":[15,13,16,14],"texture":"#anvil"},"down":{"uv":[15,13,16,14],"texture":"#anvil"}}},{"from":[0,0.5,25.5],"to":[1.5,3,26],"faces":{"north":{"uv":[15,13,16,14],"texture":"#anvil"},"east":{"uv":[15,13,16,14],"texture":"#anvil"},"south":{"uv":[15,13,16,14],"texture":"#anvil"},"west":{"uv":[15,13,16,14],"texture":"#anvil"},"up":{"uv":[15,13,16,14],"texture":"#anvil"},"down":{"uv":[15,13,16,14],"texture":"#anvil"}}},{"from":[-0.5,1,24],"to":[0,2.5,29],"faces":{"north":{"uv":[0,15,1,16],"texture":"#stone_slab_top"},"east":{"uv":[0,15,1,16],"texture":"#stone_slab_top"},"south":{"uv":[0,15,1,16],"texture":"#stone_slab_top"},"west":{"uv":[0,15,1,16],"texture":"#stone_slab_top"},"up":{"uv":[0,15,1,16],"texture":"#stone_slab_top"},"down":{"uv":[0,15,1,16],"texture":"#stone_slab_top"}}},{"from":[2,3.45,21],"to":[14,5,29],"faces":{"north":{"uv":[0,0,14.5,1],"texture":"#stone_slab_top"},"east":{"uv":[0,0,12,1],"texture":"#stone_slab_top"},"south":{"uv":[0,0,14.5,1],"texture":"#stone_slab_top"},"west":{"uv":[0,0,12,1],"texture":"#stone_slab_top"},"up":{"uv":[1.5,3,12,12],"texture":"#stone_slab_top"},"down":{"uv":[1.5,3,12,12],"texture":"#stone_slab_top"}}},{"from":[14.5,0.5,30],"to":[16,3,30.5],"faces":{"north":{"uv":[15,13,16,14],"texture":"#anvil"},"east":{"uv":[15,13,16,14],"texture":"#anvil"},"south":{"uv":[15,13,16,14],"texture":"#anvil"},"west":{"uv":[15,13,16,14],"texture":"#anvil"},"up":{"uv":[15,13,16,14],"texture":"#anvil"},"down":{"uv":[15,13,16,14],"texture":"#anvil"}}},{"from":[14.5,0,27.5],"to":[16,0.5,30],"faces":{"north":{"uv":[15,13,16,14],"texture":"#anvil"},"east":{"uv":[15,13,16,14],"texture":"#anvil"},"south":{"uv":[15,13,16,14],"texture":"#anvil"},"west":{"uv":[15,13,16,14],"texture":"#anvil"},"up":{"uv":[15,13,16,14],"texture":"#anvil"},"down":{"uv":[15,13,16,14],"texture":"#anvil"}}},{"from":[14.5,3,27.5],"to":[16,3.5,30],"faces":{"north":{"uv":[15,13,16,14],"texture":"#anvil"},"east":{"uv":[15,13,16,14],"texture":"#anvil"},"south":{"uv":[15,13,16,14],"texture":"#anvil"},"west":{"uv":[15,13,16,14],"texture":"#anvil"},"up":{"uv":[15,13,16,14],"texture":"#anvil"},"down":{"uv":[15,13,16,14],"texture":"#anvil"}}},{"from":[16,1,-11],"to":[16.5,2.5,-6],"faces":{"north":{"uv":[0,15,1,16],"texture":"#stone_slab_top"},"east":{"uv":[0,15,1,16],"texture":"#stone_slab_top"},"south":{"uv":[0,15,1,16],"texture":"#stone_slab_top"},"west":{"uv":[0,15,1,16],"texture":"#stone_slab_top"},"up":{"uv":[0,15,1,16],"texture":"#stone_slab_top"},"down":{"uv":[0,15,1,16],"texture":"#stone_slab_top"}}},{"from":[16.3323,1.625,25.5],"to":[19.3323,2.625,27.5],"rotation":{"angle":-45,"axis":"z","origin":[16.3321,2.625,25.5]},"faces":{"north":{"uv":[0,15,1,16],"texture":"#stone_slab_top"},"east":{"uv":[0,15,1,16],"texture":"#stone_slab_top"},"south":{"uv":[0,15,1,16],"texture":"#stone_slab_top"},"west":{"uv":[0,15,1,16],"texture":"#stone_slab_top"},"up":{"uv":[0,15,1,16],"texture":"#stone_slab_top"},"down":{"uv":[0,15,1,16],"texture":"#stone_slab_top"}}},{"from":[17.5,-0.5,25.375],"to":[19,0.5,27.375],"faces":{"north":{"uv":[0,15,1,16],"texture":"#stone_slab_top"},"east":{"uv":[0,15,1,16],"texture":"#stone_slab_top"},"south":{"uv":[0,15,1,16],"texture":"#stone_slab_top"},"west":{"uv":[0,15,1,16],"texture":"#stone_slab_top"},"up":{"uv":[0,15,1,16],"texture":"#stone_slab_top"},"down":{"uv":[0,15,1,16],"texture":"#stone_slab_top"}}},{"from":[17,-2,24.5],"to":[18.5,-1.5,28.5],"faces":{"north":{"uv":[0,15,1,16],"texture":"#stone_slab_top"},"east":{"uv":[0,15,1,16],"texture":"#stone_slab_top"},"south":{"uv":[0,15,1,16],"texture":"#stone_slab_top"},"west":{"uv":[0,15,1,16],"texture":"#stone_slab_top"},"up":{"uv":[0,15,1,16],"texture":"#stone_slab_top"},"down":{"uv":[0,15,1,16],"texture":"#stone_slab_top"}}},{"from":[18.5,-2,26],"to":[19,-0.5,27],"faces":{"north":{"uv":[0,15,1,16],"texture":"#stone_slab_top"},"east":{"uv":[0,15,1,16],"texture":"#stone_slab_top"},"south":{"uv":[0,15,1,16],"texture":"#stone_slab_top"},"west":{"uv":[0,15,1,16],"texture":"#stone_slab_top"},"up":{"uv":[0,15,1,16],"texture":"#stone_slab_top"},"down":{"uv":[0,15,1,16],"texture":"#stone_slab_top"}}},{"from":[17,-0.5,24.5],"to":[18.5,0,28.5],"faces":{"north":{"uv":[0,15,1,16],"texture":"#stone_slab_top"},"east":{"uv":[0,15,1,16],"texture":"#stone_slab_top"},"south":{"uv":[0,15,1,16],"texture":"#stone_slab_top"},"west":{"uv":[0,15,1,16],"texture":"#stone_slab_top"},"up":{"uv":[0,15,1,16],"texture":"#stone_slab_top"},"down":{"uv":[0,15,1,16],"texture":"#stone_slab_top"}}},{"from":[16.5,-1.5,23.5],"to":[18.5,-0.5,25.5],"faces":{"north":{"uv":[4,4,12,12],"texture":"#wielen inner"},"east":{"uv":[4,4,12,12],"texture":"#wielen inner"},"south":{"uv":[4,4,12,12],"texture":"#wielen inner"},"west":{"uv":[4,4,12,12],"texture":"#wielen inner"},"up":{"uv":[4,4,12,12],"texture":"#wielen inner"},"down":{"uv":[4,4,12,12],"texture":"#wielen inner"}}},{"from":[14.5,0.5,27],"to":[16,3,27.5],"faces":{"north":{"uv":[15,13,16,14],"texture":"#anvil"},"east":{"uv":[15,13,16,14],"texture":"#anvil"},"south":{"uv":[15,13,16,14],"texture":"#anvil"},"west":{"uv":[15,13,16,14],"texture":"#anvil"},"up":{"uv":[15,13,16,14],"texture":"#anvil"},"down":{"uv":[15,13,16,14],"texture":"#anvil"}}},{"from":[14.5,0.5,25.5],"to":[16,3,26],"faces":{"north":{"uv":[15,13,16,14],"texture":"#anvil"},"east":{"uv":[15,13,16,14],"texture":"#anvil"},"south":{"uv":[15,13,16,14],"texture":"#anvil"},"west":{"uv":[15,13,16,14],"texture":"#anvil"},"up":{"uv":[15,13,16,14],"texture":"#anvil"},"down":{"uv":[15,13,16,14],"texture":"#anvil"}}},{"from":[14.5,3,23],"to":[16,3.5,25.5],"faces":{"north":{"uv":[15,13,16,14],"texture":"#anvil"},"east":{"uv":[15,13,16,14],"texture":"#anvil"},"south":{"uv":[15,13,16,14],"texture":"#anvil"},"west":{"uv":[15,13,16,14],"texture":"#anvil"},"up":{"uv":[15,13,16,14],"texture":"#anvil"},"down":{"uv":[15,13,16,14],"texture":"#anvil"}}},{"from":[14.5,0,23],"to":[16,0.5,25.5],"faces":{"north":{"uv":[15,13,16,14],"texture":"#anvil"},"east":{"uv":[15,13,16,14],"texture":"#anvil"},"south":{"uv":[15,13,16,14],"texture":"#anvil"},"west":{"uv":[15,13,16,14],"texture":"#anvil"},"up":{"uv":[15,13,16,14],"texture":"#anvil"},"down":{"uv":[15,13,16,14],"texture":"#anvil"}}},{"from":[14.5,0.5,22.5],"to":[16,3,23],"faces":{"north":{"uv":[15,13,16,14],"texture":"#anvil"},"east":{"uv":[15,13,16,14],"texture":"#anvil"},"south":{"uv":[15,13,16,14],"texture":"#anvil"},"west":{"uv":[15,13,16,14],"texture":"#anvil"},"up":{"uv":[15,13,16,14],"texture":"#anvil"},"down":{"uv":[15,13,16,14],"texture":"#anvil"}}},{"from":[14.5,0.5,23],"to":[16,3,25.5],"faces":{"north":{"uv":[4,4,12,12],"texture":"#wielen inner"},"east":{"uv":[4,4,12,12],"texture":"#wielen inner"},"south":{"uv":[4,4,12,12],"texture":"#wielen inner"},"west":{"uv":[4,4,12,12],"texture":"#wielen inner"},"up":{"uv":[4,4,12,12],"texture":"#wielen inner"},"down":{"uv":[4,4,12,12],"texture":"#wielen inner"}}},{"from":[-0.5,2.5,26],"to":[0.5,4.5,27],"faces":{"north":{"uv":[0,15,1,16],"texture":"#stone_slab_top"},"east":{"uv":[0,15,1,16],"texture":"#stone_slab_top"},"south":{"uv":[0,15,1,16],"texture":"#stone_slab_top"},"west":{"uv":[0,15,1,16],"texture":"#stone_slab_top"},"up":{"uv":[0,15,1,16],"texture":"#stone_slab_top"},"down":{"uv":[0,15,1,16],"texture":"#stone_slab_top"}}},{"from":[15.5,2.5,26],"to":[16.5,4.5,27],"faces":{"north":{"uv":[0,15,1,16],"texture":"#stone_slab_top"},"east":{"uv":[0,15,1,16],"texture":"#stone_slab_top"},"south":{"uv":[0,15,1,16],"texture":"#stone_slab_top"},"west":{"uv":[0,15,1,16],"texture":"#stone_slab_top"},"up":{"uv":[0,15,1,16],"texture":"#stone_slab_top"},"down":{"uv":[0,15,1,16],"texture":"#stone_slab_top"}}},{"from":[0.5,3.5,26],"to":[15.5,4.5,27],"faces":{"north":{"uv":[0,15,1,16],"texture":"#stone_slab_top"},"east":{"uv":[0,15,1,16],"texture":"#stone_slab_top"},"south":{"uv":[0,15,1,16],"texture":"#stone_slab_top"},"west":{"uv":[0,15,1,16],"texture":"#stone_slab_top"},"up":{"uv":[0,15,1,16],"texture":"#stone_slab_top"},"down":{"uv":[0,15,1,16],"texture":"#stone_slab_top"}}},{"from":[18.5,-1.5,23.5],"to":[19,-0.5,25.5],"faces":{"north":{"uv":[15,13,16,14],"texture":"#anvil"},"east":{"uv":[15,13,16,14],"texture":"#anvil"},"south":{"uv":[15,13,16,14],"texture":"#anvil"},"west":{"uv":[15,13,16,14],"texture":"#anvil"},"up":{"uv":[15,13,16,14],"texture":"#anvil"},"down":{"uv":[15,13,16,14],"texture":"#anvil"}}},{"from":[16.5,-1.5,27],"to":[18.5,-0.5,27.5],"faces":{"north":{"uv":[15,13,16,14],"texture":"#anvil"},"east":{"uv":[15,13,16,14],"texture":"#anvil"},"south":{"uv":[15,13,16,14],"texture":"#anvil"},"west":{"uv":[15,13,16,14],"texture":"#anvil"},"up":{"uv":[15,13,16,14],"texture":"#anvil"},"down":{"uv":[15,13,16,14],"texture":"#anvil"}}},{"from":[16.5,-1.5,27.5],"to":[18.5,-0.5,29.5],"faces":{"north":{"uv":[4,4,12,12],"texture":"#wielen inner"},"east":{"uv":[4,4,12,12],"texture":"#wielen inner"},"south":{"uv":[4,4,12,12],"texture":"#wielen inner"},"west":{"uv":[4,4,12,12],"texture":"#wielen inner"},"up":{"uv":[4,4,12,12],"texture":"#wielen inner"},"down":{"uv":[4,4,12,12],"texture":"#wielen inner"}}},{"from":[16,-1.5,-7.5],"to":[16.5,-0.5,-5.5],"faces":{"north":{"uv":[15,13,16,14],"texture":"#anvil"},"east":{"uv":[15,13,16,14],"texture":"#anvil"},"south":{"uv":[15,13,16,14],"texture":"#anvil"},"west":{"uv":[15,13,16,14],"texture":"#anvil"},"up":{"uv":[15,13,16,14],"texture":"#anvil"},"down":{"uv":[15,13,16,14],"texture":"#anvil"}}},{"from":[16,-1.5,27.5],"to":[16.5,-0.5,29.5],"faces":{"north":{"uv":[15,13,16,14],"texture":"#anvil"},"east":{"uv":[15,13,16,14],"texture":"#anvil"},"south":{"uv":[15,13,16,14],"texture":"#anvil"},"west":{"uv":[15,13,16,14],"texture":"#anvil"},"up":{"uv":[15,13,16,14],"texture":"#anvil"},"down":{"uv":[15,13,16,14],"texture":"#anvil"}}},{"from":[16.5,-1.5,25.4375],"to":[18.5,-0.5,25.9375],"faces":{"north":{"uv":[15,13,16,14],"texture":"#anvil"},"east":{"uv":[15,13,16,14],"texture":"#anvil"},"south":{"uv":[15,13,16,14],"texture":"#anvil"},"west":{"uv":[15,13,16,14],"texture":"#anvil"},"up":{"uv":[15,13,16,14],"texture":"#anvil"},"down":{"uv":[15,13,16,14],"texture":"#anvil"}}},{"from":[0,0.5,27.5],"to":[1.5,3,30],"faces":{"north":{"uv":[4,4,12,12],"texture":"#wielen inner"},"east":{"uv":[4,4,12,12],"texture":"#wielen inner"},"south":{"uv":[4,4,12,12],"texture":"#wielen inner"},"west":{"uv":[4,4,12,12],"texture":"#wielen inner"},"up":{"uv":[4,4,12,12],"texture":"#wielen inner"},"down":{"uv":[4,4,12,12],"texture":"#wielen inner"}}},{"from":[0,0.5,27],"to":[1.5,3,27.5],"faces":{"north":{"uv":[15,13,16,14],"texture":"#anvil"},"east":{"uv":[15,13,16,14],"texture":"#anvil"},"south":{"uv":[15,13,16,14],"texture":"#anvil"},"west":{"uv":[15,13,16,14],"texture":"#anvil"},"up":{"uv":[15,13,16,14],"texture":"#anvil"},"down":{"uv":[15,13,16,14],"texture":"#anvil"}}},{"from":[0,0.5,30],"to":[1.5,3,30.5],"faces":{"north":{"uv":[15,13,16,14],"texture":"#anvil"},"east":{"uv":[15,13,16,14],"texture":"#anvil"},"south":{"uv":[15,13,16,14],"texture":"#anvil"},"west":{"uv":[15,13,16,14],"texture":"#anvil"},"up":{"uv":[15,13,16,14],"texture":"#anvil"},"down":{"uv":[15,13,16,14],"texture":"#anvil"}}},{"from":[0,3,27.5],"to":[1.5,3.5,30],"faces":{"north":{"uv":[15,13,16,14],"texture":"#anvil"},"east":{"uv":[15,13,16,14],"texture":"#anvil"},"south":{"uv":[15,13,16,14],"texture":"#anvil"},"west":{"uv":[15,13,16,14],"texture":"#anvil"},"up":{"uv":[15,13,16,14],"texture":"#anvil"},"down":{"uv":[15,13,16,14],"texture":"#anvil"}}},{"from":[0,0,27.5],"to":[1.5,0.5,30],"faces":{"north":{"uv":[15,13,16,14],"texture":"#anvil"},"east":{"uv":[15,13,16,14],"texture":"#anvil"},"south":{"uv":[15,13,16,14],"texture":"#anvil"},"west":{"uv":[15,13,16,14],"texture":"#anvil"},"up":{"uv":[15,13,16,14],"texture":"#anvil"},"down":{"uv":[15,13,16,14],"texture":"#anvil"}}},{"from":[-2.5,-1.5,27.5],"to":[-0.5,-0.5,29.5],"faces":{"north":{"uv":[4,4,12,12],"texture":"#wielen inner"},"east":{"uv":[4,4,12,12],"texture":"#wielen inner"},"south":{"uv":[4,4,12,12],"texture":"#wielen inner"},"west":{"uv":[4,4,12,12],"texture":"#wielen inner"},"up":{"uv":[4,4,12,12],"texture":"#wielen inner"},"down":{"uv":[4,4,12,12],"texture":"#wielen inner"}}},{"from":[-3,-1.5,27.5],"to":[-2.5,-0.5,29.5],"faces":{"north":{"uv":[15,13,16,14],"texture":"#anvil"},"east":{"uv":[15,13,16,14],"texture":"#anvil"},"south":{"uv":[15,13,16,14],"texture":"#anvil"},"west":{"uv":[15,13,16,14],"texture":"#anvil"},"up":{"uv":[15,13,16,14],"texture":"#anvil"},"down":{"uv":[15,13,16,14],"texture":"#anvil"}}},{"from":[-0.5,-1.5,27.5],"to":[0,-0.5,29.5],"faces":{"north":{"uv":[15,13,16,14],"texture":"#anvil"},"east":{"uv":[15,13,16,14],"texture":"#anvil"},"south":{"uv":[15,13,16,14],"texture":"#anvil"},"west":{"uv":[15,13,16,14],"texture":"#anvil"},"up":{"uv":[15,13,16,14],"texture":"#anvil"},"down":{"uv":[15,13,16,14],"texture":"#anvil"}}},{"from":[-2.5,-1.5,29.5],"to":[-0.5,-0.5,30],"faces":{"north":{"uv":[15,13,16,14],"texture":"#anvil"},"east":{"uv":[15,13,16,14],"texture":"#anvil"},"south":{"uv":[15,13,16,14],"texture":"#anvil"},"west":{"uv":[15,13,16,14],"texture":"#anvil"},"up":{"uv":[15,13,16,14],"texture":"#anvil"},"down":{"uv":[15,13,16,14],"texture":"#anvil"}}},{"from":[-2.5,-1.5,27],"to":[-0.5,-0.5,27.5],"faces":{"north":{"uv":[15,13,16,14],"texture":"#anvil"},"east":{"uv":[15,13,16,14],"texture":"#anvil"},"south":{"uv":[15,13,16,14],"texture":"#anvil"},"west":{"uv":[15,13,16,14],"texture":"#anvil"},"up":{"uv":[15,13,16,14],"texture":"#anvil"},"down":{"uv":[15,13,16,14],"texture":"#anvil"}}},{"from":[-2.5,-1.5,23.5],"to":[-0.5,-0.5,25.5],"faces":{"north":{"uv":[4,4,12,12],"texture":"#wielen inner"},"east":{"uv":[4,4,12,12],"texture":"#wielen inner"},"south":{"uv":[4,4,12,12],"texture":"#wielen inner"},"west":{"uv":[4,4,12,12],"texture":"#wielen inner"},"up":{"uv":[4,4,12,12],"texture":"#wielen inner"},"down":{"uv":[4,4,12,12],"texture":"#wielen inner"}}},{"from":[-2.5,-1.5,23],"to":[-0.5,-0.5,23.5],"faces":{"north":{"uv":[15,13,16,14],"texture":"#anvil"},"east":{"uv":[15,13,16,14],"texture":"#anvil"},"south":{"uv":[15,13,16,14],"texture":"#anvil"},"west":{"uv":[15,13,16,14],"texture":"#anvil"},"up":{"uv":[15,13,16,14],"texture":"#anvil"},"down":{"uv":[15,13,16,14],"texture":"#anvil"}}},{"from":[-0.5,-1.5,23.5],"to":[0,-0.5,25.5],"faces":{"north":{"uv":[15,13,16,14],"texture":"#anvil"},"east":{"uv":[15,13,16,14],"texture":"#anvil"},"south":{"uv":[15,13,16,14],"texture":"#anvil"},"west":{"uv":[15,13,16,14],"texture":"#anvil"},"up":{"uv":[15,13,16,14],"texture":"#anvil"},"down":{"uv":[15,13,16,14],"texture":"#anvil"}}},{"from":[-2.5,-1.5,25.5],"to":[-0.5,-0.5,26],"faces":{"north":{"uv":[15,13,16,14],"texture":"#anvil"},"east":{"uv":[15,13,16,14],"texture":"#anvil"},"south":{"uv":[15,13,16,14],"texture":"#anvil"},"west":{"uv":[15,13,16,14],"texture":"#anvil"},"up":{"uv":[15,13,16,14],"texture":"#anvil"},"down":{"uv":[15,13,16,14],"texture":"#anvil"}}},{"from":[-3,-1.5,23.5],"to":[-2.5,-0.5,25.5],"faces":{"north":{"uv":[15,13,16,14],"texture":"#anvil"},"east":{"uv":[15,13,16,14],"texture":"#anvil"},"south":{"uv":[15,13,16,14],"texture":"#anvil"},"west":{"uv":[15,13,16,14],"texture":"#anvil"},"up":{"uv":[15,13,16,14],"texture":"#anvil"},"down":{"uv":[15,13,16,14],"texture":"#anvil"}}},{"from":[-3,-0.5,25.5],"to":[-1.5,0.5,27.5],"faces":{"north":{"uv":[0,15,1,16],"texture":"#stone_slab_top"},"east":{"uv":[0,15,1,16],"texture":"#stone_slab_top"},"south":{"uv":[0,15,1,16],"texture":"#stone_slab_top"},"west":{"uv":[0,15,1,16],"texture":"#stone_slab_top"},"up":{"uv":[0,15,1,16],"texture":"#stone_slab_top"},"down":{"uv":[0,15,1,16],"texture":"#stone_slab_top"}}},{"from":[-3,-2,26],"to":[-2.5,-0.5,27],"faces":{"north":{"uv":[0,15,1,16],"texture":"#stone_slab_top"},"east":{"uv":[0,15,1,16],"texture":"#stone_slab_top"},"south":{"uv":[0,15,1,16],"texture":"#stone_slab_top"},"west":{"uv":[0,15,1,16],"texture":"#stone_slab_top"},"up":{"uv":[0,15,1,16],"texture":"#stone_slab_top"},"down":{"uv":[0,15,1,16],"texture":"#stone_slab_top"}}},{"from":[-2.5,-0.5,24.5],"to":[-1,0,28.5],"faces":{"north":{"uv":[0,15,1,16],"texture":"#stone_slab_top"},"east":{"uv":[0,15,1,16],"texture":"#stone_slab_top"},"south":{"uv":[0,15,1,16],"texture":"#stone_slab_top"},"west":{"uv":[0,15,1,16],"texture":"#stone_slab_top"},"up":{"uv":[0,15,1,16],"texture":"#stone_slab_top"},"down":{"uv":[0,15,1,16],"texture":"#stone_slab_top"}}},{"from":[-2.5,-2,24.5],"to":[-1,-1.5,28.5],"faces":{"north":{"uv":[0,15,1,16],"texture":"#stone_slab_top"},"east":{"uv":[0,15,1,16],"texture":"#stone_slab_top"},"south":{"uv":[0,15,1,16],"texture":"#stone_slab_top"},"west":{"uv":[0,15,1,16],"texture":"#stone_slab_top"},"up":{"uv":[0,15,1,16],"texture":"#stone_slab_top"},"down":{"uv":[0,15,1,16],"texture":"#stone_slab_top"}}},{"from":[0.5,3.45,-3],"to":[15.5,5,21],"faces":{"north":{"uv":[0,12,16,13],"texture":"#stone_slab_top"},"east":{"uv":[0,12,13,13],"texture":"#stone_slab_top"},"south":{"uv":[0,12,16,13],"texture":"#stone_slab_top"},"west":{"uv":[3,12,16,13],"texture":"#stone_slab_top"},"up":{"uv":[0,3,16,16],"texture":"#stone_slab_top"},"down":{"uv":[16,16,0,3],"texture":"#stone_slab_top"}}},{"from":[-0.5,2.5,-9],"to":[0.5,4.5,-8],"faces":{"north":{"uv":[0,15,1,16],"texture":"#stone_slab_top"},"east":{"uv":[0,15,1,16],"texture":"#stone_slab_top"},"south":{"uv":[0,15,1,16],"texture":"#stone_slab_top"},"west":{"uv":[0,15,1,16],"texture":"#stone_slab_top"},"up":{"uv":[0,15,1,16],"texture":"#stone_slab_top"},"down":{"uv":[0,15,1,16],"texture":"#stone_slab_top"}}},{"from":[-2.5002,-0.5,25.375],"to":[0.4998,0.5,27.375],"rotation":{"angle":45,"axis":"z","origin":[-2.5,0.5,25.375]},"faces":{"north":{"uv":[0,15,1,16],"texture":"#stone_slab_top"},"east":{"uv":[0,15,1,16],"texture":"#stone_slab_top"},"south":{"uv":[0,15,1,16],"texture":"#stone_slab_top"},"west":{"uv":[0,15,1,16],"texture":"#stone_slab_top"},"up":{"uv":[0,15,1,16],"texture":"#stone_slab_top"},"down":{"uv":[0,15,1,16],"texture":"#stone_slab_top"}}},{"from":[-2.5002,-0.5,-9.5],"to":[0.4998,0.5,-7.5],"rotation":{"angle":45,"axis":"z","origin":[-2.5,0.5,-9.5]},"faces":{"north":{"uv":[0,15,1,16],"texture":"#stone_slab_top"},"east":{"uv":[0,15,1,16],"texture":"#stone_slab_top"},"south":{"uv":[0,15,1,16],"texture":"#stone_slab_top"},"west":{"uv":[0,15,1,16],"texture":"#stone_slab_top"},"up":{"uv":[0,15,1,16],"texture":"#stone_slab_top"},"down":{"uv":[0,15,1,16],"texture":"#stone_slab_top"}}},{"from":[-0.5,1,-11],"to":[0,2.5,-6],"faces":{"north":{"uv":[0,15,1,16],"texture":"#stone_slab_top"},"east":{"uv":[0,15,1,16],"texture":"#stone_slab_top"},"south":{"uv":[0,15,1,16],"texture":"#stone_slab_top"},"west":{"uv":[0,15,1,16],"texture":"#stone_slab_top"},"up":{"uv":[0,15,1,16],"texture":"#stone_slab_top"},"down":{"uv":[0,15,1,16],"texture":"#stone_slab_top"}}},{"from":[0.5,3.5,-9],"to":[15.5,4.5,-8],"faces":{"north":{"uv":[0,15,1,16],"texture":"#stone_slab_top"},"east":{"uv":[0,15,1,16],"texture":"#stone_slab_top"},"south":{"uv":[0,15,1,16],"texture":"#stone_slab_top"},"west":{"uv":[0,15,1,16],"texture":"#stone_slab_top"},"up":{"uv":[0,15,1,16],"texture":"#stone_slab_top"},"down":{"uv":[0,15,1,16],"texture":"#stone_slab_top"}}},{"from":[15.5,2.5,-9],"to":[16.5,4.5,-8],"faces":{"north":{"uv":[0,15,1,16],"texture":"#stone_slab_top"},"east":{"uv":[0,15,1,16],"texture":"#stone_slab_top"},"south":{"uv":[0,15,1,16],"texture":"#stone_slab_top"},"west":{"uv":[0,15,1,16],"texture":"#stone_slab_top"},"up":{"uv":[0,15,1,16],"texture":"#stone_slab_top"},"down":{"uv":[0,15,1,16],"texture":"#stone_slab_top"}}},{"from":[-3,-0.5,-9.5],"to":[-1.5,0.5,-7.5],"faces":{"north":{"uv":[0,15,1,16],"texture":"#stone_slab_top"},"east":{"uv":[0,15,1,16],"texture":"#stone_slab_top"},"south":{"uv":[0,15,1,16],"texture":"#stone_slab_top"},"west":{"uv":[0,15,1,16],"texture":"#stone_slab_top"},"up":{"uv":[0,15,1,16],"texture":"#stone_slab_top"},"down":{"uv":[0,15,1,16],"texture":"#stone_slab_top"}}},{"from":[-2.5,-0.5,-10.5],"to":[-1,0,-6.5],"faces":{"north":{"uv":[0,15,1,16],"texture":"#stone_slab_top"},"east":{"uv":[0,15,1,16],"texture":"#stone_slab_top"},"south":{"uv":[0,15,1,16],"texture":"#stone_slab_top"},"west":{"uv":[0,15,1,16],"texture":"#stone_slab_top"},"up":{"uv":[0,15,1,16],"texture":"#stone_slab_top"},"down":{"uv":[0,15,1,16],"texture":"#stone_slab_top"}}},{"from":[-3,-2,-9],"to":[-2.5,-0.5,-8],"faces":{"north":{"uv":[0,15,1,16],"texture":"#stone_slab_top"},"east":{"uv":[0,15,1,16],"texture":"#stone_slab_top"},"south":{"uv":[0,15,1,16],"texture":"#stone_slab_top"},"west":{"uv":[0,15,1,16],"texture":"#stone_slab_top"},"up":{"uv":[0,15,1,16],"texture":"#stone_slab_top"},"down":{"uv":[0,15,1,16],"texture":"#stone_slab_top"}}},{"from":[-2.5,-2,-10.5],"to":[-1,-1.5,-6.5],"faces":{"north":{"uv":[0,15,1,16],"texture":"#stone_slab_top"},"east":{"uv":[0,15,1,16],"texture":"#stone_slab_top"},"south":{"uv":[0,15,1,16],"texture":"#stone_slab_top"},"west":{"uv":[0,15,1,16],"texture":"#stone_slab_top"},"up":{"uv":[0,15,1,16],"texture":"#stone_slab_top"},"down":{"uv":[0,15,1,16],"texture":"#stone_slab_top"}}},{"from":[16.5627,1.3125,-9.5],"to":[19.5627,2.3125,-7.5],"rotation":{"angle":-45,"axis":"z","origin":[16.5625,2.3125,-9.5]},"faces":{"north":{"uv":[0,15,1,16],"texture":"#stone_slab_top"},"east":{"uv":[0,15,1,16],"texture":"#stone_slab_top"},"south":{"uv":[0,15,1,16],"texture":"#stone_slab_top"},"west":{"uv":[0,15,1,16],"texture":"#stone_slab_top"},"up":{"uv":[0,15,1,16],"texture":"#stone_slab_top"},"down":{"uv":[0,15,1,16],"texture":"#stone_slab_top"}}},{"from":[16,1,24],"to":[16.5,2.5,29],"faces":{"north":{"uv":[0,15,1,16],"texture":"#stone_slab_top"},"east":{"uv":[0,15,1,16],"texture":"#stone_slab_top"},"south":{"uv":[0,15,1,16],"texture":"#stone_slab_top"},"west":{"uv":[0,15,1,16],"texture":"#stone_slab_top"},"up":{"uv":[0,15,1,16],"texture":"#stone_slab_top"},"down":{"uv":[0,15,1,16],"texture":"#stone_slab_top"}}},{"from":[17.5,-0.5,-9.5],"to":[19,0.5,-7.5],"faces":{"north":{"uv":[0,15,1,16],"texture":"#stone_slab_top"},"east":{"uv":[0,15,1,16],"texture":"#stone_slab_top"},"south":{"uv":[0,15,1,16],"texture":"#stone_slab_top"},"west":{"uv":[0,15,1,16],"texture":"#stone_slab_top"},"up":{"uv":[0,15,1,16],"texture":"#stone_slab_top"},"down":{"uv":[0,15,1,16],"texture":"#stone_slab_top"}}},{"from":[17,-0.5,-10.5],"to":[18.5,0,-6.5],"faces":{"north":{"uv":[0,15,1,16],"texture":"#stone_slab_top"},"east":{"uv":[0,15,1,16],"texture":"#stone_slab_top"},"south":{"uv":[0,15,1,16],"texture":"#stone_slab_top"},"west":{"uv":[0,15,1,16],"texture":"#stone_slab_top"},"up":{"uv":[0,15,1,16],"texture":"#stone_slab_top"},"down":{"uv":[0,15,1,16],"texture":"#stone_slab_top"}}},{"from":[18.5,-2,-9],"to":[19,-0.5,-8],"faces":{"north":{"uv":[0,15,1,16],"texture":"#stone_slab_top"},"east":{"uv":[0,15,1,16],"texture":"#stone_slab_top"},"south":{"uv":[0,15,1,16],"texture":"#stone_slab_top"},"west":{"uv":[0,15,1,16],"texture":"#stone_slab_top"},"up":{"uv":[0,15,1,16],"texture":"#stone_slab_top"},"down":{"uv":[0,15,1,16],"texture":"#stone_slab_top"}}},{"from":[17,-2,-10.5],"to":[18.5,-1.5,-6.5],"faces":{"north":{"uv":[0,15,1,16],"texture":"#stone_slab_top"},"east":{"uv":[0,15,1,16],"texture":"#stone_slab_top"},"south":{"uv":[0,15,1,16],"texture":"#stone_slab_top"},"west":{"uv":[0,15,1,16],"texture":"#stone_slab_top"},"up":{"uv":[0,15,1,16],"texture":"#stone_slab_top"},"down":{"uv":[0,15,1,16],"texture":"#stone_slab_top"}}},{"from":[16.5,-1.5,-7.5],"to":[18.5,-0.5,-5.5],"faces":{"north":{"uv":[4,4,12,12],"texture":"#wielen inner"},"east":{"uv":[4,4,12,12],"texture":"#wielen inner"},"south":{"uv":[4,4,12,12],"texture":"#wielen inner"},"west":{"uv":[4,4,12,12],"texture":"#wielen inner"},"up":{"uv":[4,4,12,12],"texture":"#wielen inner"},"down":{"uv":[4,4,12,12],"texture":"#wielen inner"}}},{"from":[16.5,-1.5,-11.5],"to":[18.5,-0.5,-9.5],"faces":{"north":{"uv":[4,4,12,12],"texture":"#wielen inner"},"east":{"uv":[4,4,12,12],"texture":"#wielen inner"},"south":{"uv":[4,4,12,12],"texture":"#wielen inner"},"west":{"uv":[4,4,12,12],"texture":"#wielen inner"},"up":{"uv":[4,4,12,12],"texture":"#wielen inner"},"down":{"uv":[4,4,12,12],"texture":"#wielen inner"}}},{"from":[16.5,-1.5,-8],"to":[18.5,-0.5,-7.5],"faces":{"north":{"uv":[15,13,16,14],"texture":"#anvil"},"east":{"uv":[15,13,16,14],"texture":"#anvil"},"south":{"uv":[15,13,16,14],"texture":"#anvil"},"west":{"uv":[15,13,16,14],"texture":"#anvil"},"up":{"uv":[15,13,16,14],"texture":"#anvil"},"down":{"uv":[15,13,16,14],"texture":"#anvil"}}},{"from":[16.5,-1.5,-5.5],"to":[18.5,-0.5,-5],"faces":{"north":{"uv":[15,13,16,14],"texture":"#anvil"},"east":{"uv":[15,13,16,14],"texture":"#anvil"},"south":{"uv":[15,13,16,14],"texture":"#anvil"},"west":{"uv":[15,13,16,14],"texture":"#anvil"},"up":{"uv":[15,13,16,14],"texture":"#anvil"},"down":{"uv":[15,13,16,14],"texture":"#anvil"}}},{"from":[16.5,-1.5,-12],"to":[18.5,-0.5,-11.5],"faces":{"north":{"uv":[15,13,16,14],"texture":"#anvil"},"east":{"uv":[15,13,16,14],"texture":"#anvil"},"south":{"uv":[15,13,16,14],"texture":"#anvil"},"west":{"uv":[15,13,16,14],"texture":"#anvil"},"up":{"uv":[15,13,16,14],"texture":"#anvil"},"down":{"uv":[15,13,16,14],"texture":"#anvil"}}},{"from":[16.5,-1.5,-9.5],"to":[18.5,-0.5,-9],"faces":{"north":{"uv":[15,13,16,14],"texture":"#anvil"},"east":{"uv":[15,13,16,14],"texture":"#anvil"},"south":{"uv":[15,13,16,14],"texture":"#anvil"},"west":{"uv":[15,13,16,14],"texture":"#anvil"},"up":{"uv":[15,13,16,14],"texture":"#anvil"},"down":{"uv":[15,13,16,14],"texture":"#anvil"}}},{"from":[18.5,-1.5,27.5],"to":[19,-0.5,29.5],"faces":{"north":{"uv":[15,13,16,14],"texture":"#anvil"},"east":{"uv":[15,13,16,14],"texture":"#anvil"},"south":{"uv":[15,13,16,14],"texture":"#anvil"},"west":{"uv":[15,13,16,14],"texture":"#anvil"},"up":{"uv":[15,13,16,14],"texture":"#anvil"},"down":{"uv":[15,13,16,14],"texture":"#anvil"}}},{"from":[18.5,-1.5,-7.5],"to":[19,-0.5,-5.5],"faces":{"north":{"uv":[15,13,16,14],"texture":"#anvil"},"east":{"uv":[15,13,16,14],"texture":"#anvil"},"south":{"uv":[15,13,16,14],"texture":"#anvil"},"west":{"uv":[15,13,16,14],"texture":"#anvil"},"up":{"uv":[15,13,16,14],"texture":"#anvil"},"down":{"uv":[15,13,16,14],"texture":"#anvil"}}},{"from":[18.5,-1.5,-11.5],"to":[19,-0.5,-9.5],"faces":{"north":{"uv":[15,13,16,14],"texture":"#anvil"},"east":{"uv":[15,13,16,14],"texture":"#anvil"},"south":{"uv":[15,13,16,14],"texture":"#anvil"},"west":{"uv":[15,13,16,14],"texture":"#anvil"},"up":{"uv":[15,13,16,14],"texture":"#anvil"},"down":{"uv":[15,13,16,14],"texture":"#anvil"}}},{"from":[16,-1.5,-11.5],"to":[16.5,-0.5,-9.5],"faces":{"north":{"uv":[15,13,16,14],"texture":"#anvil"},"east":{"uv":[15,13,16,14],"texture":"#anvil"},"south":{"uv":[15,13,16,14],"texture":"#anvil"},"west":{"uv":[15,13,16,14],"texture":"#anvil"},"up":{"uv":[15,13,16,14],"texture":"#anvil"},"down":{"uv":[15,13,16,14],"texture":"#anvil"}}},{"from":[14.5,0.5,-12],"to":[16,3,-9.5],"faces":{"north":{"uv":[4,4,12,12],"texture":"#wielen inner"},"east":{"uv":[4,4,12,12],"texture":"#wielen inner"},"south":{"uv":[4,4,12,12],"texture":"#wielen inner"},"west":{"uv":[4,4,12,12],"texture":"#wielen inner"},"up":{"uv":[4,4,12,12],"texture":"#wielen inner"},"down":{"uv":[4,4,12,12],"texture":"#wielen inner"}}},{"from":[14.5,0.5,-7.5],"to":[16,3,-5],"faces":{"north":{"uv":[4,4,12,12],"texture":"#wielen inner"},"east":{"uv":[4,4,12,12],"texture":"#wielen inner"},"south":{"uv":[4,4,12,12],"texture":"#wielen inner"},"west":{"uv":[4,4,12,12],"texture":"#wielen inner"},"up":{"uv":[4,4,12,12],"texture":"#wielen inner"},"down":{"uv":[4,4,12,12],"texture":"#wielen inner"}}},{"from":[14.5,0,-12],"to":[16,0.5,-9.5],"faces":{"north":{"uv":[15,13,16,14],"texture":"#anvil"},"east":{"uv":[15,13,16,14],"texture":"#anvil"},"south":{"uv":[15,13,16,14],"texture":"#anvil"},"west":{"uv":[15,13,16,14],"texture":"#anvil"},"up":{"uv":[15,13,16,14],"texture":"#anvil"},"down":{"uv":[15,13,16,14],"texture":"#anvil"}}},{"from":[14.5,0,-7.5],"to":[16,0.5,-5],"faces":{"north":{"uv":[15,13,16,14],"texture":"#anvil"},"east":{"uv":[15,13,16,14],"texture":"#anvil"},"south":{"uv":[15,13,16,14],"texture":"#anvil"},"west":{"uv":[15,13,16,14],"texture":"#anvil"},"up":{"uv":[15,13,16,14],"texture":"#anvil"},"down":{"uv":[15,13,16,14],"texture":"#anvil"}}},{"from":[14.5,3,-7.5],"to":[16,3.5,-5],"faces":{"north":{"uv":[15,13,16,14],"texture":"#anvil"},"east":{"uv":[15,13,16,14],"texture":"#anvil"},"south":{"uv":[15,13,16,14],"texture":"#anvil"},"west":{"uv":[15,13,16,14],"texture":"#anvil"},"up":{"uv":[15,13,16,14],"texture":"#anvil"},"down":{"uv":[15,13,16,14],"texture":"#anvil"}}},{"from":[0,3,-12],"to":[1.5,3.5,-9.5],"faces":{"north":{"uv":[15,13,16,14],"texture":"#anvil"},"east":{"uv":[15,13,16,14],"texture":"#anvil"},"south":{"uv":[15,13,16,14],"texture":"#anvil"},"west":{"uv":[15,13,16,14],"texture":"#anvil"},"up":{"uv":[15,13,16,14],"texture":"#anvil"},"down":{"uv":[15,13,16,14],"texture":"#anvil"}}},{"from":[14.5,0.5,-12.5],"to":[16,3,-12],"faces":{"north":{"uv":[15,13,16,14],"texture":"#anvil"},"east":{"uv":[15,13,16,14],"texture":"#anvil"},"south":{"uv":[15,13,16,14],"texture":"#anvil"},"west":{"uv":[15,13,16,14],"texture":"#anvil"},"up":{"uv":[15,13,16,14],"texture":"#anvil"},"down":{"uv":[15,13,16,14],"texture":"#anvil"}}},{"from":[0,0.5,-5],"to":[1.5,3,-4.5],"faces":{"north":{"uv":[15,13,16,14],"texture":"#anvil"},"east":{"uv":[15,13,16,14],"texture":"#anvil"},"south":{"uv":[15,13,16,14],"texture":"#anvil"},"west":{"uv":[15,13,16,14],"texture":"#anvil"},"up":{"uv":[15,13,16,14],"texture":"#anvil"},"down":{"uv":[15,13,16,14],"texture":"#anvil"}}},{"from":[14.5,0.5,-8],"to":[16,3,-7.5],"faces":{"north":{"uv":[15,13,16,14],"texture":"#anvil"},"east":{"uv":[15,13,16,14],"texture":"#anvil"},"south":{"uv":[15,13,16,14],"texture":"#anvil"},"west":{"uv":[15,13,16,14],"texture":"#anvil"},"up":{"uv":[15,13,16,14],"texture":"#anvil"},"down":{"uv":[15,13,16,14],"texture":"#anvil"}}},{"from":[14.5,0.5,-9.5],"to":[16,3,-9],"faces":{"north":{"uv":[15,13,16,14],"texture":"#anvil"},"east":{"uv":[15,13,16,14],"texture":"#anvil"},"south":{"uv":[15,13,16,14],"texture":"#anvil"},"west":{"uv":[15,13,16,14],"texture":"#anvil"},"up":{"uv":[15,13,16,14],"texture":"#anvil"},"down":{"uv":[15,13,16,14],"texture":"#anvil"}}},{"from":[-2.5,-1.5,-11.5],"to":[-0.5,-0.5,-9.5],"faces":{"north":{"uv":[4,4,12,12],"texture":"#wielen inner"},"east":{"uv":[4,4,12,12],"texture":"#wielen inner"},"south":{"uv":[4,4,12,12],"texture":"#wielen inner"},"west":{"uv":[4,4,12,12],"texture":"#wielen inner"},"up":{"uv":[4,4,12,12],"texture":"#wielen inner"},"down":{"uv":[4,4,12,12],"texture":"#wielen inner"}}},{"from":[-2.5,-1.5,-7.5],"to":[-0.5,-0.5,-5.5],"faces":{"north":{"uv":[4,4,12,12],"texture":"#wielen inner"},"east":{"uv":[4,4,12,12],"texture":"#wielen inner"},"south":{"uv":[4,4,12,12],"texture":"#wielen inner"},"west":{"uv":[4,4,12,12],"texture":"#wielen inner"},"up":{"uv":[4,4,12,12],"texture":"#wielen inner"},"down":{"uv":[4,4,12,12],"texture":"#wielen inner"}}},{"from":[-2.5,-1.5,-5.5],"to":[-0.5,-0.5,-5],"faces":{"north":{"uv":[15,13,16,14],"texture":"#anvil"},"east":{"uv":[15,13,16,14],"texture":"#anvil"},"south":{"uv":[15,13,16,14],"texture":"#anvil"},"west":{"uv":[15,13,16,14],"texture":"#anvil"},"up":{"uv":[15,13,16,14],"texture":"#anvil"},"down":{"uv":[15,13,16,14],"texture":"#anvil"}}},{"from":[-2.5,-1.5,-12],"to":[-0.5,-0.5,-11.5],"faces":{"north":{"uv":[15,13,16,14],"texture":"#anvil"},"east":{"uv":[15,13,16,14],"texture":"#anvil"},"south":{"uv":[15,13,16,14],"texture":"#anvil"},"west":{"uv":[15,13,16,14],"texture":"#anvil"},"up":{"uv":[15,13,16,14],"texture":"#anvil"},"down":{"uv":[15,13,16,14],"texture":"#anvil"}}},{"from":[-2.5,-1.5,-9.5],"to":[-0.5,-0.5,-9],"faces":{"north":{"uv":[15,13,16,14],"texture":"#anvil"},"east":{"uv":[15,13,16,14],"texture":"#anvil"},"south":{"uv":[15,13,16,14],"texture":"#anvil"},"west":{"uv":[15,13,16,14],"texture":"#anvil"},"up":{"uv":[15,13,16,14],"texture":"#anvil"},"down":{"uv":[15,13,16,14],"texture":"#anvil"}}},{"from":[-2.5,-1.5,-8],"to":[-0.5,-0.5,-7.5],"faces":{"north":{"uv":[15,13,16,14],"texture":"#anvil"},"east":{"uv":[15,13,16,14],"texture":"#anvil"},"south":{"uv":[15,13,16,14],"texture":"#anvil"},"west":{"uv":[15,13,16,14],"texture":"#anvil"},"up":{"uv":[15,13,16,14],"texture":"#anvil"},"down":{"uv":[15,13,16,14],"texture":"#anvil"}}},{"from":[-3,-1.5,-11.5],"to":[-2.5,-0.5,-9.5],"faces":{"north":{"uv":[15,13,16,14],"texture":"#anvil"},"east":{"uv":[15,13,16,14],"texture":"#anvil"},"south":{"uv":[15,13,16,14],"texture":"#anvil"},"west":{"uv":[15,13,16,14],"texture":"#anvil"},"up":{"uv":[15,13,16,14],"texture":"#anvil"},"down":{"uv":[15,13,16,14],"texture":"#anvil"}}},{"from":[-0.5,-1.5,-11.5],"to":[0,-0.5,-9.5],"faces":{"north":{"uv":[15,13,16,14],"texture":"#anvil"},"east":{"uv":[15,13,16,14],"texture":"#anvil"},"south":{"uv":[15,13,16,14],"texture":"#anvil"},"west":{"uv":[15,13,16,14],"texture":"#anvil"},"up":{"uv":[15,13,16,14],"texture":"#anvil"},"down":{"uv":[15,13,16,14],"texture":"#anvil"}}},{"from":[-0.5,-1.5,-7.5],"to":[0,-0.5,-5.5],"faces":{"north":{"uv":[15,13,16,14],"texture":"#anvil"},"east":{"uv":[15,13,16,14],"texture":"#anvil"},"south":{"uv":[15,13,16,14],"texture":"#anvil"},"west":{"uv":[15,13,16,14],"texture":"#anvil"},"up":{"uv":[15,13,16,14],"texture":"#anvil"},"down":{"uv":[15,13,16,14],"texture":"#anvil"}}},{"from":[-3,-1.5,-7.5],"to":[-2.5,-0.5,-5.5],"faces":{"north":{"uv":[15,13,16,14],"texture":"#anvil"},"east":{"uv":[15,13,16,14],"texture":"#anvil"},"south":{"uv":[15,13,16,14],"texture":"#anvil"},"west":{"uv":[15,13,16,14],"texture":"#anvil"},"up":{"uv":[15,13,16,14],"texture":"#anvil"},"down":{"uv":[15,13,16,14],"texture":"#anvil"}}},{"from":[14.5,3,-12],"to":[16,3.5,-9.5],"faces":{"north":{"uv":[15,13,16,14],"texture":"#anvil"},"east":{"uv":[15,13,16,14],"texture":"#anvil"},"south":{"uv":[15,13,16,14],"texture":"#anvil"},"west":{"uv":[15,13,16,14],"texture":"#anvil"},"up":{"uv":[15,13,16,14],"texture":"#anvil"},"down":{"uv":[15,13,16,14],"texture":"#anvil"}}},{"from":[0,0,-12],"to":[1.5,0.5,-9.5],"faces":{"north":{"uv":[15,13,16,14],"texture":"#anvil"},"east":{"uv":[15,13,16,14],"texture":"#anvil"},"south":{"uv":[15,13,16,14],"texture":"#anvil"},"west":{"uv":[15,13,16,14],"texture":"#anvil"},"up":{"uv":[15,13,16,14],"texture":"#anvil"},"down":{"uv":[15,13,16,14],"texture":"#anvil"}}},{"from":[0,3,-7.5],"to":[1.5,3.5,-5],"faces":{"north":{"uv":[15,13,16,14],"texture":"#anvil"},"east":{"uv":[15,13,16,14],"texture":"#anvil"},"south":{"uv":[15,13,16,14],"texture":"#anvil"},"west":{"uv":[15,13,16,14],"texture":"#anvil"},"up":{"uv":[15,13,16,14],"texture":"#anvil"},"down":{"uv":[15,13,16,14],"texture":"#anvil"}}},{"from":[0,0,-7.5],"to":[1.5,0.5,-5],"faces":{"north":{"uv":[15,13,16,14],"texture":"#anvil"},"east":{"uv":[15,13,16,14],"texture":"#anvil"},"south":{"uv":[15,13,16,14],"texture":"#anvil"},"west":{"uv":[15,13,16,14],"texture":"#anvil"},"up":{"uv":[15,13,16,14],"texture":"#anvil"},"down":{"uv":[15,13,16,14],"texture":"#anvil"}}},{"from":[14.5,0.5,-5],"to":[16,3,-4.5],"faces":{"north":{"uv":[15,13,16,14],"texture":"#anvil"},"east":{"uv":[15,13,16,14],"texture":"#anvil"},"south":{"uv":[15,13,16,14],"texture":"#anvil"},"west":{"uv":[15,13,16,14],"texture":"#anvil"},"up":{"uv":[15,13,16,14],"texture":"#anvil"},"down":{"uv":[15,13,16,14],"texture":"#anvil"}}},{"from":[0,0.5,-8],"to":[1.5,3,-7.5],"faces":{"north":{"uv":[15,13,16,14],"texture":"#anvil"},"east":{"uv":[15,13,16,14],"texture":"#anvil"},"south":{"uv":[15,13,16,14],"texture":"#anvil"},"west":{"uv":[15,13,16,14],"texture":"#anvil"},"up":{"uv":[15,13,16,14],"texture":"#anvil"},"down":{"uv":[15,13,16,14],"texture":"#anvil"}}},{"from":[0,0.5,-9.5],"to":[1.5,3,-9],"faces":{"north":{"uv":[15,13,16,14],"texture":"#anvil"},"east":{"uv":[15,13,16,14],"texture":"#anvil"},"south":{"uv":[15,13,16,14],"texture":"#anvil"},"west":{"uv":[15,13,16,14],"texture":"#anvil"},"up":{"uv":[15,13,16,14],"texture":"#anvil"},"down":{"uv":[15,13,16,14],"texture":"#anvil"}}},{"from":[0,0.5,-12.5],"to":[1.5,3,-12],"faces":{"north":{"uv":[15,13,16,14],"texture":"#anvil"},"east":{"uv":[15,13,16,14],"texture":"#anvil"},"south":{"uv":[15,13,16,14],"texture":"#anvil"},"west":{"uv":[15,13,16,14],"texture":"#anvil"},"up":{"uv":[15,13,16,14],"texture":"#anvil"},"down":{"uv":[15,13,16,14],"texture":"#anvil"}}},{"from":[0,0.5,-12],"to":[1.5,3,-9.5],"faces":{"north":{"uv":[4,4,12,12],"texture":"#wielen inner"},"east":{"uv":[4,4,12,12],"texture":"#wielen inner"},"south":{"uv":[4,4,12,12],"texture":"#wielen inner"},"west":{"uv":[4,4,12,12],"texture":"#wielen inner"},"up":{"uv":[4,4,12,12],"texture":"#wielen inner"},"down":{"uv":[4,4,12,12],"texture":"#wielen inner"}}},{"from":[0,0.5,-7.5],"to":[1.5,3,-5],"faces":{"north":{"uv":[4,4,12,12],"texture":"#wielen inner"},"east":{"uv":[4,4,12,12],"texture":"#wielen inner"},"south":{"uv":[4,4,12,12],"texture":"#wielen inner"},"west":{"uv":[4,4,12,12],"texture":"#wielen inner"},"up":{"uv":[4,4,12,12],"texture":"#wielen inner"},"down":{"uv":[4,4,12,12],"texture":"#wielen inner"}}},{"from":[3,3.45,-13],"to":[13,5,-3],"faces":{"north":{"uv":[2,11.5,14,12.5],"texture":"#stone_slab_top"},"east":{"uv":[0,11.5,12,12.5],"texture":"#stone_slab_top"},"south":{"uv":[2,11.5,14,12.5],"texture":"#stone_slab_top"},"west":{"uv":[0,11.5,12,12.5],"texture":"#stone_slab_top"},"up":{"uv":[2,0,14,12],"texture":"#stone_slab_top"},"down":{"uv":[2,0,14,12],"texture":"#stone_slab_top"}}},{"from":[18.5,6,14.5],"to":[19,17,29],"faces":{"north":{"uv":[0,0.5,0.5,10.5],"texture":"#spruce_planks"},"east":{"uv":[7.5,0.5,14.5,10.5],"texture":"#spruce_planks"},"south":{"uv":[0,0.5,0.5,10.5],"texture":"#spruce_planks"},"west":{"uv":[7.5,0.5,14.5,10.5],"texture":"#spruce_planks"},"up":{"uv":[0,7.5,0.5,14.5],"texture":"#spruce_planks"},"down":{"uv":[0,7.5,0.5,14.5],"texture":"#spruce_planks"}}},{"from":[-3.5,4.5,15],"to":[-2,6,28.5],"faces":{"north":{"uv":[0,10,1.5,11.5],"texture":"#red_terracotta"},"east":{"uv":[0,10,16,11.5],"texture":"#red_terracotta"},"south":{"uv":[0,10,1.5,11.5],"texture":"#red_terracotta"},"west":{"uv":[0,10,16,11.5],"texture":"#red_terracotta"},"up":{"uv":[0,0,1.5,16],"texture":"#red_terracotta"},"down":{"uv":[0,0,1.5,16],"texture":"#red_terracotta"}}},{"from":[-2,16.5,13.5],"to":[18,17.5,15],"faces":{"north":{"uv":[0,0,16,1],"texture":"#red_terracotta"},"east":{"uv":[0.5,0,2,1],"texture":"#red_terracotta"},"south":{"uv":[0,0,16,1],"texture":"#red_terracotta"},"west":{"uv":[0.5,0,2,1],"texture":"#red_terracotta"},"up":{"uv":[0,0.5,16,2],"texture":"#red_terracotta"},"down":{"uv":[0,0.5,16,2],"texture":"#red_terracotta"}}},{"from":[18,16.5,15],"to":[19.5,17.5,28.5],"faces":{"north":{"uv":[0,0,1.5,1],"texture":"#red_terracotta"},"east":{"uv":[0,0,5,1],"texture":"#red_terracotta"},"south":{"uv":[0,0,1.5,1],"texture":"#red_terracotta"},"west":{"uv":[0,0,5,1],"texture":"#red_terracotta"},"up":{"uv":[0,0,1.5,5],"texture":"#red_terracotta"},"down":{"uv":[0,0,1.5,5],"texture":"#red_terracotta"}}},{"from":[18,4.5,28.5],"to":[19.5,17.5,30],"faces":{"north":{"uv":[0,0,1.5,13.5],"texture":"#red_terracotta"},"east":{"uv":[0.5,0,2,13.5],"texture":"#red_terracotta"},"south":{"uv":[0,0,1.5,13.5],"texture":"#red_terracotta"},"west":{"uv":[0.5,0,2,13.5],"texture":"#red_terracotta"},"up":{"uv":[0,0.5,1.5,2],"texture":"#red_terracotta"},"down":{"uv":[0,0.5,1.5,2],"texture":"#red_terracotta"}}},{"from":[-2,4.5,28.5],"to":[18,6,30],"faces":{"north":{"uv":[0,0,16,1.5],"texture":"#red_terracotta"},"east":{"uv":[0.5,0,2,1.5],"texture":"#red_terracotta"},"south":{"uv":[0,0,16,1.5],"texture":"#red_terracotta"},"west":{"uv":[0.5,0,2,1.5],"texture":"#red_terracotta"},"up":{"uv":[0,0.5,16,2],"texture":"#red_terracotta"},"down":{"uv":[0,0.5,16,2],"texture":"#red_terracotta"}}},{"from":[-5.5,4,14.5],"to":[-4,4.5,29],"faces":{"north":{"uv":[2,1,3,2],"texture":"#stone_slab_top"},"east":{"uv":[2,1,3,2],"texture":"#stone_slab_top"},"south":{"uv":[2,1,3,2],"texture":"#stone_slab_top"},"west":{"uv":[2,1,3,2],"texture":"#stone_slab_top"},"up":{"uv":[2,1,3,2],"texture":"#stone_slab_top"},"down":{"uv":[2,1,3,2],"texture":"#stone_slab_top"}}},{"from":[19.0626,4.5625,15.5],"to":[20.5626,5.0625,16.5],"rotation":{"angle":-22.5,"axis":"z","origin":[19.0625,5.0625,15.5]},"faces":{"north":{"uv":[2,1,3,2],"texture":"#stone_slab_top"},"east":{"uv":[2,1,3,2],"texture":"#stone_slab_top"},"south":{"uv":[2,1,3,2],"texture":"#stone_slab_top"},"west":{"uv":[2,1,3,2],"texture":"#stone_slab_top"},"up":{"uv":[2,1,3,2],"texture":"#stone_slab_top"},"down":{"uv":[2,1,3,2],"texture":"#stone_slab_top"}}},{"from":[-4.1876,3.9885,27],"to":[-2.6876,4.4885,28],"rotation":{"angle":22.5,"axis":"z","origin":[-4.1875,4.48848,27]},"faces":{"north":{"uv":[2,1,3,2],"texture":"#stone_slab_top"},"east":{"uv":[2,1,3,2],"texture":"#stone_slab_top"},"south":{"uv":[2,1,3,2],"texture":"#stone_slab_top"},"west":{"uv":[2,1,3,2],"texture":"#stone_slab_top"},"up":{"uv":[2,1,3,2],"texture":"#stone_slab_top"},"down":{"uv":[2,1,3,2],"texture":"#stone_slab_top"}}},{"from":[-4.1876,4.051,15.5],"to":[-2.6876,4.551,16.5],"rotation":{"angle":22.5,"axis":"z","origin":[-4.1875,4.55098,15.5]},"faces":{"north":{"uv":[2,1,3,2],"texture":"#stone_slab_top"},"east":{"uv":[2,1,3,2],"texture":"#stone_slab_top"},"south":{"uv":[2,1,3,2],"texture":"#stone_slab_top"},"west":{"uv":[2,1,3,2],"texture":"#stone_slab_top"},"up":{"uv":[2,1,3,2],"texture":"#stone_slab_top"},"down":{"uv":[2,1,3,2],"texture":"#stone_slab_top"}}},{"from":[20,4,14.5],"to":[21.5,4.5,29],"faces":{"north":{"uv":[2,1,3,2],"texture":"#stone_slab_top"},"east":{"uv":[2,1,3,2],"texture":"#stone_slab_top"},"south":{"uv":[2,1,3,2],"texture":"#stone_slab_top"},"west":{"uv":[2,1,3,2],"texture":"#stone_slab_top"},"up":{"uv":[2,1,3,2],"texture":"#stone_slab_top"},"down":{"uv":[2,1,3,2],"texture":"#stone_slab_top"}}},{"from":[19.0001,4.5,27],"to":[20.5001,5,28],"rotation":{"angle":-22.5,"axis":"z","origin":[19,5,27]},"faces":{"north":{"uv":[2,1,3,2],"texture":"#stone_slab_top"},"east":{"uv":[2,1,3,2],"texture":"#stone_slab_top"},"south":{"uv":[2,1,3,2],"texture":"#stone_slab_top"},"west":{"uv":[2,1,3,2],"texture":"#stone_slab_top"},"up":{"uv":[2,1,3,2],"texture":"#stone_slab_top"},"down":{"uv":[2,1,3,2],"texture":"#stone_slab_top"}}},{"from":[18,4.5,13.5],"to":[19.5,17.5,15],"faces":{"north":{"uv":[0,0,1.5,13.5],"texture":"#red_terracotta"},"east":{"uv":[0.5,0,2,13.5],"texture":"#red_terracotta"},"south":{"uv":[0,0,1.5,13.5],"texture":"#red_terracotta"},"west":{"uv":[0.5,0,2,13.5],"texture":"#red_terracotta"},"up":{"uv":[0,0.5,1.5,2],"texture":"#red_terracotta"},"down":{"uv":[0,0.5,1.5,2],"texture":"#red_terracotta"}}},{"from":[18,17.5,28.5],"to":[19.5,29,30],"faces":{"north":{"uv":[0,0,1.5,13.5],"texture":"#red_terracotta"},"east":{"uv":[0.5,0,2,13.5],"texture":"#red_terracotta"},"south":{"uv":[0,0,1.5,13.5],"texture":"#red_terracotta"},"west":{"uv":[0.5,0,2,13.5],"texture":"#red_terracotta"},"up":{"uv":[0,0.5,1.5,2],"texture":"#red_terracotta"},"down":{"uv":[0,0.5,1.5,2],"texture":"#red_terracotta"}}},{"from":[18,17.5,13.5],"to":[19.5,29,15],"faces":{"north":{"uv":[0,0,1.5,13.5],"texture":"#red_terracotta"},"east":{"uv":[0.5,0,2,13.5],"texture":"#red_terracotta"},"south":{"uv":[0,0,1.5,13.5],"texture":"#red_terracotta"},"west":{"uv":[0.5,0,2,13.5],"texture":"#red_terracotta"},"up":{"uv":[0,0.5,1.5,2],"texture":"#red_terracotta"},"down":{"uv":[0,0.5,1.5,2],"texture":"#red_terracotta"}}},{"from":[18,17.5,21],"to":[19.5,29,22.5],"faces":{"north":{"uv":[0,0,1.5,13.5],"texture":"#red_terracotta"},"east":{"uv":[0.5,0,2,13.5],"texture":"#red_terracotta"},"south":{"uv":[0,0,1.5,13.5],"texture":"#red_terracotta"},"west":{"uv":[0.5,0,2,13.5],"texture":"#red_terracotta"},"up":{"uv":[0,0.5,1.5,2],"texture":"#red_terracotta"},"down":{"uv":[0,0.5,1.5,2],"texture":"#red_terracotta"}}},{"from":[-3.5,4.5,13.5],"to":[-2,17.5,15],"faces":{"north":{"uv":[0,0,1.5,13.5],"texture":"#red_terracotta"},"east":{"uv":[0.5,0,2,13.5],"texture":"#red_terracotta"},"south":{"uv":[0,0,1.5,13.5],"texture":"#red_terracotta"},"west":{"uv":[0.5,0,2,13.5],"texture":"#red_terracotta"},"up":{"uv":[0,0.5,1.5,2],"texture":"#red_terracotta"},"down":{"uv":[0,0.5,1.5,2],"texture":"#red_terracotta"}}},{"from":[-3.5,17.5,13.5],"to":[-2,29,15],"faces":{"north":{"uv":[0,0,1.5,13.5],"texture":"#red_terracotta"},"east":{"uv":[0.5,0,2,13.5],"texture":"#red_terracotta"},"south":{"uv":[0,0,1.5,13.5],"texture":"#red_terracotta"},"west":{"uv":[0.5,0,2,13.5],"texture":"#red_terracotta"},"up":{"uv":[0,0.5,1.5,2],"texture":"#red_terracotta"},"down":{"uv":[0,0.5,1.5,2],"texture":"#red_terracotta"}}},{"from":[3.5,18.5,13.5],"to":[5,31,15],"faces":{"north":{"uv":[0,0,1.5,13.5],"texture":"#red_terracotta"},"east":{"uv":[0.5,0,2,13.5],"texture":"#red_terracotta"},"south":{"uv":[0,0,1.5,13.5],"texture":"#red_terracotta"},"west":{"uv":[0.5,0,2,13.5],"texture":"#red_terracotta"},"up":{"uv":[0,0.5,1.5,2],"texture":"#red_terracotta"},"down":{"uv":[0,0.5,1.5,2],"texture":"#red_terracotta"}}},{"from":[11,18.5,13.5],"to":[12.5,31,15],"faces":{"north":{"uv":[0,0,1.5,13.5],"texture":"#red_terracotta"},"east":{"uv":[0.5,0,2,13.5],"texture":"#red_terracotta"},"south":{"uv":[0,0,1.5,13.5],"texture":"#red_terracotta"},"west":{"uv":[0.5,0,2,13.5],"texture":"#red_terracotta"},"up":{"uv":[0,0.5,1.5,2],"texture":"#red_terracotta"},"down":{"uv":[0,0.5,1.5,2],"texture":"#red_terracotta"}}},{"from":[0.5,5.5,-8],"to":[15.5,19.5,16],"faces":{"north":{"uv":[0.5,0,15.5,14],"texture":"#hopper_outside"},"east":{"uv":[0,0,16,14],"texture":"#hopper_outside"},"south":{"uv":[0.5,0,15.5,14],"texture":"#hopper_outside"},"west":{"uv":[0,0,16,14],"texture":"#hopper_outside"},"up":{"uv":[0.5,0,15.5,16],"texture":"#hopper_outside"},"down":{"uv":[0.5,0,15.5,16],"texture":"#hopper_outside"}}},{"from":[-1,5,-13.5],"to":[1.5,7.5,-13],"faces":{"north":{"uv":[5,5,11,11],"texture":"#wielen inner"},"east":{"uv":[0,0,7.5,11.5],"texture":"#wielen"},"south":{"uv":[5,5,11,11],"texture":"#wielen inner"},"west":{"uv":[0,0,7.5,11.5],"texture":"#wielen"},"up":{"uv":[3,0,13,7.5],"texture":"#wielen"},"down":{"uv":[3,0,13,7.5],"texture":"#wielen"}}},{"from":[18,4.5,15],"to":[19.5,6,28.5],"faces":{"north":{"uv":[0,10,1.5,11.5],"texture":"#red_terracotta"},"east":{"uv":[0,10,16,11.5],"texture":"#red_terracotta"},"south":{"uv":[0,10,1.5,11.5],"texture":"#red_terracotta"},"west":{"uv":[0,10,16,11.5],"texture":"#red_terracotta"},"up":{"uv":[0,0,1.5,16],"texture":"#red_terracotta"},"down":{"uv":[0,0,1.5,16],"texture":"#red_terracotta"}}},{"from":[18,4.5,13.5],"to":[19.5,17.5,15],"faces":{"north":{"uv":[0,0,1.5,13.5],"texture":"#red_terracotta"},"east":{"uv":[0.5,0,2,13.5],"texture":"#red_terracotta"},"south":{"uv":[0,0,1.5,13.5],"texture":"#red_terracotta"},"west":{"uv":[0.5,0,2,13.5],"texture":"#red_terracotta"},"up":{"uv":[0,0.5,1.5,2],"texture":"#red_terracotta"},"down":{"uv":[0,0.5,1.5,2],"texture":"#red_terracotta"}}},{"from":[-3.5,4.5,28.5],"to":[-2,17.5,30],"faces":{"north":{"uv":[0,0,1.5,13.5],"texture":"#red_terracotta"},"east":{"uv":[0.5,0,2,13.5],"texture":"#red_terracotta"},"south":{"uv":[0,0,1.5,13.5],"texture":"#red_terracotta"},"west":{"uv":[0.5,0,2,13.5],"texture":"#red_terracotta"},"up":{"uv":[0,0.5,1.5,2],"texture":"#red_terracotta"},"down":{"uv":[0,0.5,1.5,2],"texture":"#red_terracotta"}}},{"from":[-3.5,16.5,15],"to":[-2,17.5,28.5],"faces":{"north":{"uv":[0,0,1.5,1],"texture":"#red_terracotta"},"east":{"uv":[0,0,5,1],"texture":"#red_terracotta"},"south":{"uv":[0,0,1.5,1],"texture":"#red_terracotta"},"west":{"uv":[0,0,5,1],"texture":"#red_terracotta"},"up":{"uv":[0,0,1.5,5],"texture":"#red_terracotta"},"down":{"uv":[0,0,1.5,5],"texture":"#red_terracotta"}}},{"from":[-2,5.5,14],"to":[18,17,14.5],"faces":{"north":{"uv":[0,0,16,11.5],"texture":"#spruce_planks"},"east":{"uv":[14,0,14.5,11.5],"texture":"#spruce_planks"},"south":{"uv":[0,0,16,11.5],"texture":"#spruce_planks"},"west":{"uv":[14,0,14.5,11.5],"texture":"#spruce_planks"},"up":{"uv":[0,14,16,14.5],"texture":"#spruce_planks"},"down":{"uv":[0,14,16,14.5],"texture":"#spruce_planks"}}},{"from":[-3,5.5,14.5],"to":[-2.5,17,29],"faces":{"north":{"uv":[0,0.5,0.5,10.5],"texture":"#spruce_planks"},"east":{"uv":[7.5,0.5,14.5,10.5],"texture":"#spruce_planks"},"south":{"uv":[0,0.5,0.5,10.5],"texture":"#spruce_planks"},"west":{"uv":[7.5,0.5,14.5,10.5],"texture":"#spruce_planks"},"up":{"uv":[0,7.5,0.5,14.5],"texture":"#spruce_planks"},"down":{"uv":[0,7.5,0.5,14.5],"texture":"#spruce_planks"}}},{"from":[-3.5,17.5,21],"to":[-2,29,22.5],"faces":{"north":{"uv":[0,0,1.5,13.5],"texture":"#red_terracotta"},"east":{"uv":[0.5,0,2,13.5],"texture":"#red_terracotta"},"south":{"uv":[0,0,1.5,13.5],"texture":"#red_terracotta"},"west":{"uv":[0.5,0,2,13.5],"texture":"#red_terracotta"},"up":{"uv":[0,0.5,1.5,2],"texture":"#red_terracotta"},"down":{"uv":[0,0.5,1.5,2],"texture":"#red_terracotta"}}},{"from":[-3.5,17.5,28.5],"to":[-2,29,30],"faces":{"north":{"uv":[0,0,1.5,13.5],"texture":"#red_terracotta"},"east":{"uv":[0.5,0,2,13.5],"texture":"#red_terracotta"},"south":{"uv":[0,0,1.5,13.5],"texture":"#red_terracotta"},"west":{"uv":[0.5,0,2,13.5],"texture":"#red_terracotta"},"up":{"uv":[0,0.5,1.5,2],"texture":"#red_terracotta"},"down":{"uv":[0,0.5,1.5,2],"texture":"#red_terracotta"}}},{"from":[-3.5,28,15],"to":[-2,29,28.5],"faces":{"north":{"uv":[0,0,1.5,1],"texture":"#red_terracotta"},"east":{"uv":[0,0,5,1],"texture":"#red_terracotta"},"south":{"uv":[0,0,1.5,1],"texture":"#red_terracotta"},"west":{"uv":[0,0,5,1],"texture":"#red_terracotta"},"up":{"uv":[0,0,1.5,5],"texture":"#red_terracotta"},"down":{"uv":[0,0,1.5,5],"texture":"#red_terracotta"}}},{"from":[18,27.5,15],"to":[19.5,28.5,28.5],"faces":{"north":{"uv":[0,0,1.5,1],"texture":"#red_terracotta"},"east":{"uv":[0,0,5,1],"texture":"#red_terracotta"},"south":{"uv":[0,0,1.5,1],"texture":"#red_terracotta"},"west":{"uv":[0,0,5,1],"texture":"#red_terracotta"},"up":{"uv":[0,0,1.5,5],"texture":"#red_terracotta"},"down":{"uv":[0,0,1.5,5],"texture":"#red_terracotta"}}},{"from":[14.0002,30,12.5],"to":[21.5002,31.5,31.5],"rotation":{"angle":-22.5,"axis":"z","origin":[14,31.5,12.5]},"faces":{"north":{"uv":[0,0,7.5,1.5],"texture":"#cauldron_inner"},"east":{"uv":[0,0,16,1.5],"texture":"#cauldron_inner"},"south":{"uv":[0,0,7.5,1.5],"texture":"#cauldron_inner"},"west":{"uv":[0,0,16,1.5],"texture":"#cauldron_inner"},"up":{"uv":[0,0,3.5,6],"texture":"#cauldron_inner"},"down":{"uv":[0,0,3.5,6],"texture":"#cauldron_inner"}}},{"from":[2,30,12.5],"to":[14,31.5,31.5],"faces":{"north":{"uv":[0,0,12,1.5],"texture":"#cauldron_inner"},"east":{"uv":[0,0,16,1.5],"texture":"#cauldron_inner"},"south":{"uv":[0,0,12,1.5],"texture":"#cauldron_inner"},"west":{"uv":[0,0,16,1.5],"texture":"#cauldron_inner"},"up":{"uv":[2,0,13,16],"texture":"#cauldron_inner"},"down":{"uv":[2,0,13,16],"texture":"#cauldron_inner"}}},{"from":[-4.9377,27.125,12.5],"to":[2.5623,28.625,31.5],"rotation":{"angle":22.5,"axis":"z","origin":[-4.9375,28.625,12.5]},"faces":{"north":{"uv":[0,0,7.5,1.5],"texture":"#cauldron_inner"},"east":{"uv":[0,0,16,1.5],"texture":"#cauldron_inner"},"south":{"uv":[0,0,7.5,1.5],"texture":"#cauldron_inner"},"west":{"uv":[0,0,16,1.5],"texture":"#cauldron_inner"},"up":{"uv":[0,0,3.5,6],"texture":"#cauldron_inner"},"down":{"uv":[0,0,3.5,6],"texture":"#cauldron_inner"}}},{"from":[-3.5,26.5,15],"to":[-2,28,28.5],"faces":{"north":{"uv":[0,0,1.5,1],"texture":"#red_terracotta"},"east":{"uv":[0,0,5,1],"texture":"#red_terracotta"},"south":{"uv":[0,0,1.5,1],"texture":"#red_terracotta"},"west":{"uv":[0,0,5,1],"texture":"#red_terracotta"},"up":{"uv":[0,0,1.5,5],"texture":"#red_terracotta"},"down":{"uv":[0,0,1.5,5],"texture":"#red_terracotta"}}},{"from":[18,26.5,15],"to":[19.5,28,28.5],"faces":{"north":{"uv":[0,0,1.5,1],"texture":"#red_terracotta"},"east":{"uv":[0,0,5,1],"texture":"#red_terracotta"},"south":{"uv":[0,0,1.5,1],"texture":"#red_terracotta"},"west":{"uv":[0,0,5,1],"texture":"#red_terracotta"},"up":{"uv":[0,0,1.5,5],"texture":"#red_terracotta"},"down":{"uv":[0,0,1.5,5],"texture":"#red_terracotta"}}},{"from":[-2,27,13.5],"to":[18,29,15],"faces":{"north":{"uv":[0,0,16,2],"texture":"#red_terracotta"},"east":{"uv":[13.5,0,15,2],"texture":"#red_terracotta"},"south":{"uv":[0,0,16,1.5],"texture":"#red_terracotta"},"west":{"uv":[13.5,0,15,2],"texture":"#red_terracotta"},"up":{"uv":[0,13.5,16,15],"texture":"#red_terracotta"},"down":{"uv":[0,13.5,16,15],"texture":"#red_terracotta"}}},{"from":[-0.5,29,13.5],"to":[16,30,15],"faces":{"north":{"uv":[0,0,16,1],"texture":"#red_terracotta"},"east":{"uv":[0.5,0,2,1],"texture":"#red_terracotta"},"south":{"uv":[0,0,16,1],"texture":"#red_terracotta"},"west":{"uv":[0.5,0,2,1],"texture":"#red_terracotta"},"up":{"uv":[0,0.5,16,2],"texture":"#red_terracotta"},"down":{"uv":[0,0.5,16,2],"texture":"#red_terracotta"}}},{"from":[11.8123,25.1875,13.5],"to":[13.8123,26.1875,15],"rotation":{"angle":45,"axis":"z","origin":[11.8125,26.1875,13.5]},"faces":{"north":{"uv":[13,0,15,1],"texture":"#red_terracotta"},"east":{"uv":[13.5,0,15,1],"texture":"#red_terracotta"},"south":{"uv":[13,0,15,1],"texture":"#red_terracotta"},"west":{"uv":[13.5,0,15,1],"texture":"#red_terracotta"},"up":{"uv":[13,13.5,15,15],"texture":"#red_terracotta"},"down":{"uv":[13,13.5,15,15],"texture":"#red_terracotta"}}},{"from":[4.3123,25.1875,13.5],"to":[6.3123,26.1875,15],"rotation":{"angle":45,"axis":"z","origin":[4.3125,26.1875,13.5]},"faces":{"north":{"uv":[13,0,15,1],"texture":"#red_terracotta"},"east":{"uv":[13.5,0,15,1],"texture":"#red_terracotta"},"south":{"uv":[13,0,15,1],"texture":"#red_terracotta"},"west":{"uv":[13.5,0,15,1],"texture":"#red_terracotta"},"up":{"uv":[13,13.5,15,15],"texture":"#red_terracotta"},"down":{"uv":[13,13.5,15,15],"texture":"#red_terracotta"}}},{"from":[-2.6877,25.1875,13.5],"to":[-0.6877,26.1875,15],"rotation":{"angle":45,"axis":"z","origin":[-2.6875,26.1875,13.5]},"faces":{"north":{"uv":[13,0,15,1],"texture":"#red_terracotta"},"east":{"uv":[13.5,0,15,1],"texture":"#red_terracotta"},"south":{"uv":[13,0,15,1],"texture":"#red_terracotta"},"west":{"uv":[13.5,0,15,1],"texture":"#red_terracotta"},"up":{"uv":[13,13.5,15,15],"texture":"#red_terracotta"},"down":{"uv":[13,13.5,15,15],"texture":"#red_terracotta"}}},{"from":[2.8127,26.625,13.5],"to":[4.8127,27.625,15],"rotation":{"angle":-45,"axis":"z","origin":[2.8125,27.625,13.5]},"faces":{"north":{"uv":[13,0,15,1],"texture":"#red_terracotta"},"east":{"uv":[13.5,0,15,1],"texture":"#red_terracotta"},"south":{"uv":[13,0,15,1],"texture":"#red_terracotta"},"west":{"uv":[13.5,0,15,1],"texture":"#red_terracotta"},"up":{"uv":[13,13.5,15,15],"texture":"#red_terracotta"},"down":{"uv":[13,13.5,15,15],"texture":"#red_terracotta"}}},{"from":[10.3127,26.625,13.5],"to":[12.3127,27.625,15],"rotation":{"angle":-45,"axis":"z","origin":[10.3125,27.625,13.5]},"faces":{"north":{"uv":[13,0,15,1],"texture":"#red_terracotta"},"east":{"uv":[13.5,0,15,1],"texture":"#red_terracotta"},"south":{"uv":[13,0,15,1],"texture":"#red_terracotta"},"west":{"uv":[13.5,0,15,1],"texture":"#red_terracotta"},"up":{"uv":[13,13.5,15,15],"texture":"#red_terracotta"},"down":{"uv":[13,13.5,15,15],"texture":"#red_terracotta"}}},{"from":[17.3127,26.625,13.5],"to":[19.3127,27.625,15],"rotation":{"angle":-45,"axis":"z","origin":[17.3125,27.625,13.5]},"faces":{"north":{"uv":[13,0,15,1],"texture":"#red_terracotta"},"east":{"uv":[13.5,0,15,1],"texture":"#red_terracotta"},"south":{"uv":[13,0,15,1],"texture":"#red_terracotta"},"west":{"uv":[13.5,0,15,1],"texture":"#red_terracotta"},"up":{"uv":[13,13.5,15,15],"texture":"#red_terracotta"},"down":{"uv":[13,13.5,15,15],"texture":"#red_terracotta"}}},{"from":[18,24.6875,14.3123],"to":[19.5,25.6875,16.3123],"rotation":{"angle":-45,"axis":"x","origin":[18,25.6875,14.3125]},"faces":{"north":{"uv":[13,0,15,1],"texture":"#red_terracotta"},"east":{"uv":[13.5,0,15,1],"texture":"#red_terracotta"},"south":{"uv":[13,0,15,1],"texture":"#red_terracotta"},"west":{"uv":[13.5,0,15,1],"texture":"#red_terracotta"},"up":{"uv":[13,13.5,15,15],"texture":"#red_terracotta"},"down":{"uv":[13,13.5,15,15],"texture":"#red_terracotta"}}},{"from":[18,24.6875,21.8123],"to":[19.5,25.6875,23.8123],"rotation":{"angle":-45,"axis":"x","origin":[18,25.6875,21.8125]},"faces":{"north":{"uv":[13,0,15,1],"texture":"#red_terracotta"},"east":{"uv":[13.5,0,15,1],"texture":"#red_terracotta"},"south":{"uv":[13,0,15,1],"texture":"#red_terracotta"},"west":{"uv":[13.5,0,15,1],"texture":"#red_terracotta"},"up":{"uv":[13,13.5,15,15],"texture":"#red_terracotta"},"down":{"uv":[13,13.5,15,15],"texture":"#red_terracotta"}}},{"from":[18,26.125,27.8127],"to":[19.5,27.125,29.8127],"rotation":{"angle":45,"axis":"x","origin":[18,27.125,27.8125]},"faces":{"north":{"uv":[13,0,15,1],"texture":"#red_terracotta"},"east":{"uv":[13.5,0,15,1],"texture":"#red_terracotta"},"south":{"uv":[13,0,15,1],"texture":"#red_terracotta"},"west":{"uv":[13.5,0,15,1],"texture":"#red_terracotta"},"up":{"uv":[13,13.5,15,15],"texture":"#red_terracotta"},"down":{"uv":[13,13.5,15,15],"texture":"#red_terracotta"}}},{"from":[18,26.125,20.3127],"to":[19.5,27.125,22.3127],"rotation":{"angle":45,"axis":"x","origin":[18,27.125,20.3125]},"faces":{"north":{"uv":[13,0,15,1],"texture":"#red_terracotta"},"east":{"uv":[13.5,0,15,1],"texture":"#red_terracotta"},"south":{"uv":[13,0,15,1],"texture":"#red_terracotta"},"west":{"uv":[13.5,0,15,1],"texture":"#red_terracotta"},"up":{"uv":[13,13.5,15,15],"texture":"#red_terracotta"},"down":{"uv":[13,13.5,15,15],"texture":"#red_terracotta"}}},{"from":[-3.5,26.125,20.3127],"to":[-2,27.125,22.3127],"rotation":{"angle":45,"axis":"x","origin":[-3.5,27.125,20.3125]},"faces":{"north":{"uv":[13,0,15,1],"texture":"#red_terracotta"},"east":{"uv":[13.5,0,15,1],"texture":"#red_terracotta"},"south":{"uv":[13,0,15,1],"texture":"#red_terracotta"},"west":{"uv":[13.5,0,15,1],"texture":"#red_terracotta"},"up":{"uv":[13,13.5,15,15],"texture":"#red_terracotta"},"down":{"uv":[13,13.5,15,15],"texture":"#red_terracotta"}}},{"from":[-3.5,24.6875,14.3123],"to":[-2,25.6875,16.3123],"rotation":{"angle":-45,"axis":"x","origin":[-3.5,25.6875,14.3125]},"faces":{"north":{"uv":[13,0,15,1],"texture":"#red_terracotta"},"east":{"uv":[13.5,0,15,1],"texture":"#red_terracotta"},"south":{"uv":[13,0,15,1],"texture":"#red_terracotta"},"west":{"uv":[13.5,0,15,1],"texture":"#red_terracotta"},"up":{"uv":[13,13.5,15,15],"texture":"#red_terracotta"},"down":{"uv":[13,13.5,15,15],"texture":"#red_terracotta"}}},{"from":[-3.5,24.6875,21.8123],"to":[-2,25.6875,23.8123],"rotation":{"angle":-45,"axis":"x","origin":[-3.5,25.6875,21.8125]},"faces":{"north":{"uv":[13,0,15,1],"texture":"#red_terracotta"},"east":{"uv":[13.5,0,15,1],"texture":"#red_terracotta"},"south":{"uv":[13,0,15,1],"texture":"#red_terracotta"},"west":{"uv":[13.5,0,15,1],"texture":"#red_terracotta"},"up":{"uv":[13,13.5,15,15],"texture":"#red_terracotta"},"down":{"uv":[13,13.5,15,15],"texture":"#red_terracotta"}}},{"from":[-3.5,26.125,27.8127],"to":[-2,27.125,29.8127],"rotation":{"angle":45,"axis":"x","origin":[-3.5,27.125,27.8125]},"faces":{"north":{"uv":[13,0,15,1],"texture":"#red_terracotta"},"east":{"uv":[13.5,0,15,1],"texture":"#red_terracotta"},"south":{"uv":[13,0,15,1],"texture":"#red_terracotta"},"west":{"uv":[13.5,0,15,1],"texture":"#red_terracotta"},"up":{"uv":[13,13.5,15,15],"texture":"#red_terracotta"},"down":{"uv":[13,13.5,15,15],"texture":"#red_terracotta"}}},{"from":[0.5,5,-8],"to":[15.5,5.5,14.5],"faces":{"north":{"uv":[0,0,16,16],"texture":"#stone_slab_top"},"east":{"uv":[0,0,16,16],"texture":"#stone_slab_top"},"south":{"uv":[0,0,16,16],"texture":"#stone_slab_top"},"west":{"uv":[0,0,16,16],"texture":"#stone_slab_top"},"up":{"uv":[0,0,16,16],"texture":"#stone_slab_top"},"down":{"uv":[0,0,16,16],"texture":"#stone_slab_top"}}},{"from":[-2,4.5,13.5],"to":[18,6,15],"faces":{"north":{"uv":[0,0,16,1.5],"texture":"#red_terracotta"},"east":{"uv":[0.5,0,2,1.5],"texture":"#red_terracotta"},"south":{"uv":[0,0,16,1.5],"texture":"#red_terracotta"},"west":{"uv":[0.5,0,2,1.5],"texture":"#red_terracotta"},"up":{"uv":[0,0.5,16,2],"texture":"#red_terracotta"},"down":{"uv":[0,0.5,16,2],"texture":"#red_terracotta"}}},{"from":[5.5,19.5,1],"to":[10.5,25,6],"faces":{"north":{"uv":[5.5,0,10.5,5.5],"texture":"#wielen"},"east":{"uv":[1,0,6,5.5],"texture":"#wielen"},"south":{"uv":[5.5,0,10.5,5.5],"texture":"#wielen"},"west":{"uv":[1,0,6,5.5],"texture":"#wielen"},"up":{"uv":[5.5,1,10.5,6],"texture":"#wielen"},"down":{"uv":[5.5,1,10.5,6],"texture":"#wielen"}}},{"from":[6,25,1.5],"to":[10,25.5,5.5],"faces":{"north":{"uv":[0,0,1.5,1],"texture":"#red_terracotta"},"east":{"uv":[0,0,5,1],"texture":"#red_terracotta"},"south":{"uv":[0,0,1.5,1],"texture":"#red_terracotta"},"west":{"uv":[0,0,5,1],"texture":"#red_terracotta"},"up":{"uv":[0,0,1.5,5],"texture":"#red_terracotta"},"down":{"uv":[0,0,1.5,5],"texture":"#red_terracotta"}}},{"from":[7.5,25,3],"to":[8.5,26,4],"faces":{"north":{"uv":[2,1,3,2],"texture":"#stone_slab_top"},"east":{"uv":[2,1,3,2],"texture":"#stone_slab_top"},"south":{"uv":[2,1,3,2],"texture":"#stone_slab_top"},"west":{"uv":[2,1,3,2],"texture":"#stone_slab_top"},"up":{"uv":[2,1,3,2],"texture":"#stone_slab_top"},"down":{"uv":[2,1,3,2],"texture":"#stone_slab_top"}}},{"from":[5,19.5,0.5],"to":[11,20.5,6.5],"faces":{"north":{"uv":[0,0,1.5,1],"texture":"#red_terracotta"},"east":{"uv":[0,0,5,1],"texture":"#red_terracotta"},"south":{"uv":[0,0,1.5,1],"texture":"#red_terracotta"},"west":{"uv":[0,0,5,1],"texture":"#red_terracotta"},"up":{"uv":[0,0,1.5,5],"texture":"#red_terracotta"},"down":{"uv":[0,0,1.5,5],"texture":"#red_terracotta"}}},{"from":[6.5,18,-13],"to":[9.5,26,-10],"faces":{"north":{"uv":[6.5,0,9.5,10],"texture":"#wielen"},"east":{"uv":[0,0,3,10],"texture":"#wielen"},"south":{"uv":[6.5,0,9.5,10],"texture":"#wielen"},"west":{"uv":[0,0,3,10],"texture":"#wielen"},"up":{"uv":[6.5,0,9.5,3],"texture":"#wielen"},"down":{"uv":[6.5,0,9.5,3],"texture":"#wielen"}}},{"from":[6,26,-13.5],"to":[10,29,-9.5],"faces":{"north":{"uv":[6,0,10,3],"texture":"#wielen"},"east":{"uv":[0,0,4,3],"texture":"#wielen"},"south":{"uv":[6,0,10,3],"texture":"#wielen"},"west":{"uv":[0,0,4,3],"texture":"#wielen"},"up":{"uv":[6,0,10,4],"texture":"#wielen"},"down":{"uv":[6,0,10,4],"texture":"#wielen"}}},{"from":[7,29,-12.5],"to":[9,30,-10.5],"faces":{"north":{"uv":[7,0,9,1],"texture":"#wielen"},"east":{"uv":[0,0,2,1],"texture":"#wielen"},"south":{"uv":[7,0,9,1],"texture":"#wielen"},"west":{"uv":[0,0,2,1],"texture":"#wielen"},"up":{"uv":[7,0,9,2],"texture":"#wielen"},"down":{"uv":[7,0,9,2],"texture":"#wielen"}}},{"from":[14,4.5,-13],"to":[17.5,8,-8],"faces":{"north":{"uv":[0,0,1.5,1],"texture":"#red_terracotta"},"east":{"uv":[0,0,5,1],"texture":"#red_terracotta"},"south":{"uv":[0,0,1.5,1],"texture":"#red_terracotta"},"west":{"uv":[0,0,5,1],"texture":"#red_terracotta"},"up":{"uv":[0,0,1.5,5],"texture":"#red_terracotta"},"down":{"uv":[0,0,1.5,5],"texture":"#red_terracotta"}}},{"from":[-1.5,4.5,-13],"to":[2,8,-8],"faces":{"north":{"uv":[0,0,1.5,1],"texture":"#red_terracotta"},"east":{"uv":[0,0,5,1],"texture":"#red_terracotta"},"south":{"uv":[0,0,1.5,1],"texture":"#red_terracotta"},"west":{"uv":[0,0,5,1],"texture":"#red_terracotta"},"up":{"uv":[0,0,1.5,5],"texture":"#red_terracotta"},"down":{"uv":[0,0,1.5,5],"texture":"#red_terracotta"}}},{"from":[0,4.975,-8],"to":[1.5,6.5,14],"faces":{"north":{"uv":[0,10,1.5,11.5],"texture":"#red_terracotta"},"east":{"uv":[0,10,16,11.5],"texture":"#red_terracotta"},"south":{"uv":[0,10,1.5,11.5],"texture":"#red_terracotta"},"west":{"uv":[0,10,16,11.5],"texture":"#red_terracotta"},"up":{"uv":[0,0,1.5,16],"texture":"#red_terracotta"},"down":{"uv":[0,0,1.5,16],"texture":"#red_terracotta"}}},{"from":[14.5,4.975,-8],"to":[16,6.5,14],"faces":{"north":{"uv":[0,10,1.5,11.5],"texture":"#red_terracotta"},"east":{"uv":[0,10,16,11.5],"texture":"#red_terracotta"},"south":{"uv":[0,10,1.5,11.5],"texture":"#red_terracotta"},"west":{"uv":[0,10,16,11.5],"texture":"#red_terracotta"},"up":{"uv":[0,0,1.5,16],"texture":"#red_terracotta"},"down":{"uv":[0,0,1.5,16],"texture":"#red_terracotta"}}},{"from":[0.5,5.5,16],"to":[15.5,19.5,17],"faces":{"north":{"uv":[0,0,16,16],"texture":"#furnace_front_on"},"east":{"uv":[0,0,1,14],"texture":"#furnace_front_on"},"south":{"uv":[0,0,16,16],"texture":"#furnace_front_on"},"west":{"uv":[0,0,1,14],"texture":"#furnace_front_on"},"up":{"uv":[0,0,15,1],"texture":"#furnace_front_on"},"down":{"uv":[0,0,1,12],"texture":"#furnace_front_on"}}},{"from":[14.5,5,-13.5],"to":[17,7.5,-13],"faces":{"north":{"uv":[5,5,11,11],"texture":"#wielen inner"},"east":{"uv":[0,0,7.5,11.5],"texture":"#wielen"},"south":{"uv":[5,5,11,11],"texture":"#wielen inner"},"west":{"uv":[0,0,7.5,11.5],"texture":"#wielen"},"up":{"uv":[3,0,13,7.5],"texture":"#wielen"},"down":{"uv":[3,0,13,7.5],"texture":"#wielen"}}},{"from":[2,5.5,-15.5],"to":[14,18,-8],"faces":{"north":{"uv":[0,0,16,16],"texture":"#furnace_top"},"east":{"uv":[8.5,0,16,16],"texture":"#furnace_top"},"south":{"uv":[0,0,16,16],"texture":"#furnace_top"},"west":{"uv":[0,0,7.5,16],"texture":"#furnace_top"},"up":{"uv":[0,0,16,7.5],"texture":"#furnace_top"},"down":{"uv":[0,0,16,7.5],"texture":"#furnace_top"}}},{"from":[2,6,28.5],"to":[3,30,29.5],"faces":{"north":{"uv":[2,1,3,2],"texture":"#stone_slab_top"},"east":{"uv":[2,1,3,2],"texture":"#stone_slab_top"},"south":{"uv":[2,1,3,2],"texture":"#stone_slab_top"},"west":{"uv":[2,1,3,2],"texture":"#stone_slab_top"},"up":{"uv":[2,1,3,2],"texture":"#stone_slab_top"},"down":{"uv":[2,1,3,2],"texture":"#stone_slab_top"}}},{"from":[13,6,28.5],"to":[14,30,29.5],"faces":{"north":{"uv":[2,1,3,2],"texture":"#stone_slab_top"},"east":{"uv":[2,1,3,2],"texture":"#stone_slab_top"},"south":{"uv":[2,1,3,2],"texture":"#stone_slab_top"},"west":{"uv":[2,1,3,2],"texture":"#stone_slab_top"},"up":{"uv":[2,1,3,2],"texture":"#stone_slab_top"},"down":{"uv":[2,1,3,2],"texture":"#stone_slab_top"}}},{"from":[-2.5,15.5,28.5],"to":[2,16.5,29.5],"faces":{"north":{"uv":[2,1,3,2],"texture":"#stone_slab_top"},"east":{"uv":[2,1,3,2],"texture":"#stone_slab_top"},"south":{"uv":[2,1,3,2],"texture":"#stone_slab_top"},"west":{"uv":[2,1,3,2],"texture":"#stone_slab_top"},"up":{"uv":[2,1,3,2],"texture":"#stone_slab_top"},"down":{"uv":[2,1,3,2],"texture":"#stone_slab_top"}}},{"from":[14,15.5,28.5],"to":[18.5,16.5,29.5],"faces":{"north":{"uv":[2,1,3,2],"texture":"#stone_slab_top"},"east":{"uv":[2,1,3,2],"texture":"#stone_slab_top"},"south":{"uv":[2,1,3,2],"texture":"#stone_slab_top"},"west":{"uv":[2,1,3,2],"texture":"#stone_slab_top"},"up":{"uv":[2,1,3,2],"texture":"#stone_slab_top"},"down":{"uv":[2,1,3,2],"texture":"#stone_slab_top"}}},{"from":[15,6,28.5],"to":[15.5,16,29.5],"faces":{"north":{"uv":[2,1,3,2],"texture":"#stone_slab_top"},"east":{"uv":[2,1,3,2],"texture":"#stone_slab_top"},"south":{"uv":[2,1,3,2],"texture":"#stone_slab_top"},"west":{"uv":[2,1,3,2],"texture":"#stone_slab_top"},"up":{"uv":[2,1,3,2],"texture":"#stone_slab_top"},"down":{"uv":[2,1,3,2],"texture":"#stone_slab_top"}}},{"from":[16.5,5.5,28.5],"to":[17,15.5,29.5],"faces":{"north":{"uv":[2,1,3,2],"texture":"#stone_slab_top"},"east":{"uv":[2,1,3,2],"texture":"#stone_slab_top"},"south":{"uv":[2,1,3,2],"texture":"#stone_slab_top"},"west":{"uv":[2,1,3,2],"texture":"#stone_slab_top"},"up":{"uv":[2,1,3,2],"texture":"#stone_slab_top"},"down":{"uv":[2,1,3,2],"texture":"#stone_slab_top"}}},{"from":[0.5,5.5,28.5],"to":[1,15.5,29.5],"faces":{"north":{"uv":[2,1,3,2],"texture":"#stone_slab_top"},"east":{"uv":[2,1,3,2],"texture":"#stone_slab_top"},"south":{"uv":[2,1,3,2],"texture":"#stone_slab_top"},"west":{"uv":[2,1,3,2],"texture":"#stone_slab_top"},"up":{"uv":[2,1,3,2],"texture":"#stone_slab_top"},"down":{"uv":[2,1,3,2],"texture":"#stone_slab_top"}}},{"from":[-1,5.5,28.5],"to":[-0.5,15.5,29.5],"faces":{"north":{"uv":[2,1,3,2],"texture":"#stone_slab_top"},"east":{"uv":[2,1,3,2],"texture":"#stone_slab_top"},"south":{"uv":[2,1,3,2],"texture":"#stone_slab_top"},"west":{"uv":[2,1,3,2],"texture":"#stone_slab_top"},"up":{"uv":[2,1,3,2],"texture":"#stone_slab_top"},"down":{"uv":[2,1,3,2],"texture":"#stone_slab_top"}}},{"from":[16,8.83736,-1.93736],"to":[17.5,9.83736,2.06264],"faces":{"north":{"uv":[0,0,1.5,1],"texture":"#wielen"},"east":{"uv":[0,0,4,1],"texture":"#wielen"},"south":{"uv":[0,0,1.5,1],"texture":"#wielen"},"west":{"uv":[0,0,4,1],"texture":"#wielen"},"up":{"uv":[0,0,1.5,4],"texture":"#wielen"},"down":{"uv":[0,0,1.5,4],"texture":"#wielen"}}},{"from":[16.001,8.8375,2.0627],"to":[17.501,9.8375,6.0627],"rotation":{"angle":45,"axis":"x","origin":[16.001,9.8375,2.0625]},"faces":{"north":{"uv":[0,0,1.5,1],"texture":"#wielen"},"east":{"uv":[0,0,4,1],"texture":"#wielen"},"south":{"uv":[0,0,1.5,1],"texture":"#wielen"},"west":{"uv":[0,0,4,1],"texture":"#wielen"},"up":{"uv":[0,0,1.5,4],"texture":"#wielen"},"down":{"uv":[0,0,1.5,4],"texture":"#wielen"}}},{"from":[16,3.00893,3.89107],"to":[17.5,7.00893,4.89107],"faces":{"north":{"uv":[0,0,1.5,4],"texture":"#wielen"},"east":{"uv":[0,0,1,4],"texture":"#wielen"},"south":{"uv":[0,0,1.5,4],"texture":"#wielen"},"west":{"uv":[0,0,1,4],"texture":"#wielen"},"up":{"uv":[0,0,1.5,1],"texture":"#wielen"},"down":{"uv":[0,0,1.5,1],"texture":"#wielen"}}},{"from":[16,3.00893,-4.76579],"to":[17.5,7.00893,-3.76579],"faces":{"north":{"uv":[0,0,1.5,4],"texture":"#wielen"},"east":{"uv":[0,0,1,4],"texture":"#wielen"},"south":{"uv":[0,0,1.5,4],"texture":"#wielen"},"west":{"uv":[0,0,1,4],"texture":"#wielen"},"up":{"uv":[0,0,1.5,1],"texture":"#wielen"},"down":{"uv":[0,0,1.5,1],"texture":"#wielen"}}},{"from":[16.001,6.00907,-4.76584],"to":[17.501,7.00907,-0.76584],"rotation":{"angle":-45,"axis":"x","origin":[16.001,7.00907,-4.76564]},"faces":{"north":{"uv":[0,0,1.5,1],"texture":"#wielen"},"east":{"uv":[0,0,4,1],"texture":"#wielen"},"south":{"uv":[0,0,1.5,1],"texture":"#wielen"},"west":{"uv":[0,0,4,1],"texture":"#wielen"},"up":{"uv":[0,0,1.5,4],"texture":"#wielen"},"down":{"uv":[0,0,1.5,4],"texture":"#wielen"}}},{"from":[16.001,-0.11225,1.35548],"to":[17.501,0.88775,5.35548],"rotation":{"angle":-45,"axis":"x","origin":[16.001,0.88775,1.35568]},"faces":{"north":{"uv":[0,0,1.5,1],"texture":"#wielen"},"east":{"uv":[0,0,4,1],"texture":"#wielen"},"south":{"uv":[0,0,1.5,1],"texture":"#wielen"},"west":{"uv":[0,0,4,1],"texture":"#wielen"},"up":{"uv":[0,0,1.5,4],"texture":"#wielen"},"down":{"uv":[0,0,1.5,4],"texture":"#wielen"}}},{"from":[16.001,2.71618,-4.05862],"to":[17.501,3.71618,-0.05862],"rotation":{"angle":45,"axis":"x","origin":[16.001,3.71618,-4.05882]},"faces":{"north":{"uv":[0,0,1.5,1],"texture":"#wielen"},"east":{"uv":[0,0,4,1],"texture":"#wielen"},"south":{"uv":[0,0,1.5,1],"texture":"#wielen"},"west":{"uv":[0,0,4,1],"texture":"#wielen"},"up":{"uv":[0,0,1.5,4],"texture":"#wielen"},"down":{"uv":[0,0,1.5,4],"texture":"#wielen"}}},{"from":[16,0.1805,-1.93736],"to":[17.5,1.1805,2.06264],"faces":{"north":{"uv":[0,0,1.5,1],"texture":"#wielen"},"east":{"uv":[0,0,4,1],"texture":"#wielen"},"south":{"uv":[0,0,1.5,1],"texture":"#wielen"},"west":{"uv":[0,0,4,1],"texture":"#wielen"},"up":{"uv":[0,0,1.5,4],"texture":"#wielen"},"down":{"uv":[0,0,1.5,4],"texture":"#wielen"}}},{"from":[16.5,4.5,-4],"to":[17,5.5,4],"faces":{"north":{"uv":[0,0,1.5,1],"texture":"#red_terracotta"},"east":{"uv":[0,0,5,1],"texture":"#red_terracotta"},"south":{"uv":[0,0,1.5,1],"texture":"#red_terracotta"},"west":{"uv":[0,0,5,1],"texture":"#red_terracotta"},"up":{"uv":[0,0,1.5,5],"texture":"#red_terracotta"},"down":{"uv":[0,0,1.5,5],"texture":"#red_terracotta"}}},{"from":[16.5,1,-0.5],"to":[17,9,0.5],"faces":{"north":{"uv":[0,0,1.5,1],"texture":"#red_terracotta"},"east":{"uv":[0,0,5,1],"texture":"#red_terracotta"},"south":{"uv":[0,0,1.5,1],"texture":"#red_terracotta"},"west":{"uv":[0,0,5,1],"texture":"#red_terracotta"},"up":{"uv":[0,0,1.5,5],"texture":"#red_terracotta"},"down":{"uv":[0,0,1.5,5],"texture":"#red_terracotta"}}},{"from":[16.5,0.1875,2.5019],"to":[17,8.1875,3.5019],"rotation":{"angle":45,"axis":"x","origin":[16.5,8.1875,2.5]},"faces":{"north":{"uv":[0,0,1.5,1],"texture":"#red_terracotta"},"east":{"uv":[0,0,5,1],"texture":"#red_terracotta"},"south":{"uv":[0,0,1.5,1],"texture":"#red_terracotta"},"west":{"uv":[0,0,5,1],"texture":"#red_terracotta"},"up":{"uv":[0,0,1.5,5],"texture":"#red_terracotta"},"down":{"uv":[0,0,1.5,5],"texture":"#red_terracotta"}}},{"from":[16.5,-0.5,-3.1894],"to":[17,7.5,-2.1894],"rotation":{"angle":-45,"axis":"x","origin":[16.5,7.5,-3.1875]},"faces":{"north":{"uv":[0,0,1.5,1],"texture":"#red_terracotta"},"east":{"uv":[0,0,5,1],"texture":"#red_terracotta"},"south":{"uv":[0,0,1.5,1],"texture":"#red_terracotta"},"west":{"uv":[0,0,5,1],"texture":"#red_terracotta"},"up":{"uv":[0,0,1.5,5],"texture":"#red_terracotta"},"down":{"uv":[0,0,1.5,5],"texture":"#red_terracotta"}}},{"from":[-1,1,-0.5],"to":[-0.5,9,0.5],"faces":{"north":{"uv":[0,0,1.5,1],"texture":"#red_terracotta"},"east":{"uv":[0,0,5,1],"texture":"#red_terracotta"},"south":{"uv":[0,0,1.5,1],"texture":"#red_terracotta"},"west":{"uv":[0,0,5,1],"texture":"#red_terracotta"},"up":{"uv":[0,0,1.5,5],"texture":"#red_terracotta"},"down":{"uv":[0,0,1.5,5],"texture":"#red_terracotta"}}},{"from":[-1,4.5,-4],"to":[-0.5,5.5,4],"faces":{"north":{"uv":[0,0,1.5,1],"texture":"#red_terracotta"},"east":{"uv":[0,0,5,1],"texture":"#red_terracotta"},"south":{"uv":[0,0,1.5,1],"texture":"#red_terracotta"},"west":{"uv":[0,0,5,1],"texture":"#red_terracotta"},"up":{"uv":[0,0,1.5,5],"texture":"#red_terracotta"},"down":{"uv":[0,0,1.5,5],"texture":"#red_terracotta"}}},{"from":[-1,0.1875,2.5019],"to":[-0.5,8.1875,3.5019],"rotation":{"angle":45,"axis":"x","origin":[-1,8.1875,2.5]},"faces":{"north":{"uv":[0,0,1.5,1],"texture":"#red_terracotta"},"east":{"uv":[0,0,5,1],"texture":"#red_terracotta"},"south":{"uv":[0,0,1.5,1],"texture":"#red_terracotta"},"west":{"uv":[0,0,5,1],"texture":"#red_terracotta"},"up":{"uv":[0,0,1.5,5],"texture":"#red_terracotta"},"down":{"uv":[0,0,1.5,5],"texture":"#red_terracotta"}}},{"from":[-1,-0.5,-3.1894],"to":[-0.5,7.5,-2.1894],"rotation":{"angle":-45,"axis":"x","origin":[-1,7.5,-3.1875]},"faces":{"north":{"uv":[0,0,1.5,1],"texture":"#red_terracotta"},"east":{"uv":[0,0,5,1],"texture":"#red_terracotta"},"south":{"uv":[0,0,1.5,1],"texture":"#red_terracotta"},"west":{"uv":[0,0,5,1],"texture":"#red_terracotta"},"up":{"uv":[0,0,1.5,5],"texture":"#red_terracotta"},"down":{"uv":[0,0,1.5,5],"texture":"#red_terracotta"}}},{"from":[-1.55,8.83736,-1.93736],"to":[-0.05,9.83736,2.06264],"faces":{"north":{"uv":[0,0,1.5,1],"texture":"#wielen"},"east":{"uv":[0,0,4,1],"texture":"#wielen"},"south":{"uv":[0,0,1.5,1],"texture":"#wielen"},"west":{"uv":[0,0,4,1],"texture":"#wielen"},"up":{"uv":[0,0,1.5,4],"texture":"#wielen"},"down":{"uv":[0,0,1.5,4],"texture":"#wielen"}}},{"from":[-1.551,8.8375,2.0627],"to":[-0.051,9.8375,6.0627],"rotation":{"angle":45,"axis":"x","origin":[-1.551,9.8375,2.0625]},"faces":{"north":{"uv":[0,0,1.5,1],"texture":"#wielen"},"east":{"uv":[0,0,4,1],"texture":"#wielen"},"south":{"uv":[0,0,1.5,1],"texture":"#wielen"},"west":{"uv":[0,0,4,1],"texture":"#wielen"},"up":{"uv":[0,0,1.5,4],"texture":"#wielen"},"down":{"uv":[0,0,1.5,4],"texture":"#wielen"}}},{"from":[-1.55,3.00893,3.89107],"to":[-0.05,7.00893,4.89107],"faces":{"north":{"uv":[0,0,1.5,4],"texture":"#wielen"},"east":{"uv":[0,0,1,4],"texture":"#wielen"},"south":{"uv":[0,0,1.5,4],"texture":"#wielen"},"west":{"uv":[0,0,1,4],"texture":"#wielen"},"up":{"uv":[0,0,1.5,1],"texture":"#wielen"},"down":{"uv":[0,0,1.5,1],"texture":"#wielen"}}},{"from":[-1.551,-0.11225,1.35548],"to":[-0.051,0.88775,5.35548],"rotation":{"angle":-45,"axis":"x","origin":[-1.551,0.88775,1.35568]},"faces":{"north":{"uv":[0,0,1.5,1],"texture":"#wielen"},"east":{"uv":[0,0,4,1],"texture":"#wielen"},"south":{"uv":[0,0,1.5,1],"texture":"#wielen"},"west":{"uv":[0,0,4,1],"texture":"#wielen"},"up":{"uv":[0,0,1.5,4],"texture":"#wielen"},"down":{"uv":[0,0,1.5,4],"texture":"#wielen"}}},{"from":[-1.55,0.1805,-1.93736],"to":[-0.05,1.1805,2.06264],"faces":{"north":{"uv":[0,0,1.5,1],"texture":"#wielen"},"east":{"uv":[0,0,4,1],"texture":"#wielen"},"south":{"uv":[0,0,1.5,1],"texture":"#wielen"},"west":{"uv":[0,0,4,1],"texture":"#wielen"},"up":{"uv":[0,0,1.5,4],"texture":"#wielen"},"down":{"uv":[0,0,1.5,4],"texture":"#wielen"}}},{"from":[-1.551,2.71618,-4.05862],"to":[-0.051,3.71618,-0.05862],"rotation":{"angle":45,"axis":"x","origin":[-1.551,3.71618,-4.05882]},"faces":{"north":{"uv":[0,0,1.5,1],"texture":"#wielen"},"east":{"uv":[0,0,4,1],"texture":"#wielen"},"south":{"uv":[0,0,1.5,1],"texture":"#wielen"},"west":{"uv":[0,0,4,1],"texture":"#wielen"},"up":{"uv":[0,0,1.5,4],"texture":"#wielen"},"down":{"uv":[0,0,1.5,4],"texture":"#wielen"}}},{"from":[-1.55,3.00893,-4.76579],"to":[-0.05,7.00893,-3.76579],"faces":{"north":{"uv":[0,0,1.5,4],"texture":"#wielen"},"east":{"uv":[0,0,1,4],"texture":"#wielen"},"south":{"uv":[0,0,1.5,4],"texture":"#wielen"},"west":{"uv":[0,0,1,4],"texture":"#wielen"},"up":{"uv":[0,0,1.5,1],"texture":"#wielen"},"down":{"uv":[0,0,1.5,1],"texture":"#wielen"}}},{"from":[-1.551,6.00907,-4.76584],"to":[-0.051,7.00907,-0.76584],"rotation":{"angle":-45,"axis":"x","origin":[-1.551,7.00907,-4.76564]},"faces":{"north":{"uv":[0,0,1.5,1],"texture":"#wielen"},"east":{"uv":[0,0,4,1],"texture":"#wielen"},"south":{"uv":[0,0,1.5,1],"texture":"#wielen"},"west":{"uv":[0,0,4,1],"texture":"#wielen"},"up":{"uv":[0,0,1.5,4],"texture":"#wielen"},"down":{"uv":[0,0,1.5,4],"texture":"#wielen"}}}],"display":{"gui":{"rotation":[25,145,0],"translation":[-0.5,-2,0],"scale":[0.3,0.3,0.3]},"head":{"translation":[9.26,-6,19],"scale":[1.7,1.7,1.7]}},"credit":"Model by Craftventure"}