{"textures":{"0":"block/spruce_planks","1":"block/dark_oak_planks","2":"block/iron_block","3":"block/cauldron_inner"},"elements":[{"name":"Baseplate1","from":[0,3.7,-2],"to":[16,4.7,0],"rotation":{"angle":-22.5,"axis":"x","origin":[8,8,8]},"faces":{"north":{"uv":[0,0,16,1],"texture":"#0"},"east":{"uv":[0,0,2,1],"texture":"#0"},"south":{"uv":[0,0,16,1],"texture":"#0"},"west":{"uv":[0,0,2,1],"texture":"#0"},"up":{"uv":[0,0,16,2],"texture":"#0"},"down":{"uv":[0,0,16,2],"texture":"#0"}}},{"name":"Baseplate2","from":[0,1,2.5],"to":[16,2,4.5],"faces":{"north":{"uv":[0,0,16,1],"texture":"#0"},"east":{"uv":[0,0,2,1],"texture":"#0"},"south":{"uv":[0,0,16,1],"texture":"#0"},"west":{"uv":[0,0,2,1],"texture":"#0"},"up":{"uv":[0,0,16,2],"texture":"#0"},"down":{"uv":[0,0,16,2],"texture":"#0"}}},{"name":"Baseplate3","from":[0,1,5],"to":[16,2,7],"faces":{"north":{"uv":[0,0,16,1],"texture":"#0"},"east":{"uv":[0,0,2,1],"texture":"#0"},"south":{"uv":[0,0,16,1],"texture":"#0"},"west":{"uv":[0,0,2,1],"texture":"#0"},"up":{"uv":[0,0,16,2],"texture":"#0"},"down":{"uv":[0,0,16,2],"texture":"#0"}}},{"name":"Baseplate4","from":[0,1,7.5],"to":[16,2,9.5],"faces":{"north":{"uv":[0,0,16,1],"texture":"#0"},"east":{"uv":[0,0,2,1],"texture":"#0"},"south":{"uv":[0,0,16,1],"texture":"#0"},"west":{"uv":[0,0,2,1],"texture":"#0"},"up":{"uv":[0,0,16,2],"texture":"#0"},"down":{"uv":[0,0,16,2],"texture":"#0"}}},{"name":"Baseplate5","from":[0,1,10],"to":[16,2,12],"faces":{"north":{"uv":[0,0,16,1],"texture":"#0"},"east":{"uv":[0,0,2,1],"texture":"#0"},"south":{"uv":[0,0,16,1],"texture":"#0"},"west":{"uv":[0,0,2,1],"texture":"#0"},"up":{"uv":[0,0,16,2],"texture":"#0"},"down":{"uv":[0,0,16,2],"texture":"#0"}}},{"name":"Backplate1","from":[0,4,12],"to":[16,6,13],"rotation":{"angle":22.5,"axis":"x","origin":[8,3,8]},"faces":{"north":{"uv":[0,0,16,2],"texture":"#0"},"east":{"uv":[0,0,1,2],"texture":"#0"},"south":{"uv":[0,0,16,2],"texture":"#0"},"west":{"uv":[0,0,1,2],"texture":"#0"},"up":{"uv":[0,0,16,1],"texture":"#0"},"down":{"uv":[0,0,16,1],"texture":"#0"}}},{"name":"Backplate2","from":[0,6.5,12],"to":[16,8.5,13],"rotation":{"angle":22.5,"axis":"x","origin":[8,3,8]},"faces":{"north":{"uv":[0,0,16,2],"texture":"#0"},"east":{"uv":[2,2,3,4],"texture":"#0"},"south":{"uv":[0,0,16,2],"texture":"#0"},"west":{"uv":[0,0,1,2],"texture":"#0"},"up":{"uv":[0,0,16,1],"texture":"#0"},"down":{"uv":[0,0,16,1],"texture":"#0"}}},{"name":"Backplate3","from":[0,9,12],"to":[16,11,13],"rotation":{"angle":22.5,"axis":"x","origin":[8,3,8]},"faces":{"north":{"uv":[0,0,16,2],"texture":"#0"},"east":{"uv":[0,0,1,2],"texture":"#0"},"south":{"uv":[0,0,16,2],"texture":"#0"},"west":{"uv":[0,0,1,2],"texture":"#0"},"up":{"uv":[0,0,16,1],"texture":"#0"},"down":{"uv":[0,0,16,1],"texture":"#0"}}},{"name":"Backplate4","from":[0,11.5,12],"to":[16,13.5,13],"rotation":{"angle":22.5,"axis":"x","origin":[8,3,8]},"faces":{"north":{"uv":[0,0,16,2],"texture":"#0"},"east":{"uv":[0,0,1,2],"texture":"#0"},"south":{"uv":[0,0,16,2],"texture":"#0"},"west":{"uv":[0,0,1,2],"texture":"#0"},"up":{"uv":[0,0,16,1],"texture":"#0"},"down":{"uv":[0,0,16,1],"texture":"#0"}}},{"name":"Backplate5","from":[0,14,12],"to":[16,16,13],"rotation":{"angle":22.5,"axis":"x","origin":[8,3,8]},"faces":{"north":{"uv":[0,0,16,2],"texture":"#0"},"east":{"uv":[0,0,1,2],"texture":"#0"},"south":{"uv":[0,0,16,2],"texture":"#0"},"west":{"uv":[0,0,1,2],"texture":"#0"},"up":{"uv":[0,0,16,1],"texture":"#0"},"down":{"uv":[0,0,16,1],"texture":"#0"}}},{"name":"Bottomconnector1","from":[2,0.5,1.5],"to":[4,1.5,13],"faces":{"north":{"uv":[0,0,2,1],"texture":"#1"},"east":{"uv":[0,0,11.5,1],"texture":"#1"},"south":{"uv":[0,0,2,1],"texture":"#1"},"west":{"uv":[0,0,11.5,1],"texture":"#1"},"up":{"uv":[0,0,2,11.5],"texture":"#1"},"down":{"uv":[0,0,2,11.5],"texture":"#1"}}},{"name":"Bottomconnector2","from":[12,0.5,1.5],"to":[14,1.5,13],"faces":{"north":{"uv":[0,0,2,1],"texture":"#1"},"east":{"uv":[0,0,11.5,1],"texture":"#1"},"south":{"uv":[0,0,2,1],"texture":"#1"},"west":{"uv":[0,0,11.5,1],"texture":"#1"},"up":{"uv":[0,0,2,11.5],"texture":"#1"},"down":{"uv":[0,0,2,11.5],"texture":"#1"}}},{"name":"Backconnector1","from":[2,2.59715,12.45693],"to":[4,14.99715,13.45693],"rotation":{"angle":22.5,"axis":"x","origin":[8,2.69715,7.95693]},"faces":{"north":{"uv":[0,0,2,12.4],"texture":"#1"},"east":{"uv":[0,0,1,12.4],"texture":"#1"},"south":{"uv":[0,0,2,12.4],"texture":"#1"},"west":{"uv":[0,0,1,12.4],"texture":"#1"},"up":{"uv":[0,0,2,1],"texture":"#1"},"down":{"uv":[0,0,2,1],"texture":"#1"}}},{"name":"Backconnector2","from":[12,2.60476,12.41866],"to":[14,15.00476,13.41866],"rotation":{"angle":22.5,"axis":"x","origin":[8,2.60476,7.91866]},"faces":{"north":{"uv":[0,0,2,12.4],"texture":"#1"},"east":{"uv":[0,0,1,12.4],"texture":"#1"},"south":{"uv":[0,0,2,12.4],"texture":"#1"},"west":{"uv":[0,0,1,12.4],"texture":"#1"},"up":{"uv":[0,0,2,1],"texture":"#1"},"down":{"uv":[0,0,2,1],"texture":"#1"}}},{"name":"armrest1.1","from":[1,3.82924,-1.65347],"to":[2,9.82924,-0.65347],"rotation":{"angle":-22.5,"axis":"x","origin":[8,7.82924,7.84653]},"faces":{"north":{"uv":[0,0,1,6],"texture":"#2"},"east":{"uv":[0,0,1,6],"texture":"#2"},"south":{"uv":[0,0,1,6],"texture":"#2"},"west":{"uv":[0,0,1,6],"texture":"#2"},"up":{"uv":[0,0,1,1],"texture":"#2"},"down":{"uv":[0,0,1,1],"texture":"#2"}}},{"name":"armrest1.2","from":[1,6.04151,-1.69569],"to":[2,7.04151,-0.69569],"faces":{"north":{"uv":[0,0,1,1],"texture":"#2"},"east":{"uv":[0,0,1,1],"texture":"#2"},"south":{"uv":[0,0,1,1],"texture":"#2"},"west":{"uv":[0,0,1,1],"texture":"#2"},"up":{"uv":[0,0,1,1],"texture":"#2"},"down":{"uv":[0,0,1,1],"texture":"#2"}}},{"name":"armrest1.3","from":[1,3.45377,-0.65891],"to":[2,4.45377,0.34109],"rotation":{"angle":22.5,"axis":"x","origin":[8,7.85377,7.84109]},"faces":{"north":{"uv":[0,0,1,1],"texture":"#2"},"east":{"uv":[0,0,1,1],"texture":"#2"},"south":{"uv":[0,0,1,1],"texture":"#2"},"west":{"uv":[0,0,1,1],"texture":"#2"},"up":{"uv":[0,0,1,1],"texture":"#2"},"down":{"uv":[0,0,1,1],"texture":"#2"}}},{"name":"armrest1.4","from":[1,1.49467,1.30867],"to":[2,2.49467,2.30867],"rotation":{"angle":45,"axis":"x","origin":[8,7.89467,7.80867]},"faces":{"north":{"uv":[0,0,1,1],"texture":"#2"},"east":{"uv":[0,0,1,1],"texture":"#2"},"south":{"uv":[0,0,1,1],"texture":"#2"},"west":{"uv":[0,0,1,1],"texture":"#2"},"up":{"uv":[0,0,1,1],"texture":"#2"},"down":{"uv":[0,0,1,1],"texture":"#2"}}},{"name":"armrest1.5","from":[1,10.83949,0.31566],"to":[2,11.83949,1.31566],"rotation":{"angle":-22.5,"axis":"x","origin":[8,7.93949,7.81566]},"faces":{"north":{"uv":[0,0,1,1],"texture":"#2"},"east":{"uv":[0,0,1,1],"texture":"#2"},"south":{"uv":[0,0,1,1],"texture":"#2"},"west":{"uv":[0,0,1,1],"texture":"#2"},"up":{"uv":[0,0,1,1],"texture":"#2"},"down":{"uv":[0,0,1,1],"texture":"#2"}}},{"name":"armrest1.6","from":[1,8.05518,0.31798],"to":[2,9.05518,9.31798],"faces":{"north":{"uv":[0,0,1,1],"texture":"#2"},"east":{"uv":[0,0,9,1],"texture":"#2"},"south":{"uv":[0,0,1,1],"texture":"#2"},"west":{"uv":[0,0,9,1],"texture":"#2"},"up":{"uv":[0,0,1,9],"texture":"#2"},"down":{"uv":[0,0,1,9],"texture":"#2"}}},{"name":"armrest1.7","from":[1,7.48136,9.23321],"to":[2,8.48136,10.23321],"rotation":{"angle":-22.5,"axis":"x","origin":[8,7.98136,7.83321]},"faces":{"north":{"uv":[0,0,1,1],"texture":"#2"},"east":{"uv":[0,0,1,1],"texture":"#2"},"south":{"uv":[0,0,1,1],"texture":"#2"},"west":{"uv":[0,0,1,1],"texture":"#2"},"up":{"uv":[0,0,1,1],"texture":"#2"},"down":{"uv":[0,0,1,1],"texture":"#2"}}},{"name":"armrest1.8","from":[1,6.61359,9.8377],"to":[2,7.61359,10.8377],"rotation":{"angle":-45,"axis":"x","origin":[8,8.01359,7.8377]},"faces":{"north":{"uv":[0,0,1,1],"texture":"#2"},"east":{"uv":[0,0,1,1],"texture":"#2"},"south":{"uv":[0,0,1,1],"texture":"#2"},"west":{"uv":[0,0,1,1],"texture":"#2"},"up":{"uv":[0,0,1,1],"texture":"#2"},"down":{"uv":[0,0,1,1],"texture":"#2"}}},{"name":"armrest1.9","from":[1,10.26914,9.29736],"to":[2,13.96914,10.29736],"rotation":{"angle":22.5,"axis":"x","origin":[8,8.06914,7.79736]},"faces":{"north":{"uv":[0,0,1,3.7],"texture":"#2"},"east":{"uv":[0,0,1,3.7],"texture":"#2"},"south":{"uv":[0,0,1,3.7],"texture":"#2"},"west":{"uv":[0,0,1,3.7],"texture":"#2"},"up":{"uv":[0,0,1,1],"texture":"#2"},"down":{"uv":[0,0,1,1],"texture":"#2"}}},{"name":"armrest1.10","from":[1,14.06697,6.93477],"to":[2,15.06697,7.93477],"rotation":{"angle":45,"axis":"x","origin":[8,8.06697,7.83477]},"faces":{"north":{"uv":[0,0,1,1],"texture":"#2"},"east":{"uv":[0,0,1,1],"texture":"#2"},"south":{"uv":[0,0,1,1],"texture":"#2"},"west":{"uv":[0,0,1,1],"texture":"#2"},"up":{"uv":[0,0,1,1],"texture":"#2"},"down":{"uv":[0,0,1,1],"texture":"#2"}}},{"name":"armrest1.11","from":[1,10.58516,13.95185],"to":[2,11.58516,14.95185],"rotation":{"angle":-22.5,"axis":"x","origin":[8,8.08516,7.85185]},"faces":{"north":{"uv":[0,0,1,1],"texture":"#2"},"east":{"uv":[0,0,1,1],"texture":"#2"},"south":{"uv":[0,0,1,1],"texture":"#2"},"west":{"uv":[0,0,1,1],"texture":"#2"},"up":{"uv":[0,0,1,1],"texture":"#2"},"down":{"uv":[0,0,1,1],"texture":"#2"}}},{"name":"armrest1.12","from":[1,13.03579,13.072],"to":[2,14.03579,14.072],"faces":{"north":{"uv":[0,0,1,1],"texture":"#2"},"east":{"uv":[0,0,1,1],"texture":"#2"},"south":{"uv":[0,0,1,1],"texture":"#2"},"west":{"uv":[0,0,1,1],"texture":"#2"},"up":{"uv":[0,0,1,1],"texture":"#2"},"down":{"uv":[0,0,1,1],"texture":"#2"}}},{"name":"armrest1.13","from":[1,14.9,11.3],"to":[2,15.9,13.9],"rotation":{"angle":22.5,"axis":"x","origin":[8,8,8]},"faces":{"north":{"uv":[0,0,1,1],"texture":"#2"},"east":{"uv":[0,0,2.6,1],"texture":"#2"},"south":{"uv":[0,0,1,1],"texture":"#2"},"west":{"uv":[0,0,2.6,1],"texture":"#2"},"up":{"uv":[0,0,1,2.6],"texture":"#2"},"down":{"uv":[0,0,1,2.6],"texture":"#2"}}},{"name":"Cube","from":[0.5,8.5,0.5],"to":[15.5,9.7,2],"faces":{"north":{"uv":[0,0,15,1.5],"texture":"#3"},"east":{"uv":[0,0,1.5,1.5],"texture":"#3"},"south":{"uv":[0,0,15,1.5],"texture":"#3"},"west":{"uv":[0,0,1.5,1.5],"texture":"#3"},"up":{"uv":[0,0,15,1.5],"texture":"#3"},"down":{"uv":[0,0,15,1.5],"texture":"#3"}}},{"name":"armrest2.2","from":[14,3.82924,-1.65347],"to":[15,9.82924,-0.65347],"rotation":{"angle":-22.5,"axis":"x","origin":[8,7.82924,7.84653]},"faces":{"north":{"uv":[1,0,0,6],"texture":"#2"},"east":{"uv":[1,0,0,6],"texture":"#2"},"south":{"uv":[1,0,0,6],"texture":"#2"},"west":{"uv":[1,0,0,6],"texture":"#2"},"up":{"uv":[1,0,0,1],"texture":"#2"},"down":{"uv":[1,0,0,1],"texture":"#2"}}},{"name":"armrest1.3","from":[14,6.04151,-1.69569],"to":[15,7.04151,-0.69569],"faces":{"north":{"uv":[1,0,0,1],"texture":"#2"},"east":{"uv":[1,0,0,1],"texture":"#2"},"south":{"uv":[1,0,0,1],"texture":"#2"},"west":{"uv":[1,0,0,1],"texture":"#2"},"up":{"uv":[1,0,0,1],"texture":"#2"},"down":{"uv":[1,0,0,1],"texture":"#2"}}},{"name":"armrest1.4","from":[14,3.45377,-0.65891],"to":[15,4.45377,0.34109],"rotation":{"angle":22.5,"axis":"x","origin":[8,7.85377,7.84109]},"faces":{"north":{"uv":[1,0,0,1],"texture":"#2"},"east":{"uv":[1,0,0,1],"texture":"#2"},"south":{"uv":[1,0,0,1],"texture":"#2"},"west":{"uv":[1,0,0,1],"texture":"#2"},"up":{"uv":[1,0,0,1],"texture":"#2"},"down":{"uv":[1,0,0,1],"texture":"#2"}}},{"name":"armrest1.5","from":[14,1.49467,1.30867],"to":[15,2.49467,2.30867],"rotation":{"angle":45,"axis":"x","origin":[8,7.89467,7.80867]},"faces":{"north":{"uv":[1,0,0,1],"texture":"#2"},"east":{"uv":[1,0,0,1],"texture":"#2"},"south":{"uv":[1,0,0,1],"texture":"#2"},"west":{"uv":[1,0,0,1],"texture":"#2"},"up":{"uv":[1,0,0,1],"texture":"#2"},"down":{"uv":[1,0,0,1],"texture":"#2"}}},{"name":"armrest1.6","from":[14,10.83949,0.31566],"to":[15,11.83949,1.31566],"rotation":{"angle":-22.5,"axis":"x","origin":[8,7.93949,7.81566]},"faces":{"north":{"uv":[1,0,0,1],"texture":"#2"},"east":{"uv":[1,0,0,1],"texture":"#2"},"south":{"uv":[1,0,0,1],"texture":"#2"},"west":{"uv":[1,0,0,1],"texture":"#2"},"up":{"uv":[1,0,0,1],"texture":"#2"},"down":{"uv":[1,0,0,1],"texture":"#2"}}},{"name":"armrest1.7","from":[14,8.05518,0.31798],"to":[15,9.05518,9.31798],"faces":{"north":{"uv":[1,0,0,1],"texture":"#2"},"east":{"uv":[9,0,0,1],"texture":"#2"},"south":{"uv":[1,0,0,1],"texture":"#2"},"west":{"uv":[9,0,0,1],"texture":"#2"},"up":{"uv":[1,0,0,9],"texture":"#2"},"down":{"uv":[1,0,0,9],"texture":"#2"}}},{"name":"armrest1.8","from":[14,7.48136,9.23321],"to":[15,8.48136,10.23321],"rotation":{"angle":-22.5,"axis":"x","origin":[8,7.98136,7.83321]},"faces":{"north":{"uv":[1,0,0,1],"texture":"#2"},"east":{"uv":[1,0,0,1],"texture":"#2"},"south":{"uv":[1,0,0,1],"texture":"#2"},"west":{"uv":[1,0,0,1],"texture":"#2"},"up":{"uv":[1,0,0,1],"texture":"#2"},"down":{"uv":[1,0,0,1],"texture":"#2"}}},{"name":"armrest1.9","from":[14,6.61359,9.8377],"to":[15,7.61359,10.8377],"rotation":{"angle":-45,"axis":"x","origin":[8,8.01359,7.8377]},"faces":{"north":{"uv":[1,0,0,1],"texture":"#2"},"east":{"uv":[1,0,0,1],"texture":"#2"},"south":{"uv":[1,0,0,1],"texture":"#2"},"west":{"uv":[1,0,0,1],"texture":"#2"},"up":{"uv":[1,0,0,1],"texture":"#2"},"down":{"uv":[1,0,0,1],"texture":"#2"}}},{"name":"armrest1.10","from":[14,10.26914,9.29736],"to":[15,13.96914,10.29736],"rotation":{"angle":22.5,"axis":"x","origin":[8,8.06914,7.79736]},"faces":{"north":{"uv":[1,0,0,3.7],"texture":"#2"},"east":{"uv":[1,0,0,3.7],"texture":"#2"},"south":{"uv":[1,0,0,3.7],"texture":"#2"},"west":{"uv":[1,0,0,3.7],"texture":"#2"},"up":{"uv":[1,0,0,1],"texture":"#2"},"down":{"uv":[1,0,0,1],"texture":"#2"}}},{"name":"armrest1.11","from":[14,14.06697,6.93477],"to":[15,15.06697,7.93477],"rotation":{"angle":45,"axis":"x","origin":[8,8.06697,7.83477]},"faces":{"north":{"uv":[1,0,0,1],"texture":"#2"},"east":{"uv":[1,0,0,1],"texture":"#2"},"south":{"uv":[1,0,0,1],"texture":"#2"},"west":{"uv":[1,0,0,1],"texture":"#2"},"up":{"uv":[1,0,0,1],"texture":"#2"},"down":{"uv":[1,0,0,1],"texture":"#2"}}},{"name":"armrest1.12","from":[14,10.58516,13.95185],"to":[15,11.58516,14.95185],"rotation":{"angle":-22.5,"axis":"x","origin":[8,8.08516,7.85185]},"faces":{"north":{"uv":[1,0,0,1],"texture":"#2"},"east":{"uv":[1,0,0,1],"texture":"#2"},"south":{"uv":[1,0,0,1],"texture":"#2"},"west":{"uv":[1,0,0,1],"texture":"#2"},"up":{"uv":[1,0,0,1],"texture":"#2"},"down":{"uv":[1,0,0,1],"texture":"#2"}}},{"name":"armrest1.13","from":[14,13.03579,13.072],"to":[15,14.03579,14.072],"faces":{"north":{"uv":[1,0,0,1],"texture":"#2"},"east":{"uv":[1,0,0,1],"texture":"#2"},"south":{"uv":[1,0,0,1],"texture":"#2"},"west":{"uv":[1,0,0,1],"texture":"#2"},"up":{"uv":[1,0,0,1],"texture":"#2"},"down":{"uv":[1,0,0,1],"texture":"#2"}}},{"name":"armrest1.14","from":[14,14.9,11.3],"to":[15,15.9,13.9],"rotation":{"angle":22.5,"axis":"x","origin":[8,8,8]},"faces":{"north":{"uv":[1,0,0,1],"texture":"#2"},"east":{"uv":[2.6,0,0,1],"texture":"#2"},"south":{"uv":[1,0,0,1],"texture":"#2"},"west":{"uv":[2.6,0,0,1],"texture":"#2"},"up":{"uv":[1,0,0,2.6],"texture":"#2"},"down":{"uv":[1,0,0,2.6],"texture":"#2"}}}],"display":{"head":{"rotation":[0,0,0],"translation":[0,8,0],"scale":[1.4,1.4,1.4]},"gui":{"scale":[0.65,0.65,0.65],"rotation":[29,148,0],"translation":[0,0.5,0]}},"credit":"Model by Craftventure"}