{"textures":{"wielen inner":"block/piston_inner","anvil":"block/anvil","remmen":"block/furnace_side","stone_slab_top":"block/black_terracotta","buitenkant":"block/orange_terracotta","RANDEN":"block/slime_block"},"elements":[{"from":[-2,4,-2],"to":[18,5,27.5],"faces":{"north":{"uv":[0,0,16,16],"texture":"#stone_slab_top"},"east":{"uv":[0,0,16,16],"texture":"#stone_slab_top"},"south":{"uv":[0,0,16,16],"texture":"#stone_slab_top"},"west":{"uv":[0,0,16,16],"texture":"#stone_slab_top"},"up":{"uv":[0,0,16,16],"texture":"#stone_slab_top"},"down":{"uv":[0,0,16,16],"texture":"#stone_slab_top"}}},{"from":[-1.5,8,5],"to":[6.5,9,10],"faces":{"north":{"uv":[0,0,16,16],"texture":"#anvil"},"east":{"uv":[0,0,16,16],"texture":"#anvil"},"south":{"uv":[0,0,16,16],"texture":"#anvil"},"west":{"uv":[0,0,16,16],"texture":"#anvil"},"up":{"uv":[0,0,16,16],"texture":"#anvil"},"down":{"uv":[0,0,16,16],"texture":"#anvil"}}},{"from":[9.5,8,5],"to":[17.5,9,10],"faces":{"north":{"uv":[0,0,16,16],"texture":"#anvil"},"east":{"uv":[0,0,16,16],"texture":"#anvil"},"south":{"uv":[0,0,16,16],"texture":"#anvil"},"west":{"uv":[0,0,16,16],"texture":"#anvil"},"up":{"uv":[0,0,16,16],"texture":"#anvil"},"down":{"uv":[0,0,16,16],"texture":"#anvil"}}},{"from":[-1.5,8,21],"to":[6.5,9,26],"faces":{"north":{"uv":[0,0,16,16],"texture":"#anvil"},"east":{"uv":[0,0,16,16],"texture":"#anvil"},"south":{"uv":[0,0,16,16],"texture":"#anvil"},"west":{"uv":[0,0,16,16],"texture":"#anvil"},"up":{"uv":[0,0,16,16],"texture":"#anvil"},"down":{"uv":[0,0,16,16],"texture":"#anvil"}}},{"from":[9.5,8,21],"to":[17.5,9,26],"faces":{"north":{"uv":[0,0,16,16],"texture":"#anvil"},"east":{"uv":[0,0,16,16],"texture":"#anvil"},"south":{"uv":[0,0,16,16],"texture":"#anvil"},"west":{"uv":[0,0,16,16],"texture":"#anvil"},"up":{"uv":[0,0,16,16],"texture":"#anvil"},"down":{"uv":[0,0,16,16],"texture":"#anvil"}}},{"from":[9,1,2.5],"to":[9.5,4,22],"faces":{"north":{"uv":[1.5,11,2,14],"texture":"#remmen"},"east":{"uv":[1.5,8.5,14.5,14.5],"texture":"#remmen"},"south":{"uv":[1.5,11,2,14],"texture":"#remmen"},"west":{"uv":[1.5,8.5,14.5,14.5],"texture":"#remmen"},"up":{"uv":[15,2.5,15.5,16],"texture":"#remmen"},"down":{"uv":[15,2.5,15.5,16],"texture":"#remmen"}}},{"from":[6.5,1,2.5],"to":[7,4,22],"faces":{"north":{"uv":[1.5,11,2,14],"texture":"#remmen"},"east":{"uv":[1,9,15,15],"texture":"#remmen"},"south":{"uv":[1.5,11,2,14],"texture":"#remmen"},"west":{"uv":[1.5,8.5,14.5,14.5],"texture":"#remmen"},"up":{"uv":[15,2.5,15.5,16],"texture":"#remmen"},"down":{"uv":[15,2.5,15.5,16],"texture":"#remmen"}}},{"from":[0,0,23],"to":[1.5,2.5,25.5],"faces":{"north":{"uv":[4,4,12,12],"texture":"#wielen inner"},"east":{"uv":[4,4,12,12],"texture":"#wielen inner"},"south":{"uv":[5,5,11,11],"texture":"#wielen inner"},"west":{"uv":[4,4,12,12],"texture":"#wielen inner"},"up":{"uv":[4,4,12,12],"texture":"#wielen inner"},"down":{"uv":[4,4,12,12],"texture":"#wielen inner"}}},{"from":[0,2.5,23],"to":[1.5,3,25.5],"faces":{"north":{"uv":[14.5,13,16,13.5],"texture":"#anvil"},"east":{"uv":[0,13,0,13.5],"texture":"#anvil"},"south":{"uv":[0,13,1.5,13.5],"texture":"#anvil"},"west":{"uv":[16,13,16,13.5],"texture":"#anvil"},"up":{"uv":[0,16,1.5,16],"texture":"#anvil"},"down":{"uv":[16,16,14.5,16],"texture":"#anvil"}}},{"from":[0,-0.5,23],"to":[1.5,0,25.5],"faces":{"north":{"uv":[14.5,16,16,16],"texture":"#anvil"},"east":{"uv":[0,16,0,16],"texture":"#anvil"},"south":{"uv":[0,16,1.5,16],"texture":"#anvil"},"west":{"uv":[16,16,16,16],"texture":"#anvil"},"up":{"uv":[0,16,1.5,16],"texture":"#anvil"},"down":{"uv":[16,16,14.5,16],"texture":"#anvil"}}},{"from":[14.5,0,27.5],"to":[16,2.5,30],"faces":{"north":{"uv":[4,4,12,12],"texture":"#wielen inner"},"east":{"uv":[4,4,12,12],"texture":"#wielen inner"},"south":{"uv":[4,4,12,12],"texture":"#wielen inner"},"west":{"uv":[4,4,12,12],"texture":"#wielen inner"},"up":{"uv":[4,4,12,12],"texture":"#wielen inner"},"down":{"uv":[4,4,12,12],"texture":"#wielen inner"}}},{"from":[16,-2,23.5],"to":[16.5,-1,25.5],"faces":{"north":{"uv":[0,16,0,16],"texture":"#anvil"},"east":{"uv":[0,16,0,16],"texture":"#anvil"},"south":{"uv":[16,16,16,16],"texture":"#anvil"},"west":{"uv":[16,16,16,16],"texture":"#anvil"},"up":{"uv":[16,16,16,16],"texture":"#anvil"},"down":{"uv":[0,16,0,16],"texture":"#anvil"}}},{"from":[16.5,-2,29.4375],"to":[18.5,-1,29.9375],"faces":{"north":{"uv":[14,16,15,16],"texture":"#anvil"},"east":{"uv":[0,16,0,16],"texture":"#anvil"},"south":{"uv":[1,16,2,16],"texture":"#anvil"},"west":{"uv":[16,16,16,16],"texture":"#anvil"},"up":{"uv":[1,16,2,16],"texture":"#anvil"},"down":{"uv":[15,16,14,16],"texture":"#anvil"}}},{"from":[0,0,22.5],"to":[1.5,2.5,23],"faces":{"north":{"uv":[14.5,13.5,16,16],"texture":"#anvil"},"east":{"uv":[0,13.5,0,16],"texture":"#anvil"},"south":{"uv":[0,13.5,1.5,16],"texture":"#anvil"},"west":{"uv":[16,13.5,16,16],"texture":"#anvil"},"up":{"uv":[0,16,1.5,16],"texture":"#anvil"},"down":{"uv":[16,16,14.5,16],"texture":"#anvil"}}},{"from":[16.5,-2,23],"to":[18.5,-1,23.5],"faces":{"north":{"uv":[0,16,0,16],"texture":"#anvil"},"east":{"uv":[0,16,0,16],"texture":"#anvil"},"south":{"uv":[16,16,16,16],"texture":"#anvil"},"west":{"uv":[16,16,16,16],"texture":"#anvil"},"up":{"uv":[16,16,16,16],"texture":"#anvil"},"down":{"uv":[0,16,0,16],"texture":"#anvil"}}},{"from":[0,0,25.5],"to":[1.5,2.5,26],"faces":{"north":{"uv":[14.5,13.5,16,16],"texture":"#anvil"},"east":{"uv":[0,13.5,0,16],"texture":"#anvil"},"south":{"uv":[0,13.5,1.5,16],"texture":"#anvil"},"west":{"uv":[16,13.5,16,16],"texture":"#anvil"},"up":{"uv":[0,16,1.5,16],"texture":"#anvil"},"down":{"uv":[16,16,14.5,16],"texture":"#anvil"}}},{"from":[-0.5,0.5,24],"to":[0,2,29],"faces":{"north":{"uv":[16,14,16,15.5],"texture":"#stone_slab_top"},"east":{"uv":[0,14,0,15.5],"texture":"#stone_slab_top"},"south":{"uv":[0,14,0,15.5],"texture":"#stone_slab_top"},"west":{"uv":[16,14,16,15.5],"texture":"#stone_slab_top"},"up":{"uv":[0,16,0,16],"texture":"#stone_slab_top"},"down":{"uv":[16,16,16,16],"texture":"#stone_slab_top"}}},{"from":[2,3,22],"to":[14,4,27.5],"faces":{"north":{"uv":[2,12.5,14,13.5],"texture":"#stone_slab_top"},"east":{"uv":[22,12.5,27.5,13.5],"texture":"#stone_slab_top"},"south":{"uv":[2,12.5,14,13.5],"texture":"#stone_slab_top"},"west":{"uv":[22,12.5,27.5,13.5],"texture":"#stone_slab_top"},"up":{"uv":[2,22,14,27.5],"texture":"#stone_slab_top"},"down":{"uv":[2,22,14,27.5],"texture":"#stone_slab_top"}}},{"from":[14.5,0,30],"to":[16,2.5,30.5],"faces":{"north":{"uv":[0,13.5,1.5,16],"texture":"#anvil"},"east":{"uv":[0,13.5,0,16],"texture":"#anvil"},"south":{"uv":[14.5,13.5,16,16],"texture":"#anvil"},"west":{"uv":[16,13.5,16,16],"texture":"#anvil"},"up":{"uv":[14.5,16,16,16],"texture":"#anvil"},"down":{"uv":[1.5,16,0,16],"texture":"#anvil"}}},{"from":[14.5,-0.5,27.5],"to":[16,0,30],"faces":{"north":{"uv":[0,16,1.5,16],"texture":"#anvil"},"east":{"uv":[0,16,0,16],"texture":"#anvil"},"south":{"uv":[14.5,16,16,16],"texture":"#anvil"},"west":{"uv":[16,16,16,16],"texture":"#anvil"},"up":{"uv":[14.5,16,16,16],"texture":"#anvil"},"down":{"uv":[1.5,16,0,16],"texture":"#anvil"}}},{"from":[14.5,2.5,27.5],"to":[16,3,30],"faces":{"north":{"uv":[0,13,1.5,13.5],"texture":"#anvil"},"east":{"uv":[0,13,0,13.5],"texture":"#anvil"},"south":{"uv":[14.5,13,16,13.5],"texture":"#anvil"},"west":{"uv":[16,13,16,13.5],"texture":"#anvil"},"up":{"uv":[14.5,16,16,16],"texture":"#anvil"},"down":{"uv":[1.5,16,0,16],"texture":"#anvil"}}},{"from":[16,0.5,24],"to":[16.5,2,29],"faces":{"north":{"uv":[0,14,0,15.5],"texture":"#stone_slab_top"},"east":{"uv":[0,14,0,15.5],"texture":"#stone_slab_top"},"south":{"uv":[16,14,16,15.5],"texture":"#stone_slab_top"},"west":{"uv":[16,14,16,15.5],"texture":"#stone_slab_top"},"up":{"uv":[16,16,16,16],"texture":"#stone_slab_top"},"down":{"uv":[0,16,0,16],"texture":"#stone_slab_top"}}},{"from":[16.5,1,25.5],"to":[19.5,2,27.5],"rotation":{"angle":-45,"axis":"z","origin":[16.5,2,25.5]},"faces":{"north":{"uv":[15.5,11.5,16,12.5],"texture":"#stone_slab_top"},"east":{"uv":[0,11.5,0,12.5],"texture":"#stone_slab_top"},"south":{"uv":[0,11.5,0.5,12.5],"texture":"#stone_slab_top"},"west":{"uv":[16,11.5,16,12.5],"texture":"#stone_slab_top"},"up":{"uv":[0,16,0.5,16],"texture":"#stone_slab_top"},"down":{"uv":[16,16,15.5,16],"texture":"#stone_slab_top"}}},{"from":[17.5,-1,25.5],"to":[19,0,27.5],"faces":{"north":{"uv":[15.5,11.5,16,12.5],"texture":"#stone_slab_top"},"east":{"uv":[0,11.5,0,12.5],"texture":"#stone_slab_top"},"south":{"uv":[0,11.5,0.5,12.5],"texture":"#stone_slab_top"},"west":{"uv":[16,11.5,16,12.5],"texture":"#stone_slab_top"},"up":{"uv":[0,16,0.5,16],"texture":"#stone_slab_top"},"down":{"uv":[16,16,15.5,16],"texture":"#stone_slab_top"}}},{"from":[17,-2.5,24.5],"to":[18.5,-2,28.5],"faces":{"north":{"uv":[15.5,11.5,16,12.5],"texture":"#stone_slab_top"},"east":{"uv":[0,11.5,0,12.5],"texture":"#stone_slab_top"},"south":{"uv":[0,11.5,0.5,12.5],"texture":"#stone_slab_top"},"west":{"uv":[16,11.5,16,12.5],"texture":"#stone_slab_top"},"up":{"uv":[0,16,0.5,16],"texture":"#stone_slab_top"},"down":{"uv":[16,16,15.5,16],"texture":"#stone_slab_top"}}},{"from":[18.5,-2.5,26],"to":[19,0,27],"faces":{"north":{"uv":[15.5,11.5,16,12.5],"texture":"#stone_slab_top"},"east":{"uv":[0,11.5,0,12.5],"texture":"#stone_slab_top"},"south":{"uv":[0,11.5,0.5,12.5],"texture":"#stone_slab_top"},"west":{"uv":[16,11.5,16,12.5],"texture":"#stone_slab_top"},"up":{"uv":[0,16,0.5,16],"texture":"#stone_slab_top"},"down":{"uv":[16,16,15.5,16],"texture":"#stone_slab_top"}}},{"from":[17,-1,24.5],"to":[18.5,-0.5,28.5],"faces":{"north":{"uv":[15.5,11.5,16,12.5],"texture":"#stone_slab_top"},"east":{"uv":[0,11.5,0,12.5],"texture":"#stone_slab_top"},"south":{"uv":[0,11.5,0.5,12.5],"texture":"#stone_slab_top"},"west":{"uv":[16,11.5,16,12.5],"texture":"#stone_slab_top"},"up":{"uv":[0,16,0.5,16],"texture":"#stone_slab_top"},"down":{"uv":[16,16,15.5,16],"texture":"#stone_slab_top"}}},{"from":[16.5,-2,23.5],"to":[18.5,-1,25.5],"faces":{"north":{"uv":[4,4,12,12],"texture":"#wielen inner"},"east":{"uv":[4,4,12,12],"texture":"#wielen inner"},"south":{"uv":[4,4,12,12],"texture":"#wielen inner"},"west":{"uv":[4,4,12,12],"texture":"#wielen inner"},"up":{"uv":[4,4,12,12],"texture":"#wielen inner"},"down":{"uv":[4,4,12,12],"texture":"#wielen inner"}}},{"from":[14.5,0,27],"to":[16,2.5,27.5],"faces":{"north":{"uv":[0,13.5,1.5,16],"texture":"#anvil"},"east":{"uv":[0,13.5,0,16],"texture":"#anvil"},"south":{"uv":[14.5,13.5,16,16],"texture":"#anvil"},"west":{"uv":[16,13.5,16,16],"texture":"#anvil"},"up":{"uv":[14.5,16,16,16],"texture":"#anvil"},"down":{"uv":[1.5,16,0,16],"texture":"#anvil"}}},{"from":[14.5,0,25.5],"to":[16,2.5,26],"faces":{"north":{"uv":[0,13.5,1.5,16],"texture":"#anvil"},"east":{"uv":[0,13.5,0,16],"texture":"#anvil"},"south":{"uv":[14.5,13.5,16,16],"texture":"#anvil"},"west":{"uv":[16,13.5,16,16],"texture":"#anvil"},"up":{"uv":[14.5,16,16,16],"texture":"#anvil"},"down":{"uv":[1.5,16,0,16],"texture":"#anvil"}}},{"from":[14.5,2.5,23],"to":[16,3,25.5],"faces":{"north":{"uv":[0,13,1.5,13.5],"texture":"#anvil"},"east":{"uv":[0,13,0,13.5],"texture":"#anvil"},"south":{"uv":[14.5,13,16,13.5],"texture":"#anvil"},"west":{"uv":[16,13,16,13.5],"texture":"#anvil"},"up":{"uv":[14.5,16,16,16],"texture":"#anvil"},"down":{"uv":[1.5,16,0,16],"texture":"#anvil"}}},{"from":[14.5,-0.5,23],"to":[16,0,25.5],"faces":{"north":{"uv":[0,16,1.5,16],"texture":"#anvil"},"east":{"uv":[0,16,0,16],"texture":"#anvil"},"south":{"uv":[14.5,16,16,16],"texture":"#anvil"},"west":{"uv":[16,16,16,16],"texture":"#anvil"},"up":{"uv":[14.5,16,16,16],"texture":"#anvil"},"down":{"uv":[1.5,16,0,16],"texture":"#anvil"}}},{"from":[14.5,0,22.5],"to":[16,2.5,23],"faces":{"north":{"uv":[0,13.5,1.5,16],"texture":"#anvil"},"east":{"uv":[0,13.5,0,16],"texture":"#anvil"},"south":{"uv":[14.5,13.5,16,16],"texture":"#anvil"},"west":{"uv":[16,13.5,16,16],"texture":"#anvil"},"up":{"uv":[14.5,16,16,16],"texture":"#anvil"},"down":{"uv":[1.5,16,0,16],"texture":"#anvil"}}},{"from":[14.5,0,23],"to":[16,2.5,25.5],"faces":{"north":{"uv":[4,4,12,12],"texture":"#wielen inner"},"east":{"uv":[4,4,12,12],"texture":"#wielen inner"},"south":{"uv":[4,4,12,12],"texture":"#wielen inner"},"west":{"uv":[4,4,12,12],"texture":"#wielen inner"},"up":{"uv":[4,4,12,12],"texture":"#wielen inner"},"down":{"uv":[4,4,12,12],"texture":"#wielen inner"}}},{"from":[-0.5,2,26],"to":[0.5,4,27],"faces":{"north":{"uv":[15.5,11.5,16,12.5],"texture":"#stone_slab_top"},"east":{"uv":[0,11.5,0,12.5],"texture":"#stone_slab_top"},"south":{"uv":[0,11.5,0.5,12.5],"texture":"#stone_slab_top"},"west":{"uv":[16,11.5,16,12.5],"texture":"#stone_slab_top"},"up":{"uv":[0,16,0.5,16],"texture":"#stone_slab_top"},"down":{"uv":[16,16,15.5,16],"texture":"#stone_slab_top"}}},{"from":[15.5,2,26],"to":[16.5,4,27],"faces":{"north":{"uv":[15.5,11.5,16,12.5],"texture":"#stone_slab_top"},"east":{"uv":[0,11.5,0,12.5],"texture":"#stone_slab_top"},"south":{"uv":[0,11.5,0.5,12.5],"texture":"#stone_slab_top"},"west":{"uv":[16,11.5,16,12.5],"texture":"#stone_slab_top"},"up":{"uv":[0,16,0.5,16],"texture":"#stone_slab_top"},"down":{"uv":[16,16,15.5,16],"texture":"#stone_slab_top"}}},{"from":[0.5,3,26],"to":[15.5,4,27],"faces":{"north":{"uv":[15.5,11.5,16,12.5],"texture":"#stone_slab_top"},"east":{"uv":[0,11.5,0,12.5],"texture":"#stone_slab_top"},"south":{"uv":[0,11.5,0.5,12.5],"texture":"#stone_slab_top"},"west":{"uv":[16,11.5,16,12.5],"texture":"#stone_slab_top"},"up":{"uv":[0,16,0.5,16],"texture":"#stone_slab_top"},"down":{"uv":[16,16,15.5,16],"texture":"#stone_slab_top"}}},{"from":[18.5,-2,23.5],"to":[19,-1,25.5],"faces":{"north":{"uv":[0,16,0,16],"texture":"#anvil"},"east":{"uv":[0,16,0,16],"texture":"#anvil"},"south":{"uv":[16,16,16,16],"texture":"#anvil"},"west":{"uv":[16,16,16,16],"texture":"#anvil"},"up":{"uv":[16,16,16,16],"texture":"#anvil"},"down":{"uv":[0,16,0,16],"texture":"#anvil"}}},{"from":[16.5,-2,27],"to":[18.5,-1,27.5],"faces":{"north":{"uv":[0,16,0,16],"texture":"#anvil"},"east":{"uv":[0,16,0,16],"texture":"#anvil"},"south":{"uv":[16,16,16,16],"texture":"#anvil"},"west":{"uv":[16,16,16,16],"texture":"#anvil"},"up":{"uv":[16,16,16,16],"texture":"#anvil"},"down":{"uv":[0,16,0,16],"texture":"#anvil"}}},{"from":[16.5,-2,27.5],"to":[18.5,-1,29.5],"faces":{"north":{"uv":[4,4,12,12],"texture":"#wielen inner"},"east":{"uv":[4,4,12,12],"texture":"#wielen inner"},"south":{"uv":[4,4,12,12],"texture":"#wielen inner"},"west":{"uv":[4,4,12,12],"texture":"#wielen inner"},"up":{"uv":[4,4,12,12],"texture":"#wielen inner"},"down":{"uv":[4,4,12,12],"texture":"#wielen inner"}}},{"from":[18.5,-2,27.5],"to":[19,-1,29.5],"faces":{"north":{"uv":[0,16,0,16],"texture":"#anvil"},"east":{"uv":[0,16,0,16],"texture":"#anvil"},"south":{"uv":[16,16,16,16],"texture":"#anvil"},"west":{"uv":[16,16,16,16],"texture":"#anvil"},"up":{"uv":[16,16,16,16],"texture":"#anvil"},"down":{"uv":[0,16,0,16],"texture":"#anvil"}}},{"from":[16,-2,27.5],"to":[16.5,-1,29.5],"faces":{"north":{"uv":[0,16,0,16],"texture":"#anvil"},"east":{"uv":[0,16,0,16],"texture":"#anvil"},"south":{"uv":[16,16,16,16],"texture":"#anvil"},"west":{"uv":[16,16,16,16],"texture":"#anvil"},"up":{"uv":[16,16,16,16],"texture":"#anvil"},"down":{"uv":[0,16,0,16],"texture":"#anvil"}}},{"from":[16.5,-2,25.4375],"to":[18.5,-1,25.9375],"faces":{"north":{"uv":[14,16,15,16],"texture":"#anvil"},"east":{"uv":[0,16,0,16],"texture":"#anvil"},"south":{"uv":[1,16,2,16],"texture":"#anvil"},"west":{"uv":[16,16,16,16],"texture":"#anvil"},"up":{"uv":[1,16,2,16],"texture":"#anvil"},"down":{"uv":[15,16,14,16],"texture":"#anvil"}}},{"from":[0,0,27.5],"to":[1.5,2.5,30],"faces":{"north":{"uv":[4,4,12,12],"texture":"#wielen inner"},"east":{"uv":[4,4,12,12],"texture":"#wielen inner"},"south":{"uv":[4,4,12,12],"texture":"#wielen inner"},"west":{"uv":[4,4,12,12],"texture":"#wielen inner"},"up":{"uv":[4,4,12,12],"texture":"#wielen inner"},"down":{"uv":[4,4,12,12],"texture":"#wielen inner"}}},{"from":[0,0,27],"to":[1.5,2.5,27.5],"faces":{"north":{"uv":[14.5,13.5,16,16],"texture":"#anvil"},"east":{"uv":[0,13.5,0,16],"texture":"#anvil"},"south":{"uv":[0,13.5,1.5,16],"texture":"#anvil"},"west":{"uv":[16,13.5,16,16],"texture":"#anvil"},"up":{"uv":[0,16,1.5,16],"texture":"#anvil"},"down":{"uv":[16,16,14.5,16],"texture":"#anvil"}}},{"from":[0,0,30],"to":[1.5,2.5,30.5],"faces":{"north":{"uv":[14.5,13.5,16,16],"texture":"#anvil"},"east":{"uv":[0,13.5,0,16],"texture":"#anvil"},"south":{"uv":[0,13.5,1.5,16],"texture":"#anvil"},"west":{"uv":[16,13.5,16,16],"texture":"#anvil"},"up":{"uv":[0,16,1.5,16],"texture":"#anvil"},"down":{"uv":[16,16,14.5,16],"texture":"#anvil"}}},{"from":[0,2.5,27.5],"to":[1.5,3,30],"faces":{"north":{"uv":[14.5,13,16,13.5],"texture":"#anvil"},"east":{"uv":[0,13,0,13.5],"texture":"#anvil"},"south":{"uv":[0,13,1.5,13.5],"texture":"#anvil"},"west":{"uv":[16,13,16,13.5],"texture":"#anvil"},"up":{"uv":[0,16,1.5,16],"texture":"#anvil"},"down":{"uv":[16,16,14.5,16],"texture":"#anvil"}}},{"from":[0,-0.5,27.5],"to":[1.5,0,30],"faces":{"north":{"uv":[14.5,16,16,16],"texture":"#anvil"},"east":{"uv":[0,16,0,16],"texture":"#anvil"},"south":{"uv":[0,16,1.5,16],"texture":"#anvil"},"west":{"uv":[16,16,16,16],"texture":"#anvil"},"up":{"uv":[0,16,1.5,16],"texture":"#anvil"},"down":{"uv":[16,16,14.5,16],"texture":"#anvil"}}},{"from":[-2.5,-2,27.5],"to":[-0.5,-1,29.5],"faces":{"north":{"uv":[4,4,12,12],"texture":"#wielen inner"},"east":{"uv":[4,4,12,12],"texture":"#wielen inner"},"south":{"uv":[4,4,12,12],"texture":"#wielen inner"},"west":{"uv":[4,4,12,12],"texture":"#wielen inner"},"up":{"uv":[4,4,12,12],"texture":"#wielen inner"},"down":{"uv":[4,4,12,12],"texture":"#wielen inner"}}},{"from":[-3,-2,27.5],"to":[-2.5,-1,29.5],"faces":{"north":{"uv":[16,16,16,16],"texture":"#anvil"},"east":{"uv":[0,16,0,16],"texture":"#anvil"},"south":{"uv":[0,16,0,16],"texture":"#anvil"},"west":{"uv":[16,16,16,16],"texture":"#anvil"},"up":{"uv":[0,16,0,16],"texture":"#anvil"},"down":{"uv":[16,16,16,16],"texture":"#anvil"}}},{"from":[-0.5,-2,27.5],"to":[0,-1,29.5],"faces":{"north":{"uv":[16,16,16,16],"texture":"#anvil"},"east":{"uv":[0,16,0,16],"texture":"#anvil"},"south":{"uv":[0,16,0,16],"texture":"#anvil"},"west":{"uv":[16,16,16,16],"texture":"#anvil"},"up":{"uv":[0,16,0,16],"texture":"#anvil"},"down":{"uv":[16,16,16,16],"texture":"#anvil"}}},{"from":[-2.5,-2,29.5],"to":[-0.5,-1,30],"faces":{"north":{"uv":[16,16,16,16],"texture":"#anvil"},"east":{"uv":[0,16,0,16],"texture":"#anvil"},"south":{"uv":[0,16,0,16],"texture":"#anvil"},"west":{"uv":[16,16,16,16],"texture":"#anvil"},"up":{"uv":[0,16,0,16],"texture":"#anvil"},"down":{"uv":[16,16,16,16],"texture":"#anvil"}}},{"from":[-2.5,-2,27],"to":[-0.5,-1,27.5],"faces":{"north":{"uv":[16,16,16,16],"texture":"#anvil"},"east":{"uv":[0,16,0,16],"texture":"#anvil"},"south":{"uv":[0,16,0,16],"texture":"#anvil"},"west":{"uv":[16,16,16,16],"texture":"#anvil"},"up":{"uv":[0,16,0,16],"texture":"#anvil"},"down":{"uv":[16,16,16,16],"texture":"#anvil"}}},{"from":[-2.5,-2,23.5],"to":[-0.5,-1,25.5],"faces":{"north":{"uv":[4,4,12,12],"texture":"#wielen inner"},"east":{"uv":[4,4,12,12],"texture":"#wielen inner"},"south":{"uv":[4,4,12,12],"texture":"#wielen inner"},"west":{"uv":[4,4,12,12],"texture":"#wielen inner"},"up":{"uv":[4,4,12,12],"texture":"#wielen inner"},"down":{"uv":[4,4,12,12],"texture":"#wielen inner"}}},{"from":[-2.5,-2,23],"to":[-0.5,-1,23.5],"faces":{"north":{"uv":[16,16,16,16],"texture":"#anvil"},"east":{"uv":[0,16,0,16],"texture":"#anvil"},"south":{"uv":[0,16,0,16],"texture":"#anvil"},"west":{"uv":[16,16,16,16],"texture":"#anvil"},"up":{"uv":[0,16,0,16],"texture":"#anvil"},"down":{"uv":[16,16,16,16],"texture":"#anvil"}}},{"from":[-0.5,-2,23.5],"to":[0,-1,25.5],"faces":{"north":{"uv":[16,16,16,16],"texture":"#anvil"},"east":{"uv":[0,16,0,16],"texture":"#anvil"},"south":{"uv":[0,16,0,16],"texture":"#anvil"},"west":{"uv":[16,16,16,16],"texture":"#anvil"},"up":{"uv":[0,16,0,16],"texture":"#anvil"},"down":{"uv":[16,16,16,16],"texture":"#anvil"}}},{"from":[-2.5,-2,25.5],"to":[-0.5,-1,26],"faces":{"north":{"uv":[16,16,16,16],"texture":"#anvil"},"east":{"uv":[0,16,0,16],"texture":"#anvil"},"south":{"uv":[0,16,0,16],"texture":"#anvil"},"west":{"uv":[16,16,16,16],"texture":"#anvil"},"up":{"uv":[0,16,0,16],"texture":"#anvil"},"down":{"uv":[16,16,16,16],"texture":"#anvil"}}},{"from":[-3,-2,23.5],"to":[-2.5,-1,25.5],"faces":{"north":{"uv":[16,16,16,16],"texture":"#anvil"},"east":{"uv":[0,16,0,16],"texture":"#anvil"},"south":{"uv":[0,16,0,16],"texture":"#anvil"},"west":{"uv":[16,16,16,16],"texture":"#anvil"},"up":{"uv":[0,16,0,16],"texture":"#anvil"},"down":{"uv":[16,16,16,16],"texture":"#anvil"}}},{"from":[-2.625,-1.125,25.5],"to":[0.375,-0.125,27.5],"rotation":{"angle":45,"axis":"z","origin":[-2.625,-0.125,25.5]},"faces":{"north":{"uv":[15.5,11.5,16,12.5],"texture":"#stone_slab_top"},"east":{"uv":[0,11.5,0,12.5],"texture":"#stone_slab_top"},"south":{"uv":[0,11.5,0.5,12.5],"texture":"#stone_slab_top"},"west":{"uv":[16,11.5,16,12.5],"texture":"#stone_slab_top"},"up":{"uv":[0,16,0.5,16],"texture":"#stone_slab_top"},"down":{"uv":[16,16,15.5,16],"texture":"#stone_slab_top"}}},{"from":[-3,-1,25.5],"to":[-1.5,0,27.5],"faces":{"north":{"uv":[15.5,11.5,16,12.5],"texture":"#stone_slab_top"},"east":{"uv":[0,11.5,0,12.5],"texture":"#stone_slab_top"},"south":{"uv":[0,11.5,0.5,12.5],"texture":"#stone_slab_top"},"west":{"uv":[16,11.5,16,12.5],"texture":"#stone_slab_top"},"up":{"uv":[0,16,0.5,16],"texture":"#stone_slab_top"},"down":{"uv":[16,16,15.5,16],"texture":"#stone_slab_top"}}},{"from":[-3,-2.5,26],"to":[-2.5,0,27],"faces":{"north":{"uv":[15.5,11.5,16,12.5],"texture":"#stone_slab_top"},"east":{"uv":[0,11.5,0,12.5],"texture":"#stone_slab_top"},"south":{"uv":[0,11.5,0.5,12.5],"texture":"#stone_slab_top"},"west":{"uv":[16,11.5,16,12.5],"texture":"#stone_slab_top"},"up":{"uv":[0,16,0.5,16],"texture":"#stone_slab_top"},"down":{"uv":[16,16,15.5,16],"texture":"#stone_slab_top"}}},{"from":[-2.5,-1,24.5],"to":[-1,-0.5,28.5],"faces":{"north":{"uv":[15.5,11.5,16,12.5],"texture":"#stone_slab_top"},"east":{"uv":[0,11.5,0,12.5],"texture":"#stone_slab_top"},"south":{"uv":[0,11.5,0.5,12.5],"texture":"#stone_slab_top"},"west":{"uv":[16,11.5,16,12.5],"texture":"#stone_slab_top"},"up":{"uv":[0,16,0.5,16],"texture":"#stone_slab_top"},"down":{"uv":[16,16,15.5,16],"texture":"#stone_slab_top"}}},{"from":[-2.5,-2.5,24.5],"to":[-1,-2,28.5],"faces":{"north":{"uv":[15.5,11.5,16,12.5],"texture":"#stone_slab_top"},"east":{"uv":[0,11.5,0,12.5],"texture":"#stone_slab_top"},"south":{"uv":[0,11.5,0.5,12.5],"texture":"#stone_slab_top"},"west":{"uv":[16,11.5,16,12.5],"texture":"#stone_slab_top"},"up":{"uv":[0,16,0.5,16],"texture":"#stone_slab_top"},"down":{"uv":[16,16,15.5,16],"texture":"#stone_slab_top"}}},{"from":[-2,3,3],"to":[18,4,23],"faces":{"north":{"uv":[0,12,16,13],"texture":"#stone_slab_top"},"east":{"uv":[0,12,13,13],"texture":"#stone_slab_top"},"south":{"uv":[0,12,16,13],"texture":"#stone_slab_top"},"west":{"uv":[3,12,16,13],"texture":"#stone_slab_top"},"up":{"uv":[0,3,16,16],"texture":"#stone_slab_top"},"down":{"uv":[16,16,0,3],"texture":"#stone_slab_top"}}},{"from":[-2,3.8125,1.0625],"to":[18,4.8125,3.5625],"rotation":{"angle":22.5,"axis":"x","origin":[-2,4.8125,1.0625]},"faces":{"north":{"uv":[0,11.1875,16,12.1875],"texture":"#stone_slab_top"},"east":{"uv":[12.4375,11.1875,14.9375,12.1875],"texture":"#stone_slab_top"},"south":{"uv":[0,11.1875,16,12.1875],"texture":"#stone_slab_top"},"west":{"uv":[1.0625,11.1875,3.5625,12.1875],"texture":"#stone_slab_top"},"up":{"uv":[0,1.0625,16,3.5625],"texture":"#stone_slab_top"},"down":{"uv":[16,3.5625,0,1.0625],"texture":"#stone_slab_top"}}},{"from":[9.5,8.125,26.8125],"to":[17.5,10.125,27.8125],"rotation":{"angle":45,"axis":"x","origin":[9.5,10.125,26.8125]},"faces":{"north":{"uv":[0,0,16,16],"texture":"#anvil"},"east":{"uv":[0,0,16,16],"texture":"#anvil"},"south":{"uv":[0,0,16,16],"texture":"#anvil"},"west":{"uv":[0,0,16,16],"texture":"#anvil"},"up":{"uv":[0,0,16,16],"texture":"#anvil"},"down":{"uv":[0,0,16,16],"texture":"#anvil"}}},{"from":[9.5,9.5,11.5],"to":[17.5,12,12.5],"rotation":{"angle":22.5,"axis":"x","origin":[9.5,12,11.5]},"faces":{"north":{"uv":[0,0,16,16],"texture":"#anvil"},"east":{"uv":[0,0,16,16],"texture":"#anvil"},"south":{"uv":[0,0,16,16],"texture":"#anvil"},"west":{"uv":[0,0,16,16],"texture":"#anvil"},"up":{"uv":[0,0,16,16],"texture":"#anvil"},"down":{"uv":[0,0,16,16],"texture":"#anvil"}}},{"from":[10.5,16.5,27.5],"to":[16.5,20.5,28.5],"faces":{"north":{"uv":[0,0,16,16],"texture":"#anvil"},"east":{"uv":[0,0,16,16],"texture":"#anvil"},"south":{"uv":[0,0,16,16],"texture":"#anvil"},"west":{"uv":[0,0,16,16],"texture":"#anvil"},"up":{"uv":[0,0,16,16],"texture":"#anvil"},"down":{"uv":[0,0,16,16],"texture":"#anvil"}}},{"from":[11,16.1875,11.5],"to":[12,20.1875,12.5],"rotation":{"angle":-22.5,"axis":"z","origin":[11,20.1875,11.5]},"faces":{"north":{"uv":[0,0,16,16],"texture":"#anvil"},"east":{"uv":[0,0,16,16],"texture":"#anvil"},"south":{"uv":[0,0,16,16],"texture":"#anvil"},"west":{"uv":[0,0,16,16],"texture":"#anvil"},"up":{"uv":[0,0,16,16],"texture":"#anvil"},"down":{"uv":[0,0,16,16],"texture":"#anvil"}}},{"from":[15.25,16.375,11.5],"to":[16.25,19.875,12.5],"rotation":{"angle":22.5,"axis":"z","origin":[15.25,19.875,11.5]},"faces":{"north":{"uv":[0,0,16,16],"texture":"#anvil"},"east":{"uv":[0,0,16,16],"texture":"#anvil"},"south":{"uv":[0,0,16,16],"texture":"#anvil"},"west":{"uv":[0,0,16,16],"texture":"#anvil"},"up":{"uv":[0,0,16,16],"texture":"#anvil"},"down":{"uv":[0,0,16,16],"texture":"#anvil"}}},{"from":[9.5,7.625,4.125],"to":[13,8.625,5.125],"rotation":{"angle":-22.5,"axis":"x","origin":[9.5,8.625,4.125]},"faces":{"north":{"uv":[0,0,16,16],"texture":"#anvil"},"east":{"uv":[0,0,16,16],"texture":"#anvil"},"south":{"uv":[0,0,16,16],"texture":"#anvil"},"west":{"uv":[0,0,16,16],"texture":"#anvil"},"up":{"uv":[0,0,16,16],"texture":"#anvil"},"down":{"uv":[0,0,16,16],"texture":"#anvil"}}},{"from":[14,7.625,20.0625],"to":[17.5,8.625,21.0625],"rotation":{"angle":-22.5,"axis":"x","origin":[14,8.625,20.0625]},"faces":{"north":{"uv":[0,0,16,16],"texture":"#anvil"},"east":{"uv":[0,0,16,16],"texture":"#anvil"},"south":{"uv":[0,0,16,16],"texture":"#anvil"},"west":{"uv":[0,0,16,16],"texture":"#anvil"},"up":{"uv":[0,0,16,16],"texture":"#anvil"},"down":{"uv":[0,0,16,16],"texture":"#anvil"}}},{"from":[2,8.5625,5.625],"to":[3,9.5625,7.125],"rotation":{"angle":22.5,"axis":"x","origin":[2,9.5625,5.625]},"faces":{"north":{"uv":[0,0,16,16],"texture":"#anvil"},"east":{"uv":[0,0,16,16],"texture":"#anvil"},"south":{"uv":[0,0,16,16],"texture":"#anvil"},"west":{"uv":[0,0,16,16],"texture":"#anvil"},"up":{"uv":[0,0,16,16],"texture":"#anvil"},"down":{"uv":[0,0,16,16],"texture":"#anvil"}}},{"from":[9.5,11.5,11.5],"to":[17.5,17,12.5],"faces":{"north":{"uv":[0,0,16,16],"texture":"#anvil"},"east":{"uv":[0,0,16,16],"texture":"#anvil"},"south":{"uv":[0,0,16,16],"texture":"#anvil"},"west":{"uv":[0,0,16,16],"texture":"#anvil"},"up":{"uv":[0,0,16,16],"texture":"#anvil"},"down":{"uv":[0,0,16,16],"texture":"#anvil"}}},{"from":[3,7.625,4.0625],"to":[6.5,8.625,5.0625],"rotation":{"angle":-22.5,"axis":"x","origin":[3,8.625,4.0625]},"faces":{"north":{"uv":[0,0,16,16],"texture":"#anvil"},"east":{"uv":[0,0,16,16],"texture":"#anvil"},"south":{"uv":[0,0,16,16],"texture":"#anvil"},"west":{"uv":[0,0,16,16],"texture":"#anvil"},"up":{"uv":[0,0,16,16],"texture":"#anvil"},"down":{"uv":[0,0,16,16],"texture":"#anvil"}}},{"from":[-1.5,7.625,20.125],"to":[2,8.625,21.125],"rotation":{"angle":-22.5,"axis":"x","origin":[-1.5,8.625,20.125]},"faces":{"north":{"uv":[0,0,16,16],"texture":"#anvil"},"east":{"uv":[0,0,16,16],"texture":"#anvil"},"south":{"uv":[0,0,16,16],"texture":"#anvil"},"west":{"uv":[0,0,16,16],"texture":"#anvil"},"up":{"uv":[0,0,16,16],"texture":"#anvil"},"down":{"uv":[0,0,16,16],"texture":"#anvil"}}},{"from":[13,8.5625,5.625],"to":[14,9.5625,7.125],"rotation":{"angle":22.5,"axis":"x","origin":[13,9.5625,5.625]},"faces":{"north":{"uv":[0,0,16,16],"texture":"#anvil"},"east":{"uv":[0,0,16,16],"texture":"#anvil"},"south":{"uv":[0,0,16,16],"texture":"#anvil"},"west":{"uv":[0,0,16,16],"texture":"#anvil"},"up":{"uv":[0,0,16,16],"texture":"#anvil"},"down":{"uv":[0,0,16,16],"texture":"#anvil"}}},{"from":[-1.5,8.125,10.8125],"to":[6.5,10.125,11.8125],"rotation":{"angle":45,"axis":"x","origin":[-1.5,10.125,10.8125]},"faces":{"north":{"uv":[0,0,16,16],"texture":"#anvil"},"east":{"uv":[0,0,16,16],"texture":"#anvil"},"south":{"uv":[0,0,16,16],"texture":"#anvil"},"west":{"uv":[0,0,16,16],"texture":"#anvil"},"up":{"uv":[0,0,16,16],"texture":"#anvil"},"down":{"uv":[0,0,16,16],"texture":"#anvil"}}},{"from":[-1.5,9.5,11.5],"to":[6.5,12,12.5],"rotation":{"angle":22.5,"axis":"x","origin":[-1.5,12,11.5]},"faces":{"north":{"uv":[0,0,16,16],"texture":"#anvil"},"east":{"uv":[0,0,16,16],"texture":"#anvil"},"south":{"uv":[0,0,16,16],"texture":"#anvil"},"west":{"uv":[0,0,16,16],"texture":"#anvil"},"up":{"uv":[0,0,16,16],"texture":"#anvil"},"down":{"uv":[0,0,16,16],"texture":"#anvil"}}},{"from":[-1.5,11.5,11.5],"to":[6.5,17,12.5],"faces":{"north":{"uv":[0,0,16,16],"texture":"#anvil"},"east":{"uv":[0,0,16,16],"texture":"#anvil"},"south":{"uv":[0,0,16,16],"texture":"#anvil"},"west":{"uv":[0,0,16,16],"texture":"#anvil"},"up":{"uv":[0,0,16,16],"texture":"#anvil"},"down":{"uv":[0,0,16,16],"texture":"#anvil"}}},{"from":[-0.5,17,11.5],"to":[5.5,20.5,12.5],"faces":{"north":{"uv":[0,0,16,16],"texture":"#anvil"},"east":{"uv":[0,0,16,16],"texture":"#anvil"},"south":{"uv":[0,0,16,16],"texture":"#anvil"},"west":{"uv":[0,0,16,16],"texture":"#anvil"},"up":{"uv":[0,0,16,16],"texture":"#anvil"},"down":{"uv":[0,0,16,16],"texture":"#anvil"}}},{"from":[3,16.5,11.5],"to":[4,20.5,12.5],"rotation":{"angle":-22.5,"axis":"z","origin":[3,20.5,11.5]},"faces":{"north":{"uv":[0,0,16,16],"texture":"#anvil"},"east":{"uv":[0,0,16,16],"texture":"#anvil"},"south":{"uv":[0,0,16,16],"texture":"#anvil"},"west":{"uv":[0,0,16,16],"texture":"#anvil"},"up":{"uv":[0,0,16,16],"texture":"#anvil"},"down":{"uv":[0,0,16,16],"texture":"#anvil"}}},{"from":[4,16,11.5],"to":[5,20,12.5],"rotation":{"angle":22.5,"axis":"z","origin":[4,20,11.5]},"faces":{"north":{"uv":[0,0,16,16],"texture":"#anvil"},"east":{"uv":[0,0,16,16],"texture":"#anvil"},"south":{"uv":[0,0,16,16],"texture":"#anvil"},"west":{"uv":[0,0,16,16],"texture":"#anvil"},"up":{"uv":[0,0,16,16],"texture":"#anvil"},"down":{"uv":[0,0,16,16],"texture":"#anvil"}}},{"from":[-2,5,6.5],"to":[18,8,10],"faces":{"north":{"uv":[10,8,16,9],"texture":"#stone_slab_top"},"east":{"uv":[6,8,9.5,9],"texture":"#stone_slab_top"},"south":{"uv":[0,8,6,9],"texture":"#stone_slab_top"},"west":{"uv":[6.5,8,10,9],"texture":"#stone_slab_top"},"up":{"uv":[0,6.5,6,10],"texture":"#stone_slab_top"},"down":{"uv":[16,10,10,6.5],"texture":"#stone_slab_top"}}},{"from":[3,7.625,20.0625],"to":[6.5,8.625,21.0625],"rotation":{"angle":-22.5,"axis":"x","origin":[3,8.625,20.0625]},"faces":{"north":{"uv":[0,0,16,16],"texture":"#anvil"},"east":{"uv":[0,0,16,16],"texture":"#anvil"},"south":{"uv":[0,0,16,16],"texture":"#anvil"},"west":{"uv":[0,0,16,16],"texture":"#anvil"},"up":{"uv":[0,0,16,16],"texture":"#anvil"},"down":{"uv":[0,0,16,16],"texture":"#anvil"}}},{"from":[-1.5,7.625,4.125],"to":[2,8.625,5.125],"rotation":{"angle":-22.5,"axis":"x","origin":[-1.5,8.625,4.125]},"faces":{"north":{"uv":[0,0,16,16],"texture":"#anvil"},"east":{"uv":[0,0,16,16],"texture":"#anvil"},"south":{"uv":[0,0,16,16],"texture":"#anvil"},"west":{"uv":[0,0,16,16],"texture":"#anvil"},"up":{"uv":[0,0,16,16],"texture":"#anvil"},"down":{"uv":[0,0,16,16],"texture":"#anvil"}}},{"from":[2,8.5625,21.625],"to":[3,9.5625,23.125],"rotation":{"angle":22.5,"axis":"x","origin":[2,9.5625,21.625]},"faces":{"north":{"uv":[0,0,16,16],"texture":"#anvil"},"east":{"uv":[0,0,16,16],"texture":"#anvil"},"south":{"uv":[0,0,16,16],"texture":"#anvil"},"west":{"uv":[0,0,16,16],"texture":"#anvil"},"up":{"uv":[0,0,16,16],"texture":"#anvil"},"down":{"uv":[0,0,16,16],"texture":"#anvil"}}},{"from":[13,8.5625,21.625],"to":[14,9.5625,23.125],"rotation":{"angle":22.5,"axis":"x","origin":[13,9.5625,21.625]},"faces":{"north":{"uv":[0,0,16,16],"texture":"#anvil"},"east":{"uv":[0,0,16,16],"texture":"#anvil"},"south":{"uv":[0,0,16,16],"texture":"#anvil"},"west":{"uv":[0,0,16,16],"texture":"#anvil"},"up":{"uv":[0,0,16,16],"texture":"#anvil"},"down":{"uv":[0,0,16,16],"texture":"#anvil"}}},{"from":[9.5,7.625,20.125],"to":[13,8.625,21.125],"rotation":{"angle":-22.5,"axis":"x","origin":[9.5,8.625,20.125]},"faces":{"north":{"uv":[0,0,16,16],"texture":"#anvil"},"east":{"uv":[0,0,16,16],"texture":"#anvil"},"south":{"uv":[0,0,16,16],"texture":"#anvil"},"west":{"uv":[0,0,16,16],"texture":"#anvil"},"up":{"uv":[0,0,16,16],"texture":"#anvil"},"down":{"uv":[0,0,16,16],"texture":"#anvil"}}},{"from":[14,7.625,4.0625],"to":[17.5,8.625,5.0625],"rotation":{"angle":-22.5,"axis":"x","origin":[14,8.625,4.0625]},"faces":{"north":{"uv":[0,0,16,16],"texture":"#anvil"},"east":{"uv":[0,0,16,16],"texture":"#anvil"},"south":{"uv":[0,0,16,16],"texture":"#anvil"},"west":{"uv":[0,0,16,16],"texture":"#anvil"},"up":{"uv":[0,0,16,16],"texture":"#anvil"},"down":{"uv":[0,0,16,16],"texture":"#anvil"}}},{"from":[9.5,8.125,10.8125],"to":[17.5,10.125,11.8125],"rotation":{"angle":45,"axis":"x","origin":[9.5,10.125,10.8125]},"faces":{"north":{"uv":[0,0,16,16],"texture":"#anvil"},"east":{"uv":[0,0,16,16],"texture":"#anvil"},"south":{"uv":[0,0,16,16],"texture":"#anvil"},"west":{"uv":[0,0,16,16],"texture":"#anvil"},"up":{"uv":[0,0,16,16],"texture":"#anvil"},"down":{"uv":[0,0,16,16],"texture":"#anvil"}}},{"from":[-1.5,8.125,26.8125],"to":[6.5,10.125,27.8125],"rotation":{"angle":45,"axis":"x","origin":[-1.5,10.125,26.8125]},"faces":{"north":{"uv":[0,0,16,16],"texture":"#anvil"},"east":{"uv":[0,0,16,16],"texture":"#anvil"},"south":{"uv":[0,0,16,16],"texture":"#anvil"},"west":{"uv":[0,0,16,16],"texture":"#anvil"},"up":{"uv":[0,0,16,16],"texture":"#anvil"},"down":{"uv":[0,0,16,16],"texture":"#anvil"}}},{"from":[-1.5,9.5,27.4567],"to":[6.5,12,28.4567],"rotation":{"angle":22.5,"axis":"x","origin":[-1.5,12,27.4567]},"faces":{"north":{"uv":[0,0,16,16],"texture":"#anvil"},"east":{"uv":[0,0,16,16],"texture":"#anvil"},"south":{"uv":[0,0,16,16],"texture":"#anvil"},"west":{"uv":[0,0,16,16],"texture":"#anvil"},"up":{"uv":[0,0,16,16],"texture":"#anvil"},"down":{"uv":[0,0,16,16],"texture":"#anvil"}}},{"from":[9.5,9.5,27.5],"to":[17.5,12,28.5],"rotation":{"angle":22.5,"axis":"x","origin":[9.5,12,27.5]},"faces":{"north":{"uv":[0,0,16,16],"texture":"#anvil"},"east":{"uv":[0,0,16,16],"texture":"#anvil"},"south":{"uv":[0,0,16,16],"texture":"#anvil"},"west":{"uv":[0,0,16,16],"texture":"#anvil"},"up":{"uv":[0,0,16,16],"texture":"#anvil"},"down":{"uv":[0,0,16,16],"texture":"#anvil"}}},{"from":[-1.5,11.5,27.5],"to":[6.5,17,28.5],"faces":{"north":{"uv":[0,0,16,16],"texture":"#anvil"},"east":{"uv":[0,0,16,16],"texture":"#anvil"},"south":{"uv":[0,0,16,16],"texture":"#anvil"},"west":{"uv":[0,0,16,16],"texture":"#anvil"},"up":{"uv":[0,0,16,16],"texture":"#anvil"},"down":{"uv":[0,0,16,16],"texture":"#anvil"}}},{"from":[9.5,11.5,27.5],"to":[17.5,17,28.5],"faces":{"north":{"uv":[0,0,16,16],"texture":"#anvil"},"east":{"uv":[0,0,16,16],"texture":"#anvil"},"south":{"uv":[0,0,16,16],"texture":"#anvil"},"west":{"uv":[0,0,16,16],"texture":"#anvil"},"up":{"uv":[0,0,16,16],"texture":"#anvil"},"down":{"uv":[0,0,16,16],"texture":"#anvil"}}},{"from":[10.5,16,11.5],"to":[16.5,20.5,12.5],"faces":{"north":{"uv":[0,0,16,16],"texture":"#anvil"},"east":{"uv":[0,0,16,16],"texture":"#anvil"},"south":{"uv":[0,0,16,16],"texture":"#anvil"},"west":{"uv":[0,0,16,16],"texture":"#anvil"},"up":{"uv":[0,0,16,16],"texture":"#anvil"},"down":{"uv":[0,0,16,16],"texture":"#anvil"}}},{"from":[-0.5,16.5,27.5],"to":[5.5,20.5,28.5],"faces":{"north":{"uv":[0,0,16,16],"texture":"#anvil"},"east":{"uv":[0,0,16,16],"texture":"#anvil"},"south":{"uv":[0,0,16,16],"texture":"#anvil"},"west":{"uv":[0,0,16,16],"texture":"#anvil"},"up":{"uv":[0,0,16,16],"texture":"#anvil"},"down":{"uv":[0,0,16,16],"texture":"#anvil"}}},{"from":[10.9057,16.1875,27.5],"to":[11.9057,20.1875,28.5],"rotation":{"angle":-22.5,"axis":"z","origin":[10.9057,20.1875,27.5]},"faces":{"north":{"uv":[0,0,16,16],"texture":"#anvil"},"east":{"uv":[0,0,16,16],"texture":"#anvil"},"south":{"uv":[0,0,16,16],"texture":"#anvil"},"west":{"uv":[0,0,16,16],"texture":"#anvil"},"up":{"uv":[0,0,16,16],"texture":"#anvil"},"down":{"uv":[0,0,16,16],"texture":"#anvil"}}},{"from":[15.25,16.375,27.5],"to":[16.25,19.875,28.5],"rotation":{"angle":22.5,"axis":"z","origin":[15.25,19.875,27.5]},"faces":{"north":{"uv":[0,0,16,16],"texture":"#anvil"},"east":{"uv":[0,0,16,16],"texture":"#anvil"},"south":{"uv":[0,0,16,16],"texture":"#anvil"},"west":{"uv":[0,0,16,16],"texture":"#anvil"},"up":{"uv":[0,0,16,16],"texture":"#anvil"},"down":{"uv":[0,0,16,16],"texture":"#anvil"}}},{"from":[-2,4.5,22.5],"to":[18,8,26],"faces":{"north":{"uv":[10,8,16,9],"texture":"#stone_slab_top"},"east":{"uv":[0,8,0,9],"texture":"#stone_slab_top"},"south":{"uv":[0,8,6,9],"texture":"#stone_slab_top"},"west":{"uv":[16,8,16,9],"texture":"#stone_slab_top"},"up":{"uv":[0,16,6,16],"texture":"#stone_slab_top"},"down":{"uv":[16,16,10,16],"texture":"#stone_slab_top"}}},{"from":[-0.5,17,11.5],"to":[5.5,20.5,12.5],"faces":{"north":{"uv":[0,0,16,16],"texture":"#anvil"},"east":{"uv":[0,0,16,16],"texture":"#anvil"},"south":{"uv":[0,0,16,16],"texture":"#anvil"},"west":{"uv":[0,0,16,16],"texture":"#anvil"},"up":{"uv":[0,0,16,16],"texture":"#anvil"},"down":{"uv":[0,0,16,16],"texture":"#anvil"}}},{"from":[-2,12.5,12.5],"to":[18,16.5,13.5],"faces":{"north":{"uv":[10,8,16,9],"texture":"#stone_slab_top"},"east":{"uv":[6,8,9.5,9],"texture":"#stone_slab_top"},"south":{"uv":[0,8,6,9],"texture":"#stone_slab_top"},"west":{"uv":[6.5,8,10,9],"texture":"#stone_slab_top"},"up":{"uv":[0,6.5,6,10],"texture":"#stone_slab_top"},"down":{"uv":[16,10,10,6.5],"texture":"#stone_slab_top"}}},{"from":[-2,4.0625,12.0692],"to":[18,13.0625,13.5692],"rotation":{"angle":22.5,"axis":"x","origin":[-2,13.0625,12.0692]},"faces":{"north":{"uv":[10,8,16,9],"texture":"#stone_slab_top"},"east":{"uv":[6,8,9.5,9],"texture":"#stone_slab_top"},"south":{"uv":[0,8,6,9],"texture":"#stone_slab_top"},"west":{"uv":[6.5,8,10,9],"texture":"#stone_slab_top"},"up":{"uv":[0,6.5,6,10],"texture":"#stone_slab_top"},"down":{"uv":[16,10,10,6.5],"texture":"#stone_slab_top"}}},{"from":[-0.5,16.5,11.5],"to":[5.5,20.5,12.5],"faces":{"north":{"uv":[0,0,16,16],"texture":"#anvil"},"east":{"uv":[0,0,16,16],"texture":"#anvil"},"south":{"uv":[0,0,16,16],"texture":"#anvil"},"west":{"uv":[0,0,16,16],"texture":"#anvil"},"up":{"uv":[0,0,16,16],"texture":"#anvil"},"down":{"uv":[0,0,16,16],"texture":"#anvil"}}},{"from":[-0.03175,16.1875,27.5],"to":[0.96825,20.1875,28.5],"rotation":{"angle":-22.5,"axis":"z","origin":[-0.03175,20.1875,27.5]},"faces":{"north":{"uv":[0,0,16,16],"texture":"#anvil"},"east":{"uv":[0,0,16,16],"texture":"#anvil"},"south":{"uv":[0,0,16,16],"texture":"#anvil"},"west":{"uv":[0,0,16,16],"texture":"#anvil"},"up":{"uv":[0,0,16,16],"texture":"#anvil"},"down":{"uv":[0,0,16,16],"texture":"#anvil"}}},{"from":[-0.03175,16.1875,11.5],"to":[0.96825,20.1875,12.5],"rotation":{"angle":-22.5,"axis":"z","origin":[-0.03175,20.1875,11.5]},"faces":{"north":{"uv":[0,0,16,16],"texture":"#anvil"},"east":{"uv":[0,0,16,16],"texture":"#anvil"},"south":{"uv":[0,0,16,16],"texture":"#anvil"},"west":{"uv":[0,0,16,16],"texture":"#anvil"},"up":{"uv":[0,0,16,16],"texture":"#anvil"},"down":{"uv":[0,0,16,16],"texture":"#anvil"}}},{"from":[-2,12.5,28.5],"to":[18,16.5,29.5],"faces":{"north":{"uv":[10,8,16,9],"texture":"#stone_slab_top"},"east":{"uv":[6,8,9.5,9],"texture":"#stone_slab_top"},"south":{"uv":[0,8,6,9],"texture":"#stone_slab_top"},"west":{"uv":[6.5,8,10,9],"texture":"#stone_slab_top"},"up":{"uv":[0,6.5,6,10],"texture":"#stone_slab_top"},"down":{"uv":[16,10,10,6.5],"texture":"#stone_slab_top"}}},{"from":[-2,4.0625,28.125],"to":[18,13.0625,29.625],"rotation":{"angle":22.5,"axis":"x","origin":[-2,13.0625,28.125]},"faces":{"north":{"uv":[10,8,16,9],"texture":"#stone_slab_top"},"east":{"uv":[6,8,9.5,9],"texture":"#stone_slab_top"},"south":{"uv":[0,8,6,9],"texture":"#stone_slab_top"},"west":{"uv":[6.5,8,10,9],"texture":"#stone_slab_top"},"up":{"uv":[0,6.5,6,10],"texture":"#stone_slab_top"},"down":{"uv":[16,10,10,6.5],"texture":"#stone_slab_top"}}},{"from":[-3,3,-2.5],"to":[-2,7.5,22.5],"faces":{"north":{"uv":[16,8.5,16,13],"texture":"#buitenkant"},"east":{"uv":[0,8.5,16,13],"texture":"#buitenkant"},"south":{"uv":[0,8.5,0,13],"texture":"#buitenkant"},"west":{"uv":[0,8.5,16,13],"texture":"#buitenkant"},"up":{"uv":[0,0,0,16],"texture":"#buitenkant"},"down":{"uv":[16,16,16,0],"texture":"#buitenkant"}}},{"from":[-3,6.625,23.125],"to":[-2,16.625,31.125],"rotation":{"angle":22.5,"axis":"x","origin":[-3,16.625,23.125]},"faces":{"north":{"uv":[16,8.5,16,12],"texture":"#buitenkant"},"east":{"uv":[0,8.5,0,12],"texture":"#buitenkant"},"south":{"uv":[0,8.5,0,12],"texture":"#buitenkant"},"west":{"uv":[16,8.5,16,12],"texture":"#buitenkant"},"up":{"uv":[0,16,0,16],"texture":"#buitenkant"},"down":{"uv":[16,16,16,16],"texture":"#buitenkant"}}},{"from":[-3,6.5625,7.125],"to":[-2,16.5625,15.125],"rotation":{"angle":22.5,"axis":"x","origin":[-3,16.5625,7.125]},"faces":{"north":{"uv":[16,8.5,16,12],"texture":"#buitenkant"},"east":{"uv":[0,8.5,0,12],"texture":"#buitenkant"},"south":{"uv":[0,8.5,0,12],"texture":"#buitenkant"},"west":{"uv":[16,8.5,16,12],"texture":"#buitenkant"},"up":{"uv":[0,16,0,16],"texture":"#buitenkant"},"down":{"uv":[16,16,16,16],"texture":"#buitenkant"}}},{"from":[18,6.5625,7.125],"to":[19,16.5625,15.125],"rotation":{"angle":22.5,"axis":"x","origin":[18,16.5625,7.125]},"faces":{"north":{"uv":[16,8.5,16,12],"texture":"#buitenkant"},"east":{"uv":[0,8.5,0,12],"texture":"#buitenkant"},"south":{"uv":[0,8.5,0,12],"texture":"#buitenkant"},"west":{"uv":[16,8.5,16,12],"texture":"#buitenkant"},"up":{"uv":[0,16,0,16],"texture":"#buitenkant"},"down":{"uv":[16,16,16,16],"texture":"#buitenkant"}}},{"from":[18,6.5625,23.125],"to":[19,16.5625,31.125],"rotation":{"angle":22.5,"axis":"x","origin":[18,16.5625,23.125]},"faces":{"north":{"uv":[16,8.5,16,12],"texture":"#buitenkant"},"east":{"uv":[0,8.5,0,12],"texture":"#buitenkant"},"south":{"uv":[0,8.5,0,12],"texture":"#buitenkant"},"west":{"uv":[16,8.5,16,12],"texture":"#buitenkant"},"up":{"uv":[0,16,0,16],"texture":"#buitenkant"},"down":{"uv":[16,16,16,16],"texture":"#buitenkant"}}},{"from":[-3,13.5,7],"to":[-2.5,16.5,14.5],"faces":{"north":{"uv":[16,8.5,16,12],"texture":"#buitenkant"},"east":{"uv":[0,8.5,0,12],"texture":"#buitenkant"},"south":{"uv":[0,8.5,0,12],"texture":"#buitenkant"},"west":{"uv":[16,8.5,16,12],"texture":"#buitenkant"},"up":{"uv":[0,16,0,16],"texture":"#buitenkant"},"down":{"uv":[16,16,16,16],"texture":"#buitenkant"}}},{"from":[-3,13.5,23],"to":[-2,16.5,30.5],"faces":{"north":{"uv":[16,8.5,16,12],"texture":"#buitenkant"},"east":{"uv":[0,8.5,0,12],"texture":"#buitenkant"},"south":{"uv":[0,8.5,0,12],"texture":"#buitenkant"},"west":{"uv":[16,8.5,16,12],"texture":"#buitenkant"},"up":{"uv":[0,16,0,16],"texture":"#buitenkant"},"down":{"uv":[16,16,16,16],"texture":"#buitenkant"}}},{"from":[-3,7.5,12],"to":[-2,11,13],"faces":{"north":{"uv":[16,8.5,16,12],"texture":"#buitenkant"},"east":{"uv":[0,8.5,0,12],"texture":"#buitenkant"},"south":{"uv":[0,8.5,0,12],"texture":"#buitenkant"},"west":{"uv":[16,8.5,16,12],"texture":"#buitenkant"},"up":{"uv":[0,16,0,16],"texture":"#buitenkant"},"down":{"uv":[16,16,16,16],"texture":"#buitenkant"}}},{"from":[18,3,-2.5],"to":[19,7.5,24],"faces":{"north":{"uv":[16,8.5,16,13],"texture":"#buitenkant"},"east":{"uv":[0,8.5,16,13],"texture":"#buitenkant"},"south":{"uv":[0,8.5,0,13],"texture":"#buitenkant"},"west":{"uv":[0,8.5,16,13],"texture":"#buitenkant"},"up":{"uv":[0,0,0,16],"texture":"#buitenkant"},"down":{"uv":[16,16,16,0],"texture":"#buitenkant"}}},{"from":[18,7.5,12],"to":[19,11,13],"faces":{"north":{"uv":[16,8.5,16,12],"texture":"#buitenkant"},"east":{"uv":[0,8.5,0,12],"texture":"#buitenkant"},"south":{"uv":[0,8.5,0,12],"texture":"#buitenkant"},"west":{"uv":[16,8.5,16,12],"texture":"#buitenkant"},"up":{"uv":[0,16,0,16],"texture":"#buitenkant"},"down":{"uv":[16,16,16,16],"texture":"#buitenkant"}}},{"from":[-3,4.5,28],"to":[19,10,29],"faces":{"north":{"uv":[16,8.5,16,12],"texture":"#buitenkant"},"east":{"uv":[0,8.5,0,12],"texture":"#buitenkant"},"south":{"uv":[0,8.5,0,12],"texture":"#buitenkant"},"west":{"uv":[16,8.5,16,12],"texture":"#buitenkant"},"up":{"uv":[0,16,0,16],"texture":"#buitenkant"},"down":{"uv":[16,16,16,16],"texture":"#buitenkant"}}},{"from":[18,13.5,23],"to":[19,16.5,30.5],"faces":{"north":{"uv":[16,8.5,16,12],"texture":"#buitenkant"},"east":{"uv":[0,8.5,0,12],"texture":"#buitenkant"},"south":{"uv":[0,8.5,0,12],"texture":"#buitenkant"},"west":{"uv":[16,8.5,16,12],"texture":"#buitenkant"},"up":{"uv":[0,16,0,16],"texture":"#buitenkant"},"down":{"uv":[16,16,16,16],"texture":"#buitenkant"}}},{"from":[18,13.5,7],"to":[19,16.5,14.5],"faces":{"north":{"uv":[16,8.5,16,12],"texture":"#buitenkant"},"east":{"uv":[0,8.5,0,12],"texture":"#buitenkant"},"south":{"uv":[0,8.5,0,12],"texture":"#buitenkant"},"west":{"uv":[16,8.5,16,12],"texture":"#buitenkant"},"up":{"uv":[0,16,0,16],"texture":"#buitenkant"},"down":{"uv":[16,16,16,16],"texture":"#buitenkant"}}},{"from":[-3,3.375,29.5625],"to":[19,13.875,30.5625],"rotation":{"angle":22.5,"axis":"x","origin":[-3,13.875,29.5625]},"faces":{"north":{"uv":[16,8.5,16,13],"texture":"#buitenkant"},"east":{"uv":[0,8.5,16,13],"texture":"#buitenkant"},"south":{"uv":[0,8.5,0,13],"texture":"#buitenkant"},"west":{"uv":[0,8.5,16,13],"texture":"#buitenkant"},"up":{"uv":[0,0,0,16],"texture":"#buitenkant"},"down":{"uv":[16,16,16,0],"texture":"#buitenkant"}}},{"from":[18,3.5,22.5],"to":[19,7.5,28],"faces":{"north":{"uv":[16,8.5,16,13],"texture":"#buitenkant"},"east":{"uv":[0,8.5,16,13],"texture":"#buitenkant"},"south":{"uv":[0,8.5,0,13],"texture":"#buitenkant"},"west":{"uv":[0,8.5,16,13],"texture":"#buitenkant"},"up":{"uv":[0,0,0,16],"texture":"#buitenkant"},"down":{"uv":[16,16,16,0],"texture":"#buitenkant"}}},{"from":[-3,1.5,1],"to":[-2.5,3,21.5],"faces":{"north":{"uv":[16,8.5,16,13],"texture":"#buitenkant"},"east":{"uv":[0,8.5,16,13],"texture":"#buitenkant"},"south":{"uv":[0,8.5,0,13],"texture":"#buitenkant"},"west":{"uv":[0,8.5,16,13],"texture":"#buitenkant"},"up":{"uv":[0,0,0,16],"texture":"#buitenkant"},"down":{"uv":[16,16,16,0],"texture":"#buitenkant"}}},{"from":[-3,1.375,20.4375],"to":[-2,2.875,25.4375],"rotation":{"angle":-22.5,"axis":"x","origin":[-3,2.875,20.4375]},"faces":{"north":{"uv":[16,8.5,16,13],"texture":"#buitenkant"},"east":{"uv":[0,8.5,16,13],"texture":"#buitenkant"},"south":{"uv":[0,8.5,0,13],"texture":"#buitenkant"},"west":{"uv":[0,8.5,16,13],"texture":"#buitenkant"},"up":{"uv":[0,0,0,16],"texture":"#buitenkant"},"down":{"uv":[16,16,16,0],"texture":"#buitenkant"}}},{"from":[-3,3.5,22.5],"to":[-2,7.5,28],"faces":{"north":{"uv":[16,8.5,16,13],"texture":"#buitenkant"},"east":{"uv":[0,8.5,16,13],"texture":"#buitenkant"},"south":{"uv":[0,8.5,0,13],"texture":"#buitenkant"},"west":{"uv":[0,8.5,16,13],"texture":"#buitenkant"},"up":{"uv":[0,0,0,16],"texture":"#buitenkant"},"down":{"uv":[16,16,16,0],"texture":"#buitenkant"}}},{"from":[-3,3.6875,28.3125],"to":[19,5.1875,29.3125],"rotation":{"angle":45,"axis":"x","origin":[-3,5.1875,28.3125]},"faces":{"north":{"uv":[16,8.5,16,12],"texture":"#buitenkant"},"east":{"uv":[0,8.5,0,12],"texture":"#buitenkant"},"south":{"uv":[0,8.5,0,12],"texture":"#buitenkant"},"west":{"uv":[16,8.5,16,12],"texture":"#buitenkant"},"up":{"uv":[0,16,0,16],"texture":"#buitenkant"},"down":{"uv":[16,16,16,16],"texture":"#buitenkant"}}},{"from":[18,1.5,1],"to":[19,3,21.5],"faces":{"north":{"uv":[16,8.5,16,13],"texture":"#buitenkant"},"east":{"uv":[0,8.5,16,13],"texture":"#buitenkant"},"south":{"uv":[0,8.5,0,13],"texture":"#buitenkant"},"west":{"uv":[0,8.5,16,13],"texture":"#buitenkant"},"up":{"uv":[0,0,0,16],"texture":"#buitenkant"},"down":{"uv":[16,16,16,0],"texture":"#buitenkant"}}},{"from":[18,1.375,20.4375],"to":[19,2.875,25.4375],"rotation":{"angle":-22.5,"axis":"x","origin":[18,2.875,20.4375]},"faces":{"north":{"uv":[16,8.5,16,13],"texture":"#buitenkant"},"east":{"uv":[0,8.5,16,13],"texture":"#buitenkant"},"south":{"uv":[0,8.5,0,13],"texture":"#buitenkant"},"west":{"uv":[0,8.5,16,13],"texture":"#buitenkant"},"up":{"uv":[0,0,0,16],"texture":"#buitenkant"},"down":{"uv":[16,16,16,0],"texture":"#buitenkant"}}},{"from":[-3,3.375,13.5182],"to":[19,13.875,14.5182],"rotation":{"angle":22.5,"axis":"x","origin":[-3,13.875,13.5182]},"faces":{"north":{"uv":[16,8.5,16,13],"texture":"#buitenkant"},"east":{"uv":[0,8.5,16,13],"texture":"#buitenkant"},"south":{"uv":[0,8.5,0,13],"texture":"#buitenkant"},"west":{"uv":[0,8.5,16,13],"texture":"#buitenkant"},"up":{"uv":[0,0,0,16],"texture":"#buitenkant"},"down":{"uv":[16,16,16,0],"texture":"#buitenkant"}}},{"from":[-3,13.5,29.5],"to":[19,16.5,30.5],"faces":{"north":{"uv":[16,8.5,16,13],"texture":"#buitenkant"},"east":{"uv":[0,8.5,16,13],"texture":"#buitenkant"},"south":{"uv":[0,8.5,0,13],"texture":"#buitenkant"},"west":{"uv":[0,8.5,16,13],"texture":"#buitenkant"},"up":{"uv":[0,0,0,16],"texture":"#buitenkant"},"down":{"uv":[16,16,16,0],"texture":"#buitenkant"}}},{"from":[-3,13.5,13.5],"to":[19,16.5,14.5],"faces":{"north":{"uv":[16,8.5,16,13],"texture":"#buitenkant"},"east":{"uv":[0,8.5,16,13],"texture":"#buitenkant"},"south":{"uv":[0,8.5,0,13],"texture":"#buitenkant"},"west":{"uv":[0,8.5,16,13],"texture":"#buitenkant"},"up":{"uv":[0,0,0,16],"texture":"#buitenkant"},"down":{"uv":[16,16,16,0],"texture":"#buitenkant"}}},{"from":[-3.5,7,-0.5],"to":[-1.5,8,29.5],"faces":{"north":{"uv":[16,8,16,9],"texture":"#RANDEN"},"east":{"uv":[0,8,16,9],"texture":"#RANDEN"},"south":{"uv":[0,8,0,9],"texture":"#RANDEN"},"west":{"uv":[0,8,16,9],"texture":"#RANDEN"},"up":{"uv":[0,0,0,16],"texture":"#RANDEN"},"down":{"uv":[16,16,16,0],"texture":"#RANDEN"}}},{"from":[17.5,7,-0.5],"to":[19.5,8,29.5],"faces":{"north":{"uv":[0,8,0,9],"texture":"#RANDEN"},"east":{"uv":[0,8,16,9],"texture":"#RANDEN"},"south":{"uv":[16,8,16,9],"texture":"#RANDEN"},"west":{"uv":[0,8,16,9],"texture":"#RANDEN"},"up":{"uv":[16,0,16,16],"texture":"#RANDEN"},"down":{"uv":[0,16,0,0],"texture":"#RANDEN"}}},{"from":[-3.5,6.5625,6.625],"to":[-1.5,17.0625,7.625],"rotation":{"angle":22.5,"axis":"x","origin":[-3.5,17.0625,6.625]},"faces":{"north":{"uv":[16,0,16,7],"texture":"#RANDEN"},"east":{"uv":[13.5,0,14.5,7],"texture":"#RANDEN"},"south":{"uv":[0,0,0,7],"texture":"#RANDEN"},"west":{"uv":[1.5,0,2.5,7],"texture":"#RANDEN"},"up":{"uv":[0,1.5,0,2.5],"texture":"#RANDEN"},"down":{"uv":[16,2.5,16,1.5],"texture":"#RANDEN"}}},{"from":[-3.5,6.5625,22.625],"to":[-1.5,17.0625,23.625],"rotation":{"angle":22.5,"axis":"x","origin":[-3.5,17.0625,22.625]},"faces":{"north":{"uv":[16,0,16,7],"texture":"#RANDEN"},"east":{"uv":[13.5,0,14.5,7],"texture":"#RANDEN"},"south":{"uv":[0,0,0,7],"texture":"#RANDEN"},"west":{"uv":[1.5,0,2.5,7],"texture":"#RANDEN"},"up":{"uv":[0,1.5,0,2.5],"texture":"#RANDEN"},"down":{"uv":[16,2.5,16,1.5],"texture":"#RANDEN"}}},{"from":[4.25,16.375,27.5],"to":[5.25,19.875,28.5],"rotation":{"angle":22.5,"axis":"z","origin":[4.25,19.875,27.5]},"faces":{"north":{"uv":[0,0,16,16],"texture":"#anvil"},"east":{"uv":[0,0,16,16],"texture":"#anvil"},"south":{"uv":[0,0,16,16],"texture":"#anvil"},"west":{"uv":[0,0,16,16],"texture":"#anvil"},"up":{"uv":[0,0,16,16],"texture":"#anvil"},"down":{"uv":[0,0,16,16],"texture":"#anvil"}}},{"from":[-3.5,16,6.5],"to":[-1.5,17,15],"faces":{"north":{"uv":[16,0,16,0],"texture":"#RANDEN"},"east":{"uv":[1,0,9.5,0],"texture":"#RANDEN"},"south":{"uv":[0,0,0,0],"texture":"#RANDEN"},"west":{"uv":[6.5,0,15,0],"texture":"#RANDEN"},"up":{"uv":[0,6.5,0,15],"texture":"#RANDEN"},"down":{"uv":[16,15,16,6.5],"texture":"#RANDEN"}}},{"from":[-3.5,16,22.5],"to":[-1.5,17,31],"faces":{"north":{"uv":[16,0,16,0],"texture":"#RANDEN"},"east":{"uv":[0,0,0,0],"texture":"#RANDEN"},"south":{"uv":[0,0,0,0],"texture":"#RANDEN"},"west":{"uv":[16,0,16,0],"texture":"#RANDEN"},"up":{"uv":[0,16,0,16],"texture":"#RANDEN"},"down":{"uv":[16,16,16,16],"texture":"#RANDEN"}}},{"from":[17.5,16,6.5],"to":[19.5,17,15],"faces":{"north":{"uv":[0,0,0,0],"texture":"#RANDEN"},"east":{"uv":[1,0,9.5,0],"texture":"#RANDEN"},"south":{"uv":[16,0,16,0],"texture":"#RANDEN"},"west":{"uv":[6.5,0,15,0],"texture":"#RANDEN"},"up":{"uv":[16,6.5,16,15],"texture":"#RANDEN"},"down":{"uv":[0,15,0,6.5],"texture":"#RANDEN"}}},{"from":[17.5,16,22.5],"to":[19.5,17,31],"faces":{"north":{"uv":[0,0,0,0],"texture":"#RANDEN"},"east":{"uv":[0,0,0,0],"texture":"#RANDEN"},"south":{"uv":[16,0,16,0],"texture":"#RANDEN"},"west":{"uv":[16,0,16,0],"texture":"#RANDEN"},"up":{"uv":[16,16,16,16],"texture":"#RANDEN"},"down":{"uv":[0,16,0,16],"texture":"#RANDEN"}}},{"from":[17.5,6.5625,22.5625],"to":[19.5,17.0625,23.5625],"rotation":{"angle":22.5,"axis":"x","origin":[17.5,17.0625,22.5625]},"faces":{"north":{"uv":[16,0,16,7],"texture":"#RANDEN"},"east":{"uv":[13.5,0,14.5,7],"texture":"#RANDEN"},"south":{"uv":[0,0,0,7],"texture":"#RANDEN"},"west":{"uv":[1.5,0,2.5,7],"texture":"#RANDEN"},"up":{"uv":[0,1.5,0,2.5],"texture":"#RANDEN"},"down":{"uv":[16,2.5,16,1.5],"texture":"#RANDEN"}}},{"from":[17.5,6.5625,6.625],"to":[19.5,17.0625,7.625],"rotation":{"angle":22.5,"axis":"x","origin":[17.5,17.0625,6.625]},"faces":{"north":{"uv":[16,0,16,7],"texture":"#RANDEN"},"east":{"uv":[13.5,0,14.5,7],"texture":"#RANDEN"},"south":{"uv":[0,0,0,7],"texture":"#RANDEN"},"west":{"uv":[1.5,0,2.5,7],"texture":"#RANDEN"},"up":{"uv":[0,1.5,0,2.5],"texture":"#RANDEN"},"down":{"uv":[16,2.5,16,1.5],"texture":"#RANDEN"}}},{"from":[-1.5,16,29.5],"to":[17.5,17,31],"faces":{"north":{"uv":[0,0,16,0],"texture":"#RANDEN"},"east":{"uv":[0,0,0,0],"texture":"#RANDEN"},"south":{"uv":[0,0,16,0],"texture":"#RANDEN"},"west":{"uv":[16,0,16,0],"texture":"#RANDEN"},"up":{"uv":[0,16,16,16],"texture":"#RANDEN"},"down":{"uv":[16,16,0,16],"texture":"#RANDEN"}}},{"from":[-1.5,7,28],"to":[17.5,8,29.5],"faces":{"north":{"uv":[0,8,16,9],"texture":"#RANDEN"},"east":{"uv":[0,8,0,9],"texture":"#RANDEN"},"south":{"uv":[0,8,16,9],"texture":"#RANDEN"},"west":{"uv":[16,8,16,9],"texture":"#RANDEN"},"up":{"uv":[0,16,16,16],"texture":"#RANDEN"},"down":{"uv":[16,16,0,16],"texture":"#RANDEN"}}},{"from":[-3.5,7,-1.5],"to":[-1.5,13,-0.5],"faces":{"north":{"uv":[16,0,16,0],"texture":"#RANDEN"},"east":{"uv":[12,0,16,0],"texture":"#RANDEN"},"south":{"uv":[0,0,0,0],"texture":"#RANDEN"},"west":{"uv":[0,0,4,0],"texture":"#RANDEN"},"up":{"uv":[0,0,0,4],"texture":"#RANDEN"},"down":{"uv":[16,4,16,0],"texture":"#RANDEN"}}},{"from":[17.5,7,-1.5],"to":[19.5,13,-0.5],"faces":{"north":{"uv":[16,0,16,0],"texture":"#RANDEN"},"east":{"uv":[12,0,16,0],"texture":"#RANDEN"},"south":{"uv":[0,0,0,0],"texture":"#RANDEN"},"west":{"uv":[0,0,4,0],"texture":"#RANDEN"},"up":{"uv":[0,0,0,4],"texture":"#RANDEN"},"down":{"uv":[16,4,16,0],"texture":"#RANDEN"}}},{"from":[-3.5,12,-3],"to":[-2,13,-0.5],"rotation":{"angle":-22.5,"axis":"x","origin":[-3.5,13,-3]},"faces":{"north":{"uv":[16,0,16,0],"texture":"#RANDEN"},"east":{"uv":[12,0,16,0],"texture":"#RANDEN"},"south":{"uv":[0,0,0,0],"texture":"#RANDEN"},"west":{"uv":[0,0,4,0],"texture":"#RANDEN"},"up":{"uv":[0,0,0,4],"texture":"#RANDEN"},"down":{"uv":[16,4,16,0],"texture":"#RANDEN"}}},{"from":[18,12,-3],"to":[19.5,13,-0.5],"rotation":{"angle":-22.5,"axis":"x","origin":[18,13,-3]},"faces":{"north":{"uv":[16,0,16,0],"texture":"#RANDEN"},"east":{"uv":[12,0,16,0],"texture":"#RANDEN"},"south":{"uv":[0,0,0,0],"texture":"#RANDEN"},"west":{"uv":[0,0,4,0],"texture":"#RANDEN"},"up":{"uv":[0,0,0,4],"texture":"#RANDEN"},"down":{"uv":[16,4,16,0],"texture":"#RANDEN"}}},{"from":[-3.5,1,2],"to":[-2,2,21],"faces":{"north":{"uv":[16,14,16,15],"texture":"#RANDEN"},"east":{"uv":[0,14,14,15],"texture":"#RANDEN"},"south":{"uv":[0,14,0,15],"texture":"#RANDEN"},"west":{"uv":[2,14,16,15],"texture":"#RANDEN"},"up":{"uv":[0,2,0,16],"texture":"#RANDEN"},"down":{"uv":[16,16,16,2],"texture":"#RANDEN"}}},{"from":[-3.5,0.9375,20.625],"to":[-2,1.9375,26.125],"rotation":{"angle":-22.5,"axis":"x","origin":[-3.5,1.9375,20.625]},"faces":{"north":{"uv":[16,14,16,15],"texture":"#RANDEN"},"east":{"uv":[0,14,0,15],"texture":"#RANDEN"},"south":{"uv":[0,14,0,15],"texture":"#RANDEN"},"west":{"uv":[16,14,16,15],"texture":"#RANDEN"},"up":{"uv":[0,16,0,16],"texture":"#RANDEN"},"down":{"uv":[16,16,16,16],"texture":"#RANDEN"}}},{"from":[-3.5,3,25.5],"to":[-2,4,28],"faces":{"north":{"uv":[16,12,16,13],"texture":"#RANDEN"},"east":{"uv":[0,12,0,13],"texture":"#RANDEN"},"south":{"uv":[0,12,0,13],"texture":"#RANDEN"},"west":{"uv":[16,12,16,13],"texture":"#RANDEN"},"up":{"uv":[0,16,0,16],"texture":"#RANDEN"},"down":{"uv":[16,16,16,16],"texture":"#RANDEN"}}},{"from":[-3.5,4.5,28.5],"to":[-2,7,29.5],"faces":{"north":{"uv":[16,9,16,11.5],"texture":"#RANDEN"},"east":{"uv":[0,9,0,11.5],"texture":"#RANDEN"},"south":{"uv":[0,9,0,11.5],"texture":"#RANDEN"},"west":{"uv":[16,9,16,11.5],"texture":"#RANDEN"},"up":{"uv":[0,16,0,16],"texture":"#RANDEN"},"down":{"uv":[16,16,16,16],"texture":"#RANDEN"}}},{"from":[-3.5,3.1875,28.8125],"to":[-2,5.1875,29.8125],"rotation":{"angle":45,"axis":"x","origin":[-3.5,5.1875,28.8125]},"faces":{"north":{"uv":[16,11.5,16,13],"texture":"#RANDEN"},"east":{"uv":[0,11.5,0,13],"texture":"#RANDEN"},"south":{"uv":[0,11.5,0,13],"texture":"#RANDEN"},"west":{"uv":[16,11.5,16,13],"texture":"#RANDEN"},"up":{"uv":[0,16,0,16],"texture":"#RANDEN"},"down":{"uv":[16,16,16,16],"texture":"#RANDEN"}}},{"from":[-3.5,12,-3],"to":[19.5,13,-2.5],"rotation":{"angle":-22.5,"axis":"x","origin":[-3.5,13,-3]},"faces":{"north":{"uv":[16,0,16,0],"texture":"#RANDEN"},"east":{"uv":[12,0,16,0],"texture":"#RANDEN"},"south":{"uv":[0,0,0,0],"texture":"#RANDEN"},"west":{"uv":[0,0,4,0],"texture":"#RANDEN"},"up":{"uv":[0,0,0,4],"texture":"#RANDEN"},"down":{"uv":[16,4,16,0],"texture":"#RANDEN"}}},{"from":[18,1,2],"to":[19.5,2,21],"faces":{"north":{"uv":[0,14,0,15],"texture":"#RANDEN"},"east":{"uv":[0,14,14,15],"texture":"#RANDEN"},"south":{"uv":[16,14,16,15],"texture":"#RANDEN"},"west":{"uv":[2,14,16,15],"texture":"#RANDEN"},"up":{"uv":[16,2,16,16],"texture":"#RANDEN"},"down":{"uv":[0,16,0,2],"texture":"#RANDEN"}}},{"from":[18,1,20.5],"to":[19.5,2,26],"rotation":{"angle":-22.5,"axis":"x","origin":[18,2,20.5]},"faces":{"north":{"uv":[16,14,16,15],"texture":"#RANDEN"},"east":{"uv":[0,14,0,15],"texture":"#RANDEN"},"south":{"uv":[0,14,0,15],"texture":"#RANDEN"},"west":{"uv":[16,14,16,15],"texture":"#RANDEN"},"up":{"uv":[0,16,0,16],"texture":"#RANDEN"},"down":{"uv":[16,16,16,16],"texture":"#RANDEN"}}},{"from":[18,3,25.5],"to":[19.5,4,28],"faces":{"north":{"uv":[0,12,0,13],"texture":"#RANDEN"},"east":{"uv":[0,12,0,13],"texture":"#RANDEN"},"south":{"uv":[16,12,16,13],"texture":"#RANDEN"},"west":{"uv":[16,12,16,13],"texture":"#RANDEN"},"up":{"uv":[16,16,16,16],"texture":"#RANDEN"},"down":{"uv":[0,16,0,16],"texture":"#RANDEN"}}},{"from":[18,4.5,28.5],"to":[19.5,7,29.5],"faces":{"north":{"uv":[0,9,0,11.5],"texture":"#RANDEN"},"east":{"uv":[0,9,0,11.5],"texture":"#RANDEN"},"south":{"uv":[16,9,16,11.5],"texture":"#RANDEN"},"west":{"uv":[16,9,16,11.5],"texture":"#RANDEN"},"up":{"uv":[16,16,16,16],"texture":"#RANDEN"},"down":{"uv":[0,16,0,16],"texture":"#RANDEN"}}},{"from":[18,3.1875,28.8125],"to":[19.5,5.1875,29.8125],"rotation":{"angle":45,"axis":"x","origin":[18,5.1875,28.8125]},"faces":{"north":{"uv":[16,11.5,16,13],"texture":"#RANDEN"},"east":{"uv":[0,11.5,0,13],"texture":"#RANDEN"},"south":{"uv":[0,11.5,0,13],"texture":"#RANDEN"},"west":{"uv":[16,11.5,16,13],"texture":"#RANDEN"},"up":{"uv":[0,16,0,16],"texture":"#RANDEN"},"down":{"uv":[16,16,16,16],"texture":"#RANDEN"}}},{"from":[-1.5,16,13.5],"to":[17.5,17,15],"faces":{"north":{"uv":[0,0,16,0],"texture":"#RANDEN"},"east":{"uv":[1,0,2.5,0],"texture":"#RANDEN"},"south":{"uv":[0,0,16,0],"texture":"#RANDEN"},"west":{"uv":[13.5,0,15,0],"texture":"#RANDEN"},"up":{"uv":[0,13.5,16,15],"texture":"#RANDEN"},"down":{"uv":[16,15,0,13.5],"texture":"#RANDEN"}}},{"from":[-3.5,3,-3],"to":[-2,13,-2.5],"faces":{"north":{"uv":[16,0,16,0],"texture":"#RANDEN"},"east":{"uv":[12,0,16,0],"texture":"#RANDEN"},"south":{"uv":[0,0,0,0],"texture":"#RANDEN"},"west":{"uv":[0,0,4,0],"texture":"#RANDEN"},"up":{"uv":[0,0,0,4],"texture":"#RANDEN"},"down":{"uv":[16,4,16,0],"texture":"#RANDEN"}}},{"from":[18,3,-3],"to":[19.5,13,-2.5],"faces":{"north":{"uv":[16,0,16,0],"texture":"#RANDEN"},"east":{"uv":[12,0,16,0],"texture":"#RANDEN"},"south":{"uv":[0,0,0,0],"texture":"#RANDEN"},"west":{"uv":[0,0,4,0],"texture":"#RANDEN"},"up":{"uv":[0,0,0,4],"texture":"#RANDEN"},"down":{"uv":[16,4,16,0],"texture":"#RANDEN"}}},{"from":[-3.5,2.9375,-2.625],"to":[-2,3.9375,2.875],"rotation":{"angle":22.5,"axis":"x","origin":[-3.5,3.9375,-2.625]},"faces":{"north":{"uv":[16,14,16,15],"texture":"#RANDEN"},"east":{"uv":[0,14,0,15],"texture":"#RANDEN"},"south":{"uv":[0,14,0,15],"texture":"#RANDEN"},"west":{"uv":[16,14,16,15],"texture":"#RANDEN"},"up":{"uv":[0,16,0,16],"texture":"#RANDEN"},"down":{"uv":[16,16,16,16],"texture":"#RANDEN"}}},{"from":[18,2,-0.5],"to":[19,3,1],"faces":{"north":{"uv":[16,8.5,16,13],"texture":"#buitenkant"},"east":{"uv":[0,8.5,16,13],"texture":"#buitenkant"},"south":{"uv":[0,8.5,0,13],"texture":"#buitenkant"},"west":{"uv":[0,8.5,16,13],"texture":"#buitenkant"},"up":{"uv":[0,0,0,16],"texture":"#buitenkant"},"down":{"uv":[16,16,16,0],"texture":"#buitenkant"}}},{"from":[-3,2,-0.5],"to":[-2,3,1],"faces":{"north":{"uv":[16,8.5,16,13],"texture":"#buitenkant"},"east":{"uv":[0,8.5,16,13],"texture":"#buitenkant"},"south":{"uv":[0,8.5,0,13],"texture":"#buitenkant"},"west":{"uv":[0,8.5,16,13],"texture":"#buitenkant"},"up":{"uv":[0,0,0,16],"texture":"#buitenkant"},"down":{"uv":[16,16,16,0],"texture":"#buitenkant"}}},{"from":[-3,7.5,-2.5],"to":[-2,12.5,-1.5],"faces":{"north":{"uv":[16,8.5,16,13],"texture":"#buitenkant"},"east":{"uv":[0,8.5,16,13],"texture":"#buitenkant"},"south":{"uv":[0,8.5,0,13],"texture":"#buitenkant"},"west":{"uv":[0,8.5,16,13],"texture":"#buitenkant"},"up":{"uv":[0,0,0,16],"texture":"#buitenkant"},"down":{"uv":[16,16,16,0],"texture":"#buitenkant"}}},{"from":[-3.5,12.625,-1.4375],"to":[19.5,13.625,-0.4375],"rotation":{"angle":-22.5,"axis":"x","origin":[-3.5,13.625,-1.4375]},"faces":{"north":{"uv":[16,0,16,0],"texture":"#RANDEN"},"east":{"uv":[12,0,16,0],"texture":"#RANDEN"},"south":{"uv":[0,0,0,0],"texture":"#RANDEN"},"west":{"uv":[0,0,4,0],"texture":"#RANDEN"},"up":{"uv":[0,0,0,4],"texture":"#RANDEN"},"down":{"uv":[16,4,16,0],"texture":"#RANDEN"}}},{"from":[18,2.9375,-2.625],"to":[19.5,3.9375,2.875],"rotation":{"angle":22.5,"axis":"x","origin":[18,3.9375,-2.625]},"faces":{"north":{"uv":[16,14,16,15],"texture":"#RANDEN"},"east":{"uv":[0,14,0,15],"texture":"#RANDEN"},"south":{"uv":[0,14,0,15],"texture":"#RANDEN"},"west":{"uv":[16,14,16,15],"texture":"#RANDEN"},"up":{"uv":[0,16,0,16],"texture":"#RANDEN"},"down":{"uv":[16,16,16,16],"texture":"#RANDEN"}}},{"from":[18,7.5,-2.5],"to":[19,12.5,-1.5],"faces":{"north":{"uv":[16,8.5,16,13],"texture":"#buitenkant"},"east":{"uv":[0,8.5,16,13],"texture":"#buitenkant"},"south":{"uv":[0,8.5,0,13],"texture":"#buitenkant"},"west":{"uv":[0,8.5,16,13],"texture":"#buitenkant"},"up":{"uv":[0,0,0,16],"texture":"#buitenkant"},"down":{"uv":[16,16,16,0],"texture":"#buitenkant"}}},{"from":[-3,3.5,-2.5],"to":[19,12.5,-2],"faces":{"north":{"uv":[16,8.5,16,13],"texture":"#buitenkant"},"east":{"uv":[0,8.5,16,13],"texture":"#buitenkant"},"south":{"uv":[0,8.5,0,13],"texture":"#buitenkant"},"west":{"uv":[0,8.5,16,13],"texture":"#buitenkant"},"up":{"uv":[0,0,0,16],"texture":"#buitenkant"},"down":{"uv":[16,16,16,0],"texture":"#buitenkant"}}},{"from":[-2.5,3,-3],"to":[18.5,4,-1.5],"faces":{"north":{"uv":[0,12,16,13],"texture":"#RANDEN"},"east":{"uv":[16,12,16,13],"texture":"#RANDEN"},"south":{"uv":[0,12,16,13],"texture":"#RANDEN"},"west":{"uv":[0,12,0,13],"texture":"#RANDEN"},"up":{"uv":[0,0,16,0],"texture":"#RANDEN"},"down":{"uv":[16,0,0,0],"texture":"#RANDEN"}}},{"from":[-2.5,12.4375,-2.6875],"to":[18.5,12.9375,-0.6875],"rotation":{"angle":-22.5,"axis":"x","origin":[-2.5,12.9375,-2.6875]},"faces":{"north":{"uv":[16,8.5,16,13],"texture":"#buitenkant"},"east":{"uv":[0,8.5,16,13],"texture":"#buitenkant"},"south":{"uv":[0,8.5,0,13],"texture":"#buitenkant"},"west":{"uv":[0,8.5,16,13],"texture":"#buitenkant"},"up":{"uv":[0,0,0,16],"texture":"#buitenkant"},"down":{"uv":[16,16,16,0],"texture":"#buitenkant"}}},{"from":[-1,12.625,30.1875],"to":[0.0625,16.0625,31],"faces":{"north":{"uv":[15.9375,0,16,3.375],"texture":"#RANDEN"},"east":{"uv":[0,0,0,3.375],"texture":"#RANDEN"},"south":{"uv":[0,0,0.0625,3.375],"texture":"#RANDEN"},"west":{"uv":[16,0,16,3.375],"texture":"#RANDEN"},"up":{"uv":[0,16,0.0625,16],"texture":"#RANDEN"},"down":{"uv":[16,16,15.9375,16],"texture":"#RANDEN"}}},{"from":[0,10.75,30.1875],"to":[1.1875,16,31],"faces":{"north":{"uv":[14.8125,0,16,5.25],"texture":"#RANDEN"},"east":{"uv":[0,0,0,5.25],"texture":"#RANDEN"},"south":{"uv":[0,0,1.1875,5.25],"texture":"#RANDEN"},"west":{"uv":[16,0,16,5.25],"texture":"#RANDEN"},"up":{"uv":[0,16,1.1875,16],"texture":"#RANDEN"},"down":{"uv":[16,16,14.8125,16],"texture":"#RANDEN"}}},{"from":[1,11.75,30.1875],"to":[2.1875,16,31],"faces":{"north":{"uv":[13.8125,0,15,4.25],"texture":"#RANDEN"},"east":{"uv":[0,0,0,4.25],"texture":"#RANDEN"},"south":{"uv":[1,0,2.1875,4.25],"texture":"#RANDEN"},"west":{"uv":[16,0,16,4.25],"texture":"#RANDEN"},"up":{"uv":[1,16,2.1875,16],"texture":"#RANDEN"},"down":{"uv":[15,16,13.8125,16],"texture":"#RANDEN"}}},{"from":[2.1875,12.5625,30.1875],"to":[3,16,31],"faces":{"north":{"uv":[13,0,13.8125,3.4375],"texture":"#RANDEN"},"east":{"uv":[0,0,0,3.4375],"texture":"#RANDEN"},"south":{"uv":[2.1875,0,3,3.4375],"texture":"#RANDEN"},"west":{"uv":[16,0,16,3.4375],"texture":"#RANDEN"},"up":{"uv":[2.1875,16,3,16],"texture":"#RANDEN"},"down":{"uv":[13.8125,16,13,16],"texture":"#RANDEN"}}},{"from":[5.5,9.8125,30.1875],"to":[6.375,16.0625,31],"faces":{"north":{"uv":[9.625,0,10.5,6.1875],"texture":"#RANDEN"},"east":{"uv":[0,0,0,6.1875],"texture":"#RANDEN"},"south":{"uv":[5.5,0,6.375,6.1875],"texture":"#RANDEN"},"west":{"uv":[16,0,16,6.1875],"texture":"#RANDEN"},"up":{"uv":[5.5,16,6.375,16],"texture":"#RANDEN"},"down":{"uv":[10.5,16,9.625,16],"texture":"#RANDEN"}}},{"from":[6.3125,12.125,30.1875],"to":[7.125,16,31],"faces":{"north":{"uv":[8.875,0,9.6875,3.875],"texture":"#RANDEN"},"east":{"uv":[0,0,0,3.875],"texture":"#RANDEN"},"south":{"uv":[6.3125,0,7.125,3.875],"texture":"#RANDEN"},"west":{"uv":[16,0,16,3.875],"texture":"#RANDEN"},"up":{"uv":[6.3125,16,7.125,16],"texture":"#RANDEN"},"down":{"uv":[9.6875,16,8.875,16],"texture":"#RANDEN"}}},{"from":[7.125,7.875,30.1875],"to":[7.75,16,31],"faces":{"north":{"uv":[8.25,0,8.875,8.125],"texture":"#RANDEN"},"east":{"uv":[0,0,0,8.125],"texture":"#RANDEN"},"south":{"uv":[7.125,0,7.75,8.125],"texture":"#RANDEN"},"west":{"uv":[16,0,16,8.125],"texture":"#RANDEN"},"up":{"uv":[7.125,16,7.75,16],"texture":"#RANDEN"},"down":{"uv":[8.875,16,8.25,16],"texture":"#RANDEN"}}},{"from":[10.75,11.8125,30.1875],"to":[11.8125,16.0625,31],"faces":{"north":{"uv":[4.1875,0,5.25,4.1875],"texture":"#RANDEN"},"east":{"uv":[0,0,0,4.1875],"texture":"#RANDEN"},"south":{"uv":[10.75,0,11.8125,4.1875],"texture":"#RANDEN"},"west":{"uv":[16,0,16,4.1875],"texture":"#RANDEN"},"up":{"uv":[10.75,16,11.8125,16],"texture":"#RANDEN"},"down":{"uv":[5.25,16,4.1875,16],"texture":"#RANDEN"}}},{"from":[11.8125,10.75,30.1875],"to":[12.5625,16,31],"faces":{"north":{"uv":[3.4375,0,4.1875,5.25],"texture":"#RANDEN"},"east":{"uv":[0,0,0,5.25],"texture":"#RANDEN"},"south":{"uv":[11.8125,0,12.5625,5.25],"texture":"#RANDEN"},"west":{"uv":[16,0,16,5.25],"texture":"#RANDEN"},"up":{"uv":[11.8125,16,12.5625,16],"texture":"#RANDEN"},"down":{"uv":[4.1875,16,3.4375,16],"texture":"#RANDEN"}}},{"from":[12.5,9.1875,30.1875],"to":[13.125,16,31],"faces":{"north":{"uv":[2.875,0,3.5,6.8125],"texture":"#RANDEN"},"east":{"uv":[0,0,0,6.8125],"texture":"#RANDEN"},"south":{"uv":[12.5,0,13.125,6.8125],"texture":"#RANDEN"},"west":{"uv":[16,0,16,6.8125],"texture":"#RANDEN"},"up":{"uv":[12.5,16,13.125,16],"texture":"#RANDEN"},"down":{"uv":[3.5,16,2.875,16],"texture":"#RANDEN"}}},{"from":[13.0625,13.625,30.1875],"to":[13.875,16.0625,31],"faces":{"north":{"uv":[2.125,0,2.9375,2.375],"texture":"#RANDEN"},"east":{"uv":[0,0,0,2.375],"texture":"#RANDEN"},"south":{"uv":[13.0625,0,13.875,2.375],"texture":"#RANDEN"},"west":{"uv":[16,0,16,2.375],"texture":"#RANDEN"},"up":{"uv":[13.0625,16,13.875,16],"texture":"#RANDEN"},"down":{"uv":[2.9375,16,2.125,16],"texture":"#RANDEN"}}},{"from":[18.5,12.5625,23],"to":[19.5625,16,23.8125],"faces":{"north":{"uv":[0,0,0,3.4375],"texture":"#RANDEN"},"east":{"uv":[0,0,0,3.4375],"texture":"#RANDEN"},"south":{"uv":[16,0,16,3.4375],"texture":"#RANDEN"},"west":{"uv":[16,0,16,3.4375],"texture":"#RANDEN"},"up":{"uv":[16,16,16,16],"texture":"#RANDEN"},"down":{"uv":[0,16,0,16],"texture":"#RANDEN"}}},{"from":[18.5,10.5,23.8125],"to":[19.5625,16,24.3125],"faces":{"north":{"uv":[0,0,0,5.5],"texture":"#RANDEN"},"east":{"uv":[0,0,0,5.5],"texture":"#RANDEN"},"south":{"uv":[16,0,16,5.5],"texture":"#RANDEN"},"west":{"uv":[16,0,16,5.5],"texture":"#RANDEN"},"up":{"uv":[16,16,16,16],"texture":"#RANDEN"},"down":{"uv":[0,16,0,16],"texture":"#RANDEN"}}},{"from":[18.5,13,7],"to":[19.5625,16,8],"faces":{"north":{"uv":[0,0,0,3],"texture":"#RANDEN"},"east":{"uv":[8,0,9,3],"texture":"#RANDEN"},"south":{"uv":[16,0,16,3],"texture":"#RANDEN"},"west":{"uv":[7,0,8,3],"texture":"#RANDEN"},"up":{"uv":[16,7,16,8],"texture":"#RANDEN"},"down":{"uv":[0,8,0,7],"texture":"#RANDEN"}}},{"from":[18.5,12.6875,28.9375],"to":[19.5625,16.0625,30.0625],"faces":{"north":{"uv":[0,0,0,3.3125],"texture":"#RANDEN"},"east":{"uv":[0,0,0,3.3125],"texture":"#RANDEN"},"south":{"uv":[16,0,16,3.3125],"texture":"#RANDEN"},"west":{"uv":[16,0,16,3.3125],"texture":"#RANDEN"},"up":{"uv":[16,16,16,16],"texture":"#RANDEN"},"down":{"uv":[0,16,0,16],"texture":"#RANDEN"}}},{"from":[18.5,11.875,28.0625],"to":[19.5625,16.0625,28.9375],"faces":{"north":{"uv":[0,0,0,4.125],"texture":"#RANDEN"},"east":{"uv":[0,0,0,4.125],"texture":"#RANDEN"},"south":{"uv":[16,0,16,4.125],"texture":"#RANDEN"},"west":{"uv":[16,0,16,4.125],"texture":"#RANDEN"},"up":{"uv":[16,16,16,16],"texture":"#RANDEN"},"down":{"uv":[0,16,0,16],"texture":"#RANDEN"}}},{"from":[18.5,12.5,9],"to":[19.5625,16,9.5],"faces":{"north":{"uv":[0,0,0,3.5],"texture":"#RANDEN"},"east":{"uv":[6.5,0,7,3.5],"texture":"#RANDEN"},"south":{"uv":[16,0,16,3.5],"texture":"#RANDEN"},"west":{"uv":[9,0,9.5,3.5],"texture":"#RANDEN"},"up":{"uv":[16,9,16,9.5],"texture":"#RANDEN"},"down":{"uv":[0,9.5,0,9],"texture":"#RANDEN"}}},{"from":[18.5,11,8],"to":[19.5625,16,9],"faces":{"north":{"uv":[0,0,0,5],"texture":"#RANDEN"},"east":{"uv":[7,0,8,5],"texture":"#RANDEN"},"south":{"uv":[16,0,16,5],"texture":"#RANDEN"},"west":{"uv":[8,0,9,5],"texture":"#RANDEN"},"up":{"uv":[16,8,16,9],"texture":"#RANDEN"},"down":{"uv":[0,9,0,8],"texture":"#RANDEN"}}},{"from":[18.5,14,9.5],"to":[19.5625,16,10],"faces":{"north":{"uv":[0,0,0,2],"texture":"#RANDEN"},"east":{"uv":[6,0,6.5,2],"texture":"#RANDEN"},"south":{"uv":[16,0,16,2],"texture":"#RANDEN"},"west":{"uv":[9.5,0,10,2],"texture":"#RANDEN"},"up":{"uv":[16,9.5,16,10],"texture":"#RANDEN"},"down":{"uv":[0,10,0,9.5],"texture":"#RANDEN"}}},{"from":[18.5,13,11.5],"to":[19.5625,16,12],"faces":{"north":{"uv":[0,0,0,3],"texture":"#RANDEN"},"east":{"uv":[4,0,4.5,3],"texture":"#RANDEN"},"south":{"uv":[16,0,16,3],"texture":"#RANDEN"},"west":{"uv":[11.5,0,12,3],"texture":"#RANDEN"},"up":{"uv":[16,11.5,16,12],"texture":"#RANDEN"},"down":{"uv":[0,12,0,11.5],"texture":"#RANDEN"}}},{"from":[18.5,12,12],"to":[19.5625,16,12.5],"faces":{"north":{"uv":[0,0,0,4],"texture":"#RANDEN"},"east":{"uv":[3.5,0,4,4],"texture":"#RANDEN"},"south":{"uv":[16,0,16,4],"texture":"#RANDEN"},"west":{"uv":[12,0,12.5,4],"texture":"#RANDEN"},"up":{"uv":[16,12,16,12.5],"texture":"#RANDEN"},"down":{"uv":[0,12.5,0,12],"texture":"#RANDEN"}}},{"from":[18.5,4,7.5],"to":[19.5625,7,8.5],"faces":{"north":{"uv":[0,9,0,12],"texture":"#RANDEN"},"east":{"uv":[7.5,9,8.5,12],"texture":"#RANDEN"},"south":{"uv":[16,9,16,12],"texture":"#RANDEN"},"west":{"uv":[7.5,9,8.5,12],"texture":"#RANDEN"},"up":{"uv":[16,7.5,16,8.5],"texture":"#RANDEN"},"down":{"uv":[0,8.5,0,7.5],"texture":"#RANDEN"}}},{"from":[18.5,4,7.5],"to":[19.5625,7,8.5],"faces":{"north":{"uv":[0,9,0,12],"texture":"#RANDEN"},"east":{"uv":[7.5,9,8.5,12],"texture":"#RANDEN"},"south":{"uv":[16,9,16,12],"texture":"#RANDEN"},"west":{"uv":[7.5,9,8.5,12],"texture":"#RANDEN"},"up":{"uv":[16,7.5,16,8.5],"texture":"#RANDEN"},"down":{"uv":[0,8.5,0,7.5],"texture":"#RANDEN"}}},{"from":[18.5,3,8.5],"to":[19.5625,7,9],"faces":{"north":{"uv":[0,9,0,13],"texture":"#RANDEN"},"east":{"uv":[7,9,7.5,13],"texture":"#RANDEN"},"south":{"uv":[16,9,16,13],"texture":"#RANDEN"},"west":{"uv":[8.5,9,9,13],"texture":"#RANDEN"},"up":{"uv":[16,8.5,16,9],"texture":"#RANDEN"},"down":{"uv":[0,9,0,8.5],"texture":"#RANDEN"}}},{"from":[18.5,3.5,9],"to":[19.5625,7,9.5],"faces":{"north":{"uv":[0,9,0,12.5],"texture":"#RANDEN"},"east":{"uv":[6.5,9,7,12.5],"texture":"#RANDEN"},"south":{"uv":[16,9,16,12.5],"texture":"#RANDEN"},"west":{"uv":[9,9,9.5,12.5],"texture":"#RANDEN"},"up":{"uv":[16,9,16,9.5],"texture":"#RANDEN"},"down":{"uv":[0,9.5,0,9],"texture":"#RANDEN"}}},{"from":[18.5,3.5,14],"to":[19.5625,7,14.5],"faces":{"north":{"uv":[0,9,0,12.5],"texture":"#RANDEN"},"east":{"uv":[1.5,9,2,12.5],"texture":"#RANDEN"},"south":{"uv":[16,9,16,12.5],"texture":"#RANDEN"},"west":{"uv":[14,9,14.5,12.5],"texture":"#RANDEN"},"up":{"uv":[16,14,16,14.5],"texture":"#RANDEN"},"down":{"uv":[0,14.5,0,14],"texture":"#RANDEN"}}},{"from":[18.5,2.5,14.5],"to":[19.5625,7,15.5],"faces":{"north":{"uv":[0,9,0,13.5],"texture":"#RANDEN"},"east":{"uv":[0.5,9,1.5,13.5],"texture":"#RANDEN"},"south":{"uv":[16,9,16,13.5],"texture":"#RANDEN"},"west":{"uv":[14.5,9,15.5,13.5],"texture":"#RANDEN"},"up":{"uv":[16,14.5,16,15.5],"texture":"#RANDEN"},"down":{"uv":[0,15.5,0,14.5],"texture":"#RANDEN"}}},{"from":[18.5,4,15.5],"to":[19.5625,7,16],"faces":{"north":{"uv":[0,9,0,12],"texture":"#RANDEN"},"east":{"uv":[0,9,0.5,12],"texture":"#RANDEN"},"south":{"uv":[16,9,16,12],"texture":"#RANDEN"},"west":{"uv":[15.5,9,16,12],"texture":"#RANDEN"},"up":{"uv":[16,15.5,16,16],"texture":"#RANDEN"},"down":{"uv":[0,16,0,15.5],"texture":"#RANDEN"}}},{"from":[-3.5,12.5625,23],"to":[-2.4375,16,23.8125],"faces":{"north":{"uv":[16,0,16,3.4375],"texture":"#RANDEN"},"east":{"uv":[0,0,0,3.4375],"texture":"#RANDEN"},"south":{"uv":[0,0,0,3.4375],"texture":"#RANDEN"},"west":{"uv":[16,0,16,3.4375],"texture":"#RANDEN"},"up":{"uv":[0,16,0,16],"texture":"#RANDEN"},"down":{"uv":[16,16,16,16],"texture":"#RANDEN"}}},{"from":[-3.5,10.5,23.8125],"to":[-2.4375,16,24.3125],"faces":{"north":{"uv":[16,0,16,5.5],"texture":"#RANDEN"},"east":{"uv":[0,0,0,5.5],"texture":"#RANDEN"},"south":{"uv":[0,0,0,5.5],"texture":"#RANDEN"},"west":{"uv":[16,0,16,5.5],"texture":"#RANDEN"},"up":{"uv":[0,16,0,16],"texture":"#RANDEN"},"down":{"uv":[16,16,16,16],"texture":"#RANDEN"}}},{"from":[-3.5,13,7],"to":[-2.4375,16,8],"faces":{"north":{"uv":[16,0,16,3],"texture":"#RANDEN"},"east":{"uv":[8,0,9,3],"texture":"#RANDEN"},"south":{"uv":[0,0,0,3],"texture":"#RANDEN"},"west":{"uv":[7,0,8,3],"texture":"#RANDEN"},"up":{"uv":[0,7,0,8],"texture":"#RANDEN"},"down":{"uv":[16,8,16,7],"texture":"#RANDEN"}}},{"from":[-3.5,12.6875,28.9375],"to":[-2.4375,16.0625,30.0625],"faces":{"north":{"uv":[16,0,16,3.3125],"texture":"#RANDEN"},"east":{"uv":[0,0,0,3.3125],"texture":"#RANDEN"},"south":{"uv":[0,0,0,3.3125],"texture":"#RANDEN"},"west":{"uv":[16,0,16,3.3125],"texture":"#RANDEN"},"up":{"uv":[0,16,0,16],"texture":"#RANDEN"},"down":{"uv":[16,16,16,16],"texture":"#RANDEN"}}},{"from":[-3.5,11.875,28.0625],"to":[-2.4375,16.0625,28.9375],"faces":{"north":{"uv":[16,0,16,4.125],"texture":"#RANDEN"},"east":{"uv":[0,0,0,4.125],"texture":"#RANDEN"},"south":{"uv":[0,0,0,4.125],"texture":"#RANDEN"},"west":{"uv":[16,0,16,4.125],"texture":"#RANDEN"},"up":{"uv":[0,16,0,16],"texture":"#RANDEN"},"down":{"uv":[16,16,16,16],"texture":"#RANDEN"}}},{"from":[-3.5,12.5,9],"to":[-2.4375,16,9.5],"faces":{"north":{"uv":[16,0,16,3.5],"texture":"#RANDEN"},"east":{"uv":[6.5,0,7,3.5],"texture":"#RANDEN"},"south":{"uv":[0,0,0,3.5],"texture":"#RANDEN"},"west":{"uv":[9,0,9.5,3.5],"texture":"#RANDEN"},"up":{"uv":[0,9,0,9.5],"texture":"#RANDEN"},"down":{"uv":[16,9.5,16,9],"texture":"#RANDEN"}}},{"from":[-3.5,11,8],"to":[-2.4375,16,9],"faces":{"north":{"uv":[16,0,16,5],"texture":"#RANDEN"},"east":{"uv":[7,0,8,5],"texture":"#RANDEN"},"south":{"uv":[0,0,0,5],"texture":"#RANDEN"},"west":{"uv":[8,0,9,5],"texture":"#RANDEN"},"up":{"uv":[0,8,0,9],"texture":"#RANDEN"},"down":{"uv":[16,9,16,8],"texture":"#RANDEN"}}},{"from":[-3.5,14,9.5],"to":[-2.4375,16,10],"faces":{"north":{"uv":[16,0,16,2],"texture":"#RANDEN"},"east":{"uv":[6,0,6.5,2],"texture":"#RANDEN"},"south":{"uv":[0,0,0,2],"texture":"#RANDEN"},"west":{"uv":[9.5,0,10,2],"texture":"#RANDEN"},"up":{"uv":[0,9.5,0,10],"texture":"#RANDEN"},"down":{"uv":[16,10,16,9.5],"texture":"#RANDEN"}}},{"from":[-3.5,13,11.5],"to":[-2.4375,16,12],"faces":{"north":{"uv":[16,0,16,3],"texture":"#RANDEN"},"east":{"uv":[4,0,4.5,3],"texture":"#RANDEN"},"south":{"uv":[0,0,0,3],"texture":"#RANDEN"},"west":{"uv":[11.5,0,12,3],"texture":"#RANDEN"},"up":{"uv":[0,11.5,0,12],"texture":"#RANDEN"},"down":{"uv":[16,12,16,11.5],"texture":"#RANDEN"}}},{"from":[-3.5,12,12],"to":[-2.4375,16,12.5],"faces":{"north":{"uv":[16,0,16,4],"texture":"#RANDEN"},"east":{"uv":[3.5,0,4,4],"texture":"#RANDEN"},"south":{"uv":[0,0,0,4],"texture":"#RANDEN"},"west":{"uv":[12,0,12.5,4],"texture":"#RANDEN"},"up":{"uv":[0,12,0,12.5],"texture":"#RANDEN"},"down":{"uv":[16,12.5,16,12],"texture":"#RANDEN"}}},{"from":[-3.5,4,7.5],"to":[-2.4375,7,8.5],"faces":{"north":{"uv":[16,9,16,12],"texture":"#RANDEN"},"east":{"uv":[7.5,9,8.5,12],"texture":"#RANDEN"},"south":{"uv":[0,9,0,12],"texture":"#RANDEN"},"west":{"uv":[7.5,9,8.5,12],"texture":"#RANDEN"},"up":{"uv":[0,7.5,0,8.5],"texture":"#RANDEN"},"down":{"uv":[16,8.5,16,7.5],"texture":"#RANDEN"}}},{"from":[-3.5,4,7.5],"to":[-2.4375,7,8.5],"faces":{"north":{"uv":[16,9,16,12],"texture":"#RANDEN"},"east":{"uv":[7.5,9,8.5,12],"texture":"#RANDEN"},"south":{"uv":[0,9,0,12],"texture":"#RANDEN"},"west":{"uv":[7.5,9,8.5,12],"texture":"#RANDEN"},"up":{"uv":[0,7.5,0,8.5],"texture":"#RANDEN"},"down":{"uv":[16,8.5,16,7.5],"texture":"#RANDEN"}}},{"from":[-3.5,3,8.5],"to":[-2.4375,7,9],"faces":{"north":{"uv":[16,9,16,13],"texture":"#RANDEN"},"east":{"uv":[7,9,7.5,13],"texture":"#RANDEN"},"south":{"uv":[0,9,0,13],"texture":"#RANDEN"},"west":{"uv":[8.5,9,9,13],"texture":"#RANDEN"},"up":{"uv":[0,8.5,0,9],"texture":"#RANDEN"},"down":{"uv":[16,9,16,8.5],"texture":"#RANDEN"}}},{"from":[-3.5,3.5,9],"to":[-2.4375,7,9.5],"faces":{"north":{"uv":[16,9,16,12.5],"texture":"#RANDEN"},"east":{"uv":[6.5,9,7,12.5],"texture":"#RANDEN"},"south":{"uv":[0,9,0,12.5],"texture":"#RANDEN"},"west":{"uv":[9,9,9.5,12.5],"texture":"#RANDEN"},"up":{"uv":[0,9,0,9.5],"texture":"#RANDEN"},"down":{"uv":[16,9.5,16,9],"texture":"#RANDEN"}}},{"from":[-3.5,3.5,14],"to":[-2.4375,7,14.5],"faces":{"north":{"uv":[16,9,16,12.5],"texture":"#RANDEN"},"east":{"uv":[1.5,9,2,12.5],"texture":"#RANDEN"},"south":{"uv":[0,9,0,12.5],"texture":"#RANDEN"},"west":{"uv":[14,9,14.5,12.5],"texture":"#RANDEN"},"up":{"uv":[0,14,0,14.5],"texture":"#RANDEN"},"down":{"uv":[16,14.5,16,14],"texture":"#RANDEN"}}},{"from":[-3.5,2.5,14.5],"to":[-2.4375,7,15.5],"faces":{"north":{"uv":[16,9,16,13.5],"texture":"#RANDEN"},"east":{"uv":[0.5,9,1.5,13.5],"texture":"#RANDEN"},"south":{"uv":[0,9,0,13.5],"texture":"#RANDEN"},"west":{"uv":[14.5,9,15.5,13.5],"texture":"#RANDEN"},"up":{"uv":[0,14.5,0,15.5],"texture":"#RANDEN"},"down":{"uv":[16,15.5,16,14.5],"texture":"#RANDEN"}}},{"from":[-3.5,4,15.5],"to":[-2.4375,7,16],"faces":{"north":{"uv":[16,9,16,12],"texture":"#RANDEN"},"east":{"uv":[0,9,0.5,12],"texture":"#RANDEN"},"south":{"uv":[0,9,0,12],"texture":"#RANDEN"},"west":{"uv":[15.5,9,16,12],"texture":"#RANDEN"},"up":{"uv":[0,15.5,0,16],"texture":"#RANDEN"},"down":{"uv":[16,16,16,15.5],"texture":"#RANDEN"}}}],"display":{"gui":{"rotation":[31,151,0],"translation":[-0.5,-1,0],"scale":[0.375,0.375,0.375]},"head":{"translation":[9.3,-0.5,1],"scale":[1.7,1.7,1.7]}},"credit":"Model by Craftventure"}