{"textures":{"0":"block/spruce_log","1":"block/birch_planks","2":"block/dark_oak_planks","3":"block/spruce_planks","4":"block/nether_bricks","5":"block/oak_trapdoor","particle":"block/spruce_planks"},"elements":[{"name":"log","from":[24,4,-16],"to":[32,12,-8],"rotation":{"angle":0,"axis":"y","origin":[-4,12,20]},"faces":{"north":{"uv":[0,0,16,16],"texture":"#0"},"east":{"uv":[0,0,16,16],"texture":"#0"},"south":{"uv":[0,0,16,16],"texture":"#0"},"west":{"uv":[0,0,16,16],"texture":"#0"},"up":{"uv":[0,0,16,16],"texture":"#0"},"down":{"uv":[0,0,16,16],"texture":"#0"}}},{"name":"log","from":[8,-12,-16],"to":[16,-4,-8],"faces":{"north":{"uv":[0,0,16,16],"texture":"#0"},"east":{"uv":[0,0,16,16],"texture":"#0"},"south":{"uv":[0,0,16,16],"texture":"#0"},"west":{"uv":[0,0,16,16],"texture":"#0"},"up":{"uv":[0,0,16,16],"texture":"#0"},"down":{"uv":[0,0,16,16],"texture":"#0"}}},{"name":"log","from":[8,-4,-16],"to":[16,4,-8],"faces":{"north":{"uv":[0,0,16,16],"texture":"#0"},"east":{"uv":[0,0,16,16],"texture":"#0"},"south":{"uv":[0,0,16,16],"texture":"#0"},"west":{"uv":[0,0,16,16],"texture":"#0"},"up":{"uv":[0,0,16,16],"texture":"#0"},"down":{"uv":[0,0,16,16],"texture":"#0"}}},{"name":"log","from":[24,-4,-16],"to":[32,4,-8],"faces":{"north":{"uv":[0,0,16,16],"texture":"#0"},"east":{"uv":[0,0,16,16],"texture":"#0"},"south":{"uv":[0,0,16,16],"texture":"#0"},"west":{"uv":[0,0,16,16],"texture":"#0"},"up":{"uv":[0,0,16,16],"texture":"#0"},"down":{"uv":[0,0,16,16],"texture":"#0"}}},{"name":"birch","from":[8,4,-16],"to":[16,8,-8],"faces":{"north":{"uv":[0,0,16,8],"texture":"#1"},"east":{"uv":[0,0,16,8],"texture":"#1"},"south":{"uv":[0,0,16,8],"texture":"#1"},"west":{"uv":[0,0,16,8],"texture":"#1"},"up":{"uv":[0,0,16,16],"texture":"#1"},"down":{"uv":[0,0,16,16],"texture":"#1"}}},{"name":"birch","from":[24,12,-16],"to":[32,16,-8],"faces":{"north":{"uv":[0,0,16,8],"texture":"#1"},"east":{"uv":[0,0,16,8],"texture":"#1"},"south":{"uv":[0,0,16,8],"texture":"#1"},"west":{"uv":[0,0,16,8],"texture":"#1"},"up":{"uv":[0,0,16,16],"texture":"#1"},"down":{"uv":[0,0,16,16],"texture":"#1"}}},{"from":[16,0,-16],"to":[24,4,-8],"faces":{"north":{"uv":[0,0,16,8],"texture":"#2"},"east":{"uv":[0,0,16,8],"texture":"#2"},"south":{"uv":[0,0,16,8],"texture":"#2"},"west":{"uv":[0,0,16,8],"texture":"#2"},"up":{"uv":[0,0,16,16],"texture":"#2"},"down":{"uv":[0,0,16,16],"texture":"#2"}}},{"from":[16,-4,-16],"to":[24,0,-12],"faces":{"north":{"uv":[0,8,16,16],"texture":"#2"},"east":{"uv":[0,8,16,16],"texture":"#2"},"south":{"uv":[0,8,16,16],"texture":"#2"},"west":{"uv":[0,8,16,16],"texture":"#2"},"up":{"uv":[0,8,16,16],"texture":"#2"},"down":{"uv":[0,8,16,16],"texture":"#2"}}},{"from":[0,-16,-16],"to":[8,-12,-8],"faces":{"north":{"uv":[0,0,16,16],"texture":"#3"},"east":{"uv":[0,0,16,16],"texture":"#3"},"south":{"uv":[0,0,16,16],"texture":"#3"},"west":{"uv":[0,0,16,16],"texture":"#3"},"up":{"uv":[0,0,16,16],"texture":"#3"},"down":{"uv":[0,0,16,16],"texture":"#3"}}},{"from":[0,-16,-8],"to":[8,-12,0],"faces":{"north":{"uv":[0,0,16,16],"texture":"#3"},"east":{"uv":[0,0,16,16],"texture":"#3"},"south":{"uv":[0,0,16,16],"texture":"#3"},"west":{"uv":[0,0,16,16],"texture":"#3"},"up":{"uv":[0,0,16,16],"texture":"#3"},"down":{"uv":[0,0,16,16],"texture":"#3"}}},{"from":[0,-16,0],"to":[8,-12,8],"faces":{"north":{"uv":[0,0,16,16],"texture":"#3"},"east":{"uv":[0,0,16,16],"texture":"#3"},"south":{"uv":[0,0,16,16],"texture":"#3"},"west":{"uv":[0,0,16,16],"texture":"#3"},"up":{"uv":[0,0,16,16],"texture":"#3"},"down":{"uv":[0,0,16,16],"texture":"#3"}}},{"from":[0,-16,8],"to":[8,-12,16],"faces":{"north":{"uv":[0,0,16,16],"texture":"#3"},"east":{"uv":[0,0,16,16],"texture":"#3"},"south":{"uv":[0,0,16,16],"texture":"#3"},"west":{"uv":[0,0,16,16],"texture":"#3"},"up":{"uv":[0,0,16,16],"texture":"#3"},"down":{"uv":[0,0,16,16],"texture":"#3"}}},{"from":[0,-16,16],"to":[8,-12,24],"faces":{"north":{"uv":[0,0,16,16],"texture":"#3"},"east":{"uv":[0,0,16,16],"texture":"#3"},"south":{"uv":[0,0,16,16],"texture":"#3"},"west":{"uv":[0,0,16,16],"texture":"#3"},"up":{"uv":[0,0,16,16],"texture":"#3"},"down":{"uv":[0,0,16,16],"texture":"#3"}}},{"from":[16,-12,16],"to":[24,-4,24],"faces":{"north":{"uv":[0,0,16,16],"texture":"#3"},"east":{"uv":[0,0,16,16],"texture":"#3"},"south":{"uv":[0,0,16,16],"texture":"#3"},"west":{"uv":[0,0,16,16],"texture":"#3"},"up":{"uv":[0,0,16,16],"texture":"#3"},"down":{"uv":[0,0,16,16],"texture":"#3"}}},{"from":[16,-12,8],"to":[24,-4,16],"faces":{"north":{"uv":[0,0,16,16],"texture":"#3"},"east":{"uv":[0,0,16,16],"texture":"#3"},"south":{"uv":[0,0,16,16],"texture":"#3"},"west":{"uv":[0,0,16,16],"texture":"#3"},"up":{"uv":[0,0,16,16],"texture":"#3"},"down":{"uv":[0,0,16,16],"texture":"#3"}}},{"from":[16,-12,0],"to":[24,-4,8],"faces":{"north":{"uv":[0,0,16,16],"texture":"#3"},"east":{"uv":[0,0,16,16],"texture":"#3"},"south":{"uv":[0,0,16,16],"texture":"#3"},"west":{"uv":[0,0,16,16],"texture":"#3"},"up":{"uv":[0,0,16,16],"texture":"#3"},"down":{"uv":[0,0,16,16],"texture":"#3"}}},{"from":[16,-12,-8],"to":[24,-4,0],"faces":{"north":{"uv":[0,0,16,16],"texture":"#3"},"east":{"uv":[0,0,16,16],"texture":"#3"},"south":{"uv":[0,0,16,16],"texture":"#3"},"west":{"uv":[0,0,16,16],"texture":"#3"},"up":{"uv":[0,0,16,16],"texture":"#3"},"down":{"uv":[0,0,16,16],"texture":"#3"}}},{"from":[16,-12,-16],"to":[24,-4,-8],"faces":{"north":{"uv":[0,0,16,16],"texture":"#3"},"east":{"uv":[0,0,16,16],"texture":"#3"},"south":{"uv":[0,0,16,16],"texture":"#3"},"west":{"uv":[0,0,16,16],"texture":"#3"},"up":{"uv":[0,0,16,16],"texture":"#3"},"down":{"uv":[0,0,16,16],"texture":"#3"}}},{"from":[8,-16,-8],"to":[16,-8,0],"faces":{"north":{"uv":[0,0,16,16],"texture":"#3"},"east":{"uv":[0,0,16,16],"texture":"#3"},"south":{"uv":[0,0,16,16],"texture":"#3"},"west":{"uv":[0,0,16,16],"texture":"#3"},"up":{"uv":[0,0,16,16],"texture":"#3"},"down":{"uv":[0,0,16,16],"texture":"#3"}}},{"name":"BOVEN","from":[28,0,-8],"to":[32,4,0],"faces":{"north":{"uv":[0,0,8,8],"texture":"#4"},"east":{"uv":[0,0,16,8],"texture":"#4"},"south":{"uv":[0,0,8,8],"texture":"#4"},"west":{"uv":[0,0,16,8],"texture":"#4"},"up":{"uv":[8,16,0,0],"texture":"#4"},"down":{"uv":[0,0,8,16],"texture":"#4"}}},{"name":"BOVEN","from":[28,0,0],"to":[32,4,8],"faces":{"north":{"uv":[0,0,8,8],"texture":"#4"},"east":{"uv":[0,0,16,8],"texture":"#4"},"south":{"uv":[0,0,8,8],"texture":"#4"},"west":{"uv":[0,0,16,8],"texture":"#4"},"up":{"uv":[8,16,0,0],"texture":"#4"},"down":{"uv":[0,0,8,16],"texture":"#4"}}},{"name":"BOVEN","from":[28,0,8],"to":[32,4,16],"faces":{"north":{"uv":[0,0,8,8],"texture":"#4"},"east":{"uv":[0,0,16,8],"texture":"#4"},"south":{"uv":[0,0,8,8],"texture":"#4"},"west":{"uv":[0,0,16,8],"texture":"#4"},"up":{"uv":[8,16,0,0],"texture":"#4"},"down":{"uv":[0,0,8,16],"texture":"#4"}}},{"name":"BOVEN","from":[28,0,16],"to":[32,4,24],"faces":{"north":{"uv":[0,0,8,8],"texture":"#4"},"east":{"uv":[0,0,16,8],"texture":"#4"},"south":{"uv":[0,0,8,8],"texture":"#4"},"west":{"uv":[0,0,16,8],"texture":"#4"},"up":{"uv":[8,16,0,0],"texture":"#4"},"down":{"uv":[0,0,8,16],"texture":"#4"}}},{"name":"BOVEN","from":[12,-8,16],"to":[16,-4,24],"faces":{"north":{"uv":[0,0,8,8],"texture":"#4"},"east":{"uv":[0,0,16,8],"texture":"#4"},"south":{"uv":[0,0,8,8],"texture":"#4"},"west":{"uv":[0,0,16,8],"texture":"#4"},"up":{"uv":[8,16,0,0],"texture":"#4"},"down":{"uv":[0,0,8,16],"texture":"#4"}}},{"name":"BOVEN","from":[12,-8,8],"to":[16,-4,16],"faces":{"north":{"uv":[0,0,8,8],"texture":"#4"},"east":{"uv":[0,0,16,8],"texture":"#4"},"south":{"uv":[0,0,8,8],"texture":"#4"},"west":{"uv":[0,0,16,8],"texture":"#4"},"up":{"uv":[8,16,0,0],"texture":"#4"},"down":{"uv":[0,0,8,16],"texture":"#4"}}},{"name":"ONDER","from":[24,-8,-8],"to":[32,0,0],"faces":{"north":{"uv":[0,0,16,16],"texture":"#4"},"east":{"uv":[0,0,16,16],"texture":"#4"},"south":{"uv":[0,0,16,16],"texture":"#4"},"west":{"uv":[0,0,16,16],"texture":"#4"},"up":{"uv":[16,16,0,0],"texture":"#4"},"down":{"uv":[0,0,16,16],"texture":"#4"}}},{"name":"ONDER","from":[24,-8,0],"to":[32,0,8],"faces":{"north":{"uv":[0,0,16,16],"texture":"#4"},"east":{"uv":[0,0,16,16],"texture":"#4"},"south":{"uv":[0,0,16,16],"texture":"#4"},"west":{"uv":[0,0,16,16],"texture":"#4"},"up":{"uv":[16,16,0,0],"texture":"#4"},"down":{"uv":[0,0,16,16],"texture":"#4"}}},{"name":"ONDER","from":[24,-8,8],"to":[32,0,16],"faces":{"north":{"uv":[0,0,16,16],"texture":"#4"},"east":{"uv":[0,0,16,16],"texture":"#4"},"south":{"uv":[0,0,16,16],"texture":"#4"},"west":{"uv":[0,0,16,16],"texture":"#4"},"up":{"uv":[16,16,0,0],"texture":"#4"},"down":{"uv":[0,0,16,16],"texture":"#4"}}},{"name":"ONDER","from":[24,-8,16],"to":[32,0,24],"faces":{"north":{"uv":[0,0,16,16],"texture":"#4"},"east":{"uv":[0,0,16,16],"texture":"#4"},"south":{"uv":[0,0,16,16],"texture":"#4"},"west":{"uv":[0,0,16,16],"texture":"#4"},"up":{"uv":[16,16,0,0],"texture":"#4"},"down":{"uv":[0,0,16,16],"texture":"#4"}}},{"name":"ONDER","from":[8,-16,16],"to":[16,-8,24],"faces":{"north":{"uv":[0,0,16,16],"texture":"#4"},"east":{"uv":[0,0,16,16],"texture":"#4"},"south":{"uv":[0,0,16,16],"texture":"#4"},"west":{"uv":[0,0,16,16],"texture":"#4"},"up":{"uv":[16,16,0,0],"texture":"#4"},"down":{"uv":[0,0,16,16],"texture":"#4"}}},{"name":"ONDER","from":[8,-16,8],"to":[16,-8,16],"faces":{"north":{"uv":[0,0,16,16],"texture":"#4"},"east":{"uv":[0,0,16,16],"texture":"#4"},"south":{"uv":[0,0,16,16],"texture":"#4"},"west":{"uv":[0,0,16,16],"texture":"#4"},"up":{"uv":[16,16,0,0],"texture":"#4"},"down":{"uv":[0,0,16,16],"texture":"#4"}}},{"name":"ONDER","from":[8,-16,0],"to":[16,-8,8],"faces":{"north":{"uv":[0,0,16,16],"texture":"#4"},"east":{"uv":[0,0,16,16],"texture":"#4"},"south":{"uv":[0,0,16,16],"texture":"#4"},"west":{"uv":[0,0,16,16],"texture":"#4"},"up":{"uv":[16,16,0,0],"texture":"#4"},"down":{"uv":[0,0,16,16],"texture":"#4"}}},{"name":"BOVEN","from":[12,-8,0],"to":[16,-4,8],"faces":{"north":{"uv":[0,0,8,8],"texture":"#4"},"east":{"uv":[0,0,16,8],"texture":"#4"},"south":{"uv":[0,0,8,8],"texture":"#4"},"west":{"uv":[0,0,16,8],"texture":"#4"},"up":{"uv":[8,16,0,0],"texture":"#4"},"down":{"uv":[0,0,8,16],"texture":"#4"}}},{"name":"oak_trapdoor","from":[30.5,4,-8],"to":[32,12,0],"faces":{"east":{"uv":[0,0,16,16],"texture":"#5"},"south":{"uv":[16,0,13,16],"texture":"#5"},"west":{"uv":[0,0,16,16],"texture":"#5"},"up":{"uv":[16,16,13,0],"texture":"#5"}}},{"name":"oak_trapdoor","from":[30.5,4,0],"to":[32,12,8],"faces":{"north":{"uv":[13,0,16,16],"texture":"#5"},"east":{"uv":[0,0,16,16],"texture":"#5"},"south":{"uv":[16,0,13,16],"texture":"#5"},"west":{"uv":[0,0,16,16],"texture":"#5"},"up":{"uv":[16,16,13,0],"texture":"#5"}}},{"name":"oak_trapdoor","from":[30.5,4,8],"to":[32,12,16],"faces":{"north":{"uv":[13,0,16,16],"texture":"#5"},"east":{"uv":[0,0,16,16],"texture":"#5"},"south":{"uv":[16,0,13,16],"texture":"#5"},"west":{"uv":[0,0,16,16],"texture":"#5"},"up":{"uv":[16,16,13,0],"texture":"#5"}}},{"name":"oak_trapdoor","from":[30.5,4,16],"to":[32,12,24],"faces":{"north":{"uv":[13,0,16,16],"texture":"#5"},"east":{"uv":[0,0,16,16],"texture":"#5"},"west":{"uv":[0,0,16,16],"texture":"#5"},"up":{"uv":[16,16,13,0],"texture":"#5"}}},{"name":"oak_trapdoor","from":[14.5,-4,16],"to":[16,4,24],"faces":{"north":{"uv":[13,0,16,16],"texture":"#5"},"east":{"uv":[0,0,16,16],"texture":"#5"},"west":{"uv":[0,0,16,16],"texture":"#5"},"up":{"uv":[16,16,13,0],"texture":"#5"}}},{"name":"oak_trapdoor","from":[14.5,-4,8],"to":[16,4,16],"faces":{"north":{"uv":[13,0,16,16],"texture":"#5"},"east":{"uv":[0,0,16,16],"texture":"#5"},"south":{"uv":[16,0,13,16],"texture":"#5"},"west":{"uv":[0,0,16,16],"texture":"#5"},"up":{"uv":[16,16,13,0],"texture":"#5"}}},{"name":"oak_trapdoor","from":[14.5,-4,0],"to":[16,4,8],"faces":{"north":{"uv":[13,0,16,16],"texture":"#5"},"east":{"uv":[0,0,16,16],"texture":"#5"},"south":{"uv":[16,0,13,16],"texture":"#5"},"west":{"uv":[0,0,16,16],"texture":"#5"},"up":{"uv":[15.92857,15.92857,12.92857,-0.07143],"texture":"#5"}}}],"display":{"gui":{"rotation":[21,45,0],"translation":[-2.5,2,0],"scale":[0.3,0.3,0.3]},"head":{"rotation":[0,-90,0],"translation":[77,-56,64],"scale":[3.2,3.2,3.2]}},"groups":[{"name":"group","origin":[8,8,8],"children":[{"name":"LOG","origin":[8,8,8],"children":[0,1,2,3]},{"name":"BIRCH SLAB","origin":[8,8,8],"children":[4,5]},{"name":"PLANKS BIG OAK","origin":[8,8,8],"children":[6,7]},{"name":"PLANKS SPRUCE","origin":[8,8,8],"children":[8,9,10,11,12,13,14,15,16,17,18]},{"name":"NETHER","origin":[8,8,8],"children":[19,20,21,22,23,24,25,26,27,28,29,30,31,32]},{"name":"oak_trapdoor","origin":[8,8,8],"children":[33,34,35,36,37,38,39]}]}],"credit":"Model by Craftventure"}