{"textures":{"texture":"block/yellow_terracotta","wielen inner":"block/piston_inner","anvil":"block/anvil","minecart":"block/bed_feet_top","stone_slab_top":"block/smooth_stone"},"elements":[{"from":[-1.5,3.5,6],"to":[17.5,7,11.225],"faces":{"north":{"uv":[12.5,8,14.5,11.5],"texture":"#stone_slab_top"},"east":{"uv":[7,8,9,11.5],"texture":"#stone_slab_top"},"south":{"uv":[1.5,8,3.5,11.5],"texture":"#stone_slab_top"},"west":{"uv":[7,8,9,11.5],"texture":"#stone_slab_top"},"up":{"uv":[1.5,7,3.5,9],"texture":"#stone_slab_top"},"down":{"uv":[14.5,9,12.5,7],"texture":"#stone_slab_top"}}},{"from":[-1.5,3,-0.5],"to":[17.5,3.5,10],"faces":{"north":{"uv":[0,0,16,0.5],"texture":"#stone_slab_top"},"east":{"uv":[0,0,10.5,0.5],"texture":"#stone_slab_top"},"south":{"uv":[0,0,16,0.5],"texture":"#stone_slab_top"},"west":{"uv":[0,0,10.5,0.5],"texture":"#stone_slab_top"},"up":{"uv":[0,0,16,10.5],"texture":"#stone_slab_top"},"down":{"uv":[0,0,16,10.5],"texture":"#stone_slab_top"}}},{"from":[-1.5,7,6],"to":[17.5,8,10],"faces":{"north":{"uv":[0,8,16,9],"texture":"#minecart"},"east":{"uv":[6,8,10,9],"texture":"#minecart"},"south":{"uv":[0,8,16,9],"texture":"#minecart"},"west":{"uv":[6,8,10,9],"texture":"#minecart"},"up":{"uv":[0,6,16,10],"texture":"#minecart"},"down":{"uv":[16,10,0,6],"texture":"#minecart"}}},{"from":[0,0,23.5],"to":[1.5,2,25.5],"faces":{"north":{"uv":[4,4,12,12],"texture":"#wielen inner"},"east":{"uv":[4,4,12,12],"texture":"#wielen inner"},"south":{"uv":[5,5,11,11],"texture":"#wielen inner"},"west":{"uv":[4,4,12,12],"texture":"#wielen inner"},"up":{"uv":[4,4,12,12],"texture":"#wielen inner"},"down":{"uv":[4,4,12,12],"texture":"#wielen inner"}}},{"from":[0,2,23.5],"to":[1.5,2.5,25.5],"faces":{"north":{"uv":[15,15,16,16],"texture":"#anvil"},"east":{"uv":[15,15,16,16],"texture":"#anvil"},"south":{"uv":[15,15,16,16],"texture":"#anvil"},"west":{"uv":[15,15,16,16],"texture":"#anvil"},"up":{"uv":[15,15,16,16],"texture":"#anvil"},"down":{"uv":[15,15,16,16],"texture":"#anvil"}}},{"from":[0,-0.5,23.5],"to":[1.5,0,25.5],"faces":{"north":{"uv":[15,15,16,16],"texture":"#anvil"},"east":{"uv":[15,15,16,16],"texture":"#anvil"},"south":{"uv":[15,15,16,16],"texture":"#anvil"},"west":{"uv":[15,15,16,16],"texture":"#anvil"},"up":{"uv":[15,15,16,16],"texture":"#anvil"},"down":{"uv":[15,15,16,16],"texture":"#anvil"}}},{"from":[14.5,0,0.5],"to":[16,2,2.5],"faces":{"north":{"uv":[4,4,12,12],"texture":"#wielen inner"},"east":{"uv":[4,4,12,12],"texture":"#wielen inner"},"south":{"uv":[4,4,12,12],"texture":"#wielen inner"},"west":{"uv":[4,4,12,12],"texture":"#wielen inner"},"up":{"uv":[4,4,12,12],"texture":"#wielen inner"},"down":{"uv":[4,4,12,12],"texture":"#wielen inner"}}},{"from":[0,0,23],"to":[1.5,2,23.5],"faces":{"north":{"uv":[15,15,16,16],"texture":"#anvil"},"east":{"uv":[15,15,16,16],"texture":"#anvil"},"south":{"uv":[15,15,16,16],"texture":"#anvil"},"west":{"uv":[15,15,16,16],"texture":"#anvil"},"up":{"uv":[15,15,16,16],"texture":"#anvil"},"down":{"uv":[15,15,16,16],"texture":"#anvil"}}},{"from":[0,0,25.5],"to":[1.5,2,26],"faces":{"north":{"uv":[15,15,16,16],"texture":"#anvil"},"east":{"uv":[15,15,16,16],"texture":"#anvil"},"south":{"uv":[15,15,16,16],"texture":"#anvil"},"west":{"uv":[15,15,16,16],"texture":"#anvil"},"up":{"uv":[15,15,16,16],"texture":"#anvil"},"down":{"uv":[15,15,16,16],"texture":"#anvil"}}},{"from":[-0.5,0.5,1],"to":[0,1.5,2],"faces":{"north":{"uv":[15,11.5,16,12.5],"texture":"#stone_slab_top"},"east":{"uv":[15,11.5,16,12.5],"texture":"#stone_slab_top"},"south":{"uv":[15,11.5,16,12.5],"texture":"#stone_slab_top"},"west":{"uv":[15,11.5,16,12.5],"texture":"#stone_slab_top"},"up":{"uv":[15,11.5,16,12.5],"texture":"#stone_slab_top"},"down":{"uv":[15,11.5,16,12.5],"texture":"#stone_slab_top"}}},{"from":[14.5,0,2.5],"to":[16,2,3],"faces":{"north":{"uv":[15,15,16,16],"texture":"#anvil"},"east":{"uv":[15,15,16,16],"texture":"#anvil"},"south":{"uv":[15,15,16,16],"texture":"#anvil"},"west":{"uv":[15,15,16,16],"texture":"#anvil"},"up":{"uv":[15,15,16,16],"texture":"#anvil"},"down":{"uv":[15,15,16,16],"texture":"#anvil"}}},{"from":[14.5,-0.5,0.5],"to":[16,0,2.5],"faces":{"north":{"uv":[15,15,16,16],"texture":"#anvil"},"east":{"uv":[15,15,16,16],"texture":"#anvil"},"south":{"uv":[15,15,16,16],"texture":"#anvil"},"west":{"uv":[15,15,16,16],"texture":"#anvil"},"up":{"uv":[15,15,16,16],"texture":"#anvil"},"down":{"uv":[15,15,16,16],"texture":"#anvil"}}},{"from":[14.5,2,0.5],"to":[16,2.5,2.5],"faces":{"north":{"uv":[15,15,16,16],"texture":"#anvil"},"east":{"uv":[15,15,16,16],"texture":"#anvil"},"south":{"uv":[15,15,16,16],"texture":"#anvil"},"west":{"uv":[15,15,16,16],"texture":"#anvil"},"up":{"uv":[15,15,16,16],"texture":"#anvil"},"down":{"uv":[15,15,16,16],"texture":"#anvil"}}},{"from":[16,0.5,24],"to":[16.5,2,25],"faces":{"north":{"uv":[15,11.5,16,12.5],"texture":"#stone_slab_top"},"east":{"uv":[15,11.5,16,12.5],"texture":"#stone_slab_top"},"south":{"uv":[15,11.5,16,12.5],"texture":"#stone_slab_top"},"west":{"uv":[15,11.5,16,12.5],"texture":"#stone_slab_top"},"up":{"uv":[15,11.5,16,12.5],"texture":"#stone_slab_top"},"down":{"uv":[15,11.5,16,12.5],"texture":"#stone_slab_top"}}},{"from":[14.5,0,0],"to":[16,2,0.5],"faces":{"north":{"uv":[15,15,16,16],"texture":"#anvil"},"east":{"uv":[15,15,16,16],"texture":"#anvil"},"south":{"uv":[15,15,16,16],"texture":"#anvil"},"west":{"uv":[15,15,16,16],"texture":"#anvil"},"up":{"uv":[15,15,16,16],"texture":"#anvil"},"down":{"uv":[15,15,16,16],"texture":"#anvil"}}},{"from":[14.5,0,25.5],"to":[16,2,26],"faces":{"north":{"uv":[15,15,16,16],"texture":"#anvil"},"east":{"uv":[15,15,16,16],"texture":"#anvil"},"south":{"uv":[15,15,16,16],"texture":"#anvil"},"west":{"uv":[15,15,16,16],"texture":"#anvil"},"up":{"uv":[15,15,16,16],"texture":"#anvil"},"down":{"uv":[15,15,16,16],"texture":"#anvil"}}},{"from":[14.5,2,23.5],"to":[16,2.5,25.5],"faces":{"north":{"uv":[15,15,16,16],"texture":"#anvil"},"east":{"uv":[15,15,16,16],"texture":"#anvil"},"south":{"uv":[15,15,16,16],"texture":"#anvil"},"west":{"uv":[15,15,16,16],"texture":"#anvil"},"up":{"uv":[15,15,16,16],"texture":"#anvil"},"down":{"uv":[15,15,16,16],"texture":"#anvil"}}},{"from":[14.5,-0.5,23.5],"to":[16,0,25.5],"faces":{"north":{"uv":[15,15,16,16],"texture":"#anvil"},"east":{"uv":[15,15,16,16],"texture":"#anvil"},"south":{"uv":[15,15,16,16],"texture":"#anvil"},"west":{"uv":[15,15,16,16],"texture":"#anvil"},"up":{"uv":[15,15,16,16],"texture":"#anvil"},"down":{"uv":[15,15,16,16],"texture":"#anvil"}}},{"from":[14.5,0,23],"to":[16,2,23.5],"faces":{"north":{"uv":[15,15,16,16],"texture":"#anvil"},"east":{"uv":[15,15,16,16],"texture":"#anvil"},"south":{"uv":[15,15,16,16],"texture":"#anvil"},"west":{"uv":[15,15,16,16],"texture":"#anvil"},"up":{"uv":[15,15,16,16],"texture":"#anvil"},"down":{"uv":[15,15,16,16],"texture":"#anvil"}}},{"from":[14.5,0,23.5],"to":[16,2,25.5],"faces":{"north":{"uv":[4,4,12,12],"texture":"#wielen inner"},"east":{"uv":[4,4,12,12],"texture":"#wielen inner"},"south":{"uv":[4,4,12,12],"texture":"#wielen inner"},"west":{"uv":[4,4,12,12],"texture":"#wielen inner"},"up":{"uv":[4,4,12,12],"texture":"#wielen inner"},"down":{"uv":[4,4,12,12],"texture":"#wielen inner"}}},{"from":[-1,1.5,24],"to":[0,4,25],"faces":{"north":{"uv":[15,11.5,16,12.5],"texture":"#stone_slab_top"},"east":{"uv":[15,11.5,16,12.5],"texture":"#stone_slab_top"},"south":{"uv":[15,11.5,16,12.5],"texture":"#stone_slab_top"},"west":{"uv":[15,11.5,16,12.5],"texture":"#stone_slab_top"},"up":{"uv":[15,11.5,16,12.5],"texture":"#stone_slab_top"},"down":{"uv":[15,11.5,16,12.5],"texture":"#stone_slab_top"}}},{"from":[16,1.5,24],"to":[17,4,25],"faces":{"north":{"uv":[15,11.5,16,12.5],"texture":"#stone_slab_top"},"east":{"uv":[15,11.5,16,12.5],"texture":"#stone_slab_top"},"south":{"uv":[15,11.5,16,12.5],"texture":"#stone_slab_top"},"west":{"uv":[15,11.5,16,12.5],"texture":"#stone_slab_top"},"up":{"uv":[15,11.5,16,12.5],"texture":"#stone_slab_top"},"down":{"uv":[15,11.5,16,12.5],"texture":"#stone_slab_top"}}},{"from":[0,3.5,24],"to":[16,4,25],"faces":{"north":{"uv":[15,11.5,16,12.5],"texture":"#stone_slab_top"},"east":{"uv":[15,11.5,16,12.5],"texture":"#stone_slab_top"},"south":{"uv":[15,11.5,16,12.5],"texture":"#stone_slab_top"},"west":{"uv":[15,11.5,16,12.5],"texture":"#stone_slab_top"},"up":{"uv":[15,11.5,16,12.5],"texture":"#stone_slab_top"},"down":{"uv":[15,11.5,16,12.5],"texture":"#stone_slab_top"}}},{"from":[0,0,0],"to":[1.5,2,0.5],"faces":{"north":{"uv":[15,15,16,16],"texture":"#anvil"},"east":{"uv":[15,15,16,16],"texture":"#anvil"},"south":{"uv":[15,15,16,16],"texture":"#anvil"},"west":{"uv":[15,15,16,16],"texture":"#anvil"},"up":{"uv":[15,15,16,16],"texture":"#anvil"},"down":{"uv":[15,15,16,16],"texture":"#anvil"}}},{"from":[0,0,2.5],"to":[1.5,2,3],"faces":{"north":{"uv":[15,15,16,16],"texture":"#anvil"},"east":{"uv":[15,15,16,16],"texture":"#anvil"},"south":{"uv":[15,15,16,16],"texture":"#anvil"},"west":{"uv":[15,15,16,16],"texture":"#anvil"},"up":{"uv":[15,15,16,16],"texture":"#anvil"},"down":{"uv":[15,15,16,16],"texture":"#anvil"}}},{"from":[0,2,0.5],"to":[1.5,2.5,2.5],"faces":{"north":{"uv":[15,15,16,16],"texture":"#anvil"},"east":{"uv":[15,15,16,16],"texture":"#anvil"},"south":{"uv":[15,15,16,16],"texture":"#anvil"},"west":{"uv":[15,15,16,16],"texture":"#anvil"},"up":{"uv":[15,15,16,16],"texture":"#anvil"},"down":{"uv":[15,15,16,16],"texture":"#anvil"}}},{"from":[0,-0.5,0.5],"to":[1.5,0,2.5],"faces":{"north":{"uv":[15,15,16,16],"texture":"#anvil"},"east":{"uv":[15,15,16,16],"texture":"#anvil"},"south":{"uv":[15,15,16,16],"texture":"#anvil"},"west":{"uv":[15,15,16,16],"texture":"#anvil"},"up":{"uv":[15,15,16,16],"texture":"#anvil"},"down":{"uv":[15,15,16,16],"texture":"#anvil"}}},{"from":[-1.5,9.875,29.0625],"to":[17.5,15.875,30.0625],"rotation":{"angle":22.5,"axis":"x","origin":[-1.5,15.875,29.0625]},"faces":{"north":{"uv":[0,0.125,16,6.125],"texture":"#minecart"},"east":{"uv":[0,0.125,0,6.125],"texture":"#minecart"},"south":{"uv":[0,0.125,16,6.125],"texture":"#minecart"},"west":{"uv":[16,0.125,16,6.125],"texture":"#minecart"},"up":{"uv":[0,16,16,16],"texture":"#minecart"},"down":{"uv":[16,16,0,16],"texture":"#minecart"}}},{"from":[-1.5,6.625,5.0625],"to":[17.5,7.625,6.0625],"rotation":{"angle":-22.5,"axis":"x","origin":[-1.5,7.625,5.0625]},"faces":{"north":{"uv":[0,8.375,16,9.375],"texture":"#minecart"},"east":{"uv":[9.9375,8.375,10.9375,9.375],"texture":"#minecart"},"south":{"uv":[0,8.375,16,9.375],"texture":"#minecart"},"west":{"uv":[5.0625,8.375,6.0625,9.375],"texture":"#minecart"},"up":{"uv":[0,5.0625,16,6.0625],"texture":"#minecart"},"down":{"uv":[16,6.0625,0,5.0625],"texture":"#minecart"}}},{"from":[-1.5,7,11],"to":[17.5,9,12],"rotation":{"angle":45,"axis":"x","origin":[-1.5,9,11]},"faces":{"north":{"uv":[0,7,16,9],"texture":"#minecart"},"east":{"uv":[4,7,5,9],"texture":"#minecart"},"south":{"uv":[0,7,16,9],"texture":"#minecart"},"west":{"uv":[11,7,12,9],"texture":"#minecart"},"up":{"uv":[0,11,16,12],"texture":"#minecart"},"down":{"uv":[16,12,0,11],"texture":"#minecart"}}},{"from":[-1.5,14,13],"to":[17.5,15,14],"faces":{"north":{"uv":[0,1,16,2],"texture":"#minecart"},"east":{"uv":[2,1,3,2],"texture":"#minecart"},"south":{"uv":[0,1,16,2],"texture":"#minecart"},"west":{"uv":[13,1,14,2],"texture":"#minecart"},"up":{"uv":[0,13,16,14],"texture":"#minecart"},"down":{"uv":[16,14,0,13],"texture":"#minecart"}}},{"from":[-1.5,8.5,22],"to":[17.5,9.5,26],"faces":{"north":{"uv":[0,6.5,16,7.5],"texture":"#minecart"},"east":{"uv":[0,6.5,0,7.5],"texture":"#minecart"},"south":{"uv":[0,6.5,16,7.5],"texture":"#minecart"},"west":{"uv":[16,6.5,16,7.5],"texture":"#minecart"},"up":{"uv":[0,15,16,16],"texture":"#minecart"},"down":{"uv":[16,16,0,16],"texture":"#minecart"}}},{"from":[-1.5,8.5,27],"to":[17.5,10.5,28],"rotation":{"angle":45,"axis":"x","origin":[-1.5,10.5,27]},"faces":{"north":{"uv":[0,5.5,16,7.5],"texture":"#minecart"},"east":{"uv":[0,5.5,0,7.5],"texture":"#minecart"},"south":{"uv":[0,5.5,16,7.5],"texture":"#minecart"},"west":{"uv":[16,5.5,16,7.5],"texture":"#minecart"},"up":{"uv":[0,16,16,16],"texture":"#minecart"},"down":{"uv":[16,16,0,16],"texture":"#minecart"}}},{"from":[-1.5,8.375,13.0625],"to":[17.5,14.375,14.0625],"rotation":{"angle":22.5,"axis":"x","origin":[-1.5,14.375,13.0625]},"faces":{"north":{"uv":[0,1.625,16,7.625],"texture":"#minecart"},"east":{"uv":[1.9375,1.625,2.9375,7.625],"texture":"#minecart"},"south":{"uv":[0,1.625,16,7.625],"texture":"#minecart"},"west":{"uv":[13.0625,1.625,14.0625,7.625],"texture":"#minecart"},"up":{"uv":[0,13.0625,16,14.0625],"texture":"#minecart"},"down":{"uv":[16,14.0625,0,13.0625],"texture":"#minecart"}}},{"from":[-1.5,15.5,29],"to":[17.5,16.5,30],"faces":{"north":{"uv":[0,0,16,0.5],"texture":"#minecart"},"east":{"uv":[0,0,0,0.5],"texture":"#minecart"},"south":{"uv":[0,0,16,0.5],"texture":"#minecart"},"west":{"uv":[16,0,16,0.5],"texture":"#minecart"},"up":{"uv":[0,15,16,16],"texture":"#minecart"},"down":{"uv":[16,16,0,16],"texture":"#minecart"}}},{"from":[-1.5,8.125,21.0625],"to":[17.5,9.125,22.0625],"rotation":{"angle":-22.5,"axis":"x","origin":[-1.5,9.125,21.0625]},"faces":{"north":{"uv":[0,6.875,16,7.875],"texture":"#minecart"},"east":{"uv":[0,6.875,0,7.875],"texture":"#minecart"},"south":{"uv":[0,6.875,16,7.875],"texture":"#minecart"},"west":{"uv":[16,6.875,16,7.875],"texture":"#minecart"},"up":{"uv":[0,15,16,16],"texture":"#minecart"},"down":{"uv":[16,16,0,16],"texture":"#minecart"}}},{"from":[-1,4.5,22],"to":[17,8.5,27],"faces":{"north":{"uv":[12.5,8,14.5,11.5],"texture":"#stone_slab_top"},"east":{"uv":[7,8,9,11.5],"texture":"#stone_slab_top"},"south":{"uv":[1.5,8,3.5,11.5],"texture":"#stone_slab_top"},"west":{"uv":[7,8,9,11.5],"texture":"#stone_slab_top"},"up":{"uv":[1.5,7,3.5,9],"texture":"#stone_slab_top"},"down":{"uv":[14.5,9,12.5,7],"texture":"#stone_slab_top"}}},{"from":[1.5,0.5,24],"to":[2,1.5,25],"faces":{"north":{"uv":[15,11.5,16,12.5],"texture":"#stone_slab_top"},"east":{"uv":[15,11.5,16,12.5],"texture":"#stone_slab_top"},"south":{"uv":[15,11.5,16,12.5],"texture":"#stone_slab_top"},"west":{"uv":[15,11.5,16,12.5],"texture":"#stone_slab_top"},"up":{"uv":[15,11.5,16,12.5],"texture":"#stone_slab_top"},"down":{"uv":[15,11.5,16,12.5],"texture":"#stone_slab_top"}}},{"from":[14,0.5,24],"to":[14.5,2,25],"faces":{"north":{"uv":[15,11.5,16,12.5],"texture":"#stone_slab_top"},"east":{"uv":[15,11.5,16,12.5],"texture":"#stone_slab_top"},"south":{"uv":[15,11.5,16,12.5],"texture":"#stone_slab_top"},"west":{"uv":[15,11.5,16,12.5],"texture":"#stone_slab_top"},"up":{"uv":[15,11.5,16,12.5],"texture":"#stone_slab_top"},"down":{"uv":[15,11.5,16,12.5],"texture":"#stone_slab_top"}}},{"from":[13.5,1.5,24],"to":[14.5,4,25],"faces":{"north":{"uv":[15,11.5,16,12.5],"texture":"#stone_slab_top"},"east":{"uv":[15,11.5,16,12.5],"texture":"#stone_slab_top"},"south":{"uv":[15,11.5,16,12.5],"texture":"#stone_slab_top"},"west":{"uv":[15,11.5,16,12.5],"texture":"#stone_slab_top"},"up":{"uv":[15,11.5,16,12.5],"texture":"#stone_slab_top"},"down":{"uv":[15,11.5,16,12.5],"texture":"#stone_slab_top"}}},{"from":[1.5,1.5,24],"to":[2.5,4,25],"faces":{"north":{"uv":[15,11.5,16,12.5],"texture":"#stone_slab_top"},"east":{"uv":[15,11.5,16,12.5],"texture":"#stone_slab_top"},"south":{"uv":[15,11.5,16,12.5],"texture":"#stone_slab_top"},"west":{"uv":[15,11.5,16,12.5],"texture":"#stone_slab_top"},"up":{"uv":[15,11.5,16,12.5],"texture":"#stone_slab_top"},"down":{"uv":[15,11.5,16,12.5],"texture":"#stone_slab_top"}}},{"from":[0,0,0.5],"to":[1.5,2,2.5],"faces":{"north":{"uv":[4,4,12,12],"texture":"#wielen inner"},"east":{"uv":[4,4,12,12],"texture":"#wielen inner"},"south":{"uv":[4,4,12,12],"texture":"#wielen inner"},"west":{"uv":[4,4,12,12],"texture":"#wielen inner"},"up":{"uv":[4,4,12,12],"texture":"#wielen inner"},"down":{"uv":[4,4,12,12],"texture":"#wielen inner"}}},{"from":[16,1.5,1],"to":[17,3,2],"faces":{"north":{"uv":[15,11.5,16,12.5],"texture":"#stone_slab_top"},"east":{"uv":[15,11.5,16,12.5],"texture":"#stone_slab_top"},"south":{"uv":[15,11.5,16,12.5],"texture":"#stone_slab_top"},"west":{"uv":[15,11.5,16,12.5],"texture":"#stone_slab_top"},"up":{"uv":[15,11.5,16,12.5],"texture":"#stone_slab_top"},"down":{"uv":[15,11.5,16,12.5],"texture":"#stone_slab_top"}}},{"from":[1.5,0.5,1],"to":[2,1.5,2],"faces":{"north":{"uv":[15,11.5,16,12.5],"texture":"#stone_slab_top"},"east":{"uv":[15,11.5,16,12.5],"texture":"#stone_slab_top"},"south":{"uv":[15,11.5,16,12.5],"texture":"#stone_slab_top"},"west":{"uv":[15,11.5,16,12.5],"texture":"#stone_slab_top"},"up":{"uv":[15,11.5,16,12.5],"texture":"#stone_slab_top"},"down":{"uv":[15,11.5,16,12.5],"texture":"#stone_slab_top"}}},{"from":[14,0.5,1],"to":[14.5,1.5,2],"faces":{"north":{"uv":[15,11.5,16,12.5],"texture":"#stone_slab_top"},"east":{"uv":[15,11.5,16,12.5],"texture":"#stone_slab_top"},"south":{"uv":[15,11.5,16,12.5],"texture":"#stone_slab_top"},"west":{"uv":[15,11.5,16,12.5],"texture":"#stone_slab_top"},"up":{"uv":[15,11.5,16,12.5],"texture":"#stone_slab_top"},"down":{"uv":[15,11.5,16,12.5],"texture":"#stone_slab_top"}}},{"from":[16,0.5,1],"to":[16.5,1.5,2],"faces":{"north":{"uv":[15,11.5,16,12.5],"texture":"#stone_slab_top"},"east":{"uv":[15,11.5,16,12.5],"texture":"#stone_slab_top"},"south":{"uv":[15,11.5,16,12.5],"texture":"#stone_slab_top"},"west":{"uv":[15,11.5,16,12.5],"texture":"#stone_slab_top"},"up":{"uv":[15,11.5,16,12.5],"texture":"#stone_slab_top"},"down":{"uv":[15,11.5,16,12.5],"texture":"#stone_slab_top"}}},{"from":[13.5,1.5,1],"to":[14.5,3,2],"faces":{"north":{"uv":[15,11.5,16,12.5],"texture":"#stone_slab_top"},"east":{"uv":[15,11.5,16,12.5],"texture":"#stone_slab_top"},"south":{"uv":[15,11.5,16,12.5],"texture":"#stone_slab_top"},"west":{"uv":[15,11.5,16,12.5],"texture":"#stone_slab_top"},"up":{"uv":[15,11.5,16,12.5],"texture":"#stone_slab_top"},"down":{"uv":[15,11.5,16,12.5],"texture":"#stone_slab_top"}}},{"from":[1.5,1.5,1],"to":[2.5,3,2],"faces":{"north":{"uv":[15,11.5,16,12.5],"texture":"#stone_slab_top"},"east":{"uv":[15,11.5,16,12.5],"texture":"#stone_slab_top"},"south":{"uv":[15,11.5,16,12.5],"texture":"#stone_slab_top"},"west":{"uv":[15,11.5,16,12.5],"texture":"#stone_slab_top"},"up":{"uv":[15,11.5,16,12.5],"texture":"#stone_slab_top"},"down":{"uv":[15,11.5,16,12.5],"texture":"#stone_slab_top"}}},{"from":[-1,1.5,1],"to":[0,3,2],"faces":{"north":{"uv":[15,11.5,16,12.5],"texture":"#stone_slab_top"},"east":{"uv":[15,11.5,16,12.5],"texture":"#stone_slab_top"},"south":{"uv":[15,11.5,16,12.5],"texture":"#stone_slab_top"},"west":{"uv":[15,11.5,16,12.5],"texture":"#stone_slab_top"},"up":{"uv":[15,11.5,16,12.5],"texture":"#stone_slab_top"},"down":{"uv":[15,11.5,16,12.5],"texture":"#stone_slab_top"}}},{"from":[0,2.5,1],"to":[16,3,2],"faces":{"north":{"uv":[15,11.5,16,12.5],"texture":"#stone_slab_top"},"east":{"uv":[15,11.5,16,12.5],"texture":"#stone_slab_top"},"south":{"uv":[15,11.5,16,12.5],"texture":"#stone_slab_top"},"west":{"uv":[15,11.5,16,12.5],"texture":"#stone_slab_top"},"up":{"uv":[15,11.5,16,12.5],"texture":"#stone_slab_top"},"down":{"uv":[15,11.5,16,12.5],"texture":"#stone_slab_top"}}},{"from":[-0.5,0.5,24],"to":[0,1.5,25],"faces":{"north":{"uv":[15,11.5,16,12.5],"texture":"#stone_slab_top"},"east":{"uv":[15,11.5,16,12.5],"texture":"#stone_slab_top"},"south":{"uv":[15,11.5,16,12.5],"texture":"#stone_slab_top"},"west":{"uv":[15,11.5,16,12.5],"texture":"#stone_slab_top"},"up":{"uv":[15,11.5,16,12.5],"texture":"#stone_slab_top"},"down":{"uv":[15,11.5,16,12.5],"texture":"#stone_slab_top"}}},{"from":[-2,1,-1],"to":[3,6.5,0],"rotation":{"angle":22.5,"axis":"y","origin":[-2,1,-1]},"faces":{"north":{"uv":[0,0,5,5.5],"texture":"#texture"},"east":{"uv":[0,0,1,5.5],"texture":"#texture"},"south":{"uv":[0,0,5,5.5],"texture":"#texture"},"west":{"uv":[0,0,1,5.5],"texture":"#texture"},"up":{"uv":[0,0,5,1],"texture":"#texture"},"down":{"uv":[0,0,5,1],"texture":"#texture"}}},{"from":[-1.5,2.9375,9.75],"to":[17.5,3.4375,12.55],"rotation":{"angle":-22.5,"axis":"x","origin":[-1.5,3.4375,9.75]},"faces":{"north":{"uv":[0,0,16,0.5],"texture":"#stone_slab_top"},"east":{"uv":[0,0,2.8,0.5],"texture":"#stone_slab_top"},"south":{"uv":[0,0,16,0.5],"texture":"#stone_slab_top"},"west":{"uv":[0,0,2.8,0.5],"texture":"#stone_slab_top"},"up":{"uv":[0,0,16,2.8],"texture":"#stone_slab_top"},"down":{"uv":[0,0,16,2.8],"texture":"#stone_slab_top"}}},{"from":[-1.5,4,12.3],"to":[17.5,4.5,27],"faces":{"north":{"uv":[0,0,16,0.5],"texture":"#stone_slab_top"},"east":{"uv":[0,0,14.7,0.5],"texture":"#stone_slab_top"},"south":{"uv":[0,0,16,0.5],"texture":"#stone_slab_top"},"west":{"uv":[0,0,14.7,0.5],"texture":"#stone_slab_top"},"up":{"uv":[0,0,16,14.7],"texture":"#stone_slab_top"},"down":{"uv":[0,0,16,14.7],"texture":"#stone_slab_top"}}},{"from":[13.375,1,-2.9375],"to":[18.375,6.5,-1.9375],"rotation":{"angle":-22.5,"axis":"y","origin":[13.375,1,-2.9375]},"faces":{"north":{"uv":[0,0,5,5.5],"texture":"#texture"},"east":{"uv":[0,0,1,5.5],"texture":"#texture"},"south":{"uv":[0,0,5,5.5],"texture":"#texture"},"west":{"uv":[0,0,1,5.5],"texture":"#texture"},"up":{"uv":[0,0,5,1],"texture":"#texture"},"down":{"uv":[0,0,5,1],"texture":"#texture"}}},{"from":[2.5,1,-3],"to":[13.5,7,-2],"faces":{"north":{"uv":[0,0,11,6],"texture":"#texture"},"east":{"uv":[0,0,1,6],"texture":"#texture"},"south":{"uv":[0,0,11,6],"texture":"#texture"},"west":{"uv":[0,0,1,6],"texture":"#texture"},"up":{"uv":[0,0,11,1],"texture":"#texture"},"down":{"uv":[0,0,11,1],"texture":"#texture"}}},{"from":[17.001,4.5,0],"to":[18.001,6.5,2.625],"rotation":{"angle":22.5,"axis":"x","origin":[17,6.5,0]},"faces":{"north":{"uv":[0,0,1,2],"texture":"#texture"},"east":{"uv":[0,0,2.5,2],"texture":"#texture"},"south":{"uv":[0,0,1,2],"texture":"#texture"},"west":{"uv":[0,0,2.5,2],"texture":"#texture"},"up":{"uv":[0,0,1,2.5],"texture":"#texture"},"down":{"uv":[0,0,1,2.5],"texture":"#texture"}}},{"from":[17,1,0],"to":[18,5.5,2.5],"faces":{"north":{"uv":[0,0,1,4.5],"texture":"#texture"},"east":{"uv":[0,0,2.5,4.5],"texture":"#texture"},"south":{"uv":[0,0,1,4.5],"texture":"#texture"},"west":{"uv":[0,0,2.5,4.5],"texture":"#texture"},"up":{"uv":[0,0,1,2.5],"texture":"#texture"},"down":{"uv":[0,0,1,2.5],"texture":"#texture"}}},{"from":[17,1,-1],"to":[18,6.5,0],"faces":{"north":{"uv":[0,0,1,5.5],"texture":"#texture"},"east":{"uv":[0,0,1,5.5],"texture":"#texture"},"south":{"uv":[0,0,1,5.5],"texture":"#texture"},"west":{"uv":[0,0,1,5.5],"texture":"#texture"},"up":{"uv":[0,0,1,1],"texture":"#texture"},"down":{"uv":[0,0,1,1],"texture":"#texture"}}},{"from":[-2,1,-1],"to":[-1,6.5,0],"faces":{"north":{"uv":[0,0,1,5.5],"texture":"#texture"},"east":{"uv":[0,0,1,5.5],"texture":"#texture"},"south":{"uv":[0,0,1,5.5],"texture":"#texture"},"west":{"uv":[0,0,1,5.5],"texture":"#texture"},"up":{"uv":[0,0,1,1],"texture":"#texture"},"down":{"uv":[0,0,1,1],"texture":"#texture"}}},{"from":[-2.001,4.5,0],"to":[-1.001,6.5,2.625],"rotation":{"angle":22.5,"axis":"x","origin":[-2,6.5,0]},"faces":{"north":{"uv":[0,0,1,2],"texture":"#texture"},"east":{"uv":[0,0,2.5,2],"texture":"#texture"},"south":{"uv":[0,0,1,2],"texture":"#texture"},"west":{"uv":[0,0,2.5,2],"texture":"#texture"},"up":{"uv":[0,0,1,2.5],"texture":"#texture"},"down":{"uv":[0,0,1,2.5],"texture":"#texture"}}},{"from":[-2,1,0],"to":[-1,5.5,2.5],"faces":{"north":{"uv":[0,0,1,4.5],"texture":"#texture"},"east":{"uv":[0,0,2.5,4.5],"texture":"#texture"},"south":{"uv":[0,0,1,4.5],"texture":"#texture"},"west":{"uv":[0,0,2.5,4.5],"texture":"#texture"},"up":{"uv":[0,0,1,2.5],"texture":"#texture"},"down":{"uv":[0,0,1,2.5],"texture":"#texture"}}},{"from":[-1.5,4.5,14],"to":[17.5,14,15],"rotation":{"angle":22.5,"axis":"x","origin":[-1.5,14,14]},"faces":{"north":{"uv":[12.5,8,14.5,11.5],"texture":"#texture"},"east":{"uv":[7,8,9,11.5],"texture":"#texture"},"south":{"uv":[1.5,8,3.5,11.5],"texture":"#texture"},"west":{"uv":[7,8,9,11.5],"texture":"#texture"},"up":{"uv":[1.5,7,3.5,9],"texture":"#texture"},"down":{"uv":[14.5,9,12.5,7],"texture":"#texture"}}},{"from":[-1.5,6,30],"to":[17.5,15.5,31],"rotation":{"angle":22.5,"axis":"x","origin":[-1.5,15.5,30]},"faces":{"north":{"uv":[0,0,16,9.5],"texture":"#texture"},"east":{"uv":[0,0,1,9.5],"texture":"#texture"},"south":{"uv":[0,0,16,9.5],"texture":"#texture"},"west":{"uv":[0,0,1,9.5],"texture":"#texture"},"up":{"uv":[0,0,16,1],"texture":"#texture"},"down":{"uv":[0,0,16,1],"texture":"#texture"}}},{"from":[-2,3,2.5],"to":[-1.5,4,4.5],"faces":{"north":{"uv":[0,0,0.5,1],"texture":"#texture"},"east":{"uv":[0,0,2,1],"texture":"#texture"},"south":{"uv":[0,0,0.5,1],"texture":"#texture"},"west":{"uv":[0,0,2,1],"texture":"#texture"},"up":{"uv":[0,0,0.5,2],"texture":"#texture"},"down":{"uv":[0,0,0.5,2],"texture":"#texture"}}},{"from":[1.7,3,-2.5],"to":[14.3,3.5,-1.5],"faces":{"north":{"uv":[0,0,12.6,0.5],"texture":"#stone_slab_top"},"east":{"uv":[0,0,1,0.5],"texture":"#stone_slab_top"},"south":{"uv":[0,0,12.6,0.5],"texture":"#stone_slab_top"},"west":{"uv":[0,0,1,0.5],"texture":"#stone_slab_top"},"up":{"uv":[0,0,12.6,1],"texture":"#stone_slab_top"},"down":{"uv":[0,0,12.6,1],"texture":"#stone_slab_top"}}},{"from":[-0.8,3,-1.5],"to":[16.8,3.5,-0.5],"faces":{"north":{"uv":[0,0,16,0.5],"texture":"#stone_slab_top"},"east":{"uv":[0,0,1,0.5],"texture":"#stone_slab_top"},"south":{"uv":[0,0,16,0.5],"texture":"#stone_slab_top"},"west":{"uv":[0,0,1,0.5],"texture":"#stone_slab_top"},"up":{"uv":[0,0,16,1],"texture":"#stone_slab_top"},"down":{"uv":[0,0,16,1],"texture":"#stone_slab_top"}}},{"from":[-2,1,2.5],"to":[-1,3,27.5],"faces":{"north":{"uv":[0,0,1,2],"texture":"#texture"},"east":{"uv":[0,0,16,2],"texture":"#texture"},"south":{"uv":[0,0,1,2],"texture":"#texture"},"west":{"uv":[0,0,16,2],"texture":"#texture"},"up":{"uv":[0,0,1,16],"texture":"#texture"},"down":{"uv":[0,0,1,16],"texture":"#texture"}}},{"from":[17.5,3,2.5],"to":[18,4,4.5],"faces":{"north":{"uv":[0,0,0.5,1],"texture":"#texture"},"east":{"uv":[0,0,2,1],"texture":"#texture"},"south":{"uv":[0,0,0.5,1],"texture":"#texture"},"west":{"uv":[0,0,2,1],"texture":"#texture"},"up":{"uv":[0,0,0.5,2],"texture":"#texture"},"down":{"uv":[0,0,0.5,2],"texture":"#texture"}}},{"from":[17,1,2.5],"to":[18,3,27.5],"faces":{"north":{"uv":[0,0,1,2],"texture":"#texture"},"east":{"uv":[0,0,16,2],"texture":"#texture"},"south":{"uv":[0,0,1,2],"texture":"#texture"},"west":{"uv":[0,0,16,2],"texture":"#texture"},"up":{"uv":[0,0,1,16],"texture":"#texture"},"down":{"uv":[0,0,1,16],"texture":"#texture"}}},{"from":[-2,3,4.5],"to":[-1,8.5,12],"faces":{"north":{"uv":[0,0,1,5.5],"texture":"#texture"},"east":{"uv":[0,0,7.5,5.5],"texture":"#texture"},"south":{"uv":[0,0,1,5.5],"texture":"#texture"},"west":{"uv":[0,0,7.5,5.5],"texture":"#texture"},"up":{"uv":[0,0,1,7.5],"texture":"#texture"},"down":{"uv":[0,0,1,7.5],"texture":"#texture"}}},{"from":[-2.001,4,12.5],"to":[-1.001,14,15.5],"rotation":{"angle":22.5,"axis":"x","origin":[-2.001,14,12.5]},"faces":{"north":{"uv":[0,0,1,10],"texture":"#texture"},"east":{"uv":[0,0,3,10],"texture":"#texture"},"south":{"uv":[0,0,1,10],"texture":"#texture"},"west":{"uv":[0,0,3,10],"texture":"#texture"},"up":{"uv":[0,0,1,3],"texture":"#texture"},"down":{"uv":[0,0,1,3],"texture":"#texture"}}},{"from":[-2.002,8.5,6.5],"to":[-1.002,9.5,9.2],"rotation":{"angle":22.5,"axis":"x","origin":[-2,9.5,6.5]},"faces":{"north":{"uv":[0,0,1,1],"texture":"#texture"},"east":{"uv":[0,0,2.7,1],"texture":"#texture"},"south":{"uv":[0,0,1,1],"texture":"#texture"},"west":{"uv":[0,0,2.7,1],"texture":"#texture"},"up":{"uv":[0,0,1,2.7],"texture":"#texture"},"down":{"uv":[0,0,1,2.7],"texture":"#texture"}}},{"from":[-2,13.8125,11.9375],"to":[-1,16.3125,16.4375],"rotation":{"angle":22.5,"axis":"x","origin":[-2,16.3125,11.9375]},"faces":{"north":{"uv":[0,0,1,2.5],"texture":"#texture"},"east":{"uv":[0,0,4.5,2.5],"texture":"#texture"},"south":{"uv":[0,0,1,2.5],"texture":"#texture"},"west":{"uv":[0,0,4.5,2.5],"texture":"#texture"},"up":{"uv":[0,0,1,4.5],"texture":"#texture"},"down":{"uv":[0,0,1,4.5],"texture":"#texture"}}},{"from":[17.001,4,12.5],"to":[18.001,14,15.5],"rotation":{"angle":22.5,"axis":"x","origin":[17.001,14,12.5]},"faces":{"north":{"uv":[0,0,1,10],"texture":"#texture"},"east":{"uv":[0,0,3,10],"texture":"#texture"},"south":{"uv":[0,0,1,10],"texture":"#texture"},"west":{"uv":[0,0,3,10],"texture":"#texture"},"up":{"uv":[0,0,1,3],"texture":"#texture"},"down":{"uv":[0,0,1,3],"texture":"#texture"}}},{"from":[17,13.8125,11.9375],"to":[18,16.3125,16.4375],"rotation":{"angle":22.5,"axis":"x","origin":[17,16.3125,11.9375]},"faces":{"north":{"uv":[0,0,1,2.5],"texture":"#texture"},"east":{"uv":[0,0,4.5,2.5],"texture":"#texture"},"south":{"uv":[0,0,1,2.5],"texture":"#texture"},"west":{"uv":[0,0,4.5,2.5],"texture":"#texture"},"up":{"uv":[0,0,1,4.5],"texture":"#texture"},"down":{"uv":[0,0,1,4.5],"texture":"#texture"}}},{"from":[17,13.5,26.5],"to":[18,15.5,27.5],"rotation":{"angle":-22.5,"axis":"x","origin":[17,15.5,26.5]},"faces":{"north":{"uv":[0,0,1,2],"texture":"#texture"},"east":{"uv":[0,0,1,2],"texture":"#texture"},"south":{"uv":[0,0,1,2],"texture":"#texture"},"west":{"uv":[0,0,1,2],"texture":"#texture"},"up":{"uv":[0,0,1,1],"texture":"#texture"},"down":{"uv":[0,0,1,1],"texture":"#texture"}}},{"from":[-2,3,12],"to":[-1.5,5,20],"faces":{"north":{"uv":[0,0,0.5,2],"texture":"#texture"},"east":{"uv":[0,0,8,2],"texture":"#texture"},"south":{"uv":[0,0,0.5,2],"texture":"#texture"},"west":{"uv":[0,0,8,2],"texture":"#texture"},"up":{"uv":[0,0,0.5,8],"texture":"#texture"},"down":{"uv":[0,0,0.5,8],"texture":"#texture"}}},{"from":[17,3,4.5],"to":[18,8.5,12],"faces":{"north":{"uv":[0,0,1,5.5],"texture":"#texture"},"east":{"uv":[0,0,7.5,5.5],"texture":"#texture"},"south":{"uv":[0,0,1,5.5],"texture":"#texture"},"west":{"uv":[0,0,7.5,5.5],"texture":"#texture"},"up":{"uv":[0,0,1,7.5],"texture":"#texture"},"down":{"uv":[0,0,1,7.5],"texture":"#texture"}}},{"from":[17.002,8.5,6.5],"to":[18.002,9.5,9.2],"rotation":{"angle":22.5,"axis":"x","origin":[17.002,9.5,6.5]},"faces":{"north":{"uv":[0,0,1,1],"texture":"#texture"},"east":{"uv":[0,0,2.7,1],"texture":"#texture"},"south":{"uv":[0,0,1,1],"texture":"#texture"},"west":{"uv":[0,0,2.7,1],"texture":"#texture"},"up":{"uv":[0,0,1,2.7],"texture":"#texture"},"down":{"uv":[0,0,1,2.7],"texture":"#texture"}}},{"from":[17.001,4.86061,3.26642],"to":[18.001,8.16061,6.76642],"rotation":{"angle":-22.5,"axis":"x","origin":[17.001,8.16061,3.26642]},"faces":{"north":{"uv":[0,0,1,3.3],"texture":"#texture"},"east":{"uv":[0,0,3.5,3.3],"texture":"#texture"},"south":{"uv":[0,0,1,3.3],"texture":"#texture"},"west":{"uv":[0,0,3.5,3.3],"texture":"#texture"},"up":{"uv":[0,0,1,3.5],"texture":"#texture"},"down":{"uv":[0,0,1,3.5],"texture":"#texture"}}},{"from":[-2,15.3125,27.4375],"to":[-1,17.8125,31.9375],"rotation":{"angle":22.5,"axis":"x","origin":[-2,17.8125,27.4375]},"faces":{"north":{"uv":[0,0,1,2.5],"texture":"#texture"},"east":{"uv":[0,0,4.5,2.5],"texture":"#texture"},"south":{"uv":[0,0,1,2.5],"texture":"#texture"},"west":{"uv":[0,0,4.5,2.5],"texture":"#texture"},"up":{"uv":[0,0,1,4.5],"texture":"#texture"},"down":{"uv":[0,0,1,4.5],"texture":"#texture"}}},{"from":[17,15.3125,27.4375],"to":[18,17.8125,31.9375],"rotation":{"angle":22.5,"axis":"x","origin":[17,17.8125,27.4375]},"faces":{"north":{"uv":[0,0,1,2.5],"texture":"#texture"},"east":{"uv":[0,0,4.5,2.5],"texture":"#texture"},"south":{"uv":[0,0,1,2.5],"texture":"#texture"},"west":{"uv":[0,0,4.5,2.5],"texture":"#texture"},"up":{"uv":[0,0,1,4.5],"texture":"#texture"},"down":{"uv":[0,0,1,4.5],"texture":"#texture"}}},{"from":[-2,3,20],"to":[-1,10,27.5],"faces":{"north":{"uv":[0,0,1,7],"texture":"#texture"},"east":{"uv":[0,0,7.5,7],"texture":"#texture"},"south":{"uv":[0,0,1,7],"texture":"#texture"},"west":{"uv":[0,0,7.5,7],"texture":"#texture"},"up":{"uv":[0,0,1,7.5],"texture":"#texture"},"down":{"uv":[0,0,1,7.5],"texture":"#texture"}}},{"from":[-2,13.5,26.5],"to":[-1,15.5,27.5],"rotation":{"angle":-22.5,"axis":"x","origin":[-2,15.5,26.5]},"faces":{"north":{"uv":[15,0.5,16,2.5],"texture":"#texture"},"east":{"uv":[15,0.5,16,2.5],"texture":"#texture"},"south":{"uv":[15,0.5,16,2.5],"texture":"#texture"},"west":{"uv":[15,0.5,16,2.5],"texture":"#texture"},"up":{"uv":[15,0.5,16,2.5],"texture":"#texture"},"down":{"uv":[15,0.5,16,2.5],"texture":"#texture"}}},{"from":[-2.001,6.3875,18.75],"to":[-1.001,9.6875,22.25],"rotation":{"angle":-22.5,"axis":"x","origin":[-2.001,9.6875,18.75]},"faces":{"north":{"uv":[0,0,1,3.3],"texture":"#texture"},"east":{"uv":[0,0,3.5,3.3],"texture":"#texture"},"south":{"uv":[0,0,1,3.3],"texture":"#texture"},"west":{"uv":[0,0,3.5,3.3],"texture":"#texture"},"up":{"uv":[0,0,1,3.5],"texture":"#texture"},"down":{"uv":[0,0,1,3.5],"texture":"#texture"}}},{"from":[-2.002,10,22],"to":[-1.002,11,24.7],"rotation":{"angle":22.5,"axis":"x","origin":[-2,11,22]},"faces":{"north":{"uv":[0,0,1,1],"texture":"#texture"},"east":{"uv":[0,0,2.7,1],"texture":"#texture"},"south":{"uv":[0,0,1,1],"texture":"#texture"},"west":{"uv":[0,0,2.7,1],"texture":"#texture"},"up":{"uv":[0,0,1,2.7],"texture":"#texture"},"down":{"uv":[0,0,1,2.7],"texture":"#texture"}}},{"from":[-1,1,27],"to":[17,9.5,27.5],"faces":{"north":{"uv":[0,0,16,8.5],"texture":"#texture"},"east":{"uv":[0,0,0.5,8.5],"texture":"#texture"},"south":{"uv":[0,0,16,8.5],"texture":"#texture"},"west":{"uv":[0,0,0.5,8.5],"texture":"#texture"},"up":{"uv":[0,0,16,0.5],"texture":"#texture"},"down":{"uv":[0,0,16,0.5],"texture":"#texture"}}},{"from":[17.001,5.5,28],"to":[18.001,15.5,31],"rotation":{"angle":22.5,"axis":"x","origin":[17.001,15.5,28]},"faces":{"north":{"uv":[0,0,1,10],"texture":"#texture"},"east":{"uv":[0,0,3,10],"texture":"#texture"},"south":{"uv":[0,0,1,10],"texture":"#texture"},"west":{"uv":[0,0,3,10],"texture":"#texture"},"up":{"uv":[0,0,1,3],"texture":"#texture"},"down":{"uv":[0,0,1,3],"texture":"#texture"}}},{"from":[17,3,20],"to":[18,10,27.5],"faces":{"north":{"uv":[0,0,1,7],"texture":"#texture"},"east":{"uv":[0,0,7.5,7],"texture":"#texture"},"south":{"uv":[0,0,1,7],"texture":"#texture"},"west":{"uv":[0,0,7.5,7],"texture":"#texture"},"up":{"uv":[0,0,1,7.5],"texture":"#texture"},"down":{"uv":[0,0,1,7.5],"texture":"#texture"}}},{"from":[17.002,10,22],"to":[18.002,11,24.7],"rotation":{"angle":22.5,"axis":"x","origin":[17,11,22]},"faces":{"north":{"uv":[0,0,1,1],"texture":"#texture"},"east":{"uv":[0,0,2.7,1],"texture":"#texture"},"south":{"uv":[0,0,1,1],"texture":"#texture"},"west":{"uv":[0,0,2.7,1],"texture":"#texture"},"up":{"uv":[0,0,1,2.7],"texture":"#texture"},"down":{"uv":[0,0,1,2.7],"texture":"#texture"}}},{"from":[17.5,3,12],"to":[18,5,20],"faces":{"north":{"uv":[0,0,0.5,2],"texture":"#texture"},"east":{"uv":[0,0,8,2],"texture":"#texture"},"south":{"uv":[0,0,0.5,2],"texture":"#texture"},"west":{"uv":[0,0,8,2],"texture":"#texture"},"up":{"uv":[0,0,0.5,8],"texture":"#texture"},"down":{"uv":[0,0,0.5,8],"texture":"#texture"}}},{"from":[17,12,11],"to":[18,14,12],"rotation":{"angle":-22.5,"axis":"x","origin":[17,14,11]},"faces":{"north":{"uv":[0,0,1,2],"texture":"#texture"},"east":{"uv":[0,0,1,2],"texture":"#texture"},"south":{"uv":[0,0,1,2],"texture":"#texture"},"west":{"uv":[0,0,1,2],"texture":"#texture"},"up":{"uv":[0,0,1,1],"texture":"#texture"},"down":{"uv":[0,0,1,1],"texture":"#texture"}}},{"from":[-2,12,11],"to":[-1,14,12],"rotation":{"angle":-22.5,"axis":"x","origin":[-2,14,11]},"faces":{"north":{"uv":[0,0,1,2],"texture":"#texture"},"east":{"uv":[0,0,1,2],"texture":"#texture"},"south":{"uv":[0,0,1,2],"texture":"#texture"},"west":{"uv":[0,0,1,2],"texture":"#texture"},"up":{"uv":[0,0,1,1],"texture":"#texture"},"down":{"uv":[0,0,1,1],"texture":"#texture"}}},{"from":[-2.001,5.5,28],"to":[-1.001,15.5,31],"rotation":{"angle":22.5,"axis":"x","origin":[-2.001,15.5,28]},"faces":{"north":{"uv":[0,0,1,10],"texture":"#texture"},"east":{"uv":[0,0,3,10],"texture":"#texture"},"south":{"uv":[0,0,1,10],"texture":"#texture"},"west":{"uv":[0,0,3,10],"texture":"#texture"},"up":{"uv":[0,0,1,3],"texture":"#texture"},"down":{"uv":[0,0,1,3],"texture":"#texture"}}},{"from":[2.5,9,-2],"to":[13.5,9.5,-1],"faces":{"north":{"uv":[2.5,6.5,13.5,7],"texture":"#stone_slab_top"},"east":{"uv":[16,6.5,16,7],"texture":"#stone_slab_top"},"south":{"uv":[2.5,6.5,13.5,7],"texture":"#stone_slab_top"},"west":{"uv":[0,6.5,0,7],"texture":"#stone_slab_top"},"up":{"uv":[2.5,0,13.5,1],"texture":"#stone_slab_top"},"down":{"uv":[2.5,0,13.5,1],"texture":"#stone_slab_top"}}},{"from":[12.5,6,-1.5],"to":[13,9.5,-1],"rotation":{"angle":22.5,"axis":"x","origin":[12.5,9.5,-1.5]},"faces":{"north":{"uv":[13,5.5,13.5,8.5],"texture":"#stone_slab_top"},"east":{"uv":[13,5.5,13.5,8.5],"texture":"#stone_slab_top"},"south":{"uv":[13,5.5,13.5,8.5],"texture":"#stone_slab_top"},"west":{"uv":[13,5.5,13.5,8.5],"texture":"#stone_slab_top"},"up":{"uv":[13,5.5,13.5,8.5],"texture":"#stone_slab_top"},"down":{"uv":[13,5.5,13.5,8.5],"texture":"#stone_slab_top"}}},{"from":[3,6,-1.5],"to":[3.5,9.5,-1],"rotation":{"angle":22.5,"axis":"x","origin":[3,9.5,-1.5]},"faces":{"north":{"uv":[13,5.5,13.5,8.5],"texture":"#stone_slab_top"},"east":{"uv":[13,5.5,13.5,8.5],"texture":"#stone_slab_top"},"south":{"uv":[13,5.5,13.5,8.5],"texture":"#stone_slab_top"},"west":{"uv":[13,5.5,13.5,8.5],"texture":"#stone_slab_top"},"up":{"uv":[13,5.5,13.5,8.5],"texture":"#stone_slab_top"},"down":{"uv":[13,5.5,13.5,8.5],"texture":"#stone_slab_top"}}},{"from":[13.5,9,-2],"to":[18.5,9.5,-1],"rotation":{"angle":-22.5,"axis":"y","origin":[13.5,9,-2]},"faces":{"north":{"uv":[0,6,2.5,6.5],"texture":"#stone_slab_top"},"east":{"uv":[15,6,16,7.5],"texture":"#stone_slab_top"},"south":{"uv":[13.5,6,16,6.5],"texture":"#stone_slab_top"},"west":{"uv":[0,6,0,6.5],"texture":"#stone_slab_top"},"up":{"uv":[13.5,0,16,1],"texture":"#stone_slab_top"},"down":{"uv":[13.5,0,16,1],"texture":"#stone_slab_top"}}},{"from":[-2.1194,9,-0.08658],"to":[2.8806,9.5,0.91342],"rotation":{"angle":22.5,"axis":"y","origin":[-2.1194,9,-0.08658]},"faces":{"north":{"uv":[13.5,6,16,6.5],"texture":"#stone_slab_top"},"east":{"uv":[16,6,16,6.5],"texture":"#stone_slab_top"},"south":{"uv":[0,6,2.5,6.5],"texture":"#stone_slab_top"},"west":{"uv":[0,6,1,7.5],"texture":"#stone_slab_top"},"up":{"uv":[0,0,2.5,1],"texture":"#stone_slab_top"},"down":{"uv":[0,0,2.5,1],"texture":"#stone_slab_top"}}},{"from":[16.5,6,0],"to":[17,9.5,0.5],"rotation":{"angle":22.5,"axis":"x","origin":[16.5,9.5,0]},"faces":{"north":{"uv":[13,5.5,13.5,8.5],"texture":"#stone_slab_top"},"east":{"uv":[13,5.5,13.5,8.5],"texture":"#stone_slab_top"},"south":{"uv":[13,5.5,13.5,8.5],"texture":"#stone_slab_top"},"west":{"uv":[13,5.5,13.5,8.5],"texture":"#stone_slab_top"},"up":{"uv":[13,5.5,13.5,8.5],"texture":"#stone_slab_top"},"down":{"uv":[13,5.5,13.5,8.5],"texture":"#stone_slab_top"}}},{"from":[-1,6,0],"to":[-0.5,9.5,0.5],"rotation":{"angle":22.5,"axis":"x","origin":[-1,9.5,0]},"faces":{"north":{"uv":[13,5.5,13.5,8.5],"texture":"#stone_slab_top"},"east":{"uv":[13,5.5,13.5,8.5],"texture":"#stone_slab_top"},"south":{"uv":[13,5.5,13.5,8.5],"texture":"#stone_slab_top"},"west":{"uv":[13,5.5,13.5,8.5],"texture":"#stone_slab_top"},"up":{"uv":[13,5.5,13.5,8.5],"texture":"#stone_slab_top"},"down":{"uv":[13,5.5,13.5,8.5],"texture":"#stone_slab_top"}}},{"from":[-0.5,13.5,15.5],"to":[16.5,14,16.5],"faces":{"north":{"uv":[0,2,16,2.5],"texture":"#stone_slab_top"},"east":{"uv":[0,2,0.5,2.5],"texture":"#stone_slab_top"},"south":{"uv":[0,2,16,2.5],"texture":"#stone_slab_top"},"west":{"uv":[15.5,2,16,2.5],"texture":"#stone_slab_top"},"up":{"uv":[0,15.5,16,16],"texture":"#stone_slab_top"},"down":{"uv":[16,16,0,15.5],"texture":"#stone_slab_top"}}},{"from":[15,12.9375,14.125],"to":[15.5,13.4375,15.625],"rotation":{"angle":-22.5,"axis":"x","origin":[15,13.4375,14.125]},"faces":{"north":{"uv":[0,5.5,1,8.5],"texture":"#stone_slab_top"},"east":{"uv":[0,5.5,1,8.5],"texture":"#stone_slab_top"},"south":{"uv":[0,5.5,1,8.5],"texture":"#stone_slab_top"},"west":{"uv":[0,5.5,1,8.5],"texture":"#stone_slab_top"},"up":{"uv":[0,5.5,1,8.5],"texture":"#stone_slab_top"},"down":{"uv":[0,5.5,1,8.5],"texture":"#stone_slab_top"}}},{"from":[0.5,12.9375,14.125],"to":[1,13.4375,15.625],"rotation":{"angle":-22.5,"axis":"x","origin":[0.5,13.4375,14.125]},"faces":{"north":{"uv":[0,5.5,1,8.5],"texture":"#stone_slab_top"},"east":{"uv":[0,5.5,1,8.5],"texture":"#stone_slab_top"},"south":{"uv":[0,5.5,1,8.5],"texture":"#stone_slab_top"},"west":{"uv":[0,5.5,1,8.5],"texture":"#stone_slab_top"},"up":{"uv":[0,5.5,1,8.5],"texture":"#stone_slab_top"},"down":{"uv":[0,5.5,1,8.5],"texture":"#stone_slab_top"}}},{"from":[-2.001,4.86061,3.26642],"to":[-1.001,8.16061,6.76642],"rotation":{"angle":-22.5,"axis":"x","origin":[-2.001,8.16061,3.26642]},"faces":{"north":{"uv":[0,0,1,3.3],"texture":"#texture"},"east":{"uv":[0,0,3.5,3.3],"texture":"#texture"},"south":{"uv":[0,0,1,3.3],"texture":"#texture"},"west":{"uv":[0,0,3.5,3.3],"texture":"#texture"},"up":{"uv":[0,0,1,3.5],"texture":"#texture"},"down":{"uv":[0,0,1,3.5],"texture":"#texture"}}},{"from":[17.001,6.3875,18.75],"to":[18.001,9.6875,22.25],"rotation":{"angle":-22.5,"axis":"x","origin":[17.001,9.6875,18.75]},"faces":{"north":{"uv":[0,0,1,3.3],"texture":"#texture"},"east":{"uv":[0,0,3.5,3.3],"texture":"#texture"},"south":{"uv":[0,0,1,3.3],"texture":"#texture"},"west":{"uv":[0,0,3.5,3.3],"texture":"#texture"},"up":{"uv":[0,0,1,3.5],"texture":"#texture"},"down":{"uv":[0,0,1,3.5],"texture":"#texture"}}}],"display":{"gui":{"rotation":[35,142,0],"translation":[-1.5,-1.5,1.5],"scale":[0.4,0.4,0.4]},"head":{"translation":[8.6,0.8,-0.4],"scale":[2,2,2]}},"credit":"Model by Craftventure"}