{"textures":{"0":"block/fake_minecart"},"elements":[{"from":[0,0,-2],"to":[16,2,18],"rotation":{"angle":0,"axis":"y","origin":[8,0.5,8]},"faces":{"north":{"uv":[4.5,0.5,5,2.5],"rotation":90,"texture":"#0"},"east":{"uv":[5.5,2.5,10.5,3],"texture":"#0"},"south":{"uv":[4.5,0.5,5,2.5],"rotation":90,"texture":"#0"},"west":{"uv":[0.5,2.5,5.5,3],"texture":"#0"},"up":{"uv":[6,3,10.999,7],"rotation":90,"texture":"#0"},"down":{"uv":[0.5,3,5.5,7],"rotation":90,"texture":"#0"}}},{"from":[0,2,16],"to":[16,10,18],"rotation":{"angle":0,"axis":"y","origin":[8,2.5,8]},"faces":{"north":{"uv":[0.5,0.5,4.5,2.5],"texture":"#0"},"east":{"uv":[0,0.5,0.499,2.5],"texture":"#0"},"south":{"uv":[4.999,0.5,8.999,2.5],"texture":"#0"},"west":{"uv":[4.5,0.5,4.999,2.499],"texture":"#0"},"up":{"uv":[0.5,0,4.5,0.5],"rotation":180,"texture":"#0"},"down":{"uv":[0.5,3,5.5,7],"rotation":270,"texture":"#0"}}},{"from":[0,2,-2],"to":[16,10,0],"rotation":{"angle":0,"axis":"y","origin":[8,2.5,8]},"faces":{"north":{"uv":[4.999,0.5,8.999,2.5],"texture":"#0"},"east":{"uv":[4.5,0.5,4.999,2.499],"texture":"#0"},"south":{"uv":[0.5,0.5,4.5,2.5],"texture":"#0"},"west":{"uv":[0,0.5,0.499,2.5],"texture":"#0"},"up":{"uv":[0.5,0,4.5,0.5],"texture":"#0"},"down":{"uv":[0.5,3,5.5,7],"rotation":90,"texture":"#0"}}},{"from":[14,2,0],"to":[16,10,16],"rotation":{"angle":0,"axis":"y","origin":[6,2.5,8]},"faces":{"north":{"uv":[0,0.5,0.499,2.5],"texture":"#0"},"east":{"uv":[4.999,0.5,8.999,2.5],"texture":"#0"},"south":{"uv":[4.5,0.5,4.999,2.499],"texture":"#0"},"west":{"uv":[0.5,0.5,4.5,2.5],"texture":"#0"},"up":{"uv":[0.5,0,4.5,0.499],"rotation":90,"texture":"#0"},"down":{"uv":[0.5,3,5.5,7],"texture":"#0"}}},{"from":[0,2,0],"to":[2,10,16],"rotation":{"angle":0,"axis":"y","origin":[8,2.5,8]},"faces":{"north":{"uv":[4.5,0.5,4.999,2.499],"texture":"#0"},"east":{"uv":[0.5,0.5,4.5,2.499],"texture":"#0"},"south":{"uv":[0,0.5,0.499,2.5],"texture":"#0"},"west":{"uv":[4.999,0.5,8.999,2.5],"texture":"#0"},"up":{"uv":[0.5,0,4.5,0.499],"rotation":270,"texture":"#0"},"down":{"uv":[0.5,3,5.5,7],"rotation":180,"texture":"#0"}}}],"display":{"thirdperson_righthand":{"rotation":[45,0,0]},"thirdperson_lefthand":{"rotation":[45,0,0]},"firstperson_righthand":{"rotation":[0,22.5,12.5],"translation":[0,1.75,0],"scale":[0.8,0.8,0.8]},"firstperson_lefthand":{"rotation":[0,22.5,12.5],"translation":[0,1.75,0],"scale":[0.8,0.8,0.8]},"ground":{"translation":[0,3.75,0]},"gui":{"rotation":[22.5,-45,0],"translation":[0,2,0],"scale":[0.7,0.7,0.7]},"head":{"translation":[0,7.5,0],"scale":[1.8,1.8,1.8]},"fixed":{"rotation":[0,90,0]}},"credit":"Model by Craftventure"}