{"textures":{"texture":"block/black_terracotta","anvil":"block/anvil","wielen":"block/coal_block","oranje":"block/orange_terracotta","stone_slab_top":"block/smooth_stone"},"elements":[{"from":[-14,-2,1.5],"to":[-6,10.5,14.5],"faces":{"north":{"uv":[0,0,8,12.5],"texture":"#texture"},"east":{"uv":[0,0,13,12.5],"texture":"#texture"},"south":{"uv":[0,0,8,12.5],"texture":"#texture"},"west":{"uv":[0,0,13,12.5],"texture":"#texture"},"up":{"uv":[0,0,8,13],"texture":"#texture"},"down":{"uv":[0,0,8,13],"texture":"#texture"}}},{"from":[-14,-2.55,1.5],"to":[-6,10.5,6.5],"rotation":{"angle":22.5,"axis":"x","origin":[-14,10.5,1.5]},"faces":{"north":{"uv":[0,0,8,12.5],"texture":"#texture"},"east":{"uv":[0,0,5,12.5],"texture":"#texture"},"south":{"uv":[0,0,8,12.5],"texture":"#texture"},"west":{"uv":[0,0,5,12.5],"texture":"#texture"},"up":{"uv":[0,0,8,5],"texture":"#texture"},"down":{"uv":[0,0,8,5],"texture":"#texture"}}},{"from":[-14,-4.4875,9.875],"to":[-6,8.5625,14.875],"rotation":{"angle":-22.5,"axis":"x","origin":[-14,8.5625,9.875]},"faces":{"north":{"uv":[0,0,8,12.5],"texture":"#texture"},"east":{"uv":[0,0,5,12.5],"texture":"#texture"},"south":{"uv":[0,0,8,12.5],"texture":"#texture"},"west":{"uv":[0,0,5,12.5],"texture":"#texture"},"up":{"uv":[0,0,8,5],"texture":"#texture"},"down":{"uv":[0,0,8,5],"texture":"#texture"}}},{"from":[-14,-3,-3.5],"to":[-6,-1.55,19.5],"faces":{"north":{"uv":[0,0,8,2],"texture":"#texture"},"east":{"uv":[0,0,16,2],"texture":"#texture"},"south":{"uv":[0,0,8,2],"texture":"#texture"},"west":{"uv":[0,0,16,2],"texture":"#texture"},"up":{"uv":[0,0,8,16],"texture":"#texture"},"down":{"uv":[0,0,8,16],"texture":"#texture"}}},{"from":[-14,10.5,3.5],"to":[-10,15.5,12.5],"faces":{"north":{"uv":[0,0,4,5],"texture":"#texture"},"east":{"uv":[0,0,9,5],"texture":"#texture"},"south":{"uv":[0,0,4,5],"texture":"#texture"},"west":{"uv":[0,0,9,5],"texture":"#texture"},"up":{"uv":[0,0,4,9],"texture":"#texture"},"down":{"uv":[0,0,4,9],"texture":"#texture"}}},{"from":[-16,14,5],"to":[-12,20,11],"faces":{"north":{"uv":[0,0,4,6],"texture":"#wielen"},"east":{"uv":[0,0,6,6],"texture":"#wielen"},"south":{"uv":[0,0,4,6],"texture":"#wielen"},"west":{"uv":[0,0,6,6],"texture":"#wielen"},"up":{"uv":[0,0,4,6],"texture":"#wielen"},"down":{"uv":[0,0,4,6],"texture":"#wielen"}}},{"from":[-12.8125,14.75,5.5],"to":[-11.8125,19.75,10.5],"rotation":{"angle":22.5,"axis":"z","origin":[-12.8125,19.75,5.5]},"faces":{"north":{"uv":[0,0,1,5],"texture":"#texture"},"east":{"uv":[0,0,5,5],"texture":"#texture"},"south":{"uv":[0,0,1,5],"texture":"#texture"},"west":{"uv":[0,0,5,5],"texture":"#texture"},"up":{"uv":[0,0,1,5],"texture":"#texture"},"down":{"uv":[0,0,1,5],"texture":"#texture"}}},{"from":[-12,15.5,5.5],"to":[-11,18,10.5],"faces":{"north":{"uv":[12.5,0,14.5,6],"texture":"#texture"},"east":{"uv":[3,0,4,6],"texture":"#texture"},"south":{"uv":[1.5,0,3.5,6],"texture":"#texture"},"west":{"uv":[12,0,13,6],"texture":"#texture"},"up":{"uv":[1.5,12,3.5,13],"texture":"#texture"},"down":{"uv":[14.5,13,12.5,12],"texture":"#texture"}}},{"from":[10,-2,-3.5],"to":[18,-1,1.5],"faces":{"north":{"uv":[8,0,0,1],"texture":"#anvil"},"east":{"uv":[5,0,0,1],"texture":"#anvil"},"south":{"uv":[8,0,0,1],"texture":"#anvil"},"west":{"uv":[5,0,0,1],"texture":"#anvil"},"up":{"uv":[8,0,0,5],"texture":"#anvil"},"down":{"uv":[8,0,0,5],"texture":"#anvil"}}},{"from":[-2,-2,-3.5],"to":[6,-1,1.5],"faces":{"north":{"uv":[8,0,0,1],"texture":"#anvil"},"east":{"uv":[5,0,0,1],"texture":"#anvil"},"south":{"uv":[8,0,0,1],"texture":"#anvil"},"west":{"uv":[5,0,0,1],"texture":"#anvil"},"up":{"uv":[8,0,0,5],"texture":"#anvil"},"down":{"uv":[8,0,0,5],"texture":"#anvil"}}},{"from":[-2,-0.5,3],"to":[6,2,4],"rotation":{"angle":22.5,"axis":"x","origin":[6,2,3]},"faces":{"north":{"uv":[8,0,0,2.5],"texture":"#anvil"},"east":{"uv":[1,0,0,2.5],"texture":"#anvil"},"south":{"uv":[8,0,0,2.5],"texture":"#anvil"},"west":{"uv":[1,0,0,2.5],"texture":"#anvil"},"up":{"uv":[8,0,0,1],"texture":"#anvil"},"down":{"uv":[8,0,0,1],"texture":"#anvil"}}},{"from":[0.5,9,4],"to":[3.5,10.5,4.5],"faces":{"north":{"uv":[9.5,12,8,13],"texture":"#oranje"},"east":{"uv":[9.5,12,8,13],"texture":"#oranje"},"south":{"uv":[9.5,12,8,13],"texture":"#oranje"},"west":{"uv":[9.5,12,8,13],"texture":"#oranje"},"up":{"uv":[9.5,12,8,13],"texture":"#oranje"},"down":{"uv":[9.5,12,8,13],"texture":"#oranje"}}},{"from":[0.5,9,11.55],"to":[3.5,10.5,12.05],"rotation":{"angle":0,"axis":"y","origin":[8,8,8.05]},"faces":{"north":{"uv":[8,12,9.5,13],"texture":"#oranje"},"east":{"uv":[8,12,9.5,13],"texture":"#oranje"},"south":{"uv":[8,12,9.5,13],"texture":"#oranje"},"west":{"uv":[8,12,9.5,13],"texture":"#oranje"},"up":{"uv":[9.5,13,8,12],"texture":"#oranje"},"down":{"uv":[9.5,13,8,12],"texture":"#oranje"}}},{"from":[0,10,2.5],"to":[4,11,3.5],"rotation":{"angle":-22.5,"axis":"x","origin":[4,11,2.5]},"faces":{"north":{"uv":[4,0,0,1],"texture":"#anvil"},"east":{"uv":[1,0,0,1],"texture":"#anvil"},"south":{"uv":[4,0,0,1],"texture":"#anvil"},"west":{"uv":[1,0,0,1],"texture":"#anvil"},"up":{"uv":[4,0,0,1],"texture":"#anvil"},"down":{"uv":[4,0,0,1],"texture":"#anvil"}}},{"from":[3.46927,6.69552,3.001],"to":[4.46927,10.39552,4.001],"rotation":{"angle":22.5,"axis":"z","origin":[4.46927,10.69552,3.001]},"faces":{"north":{"uv":[1,0,0,4],"texture":"#anvil"},"east":{"uv":[1,0,0,4],"texture":"#anvil"},"south":{"uv":[1,0,0,4],"texture":"#anvil"},"west":{"uv":[1,0,0,4],"texture":"#anvil"},"up":{"uv":[1,0,0,1],"texture":"#anvil"},"down":{"uv":[1,0,0,1],"texture":"#anvil"}}},{"from":[2.5,-2.375,-4.375],"to":[6,-1.375,-3.375],"rotation":{"angle":-22.5,"axis":"x","origin":[6,-1.375,-4.375]},"faces":{"north":{"uv":[3.5,0,0,1],"texture":"#anvil"},"east":{"uv":[1,0,0,1],"texture":"#anvil"},"south":{"uv":[3.5,0,0,1],"texture":"#anvil"},"west":{"uv":[1,0,0,1],"texture":"#anvil"},"up":{"uv":[3.5,0,0,1],"texture":"#anvil"},"down":{"uv":[3.5,0,0,1],"texture":"#anvil"}}},{"from":[25.5,-2.0625,17.625],"to":[26.5,-1.0625,19.125],"rotation":{"angle":-22.5,"axis":"x","origin":[26.5,-1.0625,17.625]},"faces":{"north":{"uv":[1,0,0,1],"texture":"#anvil"},"east":{"uv":[1.5,0,0,1],"texture":"#anvil"},"south":{"uv":[1,0,0,1],"texture":"#anvil"},"west":{"uv":[1.5,0,0,1],"texture":"#anvil"},"up":{"uv":[1,0,0,1.5],"texture":"#anvil"},"down":{"uv":[1,0,0,1.5],"texture":"#anvil"}}},{"from":[-2,1.5,3],"to":[6,7,4],"faces":{"north":{"uv":[8,0,0,5.5],"texture":"#anvil"},"east":{"uv":[1,0,0,5.5],"texture":"#anvil"},"south":{"uv":[8,0,0,5.5],"texture":"#anvil"},"west":{"uv":[1,0,0,5.5],"texture":"#anvil"},"up":{"uv":[8,0,0,1],"texture":"#anvil"},"down":{"uv":[8,0,0,1],"texture":"#anvil"}}},{"from":[10,-2.375,-4.4375],"to":[13.5,-1.375,-3.4375],"rotation":{"angle":-22.5,"axis":"x","origin":[13.5,-1.375,-4.4375]},"faces":{"north":{"uv":[3.5,0,0,1],"texture":"#anvil"},"east":{"uv":[1,0,0,1],"texture":"#anvil"},"south":{"uv":[3.5,0,0,1],"texture":"#anvil"},"west":{"uv":[1,0,0,1],"texture":"#anvil"},"up":{"uv":[3.5,0,0,1],"texture":"#anvil"},"down":{"uv":[3.5,0,0,1],"texture":"#anvil"}}},{"from":[1.5,-1.4375,-2.875],"to":[2.5,-0.4375,-1.375],"rotation":{"angle":22.5,"axis":"x","origin":[2.5,-0.4375,-2.875]},"faces":{"north":{"uv":[1,0,0,1],"texture":"#anvil"},"east":{"uv":[1.5,0,0,1],"texture":"#anvil"},"south":{"uv":[1,0,0,1],"texture":"#anvil"},"west":{"uv":[1.5,0,0,1],"texture":"#anvil"},"up":{"uv":[1,0,0,1.5],"texture":"#anvil"},"down":{"uv":[1,0,0,1.5],"texture":"#anvil"}}},{"from":[10,-1.8125,2.3125],"to":[18,0.1875,3.3125],"rotation":{"angle":45,"axis":"x","origin":[18,0.1875,2.3125]},"faces":{"north":{"uv":[8,0,0,2],"texture":"#anvil"},"east":{"uv":[1,0,0,2],"texture":"#anvil"},"south":{"uv":[8,0,0,2],"texture":"#anvil"},"west":{"uv":[1,0,0,2],"texture":"#anvil"},"up":{"uv":[8,0,0,1],"texture":"#anvil"},"down":{"uv":[8,0,0,1],"texture":"#anvil"}}},{"from":[10,-0.5,3],"to":[18,2,4],"rotation":{"angle":22.5,"axis":"x","origin":[18,2,3]},"faces":{"north":{"uv":[8,0,0,2.5],"texture":"#anvil"},"east":{"uv":[1,0,0,2.5],"texture":"#anvil"},"south":{"uv":[8,0,0,2.5],"texture":"#anvil"},"west":{"uv":[1,0,0,2.5],"texture":"#anvil"},"up":{"uv":[8,0,0,1],"texture":"#anvil"},"down":{"uv":[8,0,0,1],"texture":"#anvil"}}},{"from":[10,1.5,3],"to":[18,7,4],"faces":{"north":{"uv":[8,0,0,5.5],"texture":"#anvil"},"east":{"uv":[1,0,0,5.5],"texture":"#anvil"},"south":{"uv":[8,0,0,5.5],"texture":"#anvil"},"west":{"uv":[1,0,0,5.5],"texture":"#anvil"},"up":{"uv":[8,0,0,1],"texture":"#anvil"},"down":{"uv":[8,0,0,1],"texture":"#anvil"}}},{"from":[11,7,3],"to":[17,10.5,4],"faces":{"north":{"uv":[6,0,0,3.5],"texture":"#anvil"},"east":{"uv":[1,0,0,3.5],"texture":"#anvil"},"south":{"uv":[6,0,0,3.5],"texture":"#anvil"},"west":{"uv":[1,0,0,3.5],"texture":"#anvil"},"up":{"uv":[6,0,0,1],"texture":"#anvil"},"down":{"uv":[6,0,0,1],"texture":"#anvil"}}},{"from":[15.46927,6.69552,3.001],"to":[16.46927,10.39552,4.001],"rotation":{"angle":22.5,"axis":"z","origin":[16.46927,10.69552,3.001]},"faces":{"north":{"uv":[1,0,0,4],"texture":"#anvil"},"east":{"uv":[1,0,0,4],"texture":"#anvil"},"south":{"uv":[1,0,0,4],"texture":"#anvil"},"west":{"uv":[1,0,0,4],"texture":"#anvil"},"up":{"uv":[1,0,0,1],"texture":"#anvil"},"down":{"uv":[1,0,0,1],"texture":"#anvil"}}},{"from":[11.45461,6.31283,12.001],"to":[12.45461,10.01283,13.001],"rotation":{"angle":-22.5,"axis":"z","origin":[12.45461,10.31283,12.001]},"faces":{"north":{"uv":[1,0,0,4],"texture":"#anvil"},"east":{"uv":[1,0,0,4],"texture":"#anvil"},"south":{"uv":[1,0,0,4],"texture":"#anvil"},"west":{"uv":[1,0,0,4],"texture":"#anvil"},"up":{"uv":[1,0,0,1],"texture":"#anvil"},"down":{"uv":[1,0,0,1],"texture":"#anvil"}}},{"from":[12,10,2.5],"to":[16,11,3.5],"rotation":{"angle":-22.5,"axis":"x","origin":[16,11,2.5]},"faces":{"north":{"uv":[4,0,0,1],"texture":"#anvil"},"east":{"uv":[1,0,0,1],"texture":"#anvil"},"south":{"uv":[4,0,0,1],"texture":"#anvil"},"west":{"uv":[1,0,0,1],"texture":"#anvil"},"up":{"uv":[4,0,0,1],"texture":"#anvil"},"down":{"uv":[4,0,0,1],"texture":"#anvil"}}},{"from":[12,11,2.5],"to":[16,15.5,3.5],"faces":{"north":{"uv":[4,0,0,4.5],"texture":"#anvil"},"east":{"uv":[1,0,0,4.5],"texture":"#anvil"},"south":{"uv":[4,0,0,4.5],"texture":"#anvil"},"west":{"uv":[1,0,0,4.5],"texture":"#anvil"},"up":{"uv":[4,0,0,1],"texture":"#anvil"},"down":{"uv":[4,0,0,1],"texture":"#anvil"}}},{"from":[12.5,9,4],"to":[15.5,10.5,4.5],"faces":{"north":{"uv":[9.5,12,8,13],"texture":"#oranje"},"east":{"uv":[9.5,12,8,13],"texture":"#oranje"},"south":{"uv":[9.5,12,8,13],"texture":"#oranje"},"west":{"uv":[9.5,12,8,13],"texture":"#oranje"},"up":{"uv":[9.5,12,8,13],"texture":"#oranje"},"down":{"uv":[9.5,12,8,13],"texture":"#oranje"}}},{"from":[12.5,9,11.55],"to":[15.5,10.5,12.05],"rotation":{"angle":0,"axis":"y","origin":[8,8,8.05]},"faces":{"north":{"uv":[8,12,9.5,13],"texture":"#oranje"},"east":{"uv":[8,12,9.5,13],"texture":"#oranje"},"south":{"uv":[8,12,9.5,13],"texture":"#oranje"},"west":{"uv":[8,12,9.5,13],"texture":"#oranje"},"up":{"uv":[9.5,13,8,12],"texture":"#oranje"},"down":{"uv":[9.5,13,8,12],"texture":"#oranje"}}},{"from":[-13.5,0.5,4],"to":[31.5,9,12],"faces":{"north":{"uv":[16,0,0,8.5],"texture":"#texture"},"east":{"uv":[8,0,0,8.5],"texture":"#texture"},"south":{"uv":[16,0,0,8.5],"texture":"#texture"},"west":{"uv":[8,0,0,8.5],"texture":"#texture"},"up":{"uv":[16,0,0,8],"texture":"#texture"},"down":{"uv":[16,0,0,8],"texture":"#texture"}}},{"from":[14.5,-2.375,-4.375],"to":[18,-1.375,-3.375],"rotation":{"angle":-22.5,"axis":"x","origin":[18,-1.375,-4.375]},"faces":{"north":{"uv":[3.5,0,0,1],"texture":"#anvil"},"east":{"uv":[1,0,0,1],"texture":"#anvil"},"south":{"uv":[3.5,0,0,1],"texture":"#anvil"},"west":{"uv":[1,0,0,1],"texture":"#anvil"},"up":{"uv":[3.5,0,0,1],"texture":"#anvil"},"down":{"uv":[3.5,0,0,1],"texture":"#anvil"}}},{"from":[-2,-2.375,-4.4375],"to":[1.5,-1.375,-3.4375],"rotation":{"angle":-22.5,"axis":"x","origin":[1.5,-1.375,-4.4375]},"faces":{"north":{"uv":[3.5,0,0,1],"texture":"#anvil"},"east":{"uv":[1,0,0,1],"texture":"#anvil"},"south":{"uv":[3.5,0,0,1],"texture":"#anvil"},"west":{"uv":[1,0,0,1],"texture":"#anvil"},"up":{"uv":[3.5,0,0,1],"texture":"#anvil"},"down":{"uv":[3.5,0,0,1],"texture":"#anvil"}}},{"from":[-2,-1.8125,2.3125],"to":[6,0.1875,3.3125],"rotation":{"angle":45,"axis":"x","origin":[6,0.1875,2.3125]},"faces":{"north":{"uv":[16,0,0,16],"texture":"#anvil"},"east":{"uv":[16,0,0,16],"texture":"#anvil"},"south":{"uv":[16,0,0,16],"texture":"#anvil"},"west":{"uv":[16,0,0,16],"texture":"#anvil"},"up":{"uv":[16,0,0,16],"texture":"#anvil"},"down":{"uv":[16,0,0,16],"texture":"#anvil"}}},{"from":[-1,7,3],"to":[5,10.5,4],"faces":{"north":{"uv":[6,0,0,3.5],"texture":"#anvil"},"east":{"uv":[1,0,0,3.5],"texture":"#anvil"},"south":{"uv":[6,0,0,3.5],"texture":"#anvil"},"west":{"uv":[1,0,0,3.5],"texture":"#anvil"},"up":{"uv":[6,0,0,1],"texture":"#anvil"},"down":{"uv":[6,0,0,1],"texture":"#anvil"}}},{"from":[0,11,2.5],"to":[4,15.5,3.5],"faces":{"north":{"uv":[4,0,0,4.5],"texture":"#anvil"},"east":{"uv":[1,0,0,4.5],"texture":"#anvil"},"south":{"uv":[4,0,0,4.5],"texture":"#anvil"},"west":{"uv":[1,0,0,4.5],"texture":"#anvil"},"up":{"uv":[4,0,0,1],"texture":"#anvil"},"down":{"uv":[4,0,0,1],"texture":"#anvil"}}},{"from":[12,10.5,3.5],"to":[16,14,5],"faces":{"north":{"uv":[9.5,12,8,13],"texture":"#oranje"},"east":{"uv":[9.5,12,8,13],"texture":"#oranje"},"south":{"uv":[9.5,12,8,13],"texture":"#oranje"},"west":{"uv":[9.5,12,8,13],"texture":"#oranje"},"up":{"uv":[9.5,12,8,13],"texture":"#oranje"},"down":{"uv":[9.5,12,8,13],"texture":"#oranje"}}},{"from":[12,10.5,11.05],"to":[16,14,12.5],"rotation":{"angle":0,"axis":"y","origin":[8,8,8.05]},"faces":{"north":{"uv":[8,12,9.5,13],"texture":"#oranje"},"east":{"uv":[8,12,9.5,13],"texture":"#oranje"},"south":{"uv":[8,12,9.5,13],"texture":"#oranje"},"west":{"uv":[8,12,9.5,13],"texture":"#oranje"},"up":{"uv":[9.5,13,8,12],"texture":"#oranje"},"down":{"uv":[9.5,13,8,12],"texture":"#oranje"}}},{"from":[12.5,13.9,3.5625],"to":[15.5,15.4,5.5625],"rotation":{"angle":45,"axis":"x","origin":[15.5,15.4,3.5625]},"faces":{"north":{"uv":[9.5,12,8,13],"texture":"#oranje"},"east":{"uv":[9.5,12,8,13],"texture":"#oranje"},"south":{"uv":[9.5,12,8,13],"texture":"#oranje"},"west":{"uv":[9.5,12,8,13],"texture":"#oranje"},"up":{"uv":[9.5,12,8,13],"texture":"#oranje"},"down":{"uv":[9.5,12,8,13],"texture":"#oranje"}}},{"from":[12.5,14,10.4875],"to":[15.5,15.4,12.4875],"rotation":{"angle":-45,"axis":"x","origin":[15.5,15.4,12.4875]},"faces":{"north":{"uv":[8,12,9.5,13],"texture":"#oranje"},"east":{"uv":[8,12,9.5,13],"texture":"#oranje"},"south":{"uv":[8,12,9.5,13],"texture":"#oranje"},"west":{"uv":[8,12,9.5,13],"texture":"#oranje"},"up":{"uv":[9.5,13,8,12],"texture":"#oranje"},"down":{"uv":[9.5,13,8,12],"texture":"#oranje"}}},{"from":[0.5,13.9,3.5625],"to":[3.5,15.4,5.5625],"rotation":{"angle":45,"axis":"x","origin":[3.5,15.4,3.5625]},"faces":{"north":{"uv":[9.5,12,8,13],"texture":"#oranje"},"east":{"uv":[9.5,12,8,13],"texture":"#oranje"},"south":{"uv":[9.5,12,8,13],"texture":"#oranje"},"west":{"uv":[9.5,12,8,13],"texture":"#oranje"},"up":{"uv":[9.5,12,8,13],"texture":"#oranje"},"down":{"uv":[9.5,12,8,13],"texture":"#oranje"}}},{"from":[0.5,14,10.4875],"to":[3.5,15.4,12.4875],"rotation":{"angle":-45,"axis":"x","origin":[3.5,15.4,12.4875]},"faces":{"north":{"uv":[8,12,9.5,13],"texture":"#oranje"},"east":{"uv":[8,12,9.5,13],"texture":"#oranje"},"south":{"uv":[8,12,9.5,13],"texture":"#oranje"},"west":{"uv":[8,12,9.5,13],"texture":"#oranje"},"up":{"uv":[9.5,13,8,12],"texture":"#oranje"},"down":{"uv":[9.5,13,8,12],"texture":"#oranje"}}},{"from":[12,9.5,4.0625],"to":[16,11,5.0625],"rotation":{"angle":22.5,"axis":"x","origin":[16,11,4.0625]},"faces":{"north":{"uv":[9.5,12,8,13],"texture":"#oranje"},"east":{"uv":[9.5,12,8,13],"texture":"#oranje"},"south":{"uv":[9.5,12,8,13],"texture":"#oranje"},"west":{"uv":[9.5,12,8,13],"texture":"#oranje"},"up":{"uv":[9.5,12,8,13],"texture":"#oranje"},"down":{"uv":[9.5,12,8,13],"texture":"#oranje"}}},{"from":[12,9.5,10.9875],"to":[16,11,11.9875],"rotation":{"angle":-22.5,"axis":"x","origin":[16,11,11.9875]},"faces":{"north":{"uv":[8,12,9.5,13],"texture":"#oranje"},"east":{"uv":[8,12,9.5,13],"texture":"#oranje"},"south":{"uv":[8,12,9.5,13],"texture":"#oranje"},"west":{"uv":[8,12,9.5,13],"texture":"#oranje"},"up":{"uv":[9.5,13,8,12],"texture":"#oranje"},"down":{"uv":[9.5,13,8,12],"texture":"#oranje"}}},{"from":[0,9.375,4.0625],"to":[4,10.875,5.0625],"rotation":{"angle":22.5,"axis":"x","origin":[4,10.875,4.0625]},"faces":{"north":{"uv":[9.5,12,8,13],"texture":"#oranje"},"east":{"uv":[9.5,12,8,13],"texture":"#oranje"},"south":{"uv":[9.5,12,8,13],"texture":"#oranje"},"west":{"uv":[9.5,12,8,13],"texture":"#oranje"},"up":{"uv":[9.5,12,8,13],"texture":"#oranje"},"down":{"uv":[9.5,12,8,13],"texture":"#oranje"}}},{"from":[0,9.375,10.9875],"to":[4,10.875,11.9875],"rotation":{"angle":-22.5,"axis":"x","origin":[4,10.875,11.9875]},"faces":{"north":{"uv":[8,12,9.5,13],"texture":"#oranje"},"east":{"uv":[8,12,9.5,13],"texture":"#oranje"},"south":{"uv":[8,12,9.5,13],"texture":"#oranje"},"west":{"uv":[8,12,9.5,13],"texture":"#oranje"},"up":{"uv":[9.5,13,8,12],"texture":"#oranje"},"down":{"uv":[9.5,13,8,12],"texture":"#oranje"}}},{"from":[22,-2,-3.5],"to":[30,-1,1.5],"faces":{"north":{"uv":[8,0,0,1],"texture":"#anvil"},"east":{"uv":[5,0,0,1],"texture":"#anvil"},"south":{"uv":[8,0,0,1],"texture":"#anvil"},"west":{"uv":[5,0,0,1],"texture":"#anvil"},"up":{"uv":[8,0,0,5],"texture":"#anvil"},"down":{"uv":[8,0,0,5],"texture":"#anvil"}}},{"from":[26.5,-2.375,-4.375],"to":[30,-1.375,-3.375],"rotation":{"angle":-22.5,"axis":"x","origin":[30,-1.375,-4.375]},"faces":{"north":{"uv":[3.5,0,0,1],"texture":"#anvil"},"east":{"uv":[1,0,0,1],"texture":"#anvil"},"south":{"uv":[3.5,0,0,1],"texture":"#anvil"},"west":{"uv":[1,0,0,1],"texture":"#anvil"},"up":{"uv":[3.5,0,0,1],"texture":"#anvil"},"down":{"uv":[3.5,0,0,1],"texture":"#anvil"}}},{"from":[22,-2.375,-4.4375],"to":[25.5,-1.375,-3.4375],"rotation":{"angle":-22.5,"axis":"x","origin":[25.5,-1.375,-4.4375]},"faces":{"north":{"uv":[3.5,0,0,1],"texture":"#anvil"},"east":{"uv":[1,0,0,1],"texture":"#anvil"},"south":{"uv":[3.5,0,0,1],"texture":"#anvil"},"west":{"uv":[1,0,0,1],"texture":"#anvil"},"up":{"uv":[3.5,0,0,1],"texture":"#anvil"},"down":{"uv":[3.5,0,0,1],"texture":"#anvil"}}},{"from":[22,-2.5,12.8125],"to":[30,-0.5,13.8125],"rotation":{"angle":-45,"axis":"x","origin":[30,-0.5,12.8125]},"faces":{"north":{"uv":[8,0,0,2],"texture":"#anvil"},"east":{"uv":[1,0,0,2],"texture":"#anvil"},"south":{"uv":[8,0,0,2],"texture":"#anvil"},"west":{"uv":[1,0,0,2],"texture":"#anvil"},"up":{"uv":[8,0,0,1],"texture":"#anvil"},"down":{"uv":[8,0,0,1],"texture":"#anvil"}}},{"from":[22,-0.5,3],"to":[30,2,4],"rotation":{"angle":22.5,"axis":"x","origin":[30,2,3]},"faces":{"north":{"uv":[8,0,0,2.5],"texture":"#anvil"},"east":{"uv":[1,0,0,2.5],"texture":"#anvil"},"south":{"uv":[8,0,0,2.5],"texture":"#anvil"},"west":{"uv":[1,0,0,2.5],"texture":"#anvil"},"up":{"uv":[8,0,0,1],"texture":"#anvil"},"down":{"uv":[8,0,0,1],"texture":"#anvil"}}},{"from":[27.46927,6.69552,3.001],"to":[28.46927,10.39552,4.001],"rotation":{"angle":22.5,"axis":"z","origin":[28.46927,10.69552,3.001]},"faces":{"north":{"uv":[1,0,0,4],"texture":"#anvil"},"east":{"uv":[1,0,0,4],"texture":"#anvil"},"south":{"uv":[1,0,0,4],"texture":"#anvil"},"west":{"uv":[1,0,0,4],"texture":"#anvil"},"up":{"uv":[1,0,0,1],"texture":"#anvil"},"down":{"uv":[1,0,0,1],"texture":"#anvil"}}},{"from":[23,7,3],"to":[29,10.5,4],"faces":{"north":{"uv":[6,0,0,3.5],"texture":"#anvil"},"east":{"uv":[1,0,0,3.5],"texture":"#anvil"},"south":{"uv":[6,0,0,3.5],"texture":"#anvil"},"west":{"uv":[1,0,0,3.5],"texture":"#anvil"},"up":{"uv":[6,0,0,1],"texture":"#anvil"},"down":{"uv":[6,0,0,1],"texture":"#anvil"}}},{"from":[11.45461,6.31283,3.001],"to":[12.45461,10.01283,4.001],"rotation":{"angle":-22.5,"axis":"z","origin":[12.45461,10.31283,3.001]},"faces":{"north":{"uv":[1,0,0,4],"texture":"#anvil"},"east":{"uv":[1,0,0,4],"texture":"#anvil"},"south":{"uv":[1,0,0,4],"texture":"#anvil"},"west":{"uv":[1,0,0,4],"texture":"#anvil"},"up":{"uv":[1,0,0,1],"texture":"#anvil"},"down":{"uv":[1,0,0,1],"texture":"#anvil"}}},{"from":[-0.54539,6.31283,3.001],"to":[0.45461,10.01283,4.001],"rotation":{"angle":-22.5,"axis":"z","origin":[0.45461,10.31283,3.001]},"faces":{"north":{"uv":[1,0,0,4],"texture":"#anvil"},"east":{"uv":[1,0,0,4],"texture":"#anvil"},"south":{"uv":[1,0,0,4],"texture":"#anvil"},"west":{"uv":[1,0,0,4],"texture":"#anvil"},"up":{"uv":[1,0,0,1],"texture":"#anvil"},"down":{"uv":[1,0,0,1],"texture":"#anvil"}}},{"from":[22,1.5,3],"to":[30,7,4],"faces":{"north":{"uv":[8,0,0,5.5],"texture":"#anvil"},"east":{"uv":[1,0,0,5.5],"texture":"#anvil"},"south":{"uv":[8,0,0,5.5],"texture":"#anvil"},"west":{"uv":[1,0,0,5.5],"texture":"#anvil"},"up":{"uv":[8,0,0,1],"texture":"#anvil"},"down":{"uv":[8,0,0,1],"texture":"#anvil"}}},{"from":[24,9.5,4.0625],"to":[28,11,5.0625],"rotation":{"angle":22.5,"axis":"x","origin":[28,11,4.0625]},"faces":{"north":{"uv":[9.5,12,8,13],"texture":"#oranje"},"east":{"uv":[9.5,12,8,13],"texture":"#oranje"},"south":{"uv":[9.5,12,8,13],"texture":"#oranje"},"west":{"uv":[9.5,12,8,13],"texture":"#oranje"},"up":{"uv":[9.5,12,8,13],"texture":"#oranje"},"down":{"uv":[9.5,12,8,13],"texture":"#oranje"}}},{"from":[24.5,9,4],"to":[27.5,10.5,4.5],"faces":{"north":{"uv":[9.5,12,8,13],"texture":"#oranje"},"east":{"uv":[9.5,12,8,13],"texture":"#oranje"},"south":{"uv":[9.5,12,8,13],"texture":"#oranje"},"west":{"uv":[9.5,12,8,13],"texture":"#oranje"},"up":{"uv":[9.5,12,8,13],"texture":"#oranje"},"down":{"uv":[9.5,12,8,13],"texture":"#oranje"}}},{"from":[24,10.5,3.5],"to":[28,14,5],"faces":{"north":{"uv":[9.5,12,8,13],"texture":"#oranje"},"east":{"uv":[9.5,12,8,13],"texture":"#oranje"},"south":{"uv":[9.5,12,8,13],"texture":"#oranje"},"west":{"uv":[9.5,12,8,13],"texture":"#oranje"},"up":{"uv":[9.5,12,8,13],"texture":"#oranje"},"down":{"uv":[9.5,12,8,13],"texture":"#oranje"}}},{"from":[24.5,13.9,3.5625],"to":[27.5,15.4,5.5625],"rotation":{"angle":45,"axis":"x","origin":[27.5,15.4,3.5625]},"faces":{"north":{"uv":[9.5,12,8,13],"texture":"#oranje"},"east":{"uv":[9.5,12,8,13],"texture":"#oranje"},"south":{"uv":[9.5,12,8,13],"texture":"#oranje"},"west":{"uv":[9.5,12,8,13],"texture":"#oranje"},"up":{"uv":[9.5,12,8,13],"texture":"#oranje"},"down":{"uv":[9.5,12,8,13],"texture":"#oranje"}}},{"from":[24,11,2.5],"to":[28,15.5,3.5],"faces":{"north":{"uv":[4,0,0,4.5],"texture":"#anvil"},"east":{"uv":[1,0,0,4.5],"texture":"#anvil"},"south":{"uv":[4,0,0,4.5],"texture":"#anvil"},"west":{"uv":[1,0,0,4.5],"texture":"#anvil"},"up":{"uv":[4,0,0,1],"texture":"#anvil"},"down":{"uv":[4,0,0,1],"texture":"#anvil"}}},{"from":[24,10,2.5],"to":[28,11,3.5],"rotation":{"angle":-22.5,"axis":"x","origin":[28,11,2.5]},"faces":{"north":{"uv":[4,0,0,1],"texture":"#anvil"},"east":{"uv":[1,0,0,1],"texture":"#anvil"},"south":{"uv":[4,0,0,1],"texture":"#anvil"},"west":{"uv":[1,0,0,1],"texture":"#anvil"},"up":{"uv":[4,0,0,1],"texture":"#anvil"},"down":{"uv":[4,0,0,1],"texture":"#anvil"}}},{"from":[22,-2,14.5],"to":[30,-1,19.5],"faces":{"north":{"uv":[8,0,0,1],"texture":"#anvil"},"east":{"uv":[5,0,0,1],"texture":"#anvil"},"south":{"uv":[8,0,0,1],"texture":"#anvil"},"west":{"uv":[5,0,0,1],"texture":"#anvil"},"up":{"uv":[8,0,0,5],"texture":"#anvil"},"down":{"uv":[8,0,0,5],"texture":"#anvil"}}},{"from":[26.5,-2,19.5],"to":[30,-1,20.5],"rotation":{"angle":22.5,"axis":"x","origin":[30,-1,19.5]},"faces":{"north":{"uv":[3.5,0,0,1],"texture":"#anvil"},"east":{"uv":[1,0,0,1],"texture":"#anvil"},"south":{"uv":[3.5,0,0,1],"texture":"#anvil"},"west":{"uv":[1,0,0,1],"texture":"#anvil"},"up":{"uv":[3.5,0,0,1],"texture":"#anvil"},"down":{"uv":[3.5,0,0,1],"texture":"#anvil"}}},{"from":[22,-2,19.5],"to":[25.5,-1,20.5],"rotation":{"angle":22.5,"axis":"x","origin":[25.5,-1,19.5]},"faces":{"north":{"uv":[3.5,0,0,1],"texture":"#anvil"},"east":{"uv":[1,0,0,1],"texture":"#anvil"},"south":{"uv":[3.5,0,0,1],"texture":"#anvil"},"west":{"uv":[1,0,0,1],"texture":"#anvil"},"up":{"uv":[3.5,0,0,1],"texture":"#anvil"},"down":{"uv":[3.5,0,0,1],"texture":"#anvil"}}},{"from":[22,1.5,12],"to":[30,7,13],"faces":{"north":{"uv":[8,0,0,5.5],"texture":"#anvil"},"east":{"uv":[1,0,0,5.5],"texture":"#anvil"},"south":{"uv":[8,0,0,5.5],"texture":"#anvil"},"west":{"uv":[1,0,0,5.5],"texture":"#anvil"},"up":{"uv":[8,0,0,1],"texture":"#anvil"},"down":{"uv":[8,0,0,1],"texture":"#anvil"}}},{"from":[-2,-1.8125,2.25],"to":[6,0.1875,3.25],"rotation":{"angle":45,"axis":"x","origin":[6,0.1875,2.25]},"faces":{"north":{"uv":[8,0,0,2],"texture":"#anvil"},"east":{"uv":[1,0,0,2],"texture":"#anvil"},"south":{"uv":[8,0,0,2],"texture":"#anvil"},"west":{"uv":[1,0,0,2],"texture":"#anvil"},"up":{"uv":[8,0,0,1],"texture":"#anvil"},"down":{"uv":[8,0,0,1],"texture":"#anvil"}}},{"from":[0,10.5,3.5],"to":[4,14,5],"faces":{"north":{"uv":[9.5,12,8,13],"texture":"#oranje"},"east":{"uv":[9.5,12,8,13],"texture":"#oranje"},"south":{"uv":[9.5,12,8,13],"texture":"#oranje"},"west":{"uv":[9.5,12,8,13],"texture":"#oranje"},"up":{"uv":[9.5,12,8,13],"texture":"#oranje"},"down":{"uv":[9.5,12,8,13],"texture":"#oranje"}}},{"from":[0,10.5,11.05],"to":[4,14,12.525],"rotation":{"angle":0,"axis":"y","origin":[8,8,8.05]},"faces":{"north":{"uv":[8,12,9.5,13],"texture":"#oranje"},"east":{"uv":[8,12,9.5,13],"texture":"#oranje"},"south":{"uv":[8,12,9.5,13],"texture":"#oranje"},"west":{"uv":[8,12,9.5,13],"texture":"#oranje"},"up":{"uv":[9.5,13,8,12],"texture":"#oranje"},"down":{"uv":[9.5,13,8,12],"texture":"#oranje"}}},{"from":[-14,-10.5,1],"to":[32,-4,15],"faces":{"north":{"uv":[16,0,0,6.5],"texture":"#texture"},"east":{"uv":[14,0,0,6.5],"texture":"#texture"},"south":{"uv":[16,0,0,6.5],"texture":"#texture"},"west":{"uv":[14,0,0,6.5],"texture":"#texture"},"up":{"uv":[16,0,0,14],"texture":"#texture"},"down":{"uv":[16,0,0,14],"texture":"#texture"}}},{"from":[-14,-11,-2],"to":[32,-3,0.5],"rotation":{"angle":-22.5,"axis":"x","origin":[32,-3,-2]},"faces":{"north":{"uv":[16,0,0,8],"texture":"#texture"},"east":{"uv":[2.5,0,0,8],"texture":"#texture"},"south":{"uv":[16,0,0,8],"texture":"#texture"},"west":{"uv":[2.5,0,0,8],"texture":"#texture"},"up":{"uv":[16,0,0,2.5],"texture":"#texture"},"down":{"uv":[16,0,0,2.5],"texture":"#texture"}}},{"from":[-14,-3,-3],"to":[32,-2,19],"faces":{"north":{"uv":[16,0,0,1],"texture":"#texture"},"east":{"uv":[16,0,0,1],"texture":"#texture"},"south":{"uv":[16,0,0,1],"texture":"#texture"},"west":{"uv":[16,0,0,1],"texture":"#texture"},"up":{"uv":[16,0,0,16],"texture":"#texture"},"down":{"uv":[16,0,0,16],"texture":"#texture"}}},{"from":[-14,-10.0625,15.6875],"to":[32,-2.0625,18.1875],"rotation":{"angle":22.5,"axis":"x","origin":[32,-2.0625,15.6875]},"faces":{"north":{"uv":[16,0,0,8],"texture":"#texture"},"east":{"uv":[2.5,0,0,8],"texture":"#texture"},"south":{"uv":[16,0,0,8],"texture":"#texture"},"west":{"uv":[2.5,0,0,8],"texture":"#texture"},"up":{"uv":[16,0,0,2.5],"texture":"#texture"},"down":{"uv":[16,0,0,2.5],"texture":"#texture"}}},{"from":[22,-0.875,12.0625],"to":[30,1.625,13.0625],"rotation":{"angle":-22.5,"axis":"x","origin":[30,1.625,12.0625]},"faces":{"north":{"uv":[8,0,0,2.5],"texture":"#anvil"},"east":{"uv":[1,0,0,2.5],"texture":"#anvil"},"south":{"uv":[8,0,0,2.5],"texture":"#anvil"},"west":{"uv":[1,0,0,2.5],"texture":"#anvil"},"up":{"uv":[8,0,0,1],"texture":"#anvil"},"down":{"uv":[8,0,0,1],"texture":"#anvil"}}},{"from":[22,-1.8125,2.1875],"to":[30,0.1875,3.1875],"rotation":{"angle":45,"axis":"x","origin":[30,0.1875,2.1875]},"faces":{"north":{"uv":[8,0,0,2],"texture":"#anvil"},"east":{"uv":[1,0,0,2],"texture":"#anvil"},"south":{"uv":[8,0,0,2],"texture":"#anvil"},"west":{"uv":[1,0,0,2],"texture":"#anvil"},"up":{"uv":[8,0,0,1],"texture":"#anvil"},"down":{"uv":[8,0,0,1],"texture":"#anvil"}}},{"from":[-13.5,-2,2.5],"to":[31.5,0.5,13.5],"faces":{"north":{"uv":[16,0,0,2.5],"texture":"#texture"},"east":{"uv":[11,0,0,2.5],"texture":"#texture"},"south":{"uv":[16,0,0,2.5],"texture":"#texture"},"west":{"uv":[11,0,0,2.5],"texture":"#texture"},"up":{"uv":[16,0,0,11],"texture":"#texture"},"down":{"uv":[16,0,0,11],"texture":"#texture"}}},{"from":[27.46927,6.69552,12.001],"to":[28.46927,10.39552,13.001],"rotation":{"angle":22.5,"axis":"z","origin":[28.46927,10.69552,12.001]},"faces":{"north":{"uv":[1,0,0,4],"texture":"#anvil"},"east":{"uv":[1,0,0,4],"texture":"#anvil"},"south":{"uv":[1,0,0,4],"texture":"#anvil"},"west":{"uv":[1,0,0,4],"texture":"#anvil"},"up":{"uv":[1,0,0,1],"texture":"#anvil"},"down":{"uv":[1,0,0,1],"texture":"#anvil"}}},{"from":[23.45461,6.31283,3.001],"to":[24.45461,10.01283,4.001],"rotation":{"angle":-22.5,"axis":"z","origin":[24.45461,10.31283,3.001]},"faces":{"north":{"uv":[1,0,0,4],"texture":"#anvil"},"east":{"uv":[1,0,0,4],"texture":"#anvil"},"south":{"uv":[1,0,0,4],"texture":"#anvil"},"west":{"uv":[1,0,0,4],"texture":"#anvil"},"up":{"uv":[1,0,0,1],"texture":"#anvil"},"down":{"uv":[1,0,0,1],"texture":"#anvil"}}},{"from":[23,7,12],"to":[29,10.5,13],"faces":{"north":{"uv":[6,0,0,3.5],"texture":"#anvil"},"east":{"uv":[1,0,0,3.5],"texture":"#anvil"},"south":{"uv":[6,0,0,3.5],"texture":"#anvil"},"west":{"uv":[1,0,0,3.5],"texture":"#anvil"},"up":{"uv":[6,0,0,1],"texture":"#anvil"},"down":{"uv":[6,0,0,1],"texture":"#anvil"}}},{"from":[24.5,12.6625,11.0625],"to":[27.5,13.9625,13.0625],"rotation":{"angle":-45,"axis":"x","origin":[27.5,13.9625,11.0625]},"faces":{"north":{"uv":[9.5,12,8,13],"texture":"#oranje"},"east":{"uv":[9.5,12,8,13],"texture":"#oranje"},"south":{"uv":[9.5,12,8,13],"texture":"#oranje"},"west":{"uv":[9.5,12,8,13],"texture":"#oranje"},"up":{"uv":[9.5,12,8,13],"texture":"#oranje"},"down":{"uv":[9.5,12,8,13],"texture":"#oranje"}}},{"from":[24,11,12.5],"to":[28,15.5,13.5],"faces":{"north":{"uv":[4,0,0,4.5],"texture":"#anvil"},"east":{"uv":[1,0,0,4.5],"texture":"#anvil"},"south":{"uv":[4,0,0,4.5],"texture":"#anvil"},"west":{"uv":[1,0,0,4.5],"texture":"#anvil"},"up":{"uv":[4,0,0,1],"texture":"#anvil"},"down":{"uv":[4,0,0,1],"texture":"#anvil"}}},{"from":[24,10.5,11],"to":[28,14,12.5],"faces":{"north":{"uv":[9.5,12,8,13],"texture":"#oranje"},"east":{"uv":[9.5,12,8,13],"texture":"#oranje"},"south":{"uv":[9.5,12,8,13],"texture":"#oranje"},"west":{"uv":[9.5,12,8,13],"texture":"#oranje"},"up":{"uv":[9.5,12,8,13],"texture":"#oranje"},"down":{"uv":[9.5,12,8,13],"texture":"#oranje"}}},{"from":[24,9.125,11.0625],"to":[28,10.625,12.0625],"rotation":{"angle":-22.5,"axis":"x","origin":[28,10.625,11.0625]},"faces":{"north":{"uv":[9.5,12,8,13],"texture":"#oranje"},"east":{"uv":[9.5,12,8,13],"texture":"#oranje"},"south":{"uv":[9.5,12,8,13],"texture":"#oranje"},"west":{"uv":[9.5,12,8,13],"texture":"#oranje"},"up":{"uv":[9.5,12,8,13],"texture":"#oranje"},"down":{"uv":[9.5,12,8,13],"texture":"#oranje"}}},{"from":[24,10.375,12.5625],"to":[28,11.375,13.5625],"rotation":{"angle":22.5,"axis":"x","origin":[28,11.375,12.5625]},"faces":{"north":{"uv":[4,0,0,1],"texture":"#anvil"},"east":{"uv":[1,0,0,1],"texture":"#anvil"},"south":{"uv":[4,0,0,1],"texture":"#anvil"},"west":{"uv":[1,0,0,1],"texture":"#anvil"},"up":{"uv":[4,0,0,1],"texture":"#anvil"},"down":{"uv":[4,0,0,1],"texture":"#anvil"}}},{"from":[13.5,-1.4375,-2.875],"to":[14.5,-0.4375,-1.375],"rotation":{"angle":22.5,"axis":"x","origin":[14.5,-0.4375,-2.875]},"faces":{"north":{"uv":[1,0,0,1],"texture":"#anvil"},"east":{"uv":[1.5,0,0,1],"texture":"#anvil"},"south":{"uv":[1,0,0,1],"texture":"#anvil"},"west":{"uv":[1.5,0,0,1],"texture":"#anvil"},"up":{"uv":[1,0,0,1.5],"texture":"#anvil"},"down":{"uv":[1,0,0,1.5],"texture":"#anvil"}}},{"from":[25.5,-1.4375,-2.875],"to":[26.5,-0.4375,-1.375],"rotation":{"angle":22.5,"axis":"x","origin":[26.5,-0.4375,-2.875]},"faces":{"north":{"uv":[1,0,0,1],"texture":"#anvil"},"east":{"uv":[1.5,0,0,1],"texture":"#anvil"},"south":{"uv":[1,0,0,1],"texture":"#anvil"},"west":{"uv":[1.5,0,0,1],"texture":"#anvil"},"up":{"uv":[1,0,0,1.5],"texture":"#anvil"},"down":{"uv":[1,0,0,1.5],"texture":"#anvil"}}},{"from":[10,-2,14.5],"to":[18,-1,19.5],"faces":{"north":{"uv":[8,0,0,1],"texture":"#anvil"},"east":{"uv":[5,0,0,1],"texture":"#anvil"},"south":{"uv":[8,0,0,1],"texture":"#anvil"},"west":{"uv":[5,0,0,1],"texture":"#anvil"},"up":{"uv":[8,0,0,5],"texture":"#anvil"},"down":{"uv":[8,0,0,5],"texture":"#anvil"}}},{"from":[-2,-2,14.5],"to":[6,-1,19.5],"faces":{"north":{"uv":[8,0,0,1],"texture":"#anvil"},"east":{"uv":[5,0,0,1],"texture":"#anvil"},"south":{"uv":[8,0,0,1],"texture":"#anvil"},"west":{"uv":[5,0,0,1],"texture":"#anvil"},"up":{"uv":[8,0,0,5],"texture":"#anvil"},"down":{"uv":[8,0,0,5],"texture":"#anvil"}}},{"from":[14.5,-2,19.5],"to":[18,-1,20.5],"rotation":{"angle":22.5,"axis":"x","origin":[18,-1,19.5]},"faces":{"north":{"uv":[3.5,0,0,1],"texture":"#anvil"},"east":{"uv":[1,0,0,1],"texture":"#anvil"},"south":{"uv":[3.5,0,0,1],"texture":"#anvil"},"west":{"uv":[1,0,0,1],"texture":"#anvil"},"up":{"uv":[3.5,0,0,1],"texture":"#anvil"},"down":{"uv":[3.5,0,0,1],"texture":"#anvil"}}},{"from":[10,-2,19.5],"to":[13.5,-1,20.5],"rotation":{"angle":22.5,"axis":"x","origin":[13.5,-1,19.5]},"faces":{"north":{"uv":[3.5,0,0,1],"texture":"#anvil"},"east":{"uv":[1,0,0,1],"texture":"#anvil"},"south":{"uv":[3.5,0,0,1],"texture":"#anvil"},"west":{"uv":[1,0,0,1],"texture":"#anvil"},"up":{"uv":[3.5,0,0,1],"texture":"#anvil"},"down":{"uv":[3.5,0,0,1],"texture":"#anvil"}}},{"from":[2.5,-2,19.5],"to":[6,-1,20.5],"rotation":{"angle":22.5,"axis":"x","origin":[6,-1,19.5]},"faces":{"north":{"uv":[3.5,0,0,1],"texture":"#anvil"},"east":{"uv":[1,0,0,1],"texture":"#anvil"},"south":{"uv":[3.5,0,0,1],"texture":"#anvil"},"west":{"uv":[1,0,0,1],"texture":"#anvil"},"up":{"uv":[3.5,0,0,1],"texture":"#anvil"},"down":{"uv":[3.5,0,0,1],"texture":"#anvil"}}},{"from":[-2,-2,19.5],"to":[1.5,-1,20.5],"rotation":{"angle":22.5,"axis":"x","origin":[1.5,-1,19.5]},"faces":{"north":{"uv":[3.5,0,0,1],"texture":"#anvil"},"east":{"uv":[1,0,0,1],"texture":"#anvil"},"south":{"uv":[3.5,0,0,1],"texture":"#anvil"},"west":{"uv":[1,0,0,1],"texture":"#anvil"},"up":{"uv":[3.5,0,0,1],"texture":"#anvil"},"down":{"uv":[3.5,0,0,1],"texture":"#anvil"}}},{"from":[13.5,-2.0625,17.625],"to":[14.5,-1.0625,19.125],"rotation":{"angle":-22.5,"axis":"x","origin":[14.5,-1.0625,17.625]},"faces":{"north":{"uv":[1,0,0,1],"texture":"#anvil"},"east":{"uv":[1.5,0,0,1],"texture":"#anvil"},"south":{"uv":[1,0,0,1],"texture":"#anvil"},"west":{"uv":[1.5,0,0,1],"texture":"#anvil"},"up":{"uv":[1,0,0,1.5],"texture":"#anvil"},"down":{"uv":[1,0,0,1.5],"texture":"#anvil"}}},{"from":[1.5,-2.0625,17.625],"to":[2.5,-1.0625,19.125],"rotation":{"angle":-22.5,"axis":"x","origin":[2.5,-1.0625,17.625]},"faces":{"north":{"uv":[1,0,0,1],"texture":"#anvil"},"east":{"uv":[1.5,0,0,1],"texture":"#anvil"},"south":{"uv":[1,0,0,1],"texture":"#anvil"},"west":{"uv":[1.5,0,0,1],"texture":"#anvil"},"up":{"uv":[1,0,0,1.5],"texture":"#anvil"},"down":{"uv":[1,0,0,1.5],"texture":"#anvil"}}},{"from":[-2,-2.5,12.8125],"to":[6,-0.5,13.8125],"rotation":{"angle":-45,"axis":"x","origin":[6,-0.5,12.8125]},"faces":{"north":{"uv":[8,0,0,2],"texture":"#anvil"},"east":{"uv":[1,0,0,2],"texture":"#anvil"},"south":{"uv":[8,0,0,2],"texture":"#anvil"},"west":{"uv":[1,0,0,2],"texture":"#anvil"},"up":{"uv":[8,0,0,1],"texture":"#anvil"},"down":{"uv":[8,0,0,1],"texture":"#anvil"}}},{"from":[10,-2.5,12.8125],"to":[18,-0.5,13.8125],"rotation":{"angle":-45,"axis":"x","origin":[18,-0.5,12.8125]},"faces":{"north":{"uv":[8,0,0,2],"texture":"#anvil"},"east":{"uv":[1,0,0,2],"texture":"#anvil"},"south":{"uv":[8,0,0,2],"texture":"#anvil"},"west":{"uv":[1,0,0,2],"texture":"#anvil"},"up":{"uv":[8,0,0,1],"texture":"#anvil"},"down":{"uv":[8,0,0,1],"texture":"#anvil"}}},{"from":[10,-0.875,12],"to":[18,1.625,13],"rotation":{"angle":-22.5,"axis":"x","origin":[18,1.625,12]},"faces":{"north":{"uv":[8,0,0,2.5],"texture":"#anvil"},"east":{"uv":[1,0,0,2.5],"texture":"#anvil"},"south":{"uv":[8,0,0,2.5],"texture":"#anvil"},"west":{"uv":[1,0,0,2.5],"texture":"#anvil"},"up":{"uv":[8,0,0,1],"texture":"#anvil"},"down":{"uv":[8,0,0,1],"texture":"#anvil"}}},{"from":[-2,-0.875,12],"to":[6,1.625,13],"rotation":{"angle":-22.5,"axis":"x","origin":[6,1.625,12]},"faces":{"north":{"uv":[8,0,0,2.5],"texture":"#anvil"},"east":{"uv":[1,0,0,2.5],"texture":"#anvil"},"south":{"uv":[8,0,0,2.5],"texture":"#anvil"},"west":{"uv":[1,0,0,2.5],"texture":"#anvil"},"up":{"uv":[8,0,0,1],"texture":"#anvil"},"down":{"uv":[8,0,0,1],"texture":"#anvil"}}},{"from":[10,1.5,12],"to":[18,7,13],"faces":{"north":{"uv":[8,0,0,5.5],"texture":"#anvil"},"east":{"uv":[1,0,0,5.5],"texture":"#anvil"},"south":{"uv":[8,0,0,5.5],"texture":"#anvil"},"west":{"uv":[1,0,0,5.5],"texture":"#anvil"},"up":{"uv":[8,0,0,1],"texture":"#anvil"},"down":{"uv":[8,0,0,1],"texture":"#anvil"}}},{"from":[-2,1.5,12],"to":[6,7,13],"faces":{"north":{"uv":[8,0,0,5.5],"texture":"#anvil"},"east":{"uv":[1,0,0,5.5],"texture":"#anvil"},"south":{"uv":[8,0,0,5.5],"texture":"#anvil"},"west":{"uv":[1,0,0,5.5],"texture":"#anvil"},"up":{"uv":[8,0,0,1],"texture":"#anvil"},"down":{"uv":[8,0,0,1],"texture":"#anvil"}}},{"from":[12,11,12.5],"to":[16,15.5,13.5],"faces":{"north":{"uv":[4,0,0,4.5],"texture":"#anvil"},"east":{"uv":[1,0,0,4.5],"texture":"#anvil"},"south":{"uv":[4,0,0,4.5],"texture":"#anvil"},"west":{"uv":[1,0,0,4.5],"texture":"#anvil"},"up":{"uv":[4,0,0,1],"texture":"#anvil"},"down":{"uv":[4,0,0,1],"texture":"#anvil"}}},{"from":[0,11,12.5],"to":[4,15.5,13.5],"faces":{"north":{"uv":[4,0,0,4.5],"texture":"#anvil"},"east":{"uv":[1,0,0,4.5],"texture":"#anvil"},"south":{"uv":[4,0,0,4.5],"texture":"#anvil"},"west":{"uv":[1,0,0,4.5],"texture":"#anvil"},"up":{"uv":[4,0,0,1],"texture":"#anvil"},"down":{"uv":[4,0,0,1],"texture":"#anvil"}}},{"from":[11,7,12],"to":[17,10.5,13],"faces":{"north":{"uv":[6,0,0,3.5],"texture":"#anvil"},"east":{"uv":[1,0,0,3.5],"texture":"#anvil"},"south":{"uv":[6,0,0,3.5],"texture":"#anvil"},"west":{"uv":[1,0,0,3.5],"texture":"#anvil"},"up":{"uv":[6,0,0,1],"texture":"#anvil"},"down":{"uv":[6,0,0,1],"texture":"#anvil"}}},{"from":[-1,7,12],"to":[5,10.5,13],"faces":{"north":{"uv":[6,0,0,3.5],"texture":"#anvil"},"east":{"uv":[1,0,0,3.5],"texture":"#anvil"},"south":{"uv":[6,0,0,3.5],"texture":"#anvil"},"west":{"uv":[1,0,0,3.5],"texture":"#anvil"},"up":{"uv":[6,0,0,1],"texture":"#anvil"},"down":{"uv":[6,0,0,1],"texture":"#anvil"}}},{"from":[23.45461,6.31283,12.001],"to":[24.45461,10.01283,13.001],"rotation":{"angle":-22.5,"axis":"z","origin":[24.45461,10.31283,12.001]},"faces":{"north":{"uv":[1,0,0,4],"texture":"#anvil"},"east":{"uv":[1,0,0,4],"texture":"#anvil"},"south":{"uv":[1,0,0,4],"texture":"#anvil"},"west":{"uv":[1,0,0,4],"texture":"#anvil"},"up":{"uv":[1,0,0,1],"texture":"#anvil"},"down":{"uv":[1,0,0,1],"texture":"#anvil"}}},{"from":[-0.54539,6.31283,12.001],"to":[0.45461,10.01283,13.001],"rotation":{"angle":-22.5,"axis":"z","origin":[0.45461,10.31283,12.001]},"faces":{"north":{"uv":[1,0,0,4],"texture":"#anvil"},"east":{"uv":[1,0,0,4],"texture":"#anvil"},"south":{"uv":[1,0,0,4],"texture":"#anvil"},"west":{"uv":[1,0,0,4],"texture":"#anvil"},"up":{"uv":[1,0,0,1],"texture":"#anvil"},"down":{"uv":[1,0,0,1],"texture":"#anvil"}}},{"from":[15.46927,6.69552,12.001],"to":[16.46927,10.39552,13.001],"rotation":{"angle":22.5,"axis":"z","origin":[16.46927,10.69552,12.001]},"faces":{"north":{"uv":[1,0,0,4],"texture":"#anvil"},"east":{"uv":[1,0,0,4],"texture":"#anvil"},"south":{"uv":[1,0,0,4],"texture":"#anvil"},"west":{"uv":[1,0,0,4],"texture":"#anvil"},"up":{"uv":[1,0,0,1],"texture":"#anvil"},"down":{"uv":[1,0,0,1],"texture":"#anvil"}}},{"from":[3.46927,6.69552,12.001],"to":[4.46927,10.39552,13.001],"rotation":{"angle":22.5,"axis":"z","origin":[4.46927,10.69552,12.001]},"faces":{"north":{"uv":[1,0,0,4],"texture":"#anvil"},"east":{"uv":[1,0,0,4],"texture":"#anvil"},"south":{"uv":[1,0,0,4],"texture":"#anvil"},"west":{"uv":[1,0,0,4],"texture":"#anvil"},"up":{"uv":[1,0,0,1],"texture":"#anvil"},"down":{"uv":[1,0,0,1],"texture":"#anvil"}}},{"from":[24.5,9,11.6875],"to":[27.5,10.5,12.1875],"faces":{"north":{"uv":[9.5,12,8,13],"texture":"#oranje"},"east":{"uv":[9.5,12,8,13],"texture":"#oranje"},"south":{"uv":[9.5,12,8,13],"texture":"#oranje"},"west":{"uv":[9.5,12,8,13],"texture":"#oranje"},"up":{"uv":[9.5,12,8,13],"texture":"#oranje"},"down":{"uv":[9.5,12,8,13],"texture":"#oranje"}}},{"from":[0,10.5,12.5625],"to":[4,11.5,13.5625],"rotation":{"angle":22.5,"axis":"x","origin":[4,11.5,12.5625]},"faces":{"north":{"uv":[4,0,0,1],"texture":"#anvil"},"east":{"uv":[1,0,0,1],"texture":"#anvil"},"south":{"uv":[4,0,0,1],"texture":"#anvil"},"west":{"uv":[1,0,0,1],"texture":"#anvil"},"up":{"uv":[4,0,0,1],"texture":"#anvil"},"down":{"uv":[4,0,0,1],"texture":"#anvil"}}},{"from":[12,10.5,12.5625],"to":[16,11.5,13.5625],"rotation":{"angle":22.5,"axis":"x","origin":[16,11.5,12.5625]},"faces":{"north":{"uv":[4,0,0,1],"texture":"#anvil"},"east":{"uv":[1,0,0,1],"texture":"#anvil"},"south":{"uv":[4,0,0,1],"texture":"#anvil"},"west":{"uv":[1,0,0,1],"texture":"#anvil"},"up":{"uv":[4,0,0,1],"texture":"#anvil"},"down":{"uv":[4,0,0,1],"texture":"#anvil"}}},{"from":[18,9,4],"to":[22,10.5,12],"faces":{"north":{"uv":[4,0,0,1.5],"texture":"#wielen"},"east":{"uv":[8,0,0,1.5],"texture":"#wielen"},"south":{"uv":[4,0,0,1.5],"texture":"#wielen"},"west":{"uv":[8,0,0,1.5],"texture":"#wielen"},"up":{"uv":[4,0,0,8],"texture":"#wielen"},"down":{"uv":[4,0,0,8],"texture":"#wielen"}}},{"from":[18,-2,12],"to":[22,8,14.5],"faces":{"north":{"uv":[4,0,0,10],"texture":"#wielen"},"east":{"uv":[2.5,0,0,10],"texture":"#wielen"},"south":{"uv":[4,0,0,10],"texture":"#wielen"},"west":{"uv":[2.5,0,0,10],"texture":"#wielen"},"up":{"uv":[4,0,0,2.5],"texture":"#wielen"},"down":{"uv":[4,0,0,2.5],"texture":"#wielen"}}},{"from":[6,-2,1.5],"to":[10,8,4],"faces":{"north":{"uv":[4,0,0,10],"texture":"#wielen"},"east":{"uv":[2.5,0,0,10],"texture":"#wielen"},"south":{"uv":[4,0,0,10],"texture":"#wielen"},"west":{"uv":[2.5,0,0,10],"texture":"#wielen"},"up":{"uv":[4,0,0,2.5],"texture":"#wielen"},"down":{"uv":[4,0,0,2.5],"texture":"#wielen"}}},{"from":[18.001,8.5,12],"to":[22.001,10.5,15.5],"rotation":{"angle":45,"axis":"x","origin":[22.001,10.5,12]},"faces":{"north":{"uv":[4,0,0,2],"texture":"#wielen"},"east":{"uv":[3.5,0,0,2],"texture":"#wielen"},"south":{"uv":[4,0,0,2],"texture":"#wielen"},"west":{"uv":[3.5,0,0,2],"texture":"#wielen"},"up":{"uv":[4,0,0,3.5],"texture":"#wielen"},"down":{"uv":[4,0,0,3.5],"texture":"#wielen"}}},{"from":[18.001,6,1.5],"to":[22.001,8,5],"rotation":{"angle":-45,"axis":"x","origin":[22.001,8,1.5]},"faces":{"north":{"uv":[4,0,0,2],"texture":"#wielen"},"east":{"uv":[3.5,0,0,2],"texture":"#wielen"},"south":{"uv":[4,0,0,2],"texture":"#wielen"},"west":{"uv":[3.5,0,0,2],"texture":"#wielen"},"up":{"uv":[4,0,0,3.5],"texture":"#wielen"},"down":{"uv":[4,0,0,3.5],"texture":"#wielen"}}},{"from":[18,-2,14.5],"to":[22,1,17.5],"faces":{"north":{"uv":[4,0,0,3],"texture":"#wielen"},"east":{"uv":[3,0,0,3],"texture":"#wielen"},"south":{"uv":[4,0,0,3],"texture":"#wielen"},"west":{"uv":[3,0,0,3],"texture":"#wielen"},"up":{"uv":[4,0,0,3],"texture":"#wielen"},"down":{"uv":[4,0,0,3],"texture":"#wielen"}}},{"from":[18.001,-3.05,15.625],"to":[22.001,0.25,17.625],"rotation":{"angle":-22.5,"axis":"x","origin":[22.001,0.25,15.625]},"faces":{"north":{"uv":[4,0,0,3],"texture":"#wielen"},"east":{"uv":[2,0,0,3],"texture":"#wielen"},"south":{"uv":[4,0,0,3],"texture":"#wielen"},"west":{"uv":[2,0,0,3],"texture":"#wielen"},"up":{"uv":[4,0,0,2],"texture":"#wielen"},"down":{"uv":[4,0,0,2],"texture":"#wielen"}}},{"from":[18,-2,-1.5],"to":[22,1,1.5],"faces":{"north":{"uv":[4,0,0,3],"texture":"#wielen"},"east":{"uv":[3,0,0,3],"texture":"#wielen"},"south":{"uv":[4,0,0,3],"texture":"#wielen"},"west":{"uv":[3,0,0,3],"texture":"#wielen"},"up":{"uv":[4,0,0,3],"texture":"#wielen"},"down":{"uv":[4,0,0,3],"texture":"#wielen"}}},{"from":[18.001,-2.4,-1.5],"to":[22.001,1,0.5],"rotation":{"angle":22.5,"axis":"x","origin":[22.001,1,-1.5]},"faces":{"north":{"uv":[4,0,0,3],"texture":"#wielen"},"east":{"uv":[2,0,0,3],"texture":"#wielen"},"south":{"uv":[4,0,0,3],"texture":"#wielen"},"west":{"uv":[2,0,0,3],"texture":"#wielen"},"up":{"uv":[4,0,0,2],"texture":"#wielen"},"down":{"uv":[4,0,0,2],"texture":"#wielen"}}},{"from":[21,1,15.5],"to":[21.5,6,16],"faces":{"north":{"uv":[0,0,1,1],"texture":"#stone_slab_top"},"east":{"uv":[0,0,1,1],"texture":"#stone_slab_top"},"south":{"uv":[0,0,1,1],"texture":"#stone_slab_top"},"west":{"uv":[0,0,1,1],"texture":"#stone_slab_top"},"up":{"uv":[0,0,1,1],"texture":"#stone_slab_top"},"down":{"uv":[0,0,1,1],"texture":"#stone_slab_top"}}},{"from":[18.5,1,15.5],"to":[19,6,16],"faces":{"north":{"uv":[0,0,1,1],"texture":"#stone_slab_top"},"east":{"uv":[0,0,1,1],"texture":"#stone_slab_top"},"south":{"uv":[0,0,1,1],"texture":"#stone_slab_top"},"west":{"uv":[0,0,1,1],"texture":"#stone_slab_top"},"up":{"uv":[0,0,1,1],"texture":"#stone_slab_top"},"down":{"uv":[0,0,1,1],"texture":"#stone_slab_top"}}},{"from":[21,4.9375,13.875],"to":[21.5,7.4375,14.375],"rotation":{"angle":-45,"axis":"x","origin":[21.5,7.4375,13.875]},"faces":{"north":{"uv":[0,0,1,1],"texture":"#stone_slab_top"},"east":{"uv":[0,0,1,1],"texture":"#stone_slab_top"},"south":{"uv":[0,0,1,1],"texture":"#stone_slab_top"},"west":{"uv":[0,0,1,1],"texture":"#stone_slab_top"},"up":{"uv":[0,0,1,1],"texture":"#stone_slab_top"},"down":{"uv":[0,0,1,1],"texture":"#stone_slab_top"}}},{"from":[6,9,4],"to":[10,10.5,12],"faces":{"north":{"uv":[4,0,0,1.5],"texture":"#wielen"},"east":{"uv":[8,0,0,1.5],"texture":"#wielen"},"south":{"uv":[4,0,0,1.5],"texture":"#wielen"},"west":{"uv":[8,0,0,1.5],"texture":"#wielen"},"up":{"uv":[4,0,0,8],"texture":"#wielen"},"down":{"uv":[4,0,0,8],"texture":"#wielen"}}},{"from":[-6,9,4],"to":[-2,10.5,12],"faces":{"north":{"uv":[4,0,0,1.5],"texture":"#wielen"},"east":{"uv":[8,0,0,1.5],"texture":"#wielen"},"south":{"uv":[4,0,0,1.5],"texture":"#wielen"},"west":{"uv":[8,0,0,1.5],"texture":"#wielen"},"up":{"uv":[4,0,0,8],"texture":"#wielen"},"down":{"uv":[4,0,0,8],"texture":"#wielen"}}},{"from":[18,-2,1.5],"to":[22,8,4],"faces":{"north":{"uv":[4,0,0,10],"texture":"#wielen"},"east":{"uv":[2.5,0,0,10],"texture":"#wielen"},"south":{"uv":[4,0,0,10],"texture":"#wielen"},"west":{"uv":[2.5,0,0,10],"texture":"#wielen"},"up":{"uv":[4,0,0,2.5],"texture":"#wielen"},"down":{"uv":[4,0,0,2.5],"texture":"#wielen"}}},{"from":[-6,-2,1.5],"to":[-2,8,4],"faces":{"north":{"uv":[4,0,0,10],"texture":"#wielen"},"east":{"uv":[2.5,0,0,10],"texture":"#wielen"},"south":{"uv":[4,0,0,10],"texture":"#wielen"},"west":{"uv":[2.5,0,0,10],"texture":"#wielen"},"up":{"uv":[4,0,0,2.5],"texture":"#wielen"},"down":{"uv":[4,0,0,2.5],"texture":"#wielen"}}},{"from":[-6.001,8.5,12],"to":[-2.001,10.5,15.5],"rotation":{"angle":45,"axis":"x","origin":[-2.001,10.5,12]},"faces":{"north":{"uv":[4,0,0,2],"texture":"#wielen"},"east":{"uv":[3.5,0,0,2],"texture":"#wielen"},"south":{"uv":[4,0,0,2],"texture":"#wielen"},"west":{"uv":[3.5,0,0,2],"texture":"#wielen"},"up":{"uv":[4,0,0,3.5],"texture":"#wielen"},"down":{"uv":[4,0,0,3.5],"texture":"#wielen"}}},{"from":[5.999,8.5,12],"to":[9.999,10.5,15.5],"rotation":{"angle":45,"axis":"x","origin":[9.999,10.5,12]},"faces":{"north":{"uv":[4,0,0,2],"texture":"#wielen"},"east":{"uv":[3.5,0,0,2],"texture":"#wielen"},"south":{"uv":[4,0,0,2],"texture":"#wielen"},"west":{"uv":[3.5,0,0,2],"texture":"#wielen"},"up":{"uv":[4,0,0,3.5],"texture":"#wielen"},"down":{"uv":[4,0,0,3.5],"texture":"#wielen"}}},{"from":[-6,-2,12],"to":[-2,8,14.5],"faces":{"north":{"uv":[4,0,0,10],"texture":"#wielen"},"east":{"uv":[2.5,0,0,10],"texture":"#wielen"},"south":{"uv":[4,0,0,10],"texture":"#wielen"},"west":{"uv":[2.5,0,0,10],"texture":"#wielen"},"up":{"uv":[4,0,0,2.5],"texture":"#wielen"},"down":{"uv":[4,0,0,2.5],"texture":"#wielen"}}},{"from":[6,-2,12],"to":[10,8,14.5],"faces":{"north":{"uv":[4,0,0,10],"texture":"#wielen"},"east":{"uv":[2.5,0,0,10],"texture":"#wielen"},"south":{"uv":[4,0,0,10],"texture":"#wielen"},"west":{"uv":[2.5,0,0,10],"texture":"#wielen"},"up":{"uv":[4,0,0,2.5],"texture":"#wielen"},"down":{"uv":[4,0,0,2.5],"texture":"#wielen"}}},{"from":[-6.001,6,1.5],"to":[-2.001,8,5],"rotation":{"angle":-45,"axis":"x","origin":[-2.001,8,1.5]},"faces":{"north":{"uv":[4,0,0,2],"texture":"#wielen"},"east":{"uv":[3.5,0,0,2],"texture":"#wielen"},"south":{"uv":[4,0,0,2],"texture":"#wielen"},"west":{"uv":[3.5,0,0,2],"texture":"#wielen"},"up":{"uv":[4,0,0,3.5],"texture":"#wielen"},"down":{"uv":[4,0,0,3.5],"texture":"#wielen"}}},{"from":[5.999,6,1.5],"to":[9.999,8,5],"rotation":{"angle":-45,"axis":"x","origin":[9.999,8,1.5]},"faces":{"north":{"uv":[4,0,0,2],"texture":"#wielen"},"east":{"uv":[3.5,0,0,2],"texture":"#wielen"},"south":{"uv":[4,0,0,2],"texture":"#wielen"},"west":{"uv":[3.5,0,0,2],"texture":"#wielen"},"up":{"uv":[4,0,0,3.5],"texture":"#wielen"},"down":{"uv":[4,0,0,3.5],"texture":"#wielen"}}},{"from":[6,-2,14.5],"to":[10,1,17.5],"faces":{"north":{"uv":[4,0,0,3],"texture":"#wielen"},"east":{"uv":[3,0,0,3],"texture":"#wielen"},"south":{"uv":[4,0,0,3],"texture":"#wielen"},"west":{"uv":[3,0,0,3],"texture":"#wielen"},"up":{"uv":[4,0,0,3],"texture":"#wielen"},"down":{"uv":[4,0,0,3],"texture":"#wielen"}}},{"from":[-6,-2,14.5],"to":[-2,1,17.5],"faces":{"north":{"uv":[4,0,0,3],"texture":"#wielen"},"east":{"uv":[3,0,0,3],"texture":"#wielen"},"south":{"uv":[4,0,0,3],"texture":"#wielen"},"west":{"uv":[3,0,0,3],"texture":"#wielen"},"up":{"uv":[4,0,0,3],"texture":"#wielen"},"down":{"uv":[4,0,0,3],"texture":"#wielen"}}},{"from":[5.999,-3.05,15.625],"to":[9.999,0.25,17.625],"rotation":{"angle":-22.5,"axis":"x","origin":[9.999,0.25,15.625]},"faces":{"north":{"uv":[4,0,0,3],"texture":"#wielen"},"east":{"uv":[2,0,0,3],"texture":"#wielen"},"south":{"uv":[4,0,0,3],"texture":"#wielen"},"west":{"uv":[2,0,0,3],"texture":"#wielen"},"up":{"uv":[4,0,0,2],"texture":"#wielen"},"down":{"uv":[4,0,0,2],"texture":"#wielen"}}},{"from":[-6.001,-3.05,15.625],"to":[-2.001,0.25,17.625],"rotation":{"angle":-22.5,"axis":"x","origin":[-2.001,0.25,15.625]},"faces":{"north":{"uv":[4,0,0,3],"texture":"#wielen"},"east":{"uv":[2,0,0,3],"texture":"#wielen"},"south":{"uv":[4,0,0,3],"texture":"#wielen"},"west":{"uv":[2,0,0,3],"texture":"#wielen"},"up":{"uv":[4,0,0,2],"texture":"#wielen"},"down":{"uv":[4,0,0,2],"texture":"#wielen"}}},{"from":[9,4.9375,13.875],"to":[9.5,7.4375,14.375],"rotation":{"angle":-45,"axis":"x","origin":[9.5,7.4375,13.875]},"faces":{"north":{"uv":[0,0,1,1],"texture":"#stone_slab_top"},"east":{"uv":[0,0,1,1],"texture":"#stone_slab_top"},"south":{"uv":[0,0,1,1],"texture":"#stone_slab_top"},"west":{"uv":[0,0,1,1],"texture":"#stone_slab_top"},"up":{"uv":[0,0,1,1],"texture":"#stone_slab_top"},"down":{"uv":[0,0,1,1],"texture":"#stone_slab_top"}}},{"from":[6.5,4.9375,13.875],"to":[7,7.4375,14.375],"rotation":{"angle":-45,"axis":"x","origin":[7,7.4375,13.875]},"faces":{"north":{"uv":[0,0,1,1],"texture":"#stone_slab_top"},"east":{"uv":[0,0,1,1],"texture":"#stone_slab_top"},"south":{"uv":[0,0,1,1],"texture":"#stone_slab_top"},"west":{"uv":[0,0,1,1],"texture":"#stone_slab_top"},"up":{"uv":[0,0,1,1],"texture":"#stone_slab_top"},"down":{"uv":[0,0,1,1],"texture":"#stone_slab_top"}}},{"from":[-3,4.9375,13.875],"to":[-2.5,7.4375,14.375],"rotation":{"angle":-45,"axis":"x","origin":[-2.5,7.4375,13.875]},"faces":{"north":{"uv":[0,0,1,1],"texture":"#stone_slab_top"},"east":{"uv":[0,0,1,1],"texture":"#stone_slab_top"},"south":{"uv":[0,0,1,1],"texture":"#stone_slab_top"},"west":{"uv":[0,0,1,1],"texture":"#stone_slab_top"},"up":{"uv":[0,0,1,1],"texture":"#stone_slab_top"},"down":{"uv":[0,0,1,1],"texture":"#stone_slab_top"}}},{"from":[6.5,1,15.5],"to":[7,6,16],"faces":{"north":{"uv":[0,0,1,1],"texture":"#stone_slab_top"},"east":{"uv":[0,0,1,1],"texture":"#stone_slab_top"},"south":{"uv":[0,0,1,1],"texture":"#stone_slab_top"},"west":{"uv":[0,0,1,1],"texture":"#stone_slab_top"},"up":{"uv":[0,0,1,1],"texture":"#stone_slab_top"},"down":{"uv":[0,0,1,1],"texture":"#stone_slab_top"}}},{"from":[9,1,15.5],"to":[9.5,6,16],"faces":{"north":{"uv":[0,0,1,1],"texture":"#stone_slab_top"},"east":{"uv":[0,0,1,1],"texture":"#stone_slab_top"},"south":{"uv":[0,0,1,1],"texture":"#stone_slab_top"},"west":{"uv":[0,0,1,1],"texture":"#stone_slab_top"},"up":{"uv":[0,0,1,1],"texture":"#stone_slab_top"},"down":{"uv":[0,0,1,1],"texture":"#stone_slab_top"}}},{"from":[-3,1,15.5],"to":[-2.5,6,16],"faces":{"north":{"uv":[0,0,1,1],"texture":"#stone_slab_top"},"east":{"uv":[0,0,1,1],"texture":"#stone_slab_top"},"south":{"uv":[0,0,1,1],"texture":"#stone_slab_top"},"west":{"uv":[0,0,1,1],"texture":"#stone_slab_top"},"up":{"uv":[0,0,1,1],"texture":"#stone_slab_top"},"down":{"uv":[0,0,1,1],"texture":"#stone_slab_top"}}},{"from":[6,-2,-1.5],"to":[10,1,1.5],"faces":{"north":{"uv":[4,0,0,3],"texture":"#wielen"},"east":{"uv":[3,0,0,3],"texture":"#wielen"},"south":{"uv":[4,0,0,3],"texture":"#wielen"},"west":{"uv":[3,0,0,3],"texture":"#wielen"},"up":{"uv":[4,0,0,3],"texture":"#wielen"},"down":{"uv":[4,0,0,3],"texture":"#wielen"}}},{"from":[5.999,-2.4,-1.5],"to":[9.999,1,0.5],"rotation":{"angle":22.5,"axis":"x","origin":[9.999,1,-1.5]},"faces":{"north":{"uv":[4,0,0,3],"texture":"#wielen"},"east":{"uv":[2,0,0,3],"texture":"#wielen"},"south":{"uv":[4,0,0,3],"texture":"#wielen"},"west":{"uv":[2,0,0,3],"texture":"#wielen"},"up":{"uv":[4,0,0,2],"texture":"#wielen"},"down":{"uv":[4,0,0,2],"texture":"#wielen"}}},{"from":[-6.001,-2.4,-1.5],"to":[-2.001,1,0.5],"rotation":{"angle":22.5,"axis":"x","origin":[-2.001,1,-1.5]},"faces":{"north":{"uv":[4,0,0,3],"texture":"#wielen"},"east":{"uv":[2,0,0,3],"texture":"#wielen"},"south":{"uv":[4,0,0,3],"texture":"#wielen"},"west":{"uv":[2,0,0,3],"texture":"#wielen"},"up":{"uv":[4,0,0,2],"texture":"#wielen"},"down":{"uv":[4,0,0,2],"texture":"#wielen"}}},{"from":[21,1,0],"to":[21.5,6,0.5],"faces":{"north":{"uv":[0,0,1,1],"texture":"#stone_slab_top"},"east":{"uv":[0,0,1,1],"texture":"#stone_slab_top"},"south":{"uv":[0,0,1,1],"texture":"#stone_slab_top"},"west":{"uv":[0,0,1,1],"texture":"#stone_slab_top"},"up":{"uv":[0,0,1,1],"texture":"#stone_slab_top"},"down":{"uv":[0,0,1,1],"texture":"#stone_slab_top"}}},{"from":[-3,1,0],"to":[-2.5,6,0.5],"faces":{"north":{"uv":[0,0,1,1],"texture":"#stone_slab_top"},"east":{"uv":[0,0,1,1],"texture":"#stone_slab_top"},"south":{"uv":[0,0,1,1],"texture":"#stone_slab_top"},"west":{"uv":[0,0,1,1],"texture":"#stone_slab_top"},"up":{"uv":[0,0,1,1],"texture":"#stone_slab_top"},"down":{"uv":[0,0,1,1],"texture":"#stone_slab_top"}}},{"from":[18.5,1,0],"to":[19,6,0.5],"faces":{"north":{"uv":[0,0,1,1],"texture":"#stone_slab_top"},"east":{"uv":[0,0,1,1],"texture":"#stone_slab_top"},"south":{"uv":[0,0,1,1],"texture":"#stone_slab_top"},"west":{"uv":[0,0,1,1],"texture":"#stone_slab_top"},"up":{"uv":[0,0,1,1],"texture":"#stone_slab_top"},"down":{"uv":[0,0,1,1],"texture":"#stone_slab_top"}}},{"from":[9,1,0],"to":[9.5,6,0.5],"faces":{"north":{"uv":[0,0,1,1],"texture":"#stone_slab_top"},"east":{"uv":[0,0,1,1],"texture":"#stone_slab_top"},"south":{"uv":[0,0,1,1],"texture":"#stone_slab_top"},"west":{"uv":[0,0,1,1],"texture":"#stone_slab_top"},"up":{"uv":[0,0,1,1],"texture":"#stone_slab_top"},"down":{"uv":[0,0,1,1],"texture":"#stone_slab_top"}}},{"from":[6.5,1,0],"to":[7,6,0.5],"faces":{"north":{"uv":[0,0,1,1],"texture":"#stone_slab_top"},"east":{"uv":[0,0,1,1],"texture":"#stone_slab_top"},"south":{"uv":[0,0,1,1],"texture":"#stone_slab_top"},"west":{"uv":[0,0,1,1],"texture":"#stone_slab_top"},"up":{"uv":[0,0,1,1],"texture":"#stone_slab_top"},"down":{"uv":[0,0,1,1],"texture":"#stone_slab_top"}}},{"from":[18.5,4.9375,13.875],"to":[19,7.4375,14.375],"rotation":{"angle":-45,"axis":"x","origin":[19,7.4375,13.875]},"faces":{"north":{"uv":[0,0,1,1],"texture":"#stone_slab_top"},"east":{"uv":[0,0,1,1],"texture":"#stone_slab_top"},"south":{"uv":[0,0,1,1],"texture":"#stone_slab_top"},"west":{"uv":[0,0,1,1],"texture":"#stone_slab_top"},"up":{"uv":[0,0,1,1],"texture":"#stone_slab_top"},"down":{"uv":[0,0,1,1],"texture":"#stone_slab_top"}}},{"from":[21,5.25,1.75],"to":[21.5,7.75,2.25],"rotation":{"angle":45,"axis":"x","origin":[21.5,7.75,1.75]},"faces":{"north":{"uv":[0,0,1,1],"texture":"#stone_slab_top"},"east":{"uv":[0,0,1,1],"texture":"#stone_slab_top"},"south":{"uv":[0,0,1,1],"texture":"#stone_slab_top"},"west":{"uv":[0,0,1,1],"texture":"#stone_slab_top"},"up":{"uv":[0,0,1,1],"texture":"#stone_slab_top"},"down":{"uv":[0,0,1,1],"texture":"#stone_slab_top"}}},{"from":[-3,5.25,1.75],"to":[-2.5,7.75,2.25],"rotation":{"angle":45,"axis":"x","origin":[-2.5,7.75,1.75]},"faces":{"north":{"uv":[0,0,1,1],"texture":"#stone_slab_top"},"east":{"uv":[0,0,1,1],"texture":"#stone_slab_top"},"south":{"uv":[0,0,1,1],"texture":"#stone_slab_top"},"west":{"uv":[0,0,1,1],"texture":"#stone_slab_top"},"up":{"uv":[0,0,1,1],"texture":"#stone_slab_top"},"down":{"uv":[0,0,1,1],"texture":"#stone_slab_top"}}},{"from":[18.5,5.25,1.75],"to":[19,7.75,2.25],"rotation":{"angle":45,"axis":"x","origin":[19,7.75,1.75]},"faces":{"north":{"uv":[0,0,1,1],"texture":"#stone_slab_top"},"east":{"uv":[0,0,1,1],"texture":"#stone_slab_top"},"south":{"uv":[0,0,1,1],"texture":"#stone_slab_top"},"west":{"uv":[0,0,1,1],"texture":"#stone_slab_top"},"up":{"uv":[0,0,1,1],"texture":"#stone_slab_top"},"down":{"uv":[0,0,1,1],"texture":"#stone_slab_top"}}},{"from":[9,5.25,1.75],"to":[9.5,7.75,2.25],"rotation":{"angle":45,"axis":"x","origin":[9.5,7.75,1.75]},"faces":{"north":{"uv":[0,0,1,1],"texture":"#stone_slab_top"},"east":{"uv":[0,0,1,1],"texture":"#stone_slab_top"},"south":{"uv":[0,0,1,1],"texture":"#stone_slab_top"},"west":{"uv":[0,0,1,1],"texture":"#stone_slab_top"},"up":{"uv":[0,0,1,1],"texture":"#stone_slab_top"},"down":{"uv":[0,0,1,1],"texture":"#stone_slab_top"}}},{"from":[6.5,5.25,1.75],"to":[7,7.75,2.25],"rotation":{"angle":45,"axis":"x","origin":[7,7.75,1.75]},"faces":{"north":{"uv":[0,0,1,1],"texture":"#stone_slab_top"},"east":{"uv":[0,0,1,1],"texture":"#stone_slab_top"},"south":{"uv":[0,0,1,1],"texture":"#stone_slab_top"},"west":{"uv":[0,0,1,1],"texture":"#stone_slab_top"},"up":{"uv":[0,0,1,1],"texture":"#stone_slab_top"},"down":{"uv":[0,0,1,1],"texture":"#stone_slab_top"}}},{"from":[30,9,4],"to":[32,10.5,12],"faces":{"north":{"uv":[2,0,0,1.5],"texture":"#wielen"},"east":{"uv":[8,0,0,1.5],"texture":"#wielen"},"south":{"uv":[2,0,0,1.5],"texture":"#wielen"},"west":{"uv":[8,0,0,1.5],"texture":"#wielen"},"up":{"uv":[2,0,0,8],"texture":"#wielen"},"down":{"uv":[2,0,0,8],"texture":"#wielen"}}},{"from":[29.998,6,1.5],"to":[31.998,8,5],"rotation":{"angle":-45,"axis":"x","origin":[31.998,8,1.5]},"faces":{"north":{"uv":[2,0,0,2],"texture":"#wielen"},"east":{"uv":[3.5,0,0,2],"texture":"#wielen"},"south":{"uv":[2,0,0,2],"texture":"#wielen"},"west":{"uv":[3.5,0,0,2],"texture":"#wielen"},"up":{"uv":[2,0,0,3.5],"texture":"#wielen"},"down":{"uv":[2,0,0,3.5],"texture":"#wielen"}}},{"from":[29.998,8.5,12],"to":[31.998,10.5,15.5],"rotation":{"angle":45,"axis":"x","origin":[31.998,10.5,12]},"faces":{"north":{"uv":[2,0,0,2],"texture":"#wielen"},"east":{"uv":[3.5,0,0,2],"texture":"#wielen"},"south":{"uv":[2,0,0,2],"texture":"#wielen"},"west":{"uv":[3.5,0,0,2],"texture":"#wielen"},"up":{"uv":[2,0,0,3.5],"texture":"#wielen"},"down":{"uv":[2,0,0,3.5],"texture":"#wielen"}}},{"from":[30,-2,1.5],"to":[32,8,4],"faces":{"north":{"uv":[2,0,0,10],"texture":"#wielen"},"east":{"uv":[2.5,0,0,10],"texture":"#wielen"},"south":{"uv":[2,0,0,10],"texture":"#wielen"},"west":{"uv":[2.5,0,0,10],"texture":"#wielen"},"up":{"uv":[2,0,0,2.5],"texture":"#wielen"},"down":{"uv":[2,0,0,2.5],"texture":"#wielen"}}},{"from":[30,-2,12],"to":[32,8,14.5],"faces":{"north":{"uv":[2,0,0,10],"texture":"#wielen"},"east":{"uv":[2.5,0,0,10],"texture":"#wielen"},"south":{"uv":[2,0,0,10],"texture":"#wielen"},"west":{"uv":[2.5,0,0,10],"texture":"#wielen"},"up":{"uv":[2,0,0,2.5],"texture":"#wielen"},"down":{"uv":[2,0,0,2.5],"texture":"#wielen"}}},{"from":[30,-2,14.5],"to":[32,1,17.5],"faces":{"north":{"uv":[2,0,0,3],"texture":"#wielen"},"east":{"uv":[3,0,0,3],"texture":"#wielen"},"south":{"uv":[2,0,0,3],"texture":"#wielen"},"west":{"uv":[3,0,0,3],"texture":"#wielen"},"up":{"uv":[2,0,0,3],"texture":"#wielen"},"down":{"uv":[2,0,0,3],"texture":"#wielen"}}},{"from":[29.998,-3.05,15.625],"to":[31.998,0.25,17.625],"rotation":{"angle":-22.5,"axis":"x","origin":[31.998,0.25,15.625]},"faces":{"north":{"uv":[2,0,0,3],"texture":"#wielen"},"east":{"uv":[2,0,0,3],"texture":"#wielen"},"south":{"uv":[2,0,0,3],"texture":"#wielen"},"west":{"uv":[2,0,0,3],"texture":"#wielen"},"up":{"uv":[2,0,0,2],"texture":"#wielen"},"down":{"uv":[2,0,0,2],"texture":"#wielen"}}},{"from":[30,-2,-1.5],"to":[32,1,1.5],"faces":{"north":{"uv":[2,0,0,3],"texture":"#wielen"},"east":{"uv":[3,0,0,3],"texture":"#wielen"},"south":{"uv":[2,0,0,3],"texture":"#wielen"},"west":{"uv":[3,0,0,3],"texture":"#wielen"},"up":{"uv":[2,0,0,3],"texture":"#wielen"},"down":{"uv":[2,0,0,3],"texture":"#wielen"}}},{"from":[29.998,-2.4,-1.5],"to":[31.998,1,0.5],"rotation":{"angle":22.5,"axis":"x","origin":[31.998,1,-1.5]},"faces":{"north":{"uv":[2,0,0,3],"texture":"#wielen"},"east":{"uv":[2,0,0,3],"texture":"#wielen"},"south":{"uv":[2,0,0,3],"texture":"#wielen"},"west":{"uv":[2,0,0,3],"texture":"#wielen"},"up":{"uv":[2,0,0,2],"texture":"#wielen"},"down":{"uv":[2,0,0,2],"texture":"#wielen"}}},{"from":[30.5,5.25,1.75],"to":[31,7.75,2.25],"rotation":{"angle":45,"axis":"x","origin":[31,7.75,1.75]},"faces":{"north":{"uv":[0,0,1,1],"texture":"#stone_slab_top"},"east":{"uv":[0,0,1,1],"texture":"#stone_slab_top"},"south":{"uv":[0,0,1,1],"texture":"#stone_slab_top"},"west":{"uv":[0,0,1,1],"texture":"#stone_slab_top"},"up":{"uv":[0,0,1,1],"texture":"#stone_slab_top"},"down":{"uv":[0,0,1,1],"texture":"#stone_slab_top"}}},{"from":[30.5,4.9375,13.875],"to":[31,7.4375,14.375],"rotation":{"angle":-45,"axis":"x","origin":[31,7.4375,13.875]},"faces":{"north":{"uv":[0,0,1,1],"texture":"#stone_slab_top"},"east":{"uv":[0,0,1,1],"texture":"#stone_slab_top"},"south":{"uv":[0,0,1,1],"texture":"#stone_slab_top"},"west":{"uv":[0,0,1,1],"texture":"#stone_slab_top"},"up":{"uv":[0,0,1,1],"texture":"#stone_slab_top"},"down":{"uv":[0,0,1,1],"texture":"#stone_slab_top"}}},{"from":[30.5,1,15.5],"to":[31,6,16],"faces":{"north":{"uv":[0,0,1,1],"texture":"#stone_slab_top"},"east":{"uv":[0,0,1,1],"texture":"#stone_slab_top"},"south":{"uv":[0,0,1,1],"texture":"#stone_slab_top"},"west":{"uv":[0,0,1,1],"texture":"#stone_slab_top"},"up":{"uv":[0,0,1,1],"texture":"#stone_slab_top"},"down":{"uv":[0,0,1,1],"texture":"#stone_slab_top"}}},{"from":[30.5,1,0],"to":[31,6,0.5],"faces":{"north":{"uv":[0,0,1,1],"texture":"#stone_slab_top"},"east":{"uv":[0,0,1,1],"texture":"#stone_slab_top"},"south":{"uv":[0,0,1,1],"texture":"#stone_slab_top"},"west":{"uv":[0,0,1,1],"texture":"#stone_slab_top"},"up":{"uv":[0,0,1,1],"texture":"#stone_slab_top"},"down":{"uv":[0,0,1,1],"texture":"#stone_slab_top"}}},{"from":[-6,-2,-1.5],"to":[-2,1,1.5],"faces":{"north":{"uv":[4,0,0,3],"texture":"#wielen"},"east":{"uv":[3,0,0,3],"texture":"#wielen"},"south":{"uv":[4,0,0,3],"texture":"#wielen"},"west":{"uv":[3,0,0,3],"texture":"#wielen"},"up":{"uv":[4,0,0,3],"texture":"#wielen"},"down":{"uv":[4,0,0,3],"texture":"#wielen"}}},{"from":[-14,-4,0.6],"to":[32,-3,15.4],"faces":{"north":{"uv":[16,0,0,1],"texture":"#texture"},"east":{"uv":[14.8,0,0,1],"texture":"#texture"},"south":{"uv":[16,0,0,1],"texture":"#texture"},"west":{"uv":[14.8,0,0,1],"texture":"#texture"},"up":{"uv":[16,0,0,14.8],"texture":"#texture"},"down":{"uv":[16,0,0,14.8],"texture":"#texture"}}}],"display":{"gui":{"rotation":[26,50,0],"translation":[0,1,0],"scale":[0.3,0.3,0.3]},"head":{"translation":[0,-21,0],"scale":[1.6,1.6,1.6]}},"groups":[0,1,2,3,4,5,6,7,{"name":"group","origin":[8,8,8],"children":[8,9,10,11,12,13,14,15,16,17,18,19,20,21,22,23,24,25,26,27,28,29,30,31,32,33,34,35,36,37,38,39,40,41,42,43,44,45,46,47,48,49,50,51,52,53,54,55,56,57,58,59,60,61,62,63,64,65,66,67,68,69,70,71,72,73,74,75,76,77,78,79,80,81,82,83,84,85,86,87,88,89,90,91,92,93,94,95,96,97,98,99,100,101,102,103,104,105,106,107,108,109,110,111,112,113,114,115,116,117,118,119,120,121,122,123,124,125,126,127,128,129,130,131,132,133,134,135,136,137,138,139,140,141,142,143,144,145,146,147,148,149,150,151,152,153,154,155,156,157,158,159,160,161,162,163,164,165,166,167,168,169,170,171]}],"credit":"Model by Craftventure"}