{"textures":{"texture":"block/fenrirzwart","anvil":"block/piston_inner"},"elements":[{"name":"cube","from":[-14,-1,1],"to":[-4,13,15],"faces":{"north":{"uv":[0,0,16,16],"texture":"#anvil"},"east":{"uv":[0,0,16,16],"texture":"#anvil"},"south":{"uv":[0,0,16,16],"texture":"#anvil"},"west":{"uv":[0,0,16,16],"texture":"#anvil"},"up":{"uv":[0,0,16,16],"texture":"#anvil"},"down":{"uv":[0,0,16,16],"texture":"#anvil"}},"type":"cube"},{"name":"cube","from":[-14,-1,15],"to":[-4,13,17],"faces":{"north":{"uv":[7.2,14.2,8.6,15.5],"texture":"#texture"},"east":{"uv":[7.3,14.2,8.7,15.5],"texture":"#texture"},"south":{"uv":[7.4,14.2,8.8,15.5],"texture":"#texture"},"west":{"uv":[7.3,14.2,8.7,15.5],"texture":"#texture"},"up":{"uv":[7.4,7.3,8.8,8.7],"texture":"#texture"},"down":{"uv":[8.6,8.7,7.2,7.3],"texture":"#texture"}},"type":"cube"},{"name":"cube","from":[-14,-1,-1],"to":[-4,13,1],"faces":{"north":{"uv":[0,0,16,16],"texture":"#texture"},"east":{"uv":[0,0,16,16],"texture":"#texture"},"south":{"uv":[0,0,16,16],"texture":"#texture"},"west":{"uv":[0,0,16,16],"texture":"#texture"},"up":{"uv":[0,0,16,16],"texture":"#texture"},"down":{"uv":[0,0,16,16],"texture":"#texture"}},"type":"cube"},{"name":"cube","from":[-14,13,1],"to":[-4,15,15],"faces":{"north":{"uv":[7.2,14.2,8.6,15.5],"texture":"#texture"},"east":{"uv":[7.3,14.2,8.7,15.5],"texture":"#texture"},"south":{"uv":[7.4,14.2,8.8,15.5],"texture":"#texture"},"west":{"uv":[7.3,14.2,8.7,15.5],"texture":"#texture"},"up":{"uv":[7.4,7.3,8.8,8.7],"texture":"#texture"},"down":{"uv":[8.6,8.7,7.2,7.3],"texture":"#texture"}},"type":"cube"},{"name":"cube","from":[-14,-3,1],"to":[-4,-1,15],"faces":{"north":{"uv":[7.2,14.2,8.6,15.5],"texture":"#texture"},"east":{"uv":[7.3,14.2,8.7,15.5],"texture":"#texture"},"south":{"uv":[7.4,14.2,8.8,15.5],"texture":"#texture"},"west":{"uv":[7.3,14.2,8.7,15.5],"texture":"#texture"},"up":{"uv":[7.4,7.3,8.8,8.7],"texture":"#texture"},"down":{"uv":[8.6,8.7,7.2,7.3],"texture":"#texture"}},"type":"cube"}],"display":{"head":{"rotation":[0,0,0],"translation":[20,0,0],"scale":[3.4,3.4,3.4]},"gui":{"scale":[0.3,0.3,0.3],"translation":[4,2.5,0],"rotation":[35,47,0]}},"credit":"Model by Craftventure"}