{"textures":{"0":"block/gold_block","1":"block/stripped_spruce_log","3":"block/acacia_log_top","4":"block/fire_coral_fan","6":"block/brain_coral_block","7":"block/potatoes_stage2","8":"block/tube_coral_fan","9":"block/brain_coral","10":"block/carrots_stage2","particle":"block/gold_block"},"elements":[{"from":[7.04,1.72,7.36],"to":[8.96,3,8.64],"faces":{"north":{"uv":[0,0,8,1],"rotation":270,"texture":"#0"},"east":{"uv":[0,0,8,1],"rotation":270,"texture":"#0"},"south":{"uv":[0,0,8,1],"rotation":270,"texture":"#0"},"west":{"uv":[0,0,8,1],"rotation":270,"texture":"#0"},"up":{"uv":[6,1,14.999,14.999],"rotation":270,"texture":"#0"},"down":{"uv":[0,0,8,1],"rotation":270,"texture":"#0"}}},{"from":[6.08,1.88,7.52],"to":[7.04,2.84,8.48],"faces":{"north":{"uv":[0,0,8,1],"rotation":270,"texture":"#0"},"east":{"uv":[0,0,8,1],"rotation":270,"texture":"#0"},"south":{"uv":[0,0,8,1],"rotation":270,"texture":"#0"},"west":{"uv":[0,0,8,1],"rotation":270,"texture":"#0"},"up":{"uv":[6,1,14.999,14.999],"rotation":270,"texture":"#0"},"down":{"uv":[12,11,15.748,15.997],"rotation":270,"texture":"#0"}}},{"from":[5.44,2.04,7.68],"to":[6.08,2.68,8.32],"faces":{"north":{"uv":[0,0,8,1],"rotation":270,"texture":"#0"},"east":{"uv":[0,0,8,1],"rotation":270,"texture":"#0"},"south":{"uv":[0,0,8,1],"rotation":270,"texture":"#0"},"west":{"uv":[0,0,8,1],"rotation":270,"texture":"#0"},"up":{"uv":[6,1,14.999,14.999],"rotation":270,"texture":"#0"},"down":{"uv":[12,11,15.748,15.997],"rotation":270,"texture":"#0"}}},{"from":[5.44,4.28,7.808],"to":[6.08,4.92,8.192],"rotation":{"angle":45,"axis":"z","origin":[8,2.36,8]},"faces":{"north":{"uv":[8,1,0,0],"texture":"#0"},"east":{"uv":[6,1,14.999,14.999],"rotation":270,"texture":"#0"},"south":{"uv":[8,1,0,0],"rotation":180,"texture":"#0"},"west":{"uv":[12,11,15.748,15.997],"rotation":90,"texture":"#0"},"up":{"uv":[0,0,8,1],"texture":"#0"},"down":{"uv":[0,0,8,1],"texture":"#0"}}},{"from":[4.8,2.2,7.84],"to":[5.44,2.52,8.16],"faces":{"north":{"uv":[0,0,8,1],"rotation":270,"texture":"#0"},"east":{"uv":[0,0,8,1],"rotation":270,"texture":"#0"},"south":{"uv":[0,0,8,1],"rotation":270,"texture":"#0"},"west":{"uv":[0,0,8,1],"rotation":270,"texture":"#0"},"up":{"uv":[6,1,14.999,14.999],"rotation":270,"texture":"#0"},"down":{"uv":[12,11,15.748,15.997],"rotation":270,"texture":"#0"}}},{"from":[8.96,1.88,7.52],"to":[9.92,2.84,8.48],"faces":{"north":{"uv":[0,1,8,0],"rotation":270,"texture":"#0"},"east":{"uv":[0,1,8,0],"rotation":270,"texture":"#0"},"south":{"uv":[0,1,8,0],"rotation":270,"texture":"#0"},"west":{"uv":[0,1,8,0],"rotation":270,"texture":"#0"},"up":{"uv":[6,14.999,14.999,1],"rotation":270,"texture":"#0"},"down":{"uv":[12,15.997,15.748,11],"rotation":270,"texture":"#0"}}},{"from":[9.92,2.04,7.68],"to":[10.56,2.68,8.32],"faces":{"north":{"uv":[0,1,8,0],"rotation":270,"texture":"#0"},"east":{"uv":[0,1,8,0],"rotation":270,"texture":"#0"},"south":{"uv":[0,1,8,0],"rotation":270,"texture":"#0"},"west":{"uv":[0,1,8,0],"rotation":270,"texture":"#0"},"up":{"uv":[6,14.999,14.999,1],"rotation":270,"texture":"#0"},"down":{"uv":[12,15.997,15.748,11],"rotation":270,"texture":"#0"}}},{"from":[10.435,2.075,7.84],"to":[11.075,2.395,8.16],"rotation":{"angle":-22.5,"axis":"z","origin":[10.88983,2.36505,7.98512]},"faces":{"north":{"uv":[0,1,8,0],"rotation":270,"texture":"#0"},"east":{"uv":[0,1,8,0],"rotation":270,"texture":"#0"},"south":{"uv":[0,1,8,0],"rotation":270,"texture":"#0"},"west":{"uv":[0,1,8,0],"rotation":270,"texture":"#0"},"up":{"uv":[6,14.999,14.999,1],"rotation":270,"texture":"#0"},"down":{"uv":[12,15.997,15.748,11],"rotation":270,"texture":"#0"}}},{"name":"hexadecagon","from":[7.23617,-5.32,7.73897],"to":[8.76383,-4.68,8.26103],"rotation":{"angle":22.5,"axis":"z","origin":[8,-1.48,7.84338]},"faces":{"north":{"uv":[0,0,2,0.5],"rotation":180,"texture":"#0"},"east":{"uv":[0,0,2,0.5],"rotation":180,"texture":"#0"},"south":{"uv":[0,0,2,0.5],"rotation":180,"texture":"#0"},"west":{"uv":[0,0,2,0.5],"rotation":180,"texture":"#0"},"up":{"uv":[0,0,2,0.5],"rotation":180,"texture":"#0"},"down":{"uv":[0,0,2,0.5],"rotation":180,"texture":"#0"}}},{"name":"hexadecagon","from":[7.23617,1.72,7.73897],"to":[8.76383,2.36,8.26103],"rotation":{"angle":-22.5,"axis":"z","origin":[8,-1.48,7.84338]},"faces":{"north":{"uv":[10,0.5,12,0],"texture":"#0"},"east":{"uv":[10,0.5,12,0],"texture":"#0"},"south":{"uv":[10,0.5,12,0],"texture":"#0"},"west":{"uv":[10,0.5,12,0],"texture":"#0"},"up":{"uv":[10,0.5,12,0],"texture":"#0"},"down":{"uv":[10,0.5,12,0],"texture":"#0"}}},{"name":"hexadecagon","from":[7.23617,-5.32,7.71688],"to":[8.76383,-4.616,8.28335],"rotation":{"angle":45,"axis":"z","origin":[8,-1.48,7.83006]},"faces":{"north":{"uv":[2,0,4,0.5],"rotation":180,"texture":"#0"},"east":{"uv":[2,0,4,0.5],"rotation":180,"texture":"#0"},"south":{"uv":[2,0,4,0.5],"texture":"#0"},"west":{"uv":[2,0,4,0.5],"rotation":180,"texture":"#0"},"up":{"uv":[2,0,4,0.5],"texture":"#6"},"down":{"uv":[2,0,4,0.5],"texture":"#0"}}},{"name":"hexadecagon","from":[7.23617,1.656,7.71688],"to":[8.76383,2.36,8.28335],"rotation":{"angle":-45,"axis":"z","origin":[8,-1.48,7.83006]},"faces":{"north":{"uv":[10,0.5,12,0],"texture":"#0"},"east":{"uv":[10,0.5,12,0],"texture":"#0"},"south":{"uv":[10,0.5,12,0],"rotation":180,"texture":"#0"},"west":{"uv":[10,0.5,12,0],"texture":"#0"},"up":{"uv":[10,0.5,12,0],"rotation":180,"texture":"#0"},"down":{"uv":[10,0.5,12,0],"rotation":180,"texture":"#0"}}},{"name":"hexadecagon","from":[11.072,-2.24383,7.69894],"to":[11.84,-0.71617,8.30106],"rotation":{"angle":-22.5,"axis":"z","origin":[8,-1.48,7.81937]},"faces":{"north":{"uv":[6,0,8,0.5],"rotation":270,"texture":"#0"},"east":{"uv":[6,0,8,0.5],"rotation":270,"texture":"#0"},"south":{"uv":[6,0,8,0.5],"rotation":270,"texture":"#0"},"west":{"uv":[6,0,8,0.5],"rotation":270,"texture":"#0"},"up":{"uv":[6,0,8,0.5],"rotation":270,"texture":"#0"},"down":{"uv":[6,0,8,0.5],"rotation":270,"texture":"#0"}}},{"name":"hexadecagon","from":[11.072,-2.24383,7.69894],"to":[11.84,-0.71617,8.30106],"rotation":{"angle":22.5,"axis":"z","origin":[8,-1.48,7.81937]},"faces":{"north":{"uv":[8,0.5,9.999,0],"rotation":270,"texture":"#0"},"east":{"uv":[8,0.5,9.999,0],"rotation":270,"texture":"#0"},"south":{"uv":[8,0.5,9.999,0],"rotation":270,"texture":"#0"},"west":{"uv":[8,0.5,9.999,0],"rotation":270,"texture":"#0"},"up":{"uv":[8,0.5,9.999,0],"rotation":270,"texture":"#0"},"down":{"uv":[8,0.5,9.999,0],"rotation":270,"texture":"#0"}}},{"name":"hexadecagon","from":[11.01101,-2.24383,7.67981],"to":[11.84384,-1.46617,8.32045],"faces":{"north":{"uv":[6,0,8,0.5],"rotation":270,"texture":"#0"},"east":{"uv":[6,0,8,0.5],"rotation":270,"texture":"#0"},"south":{"uv":[6,0,8,0.5],"rotation":270,"texture":"#0"},"west":{"uv":[6,0,8,0.5],"rotation":270,"texture":"#0"},"up":{"uv":[6,0,8,0.5],"rotation":270,"texture":"#0"},"down":{"uv":[6,0,8,0.5],"rotation":270,"texture":"#0"}}},{"name":"hexadecagon","from":[11.008,-1.49383,7.68013],"to":[11.84,-0.71617,8.32013],"faces":{"north":{"uv":[6,0,8,0.5],"rotation":270,"texture":"#0"},"east":{"uv":[6,0,8,0.5],"rotation":270,"texture":"#0"},"south":{"uv":[6,0,8,0.5],"rotation":270,"texture":"#0"},"west":{"uv":[6,0,8,0.5],"rotation":270,"texture":"#0"},"up":{"uv":[6,0,8,0.5],"rotation":270,"texture":"#0"},"down":{"uv":[6,0,8,0.5],"rotation":270,"texture":"#0"}}},{"from":[8.64,-3.08,7.68],"to":[8.96,-0.74,8.32],"faces":{"north":{"uv":[5.998,5,5,11.998],"texture":"#1"},"east":{"uv":[8.999,4,7,10.998],"texture":"#1"},"south":{"uv":[9.998,3,9,9.998],"texture":"#1"},"west":{"uv":[3.999,4,3,10.999],"texture":"#1"},"up":{"uv":[9.999,5,9,6.999],"texture":"#1"},"down":{"uv":[4.998,9,4,10.999],"texture":"#1"}}},{"from":[7.36,1.14,7.52],"to":[8.64,2.04,8.48],"faces":{"north":{"uv":[0,0,3,2],"texture":"#1"},"east":{"uv":[0,0,3,2],"texture":"#1"},"south":{"uv":[0,0,3,2],"texture":"#1"},"west":{"uv":[0,0,3,2],"texture":"#1"},"up":{"uv":[0,0,3,2],"texture":"#1"},"down":{"uv":[0,0,3,2],"texture":"#1"}}},{"from":[7.36,-4.36,7.52],"to":[8.64,0.79,8.48],"faces":{"north":{"uv":[0,0,3,12],"texture":"#1"},"east":{"uv":[0,0,3,12],"texture":"#1"},"south":{"uv":[0,0,3,12],"texture":"#1"},"west":{"uv":[0,0,3,12],"texture":"#1"},"up":{"uv":[0,0,3,12],"texture":"#1"},"down":{"uv":[0,0,3,12],"texture":"#1"}}},{"from":[7.735,0.79,7.52],"to":[8.64,1.165,8.48],"faces":{"north":{"uv":[4,6,6,7],"texture":"#1"},"east":{"uv":[4,6,6,7],"texture":"#1"},"south":{"uv":[4,6,6,7],"texture":"#1"},"west":{"uv":[4,6,6,7],"texture":"#1"},"up":{"uv":[4,6,6,7],"texture":"#1"},"down":{"uv":[4,6,6,7],"texture":"#1"}}},{"from":[7.04,-1.58,7.68],"to":[7.36,0.76,8.32],"faces":{"north":{"uv":[6,5,6.998,11.998],"texture":"#1"},"east":{"uv":[3,4,3.999,10.999],"texture":"#1"},"south":{"uv":[9,3,9.998,9.998],"texture":"#1"},"west":{"uv":[7,4,8.999,10.998],"texture":"#1"},"up":{"uv":[9,5,9.999,6.999],"texture":"#1"},"down":{"uv":[4,9,4.998,10.999],"texture":"#1"}}},{"from":[8.54,0.17,7.68],"to":[8.86,0.76,8.32],"faces":{"north":{"uv":[6,5,6.998,11.998],"texture":"#1"},"east":{"uv":[3,4,3.999,10.999],"texture":"#1"},"south":{"uv":[9,3,9.998,9.998],"texture":"#1"},"west":{"uv":[7,4,8.999,10.998],"texture":"#1"},"up":{"uv":[9,5,9.999,6.999],"texture":"#1"},"down":{"uv":[4,9,4.998,10.999],"texture":"#1"}}},{"name":"octagon","from":[7.46981,-6.6,7.4624],"to":[8.53019,-4.04,8.5376],"rotation":{"angle":45,"axis":"z","origin":[8,-5.32,8]},"faces":{"north":{"uv":[0,0,0.5,0.5],"texture":"#0"},"east":{"uv":[0,0,0.5,0.5],"texture":"#0"},"south":{"uv":[0,0,0.5,0.5],"texture":"#0"},"west":{"uv":[0,0,0.5,0.5],"texture":"#0"},"up":{"uv":[0,0,0.5,0.5],"texture":"#0"},"down":{"uv":[0,0,0.5,0.5],"texture":"#0"}}},{"name":"octagon","from":[7.46981,-6.6,7.4624],"to":[8.53019,-4.04,8.5376],"faces":{"north":{"uv":[0,0,0.5,0.5],"texture":"#0"},"east":{"uv":[0,0,0.5,0.5],"texture":"#0"},"south":{"uv":[0,0,0.5,0.5],"texture":"#0"},"west":{"uv":[0,0,0.5,0.5],"texture":"#0"},"up":{"uv":[0,0,0.5,0.5],"texture":"#0"},"down":{"uv":[0,0,0.5,0.5],"texture":"#0"}}},{"name":"octagon","from":[6.72,-5.85019,7.4624],"to":[9.28,-4.78981,8.5376],"rotation":{"angle":45,"axis":"z","origin":[8,-5.32,8]},"faces":{"north":{"uv":[0,0,0.5,0.5],"texture":"#0"},"east":{"uv":[0,0,0.5,0.5],"texture":"#0"},"south":{"uv":[0,0,0.5,0.5],"texture":"#0"},"west":{"uv":[0,0,0.5,0.5],"texture":"#0"},"up":{"uv":[0,0,0.5,0.5],"texture":"#0"},"down":{"uv":[0,0,0.5,0.5],"texture":"#0"}}},{"name":"octagon","from":[6.72,-5.85019,7.4624],"to":[9.28,-4.78981,8.5376],"faces":{"north":{"uv":[0,0,0.5,0.5],"texture":"#0"},"east":{"uv":[0,0,0.5,0.5],"texture":"#0"},"south":{"uv":[0,0,0.5,0.5],"texture":"#0"},"west":{"uv":[0,0,0.5,0.5],"texture":"#0"},"up":{"uv":[0,0,0.5,0.5],"texture":"#0"},"down":{"uv":[0,0,0.5,0.5],"texture":"#0"}}},{"name":"hexadecagon","from":[-4.78695,16.99929,7.703],"to":[-0.01305,20.89929,8.297],"rotation":{"angle":-45,"axis":"z","origin":[-2.4,8.89929,7.109]},"faces":{"north":{"uv":[5,5,10,9],"texture":"#3"},"east":{"uv":[5,5,10,9],"texture":"#3"},"south":{"uv":[5,5,10,9],"texture":"#3"},"west":{"uv":[5,5,10,9],"texture":"#3"},"up":{"uv":[3,11,7.999,11.999],"texture":"#3"},"down":{"uv":[8,3,12.999,3.999],"texture":"#3"}}},{"name":"hexadecagon","from":[-1.91195,18.87429,7.7027],"to":[-1.01305,19.89929,8.2973],"rotation":{"angle":-45,"axis":"z","origin":[-2.4,8.89929,7.10811]},"faces":{"north":{"uv":[2,0,3,1],"rotation":270,"texture":"#3"},"east":{"uv":[2,0,3,1],"rotation":270,"texture":"#3"},"south":{"uv":[2,0,3,1],"rotation":270,"texture":"#3"},"west":{"uv":[2,0,3,1],"rotation":270,"texture":"#3"},"up":{"uv":[2,0,3,1],"rotation":270,"texture":"#3"},"down":{"uv":[2,0,3,1],"rotation":270,"texture":"#3"}}},{"name":"hexadecagon","from":[5.28,11.07109,7.7027],"to":[5.805,12.71999,8.2973],"rotation":{"angle":22.5,"axis":"z","origin":[5.79602,12.39809,8.01174]},"faces":{"north":{"uv":[2,0,3,1],"rotation":270,"texture":"#3"},"east":{"uv":[2,0,3,1],"rotation":270,"texture":"#3"},"south":{"uv":[2,0,3,1],"rotation":270,"texture":"#3"},"west":{"uv":[2,0,3,1],"rotation":270,"texture":"#3"},"up":{"uv":[2,0,3,1],"rotation":270,"texture":"#3"},"down":{"uv":[2,0,3,1],"rotation":270,"texture":"#3"}}},{"name":"hexadecagon","from":[5.805,9.94609,7.9527],"to":[6.805,11.09499,8.2973],"rotation":{"angle":22.5,"axis":"z","origin":[5.79602,12.39809,8.01174]},"faces":{"north":{"uv":[2,0,3,1],"rotation":270,"texture":"#3"},"east":{"uv":[2,0,3,1],"rotation":270,"texture":"#3"},"south":{"uv":[2,0,3,1],"rotation":270,"texture":"#3"},"west":{"uv":[2,0,3,1],"rotation":270,"texture":"#3"},"up":{"uv":[2,0,3,1],"rotation":270,"texture":"#3"},"down":{"uv":[2,0,3,1],"rotation":270,"texture":"#3"}}},{"name":"hexadecagon","from":[8.42988,2.67954,8.375],"to":[9.92988,3.67954,8.375],"rotation":{"angle":-22.5,"axis":"z","origin":[9.41959,3.41844,8.51571]},"faces":{"north":{"uv":[0,4,16,15.999],"texture":"#4"},"south":{"uv":[16,4,0,16],"texture":"#4"}}},{"name":"hexadecagon","from":[-4.44,20.29929,7.6733],"to":[-2.0661,20.89929,8.3267],"rotation":{"angle":-22.5,"axis":"z","origin":[-2.4,8.89929,7.0199]},"faces":{"north":{"uv":[4,3,4.499,3.499],"texture":"#3"},"east":{"uv":[3,2,3.499,2.499],"texture":"#3"},"south":{"uv":[4,3,4.499,3.499],"texture":"#3"},"west":{"uv":[3,2,3.499,2.499],"texture":"#3"},"up":{"uv":[3,2,3.499,2.499],"texture":"#3"},"down":{"uv":[3,2,3.499,2.499],"texture":"#3"}}},{"name":"hexadecagon","from":[-2.38695,16.69929,7.6733],"to":[-0.01305,20.89929,8.3267],"rotation":{"angle":-22.5,"axis":"z","origin":[-2.4,8.89929,7.0199]},"faces":{"north":{"uv":[7,6,9,10],"texture":"#3"},"east":{"uv":[7,7,9,11],"texture":"#3"},"south":{"uv":[7,7,9,11],"texture":"#3"},"west":{"uv":[7,7,9,11],"texture":"#3"},"up":{"uv":[7,7,9,8],"texture":"#3"},"down":{"uv":[7,7,9,8],"texture":"#3"}}},{"name":"hexadecagon","from":[6.9,2.93844,7.75],"to":[9.1,6.61234,8.25],"faces":{"north":{"uv":[3,3,5,6],"texture":"#3"},"east":{"uv":[3,3,4,6],"texture":"#3"},"south":{"uv":[3,3,5,6],"texture":"#3"},"west":{"uv":[9,8,9.999,10.999],"texture":"#3"},"up":{"uv":[3,3,5,6],"texture":"#3"},"down":{"uv":[3,3,5,6],"texture":"#3"}}},{"name":"hexadecagon","from":[6.9,6.61234,7.75],"to":[9.6,11.28624,8.25],"faces":{"north":{"uv":[4,6,7,11],"texture":"#3"},"east":{"uv":[4,6,5,11],"texture":"#3"},"south":{"uv":[4,6,7,11],"texture":"#3"},"west":{"uv":[4,6,5,11],"texture":"#3"},"up":{"uv":[4,6,7,11],"texture":"#3"},"down":{"uv":[4,6,7,11],"texture":"#3"}}},{"name":"hexadecagon","from":[8.875,9.26234,7.73],"to":[9.6,11.28624,8.27],"rotation":{"angle":22.5,"axis":"z","origin":[-2.4,8.89929,7.19]},"faces":{"north":{"uv":[3,9,5.0239,9.6],"rotation":90,"texture":"#3"},"east":{"uv":[6,5,8.998,5.999],"rotation":90,"texture":"#3"},"south":{"uv":[4,5,6.998,6.997],"rotation":90,"texture":"#3"},"west":{"uv":[5,4,7.998,4.999],"rotation":90,"texture":"#3"},"up":{"uv":[6,4,8.999,5.998],"rotation":90,"texture":"#3"},"down":{"uv":[6,4,8.999,5.998],"rotation":90,"texture":"#3"}}},{"name":"hexadecagon","from":[8.875,6.51234,7.73],"to":[9.6,7.53624,8.27],"rotation":{"angle":22.5,"axis":"z","origin":[-2.4,8.89929,7.19]},"faces":{"north":{"uv":[3,9,4.0239,9.6],"rotation":90,"texture":"#3"},"east":{"uv":[6,5,8.998,5.999],"rotation":90,"texture":"#3"},"south":{"uv":[4,5,6.998,6.997],"rotation":90,"texture":"#3"},"west":{"uv":[5,4,7.998,4.999],"rotation":90,"texture":"#3"},"up":{"uv":[6,4,8.999,5.998],"rotation":90,"texture":"#3"},"down":{"uv":[6,4,8.999,5.998],"rotation":90,"texture":"#3"}}},{"name":"hexadecagon","from":[8.10592,11.85208,7.73176],"to":[9.12982,12.45208,8.27176],"rotation":{"angle":-22.5,"axis":"z","origin":[8.61363,12.14695,8.00617]},"faces":{"north":{"uv":[3,9,4.0239,9.6],"rotation":180,"texture":"#3"},"east":{"uv":[6,4,8.999,5.998],"texture":"#3"},"south":{"uv":[4,5,6.998,6.997],"texture":"#3"},"west":{"uv":[6,4,8.999,5.998],"texture":"#3"},"up":{"uv":[6,5,8.998,5.999],"texture":"#3"},"down":{"uv":[5,4,7.998,4.999],"texture":"#3"}}},{"name":"hexadecagon","from":[7.77508,12.95598,7.73325],"to":[8.37508,13.97988,8.27325],"rotation":{"angle":-22.5,"axis":"z","origin":[8.0733,13.47503,8.00943]},"faces":{"north":{"uv":[3,9,4.0239,9.6],"rotation":90,"texture":"#3"},"east":{"uv":[6,5,8.998,5.999],"rotation":90,"texture":"#3"},"south":{"uv":[4,5,6.998,6.997],"rotation":90,"texture":"#3"},"west":{"uv":[5,4,7.998,4.999],"rotation":90,"texture":"#3"},"up":{"uv":[6,4,8.999,5.998],"rotation":90,"texture":"#3"},"down":{"uv":[6,4,8.999,5.998],"rotation":90,"texture":"#3"}}},{"name":"hexadecagon","from":[6,6.51234,7.73],"to":[8.975,11.28624,8.27],"rotation":{"angle":22.5,"axis":"z","origin":[-2.4,8.89929,7.19]},"faces":{"north":{"uv":[3,9,7.773,12.6],"rotation":90,"texture":"#3"},"east":{"uv":[6,5,10.7739,5.54],"rotation":90,"texture":"#3"},"south":{"uv":[4,5,6.998,6.997],"rotation":90,"texture":"#3"},"west":{"uv":[5,4,7.998,4.999],"rotation":90,"texture":"#3"},"up":{"uv":[6,4,8.999,5.998],"rotation":90,"texture":"#3"},"down":{"uv":[6,4,8.999,5.998],"rotation":90,"texture":"#3"}}},{"name":"hexadecagon","from":[5.95433,4.99195,7.7505],"to":[6.85433,6.74195,8.2495],"rotation":{"angle":22.5,"axis":"z","origin":[-1.84567,9.1289,7.2505]},"faces":{"north":{"uv":[4,4,4.497,4.497],"texture":"#3"},"east":{"uv":[4,4,4.497,4.497],"texture":"#3"},"south":{"uv":[4,4,4.497,4.497],"texture":"#3"},"west":{"uv":[4,4,4.497,4.497],"texture":"#3"},"up":{"uv":[4,4,4.497,4.497],"texture":"#3"},"down":{"uv":[4,4,4.497,4.497],"texture":"#3"}}},{"name":"hexadecagon","from":[9.01971,1.94571,7.75],"to":[9.91971,3.44571,8.25],"rotation":{"angle":-22.5,"axis":"z","origin":[17.71971,5.83266,7.25]},"faces":{"north":{"uv":[3.499,2,3,2.499],"texture":"#3"},"east":{"uv":[3.499,2,3,2.499],"texture":"#3"},"south":{"uv":[3.499,2,3,2.499],"texture":"#3"},"west":{"uv":[3.499,2,3,2.499],"texture":"#3"},"up":{"uv":[3.499,2,3,2.499],"texture":"#3"},"down":{"uv":[3.499,2,3,2.499],"texture":"#3"}}},{"name":"hexadecagon","from":[0.99487,16.88467,7.6733],"to":[1.66687,18.52136,8.3267],"faces":{"north":{"uv":[7,7,7.499,7.499],"texture":"#3"},"east":{"uv":[3,2,3.499,2.499],"texture":"#3"},"south":{"uv":[4,3,4.499,3.499],"texture":"#3"},"west":{"uv":[3,2,3.499,2.499],"texture":"#3"},"up":{"uv":[3,2,3.499,2.499],"texture":"#3"},"down":{"uv":[3,2,3.499,2.499],"texture":"#3"}}},{"name":"hexadecagon","from":[0.88007,17.16183,7.6733],"to":[1.55207,18.79853,8.3267],"rotation":{"angle":22.5,"axis":"z","origin":[-1.80793,18.13018,8.3267]},"faces":{"north":{"uv":[4,3,4.499,3.499],"texture":"#3"},"east":{"uv":[3,2,3.499,2.499],"texture":"#3"},"south":{"uv":[4,3,4.499,3.499],"texture":"#3"},"west":{"uv":[3,2,3.499,2.499],"texture":"#3"},"up":{"uv":[3,2,3.499,2.499],"texture":"#3"},"down":{"uv":[3,2,3.499,2.499],"texture":"#3"}}},{"name":"hexadecagon","from":[1.55207,17.16183,7.6733],"to":[1.85207,18.79853,8.3267],"rotation":{"angle":22.5,"axis":"z","origin":[-1.80793,18.13018,8.3267]},"faces":{"north":{"uv":[4,3,4.499,3.499],"texture":"#3"},"east":{"uv":[3,2,3.499,2.499],"texture":"#3"},"south":{"uv":[4,3,4.499,3.499],"texture":"#3"},"west":{"uv":[3,2,3.499,2.499],"texture":"#3"},"up":{"uv":[3,2,3.499,2.499],"texture":"#3"},"down":{"uv":[3,2,3.499,2.499],"texture":"#3"}}},{"name":"hexadecagon","from":[1.85207,17.46183,7.6733],"to":[2.45207,18.19853,8.3267],"rotation":{"angle":22.5,"axis":"z","origin":[-1.80793,18.13018,8.3267]},"faces":{"north":{"uv":[3,1,3.499,1.499],"texture":"#3"},"east":{"uv":[3,2,3.499,2.499],"texture":"#3"},"south":{"uv":[4,3,4.499,3.499],"texture":"#3"},"west":{"uv":[3,2,3.499,2.499],"texture":"#3"},"up":{"uv":[3,2,3.499,2.499],"texture":"#3"},"down":{"uv":[3,2,3.499,2.499],"texture":"#3"}}},{"name":"hexadecagon","from":[1.0922,17.5497,7.6733],"to":[1.7642,18.58639,8.3267],"rotation":{"angle":45,"axis":"z","origin":[-1.5958,17.91805,8.3267]},"faces":{"north":{"uv":[5,3,5.499,3.499],"texture":"#3"},"east":{"uv":[3,2,3.499,2.499],"texture":"#3"},"south":{"uv":[4,3,4.499,3.499],"texture":"#3"},"west":{"uv":[3,2,3.499,2.499],"texture":"#3"},"up":{"uv":[3,2,3.499,2.499],"texture":"#3"},"down":{"uv":[3,2,3.499,2.499],"texture":"#3"}}},{"name":"hexadecagon","from":[8.75063,10.21101,7.575],"to":[9.20063,10.80774,7.925],"faces":{"north":{"uv":[0,0,0.25,0.25],"texture":"#6"},"east":{"uv":[0,0,0.25,0.25],"texture":"#6"},"south":{"uv":[0,0,0.25,0.25],"texture":"#6"},"west":{"uv":[0,0,0.25,0.25],"texture":"#6"},"up":{"uv":[0,0,0.25,0.25],"texture":"#6"},"down":{"uv":[0,0,0.25,0.25],"texture":"#6"}}},{"name":"hexadecagon","from":[7.70063,10.21101,7.575],"to":[8.15063,10.80774,7.925],"rotation":{"angle":-45,"axis":"z","origin":[8.45063,10.50938,7.99]},"faces":{"north":{"uv":[0,0,0.25,0.25],"rotation":180,"texture":"#6"},"east":{"uv":[0,0,0.25,0.25],"rotation":180,"texture":"#6"},"south":{"uv":[0,0,0.25,0.25],"rotation":180,"texture":"#6"},"west":{"uv":[0,0,0.25,0.25],"rotation":180,"texture":"#6"},"up":{"uv":[0,0,0.25,0.25],"rotation":180,"texture":"#6"},"down":{"uv":[0,0,0.25,0.25],"rotation":180,"texture":"#6"}}},{"name":"hexadecagon","from":[8.25271,10.2394,7.575],"to":[8.84944,11.2394,7.925],"rotation":{"angle":-22.5,"axis":"z","origin":[8.55108,10.7519,7.75]},"faces":{"north":{"uv":[0,0,0.25,0.25],"rotation":90,"texture":"#6"},"east":{"uv":[0,0,0.25,0.25],"rotation":270,"texture":"#6"},"south":{"uv":[0,0,0.25,0.25],"rotation":270,"texture":"#6"},"west":{"uv":[0,0,0.25,0.25],"rotation":270,"texture":"#6"},"up":{"uv":[0,0,0.25,0.25],"rotation":270,"texture":"#6"},"down":{"uv":[0,0,0.25,0.25],"rotation":270,"texture":"#6"}}},{"name":"hexadecagon","from":[8.2,10.2394,7.575],"to":[8.8967,10.7394,7.925],"rotation":{"angle":-22.5,"axis":"z","origin":[8.55108,10.7519,7.75]},"faces":{"north":{"uv":[0,0,0.25,0.25],"rotation":90,"texture":"#6"},"east":{"uv":[0,0,0.25,0.25],"rotation":90,"texture":"#6"},"south":{"uv":[0,0,0.25,0.25],"rotation":90,"texture":"#6"},"west":{"uv":[0,0,0.25,0.25],"rotation":90,"texture":"#6"},"up":{"uv":[0,0,0.25,0.25],"rotation":90,"texture":"#6"},"down":{"uv":[0,0,0.25,0.25],"rotation":90,"texture":"#6"}}},{"name":"hexadecagon","from":[9.20063,10.28601,7.61],"to":[9.50063,10.73274,7.89],"faces":{"north":{"uv":[0,0,0.25,0.25],"texture":"#6"},"east":{"uv":[0,0,0.25,0.25],"texture":"#6"},"south":{"uv":[0,0,0.25,0.25],"texture":"#6"},"west":{"uv":[0,0,0.25,0.25],"texture":"#6"},"up":{"uv":[0,0,0.25,0.25],"texture":"#6"},"down":{"uv":[0,0,0.25,0.25],"texture":"#6"}}},{"name":"hexadecagon","from":[7.40063,10.28601,7.61],"to":[7.70063,10.73274,7.89],"rotation":{"angle":-45,"axis":"z","origin":[8.45063,10.50938,7.99]},"faces":{"north":{"uv":[0,0,0.25,0.25],"rotation":180,"texture":"#6"},"east":{"uv":[0,0,0.25,0.25],"rotation":180,"texture":"#6"},"south":{"uv":[0,0,0.25,0.25],"rotation":180,"texture":"#6"},"west":{"uv":[0,0,0.25,0.25],"rotation":180,"texture":"#6"},"up":{"uv":[0,0,0.25,0.25],"rotation":180,"texture":"#6"},"down":{"uv":[0,0,0.25,0.25],"rotation":180,"texture":"#6"}}},{"name":"hexadecagon","from":[8.22726,11.25938,7.61],"to":[8.67399,11.55938,7.89],"rotation":{"angle":-22.5,"axis":"z","origin":[8.45063,10.50938,7.99]},"faces":{"north":{"uv":[0,0,0.25,0.25],"rotation":90,"texture":"#6"},"east":{"uv":[0,0,0.25,0.25],"rotation":270,"texture":"#6"},"south":{"uv":[0,0,0.25,0.25],"rotation":270,"texture":"#6"},"west":{"uv":[0,0,0.25,0.25],"rotation":270,"texture":"#6"},"up":{"uv":[0,0,0.25,0.25],"rotation":270,"texture":"#6"},"down":{"uv":[0,0,0.25,0.25],"rotation":270,"texture":"#6"}}},{"name":"hexadecagon","from":[7.40063,10.28601,7.61],"to":[7.70063,10.73274,7.89],"rotation":{"angle":22.5,"axis":"z","origin":[8.45063,10.50938,8.05]},"faces":{"north":{"uv":[0,0,0.25,0.25],"rotation":180,"texture":"#6"},"east":{"uv":[0,0,0.25,0.25],"rotation":180,"texture":"#6"},"south":{"uv":[0,0,0.25,0.25],"rotation":180,"texture":"#6"},"west":{"uv":[0,0,0.25,0.25],"rotation":180,"texture":"#6"},"up":{"uv":[0,0,0.25,0.25],"rotation":180,"texture":"#6"},"down":{"uv":[0,0,0.25,0.25],"rotation":180,"texture":"#6"}}},{"name":"hexadecagon","from":[8.22726,9.45938,7.61],"to":[8.67399,9.75938,7.89],"rotation":{"angle":22.5,"axis":"z","origin":[8.45063,10.50938,8.05]},"faces":{"north":{"uv":[0,0,0.25,0.25],"rotation":270,"texture":"#6"},"east":{"uv":[0,0,0.25,0.25],"rotation":90,"texture":"#6"},"south":{"uv":[0,0,0.25,0.25],"rotation":90,"texture":"#6"},"west":{"uv":[0,0,0.25,0.25],"rotation":90,"texture":"#6"},"up":{"uv":[0,0,0.25,0.25],"rotation":90,"texture":"#6"},"down":{"uv":[0,0,0.25,0.25],"rotation":90,"texture":"#6"}}},{"name":"hexadecagon","from":[9.37796,10.36067,7.70762],"to":[9.67796,10.65741,7.93162],"rotation":{"angle":-45,"axis":"y","origin":[9.52314,10.51235,7.82114]},"faces":{"north":{"uv":[0,0,0.25,0.25],"texture":"#6"},"east":{"uv":[0,0,0.25,0.25],"texture":"#6"},"south":{"uv":[0,0,0.25,0.25],"texture":"#6"},"west":{"uv":[0,0,0.25,0.25],"texture":"#6"},"up":{"uv":[0,0,0.25,0.25],"texture":"#6"},"down":{"uv":[0,0,0.25,0.25],"texture":"#6"}}},{"name":"hexadecagon","from":[7.10063,10.36101,7.638],"to":[7.40063,10.65774,7.862],"rotation":{"angle":-45,"axis":"z","origin":[8.45063,10.50938,7.99]},"faces":{"north":{"uv":[0,0,0.25,0.25],"rotation":180,"texture":"#6"},"east":{"uv":[0,0,0.25,0.25],"rotation":180,"texture":"#6"},"south":{"uv":[0,0,0.25,0.25],"rotation":180,"texture":"#6"},"west":{"uv":[0,0,0.25,0.25],"rotation":180,"texture":"#6"},"up":{"uv":[0,0,0.25,0.25],"rotation":180,"texture":"#6"},"down":{"uv":[0,0,0.25,0.25],"rotation":180,"texture":"#6"}}},{"name":"hexadecagon","from":[8.30226,11.55938,7.638],"to":[8.59899,11.85938,7.862],"rotation":{"angle":-22.5,"axis":"z","origin":[8.45063,10.50938,7.99]},"faces":{"north":{"uv":[0,0,0.25,0.25],"rotation":90,"texture":"#6"},"east":{"uv":[0,0,0.25,0.25],"rotation":270,"texture":"#6"},"south":{"uv":[0,0,0.25,0.25],"rotation":270,"texture":"#6"},"west":{"uv":[0,0,0.25,0.25],"rotation":270,"texture":"#6"},"up":{"uv":[0,0,0.25,0.25],"rotation":270,"texture":"#6"},"down":{"uv":[0,0,0.25,0.25],"rotation":270,"texture":"#6"}}},{"name":"hexadecagon","from":[7.10063,10.36101,7.638],"to":[7.40063,10.65774,7.862],"rotation":{"angle":22.5,"axis":"z","origin":[8.45063,10.50938,7.99]},"faces":{"north":{"uv":[0,0,0.25,0.25],"rotation":180,"texture":"#6"},"east":{"uv":[0,0,0.25,0.25],"rotation":180,"texture":"#6"},"south":{"uv":[0,0,0.25,0.25],"rotation":180,"texture":"#6"},"west":{"uv":[0,0,0.25,0.25],"rotation":180,"texture":"#6"},"up":{"uv":[0,0,0.25,0.25],"rotation":180,"texture":"#6"},"down":{"uv":[0,0,0.25,0.25],"rotation":180,"texture":"#6"}}},{"name":"hexadecagon","from":[8.30226,9.15938,7.638],"to":[8.59899,9.45938,7.862],"rotation":{"angle":22.5,"axis":"z","origin":[8.45063,10.50938,7.99]},"faces":{"north":{"uv":[0,0,0.25,0.25],"rotation":270,"texture":"#6"},"east":{"uv":[0,0,0.25,0.25],"rotation":90,"texture":"#6"},"south":{"uv":[0,0,0.25,0.25],"rotation":90,"texture":"#6"},"west":{"uv":[0,0,0.25,0.25],"rotation":90,"texture":"#6"},"up":{"uv":[0,0,0.25,0.25],"rotation":90,"texture":"#6"},"down":{"uv":[0,0,0.25,0.25],"rotation":90,"texture":"#6"}}},{"name":"hexadecagon","from":[9.5,10.42663,7.85054],"to":[9.6792,10.57337,8.07554],"faces":{"north":{"uv":[0,0,0.25,0.25],"texture":"#6"},"east":{"uv":[0,0,0.25,0.25],"texture":"#6"},"south":{"uv":[0,0,0.25,0.25],"texture":"#6"},"west":{"uv":[0,0,0.25,0.25],"texture":"#6"},"up":{"uv":[0,0,0.25,0.25],"rotation":90,"texture":"#6"},"down":{"uv":[0,0,0.25,0.25],"rotation":270,"texture":"#6"}}},{"name":"hexadecagon","from":[6.87563,10.43601,7.6604],"to":[7.10063,10.58274,7.8396],"rotation":{"angle":-45,"axis":"z","origin":[8.45063,10.50938,7.99]},"faces":{"north":{"uv":[0,0,0.25,0.25],"rotation":180,"texture":"#6"},"east":{"uv":[0,0,0.25,0.25],"rotation":180,"texture":"#6"},"south":{"uv":[0,0,0.25,0.25],"rotation":180,"texture":"#6"},"west":{"uv":[0,0,0.25,0.25],"rotation":180,"texture":"#6"},"up":{"uv":[0,0,0.25,0.25],"rotation":180,"texture":"#6"},"down":{"uv":[0,0,0.25,0.25],"rotation":180,"texture":"#6"}}},{"name":"hexadecagon","from":[8.37726,11.85938,7.6604],"to":[8.52399,12.08438,7.8396],"rotation":{"angle":-22.5,"axis":"z","origin":[8.45063,10.50938,7.99]},"faces":{"north":{"uv":[0,0,0.25,0.25],"rotation":90,"texture":"#6"},"east":{"uv":[0,0,0.25,0.25],"rotation":270,"texture":"#6"},"south":{"uv":[0,0,0.25,0.25],"rotation":270,"texture":"#6"},"west":{"uv":[0,0,0.25,0.25],"rotation":270,"texture":"#6"},"up":{"uv":[0,0,0.25,0.25],"rotation":270,"texture":"#6"},"down":{"uv":[0,0,0.25,0.25],"rotation":270,"texture":"#6"}}},{"name":"hexadecagon","from":[6.87563,10.43601,7.6604],"to":[7.10063,10.58274,7.8396],"rotation":{"angle":22.5,"axis":"z","origin":[8.45063,10.50938,7.942]},"faces":{"north":{"uv":[0,0,0.25,0.25],"rotation":180,"texture":"#6"},"east":{"uv":[0,0,0.25,0.25],"rotation":180,"texture":"#6"},"south":{"uv":[0,0,0.25,0.25],"rotation":180,"texture":"#6"},"west":{"uv":[0,0,0.25,0.25],"rotation":180,"texture":"#6"},"up":{"uv":[0,0,0.25,0.25],"rotation":180,"texture":"#6"},"down":{"uv":[0,0,0.25,0.25],"rotation":180,"texture":"#6"}}},{"name":"hexadecagon","from":[8.37726,8.93437,7.6604],"to":[8.52399,9.15938,7.8396],"rotation":{"angle":22.5,"axis":"z","origin":[8.45063,10.50937,7.942]},"faces":{"north":{"uv":[0,0,0.25,0.25],"rotation":270,"texture":"#6"},"east":{"uv":[0,0,0.25,0.25],"rotation":90,"texture":"#6"},"south":{"uv":[0,0,0.25,0.25],"rotation":90,"texture":"#6"},"west":{"uv":[0,0,0.25,0.25],"rotation":90,"texture":"#6"},"up":{"uv":[0,0,0.25,0.25],"rotation":90,"texture":"#6"},"down":{"uv":[0,0,0.25,0.25],"rotation":90,"texture":"#6"}}},{"from":[6.25,3.125,7.625],"to":[7.25,5.125,7.625],"rotation":{"angle":22.5,"axis":"z","origin":[7.63155,3.99979,7.74366]},"faces":{"north":{"uv":[15,8,11,16],"texture":"#7"},"east":{"uv":[0,0,0.25,1.75],"texture":"#7"},"south":{"uv":[11,8,15,16],"texture":"#7"},"west":{"uv":[0,0,0.25,1.75],"texture":"#7"},"up":{"uv":[0,0,0.25,0.25],"texture":"#7"},"down":{"uv":[0,0,0.25,0.25],"texture":"#7"}}},{"from":[-0.12732,17.82245,8],"to":[0.87268,20.32245,8],"faces":{"north":{"uv":[6,8,10,16],"rotation":180,"texture":"#7"},"east":{"uv":[0,0,0.25,1.75],"rotation":180,"texture":"#7"},"south":{"uv":[10,8,6,16],"rotation":180,"texture":"#7"},"west":{"uv":[0,0,0.25,1.75],"rotation":180,"texture":"#7"},"up":{"uv":[0,0,0.25,0.25],"rotation":180,"texture":"#7"},"down":{"uv":[0,0,0.25,0.25],"rotation":180,"texture":"#7"}}},{"from":[8.5,5.65,8.25],"to":[11.7,8.85,8.25],"rotation":{"angle":-22.5,"axis":"y","origin":[8.5,7.25,8.25]},"faces":{"north":{"uv":[16,0,0,16],"rotation":270,"texture":"#8"},"south":{"uv":[0,0,16,16],"rotation":90,"texture":"#8"}}},{"from":[5.3,5.65,8.25],"to":[8.5,8.85,8.25],"rotation":{"angle":22.5,"axis":"y","origin":[8.5,7.25,8.25]},"faces":{"north":{"uv":[0,16,16,0],"rotation":270,"texture":"#8"},"south":{"uv":[0,0,16,16],"rotation":270,"texture":"#8"}}},{"from":[6.9,4.05,8.25],"to":[10.1,7.25,8.25],"rotation":{"angle":-22.5,"axis":"x","origin":[8.5,7.25,8.25]},"faces":{"north":{"uv":[0,16,16,0],"texture":"#8"},"south":{"uv":[0,0,16,16],"rotation":180,"texture":"#8"}}},{"from":[6.9,7.25,8.25],"to":[10.1,10.45,8.25],"rotation":{"angle":22.5,"axis":"x","origin":[8.5,7.25,8.25]},"faces":{"north":{"uv":[16,0,0,16],"texture":"#8"},"south":{"uv":[0,0,16,16],"texture":"#8"}}},{"from":[0.625,13.875,7.875],"to":[2.875,15.875,7.875],"rotation":{"angle":-22.5,"axis":"z","origin":[1.625,14.875,7.875]},"faces":{"north":{"uv":[16,0,0,16],"rotation":180,"texture":"#9"},"south":{"uv":[0,0,16,16],"rotation":180,"texture":"#9"}}},{"name":"hexadecagon","from":[8.32282,9.79528,7.565],"to":[8.92282,10.09528,7.915],"rotation":{"angle":22.5,"axis":"z","origin":[8.62282,10.09363,7.74]},"faces":{"north":{"uv":[5,6,5.25,6.25],"texture":"#10"},"east":{"uv":[5,6,5.25,6.25],"texture":"#10"},"south":{"uv":[5,6,5.25,6.25],"texture":"#10"},"west":{"uv":[5,6,5.25,6.25],"texture":"#10"},"up":{"uv":[5,6,5.25,6.25],"texture":"#10"},"down":{"uv":[5,6,5.25,6.25],"texture":"#10"}}},{"name":"hexadecagon","from":[7.83983,10.096,7.565],"to":[8.88983,10.596,7.915],"rotation":{"angle":-22.5,"axis":"z","origin":[8.13983,10.35791,7.74]},"faces":{"north":{"uv":[5,6,5.25,6.25],"texture":"#10"},"east":{"uv":[5,6,5.25,6.25],"texture":"#10"},"south":{"uv":[5,6,5.25,6.25],"texture":"#10"},"west":{"uv":[5,6,5.25,6.25],"texture":"#10"},"up":{"uv":[5,6,5.25,6.25],"texture":"#10"},"down":{"uv":[5,6,5.25,6.25],"texture":"#10"}}},{"name":"hexadecagon","from":[7.70063,10.21101,7.565],"to":[8.00063,10.80774,7.915],"rotation":{"angle":22.5,"axis":"z","origin":[8.45063,10.50937,8.125]},"faces":{"north":{"uv":[5,6,5.25,6.25],"texture":"#10"},"east":{"uv":[5,6,5.25,6.25],"texture":"#10"},"south":{"uv":[5,6,5.25,6.25],"texture":"#10"},"west":{"uv":[5,6,5.25,6.25],"texture":"#10"},"up":{"uv":[5,6,5.25,6.25],"texture":"#10"},"down":{"uv":[0,0,0.25,0.25],"rotation":180,"texture":"#missing"}}}],"display":{"thirdperson_righthand":{"rotation":[0,100,0],"translation":[0,5.5,1],"scale":[0.8,0.8,0.8]},"thirdperson_lefthand":{"rotation":[0,-80,0],"translation":[0,5.5,1],"scale":[0.8,0.8,0.8]},"firstperson_righthand":{"rotation":[0,80,-31],"translation":[-1,5,3],"scale":[0.6,0.6,0.6]},"firstperson_lefthand":{"rotation":[0,-100,31],"translation":[-1,5,3],"scale":[0.6,0.6,0.6]},"ground":{"rotation":[0,0,-45],"translation":[0.75,4.25,0],"scale":[0.6,0.6,0.6]},"gui":{"rotation":[0,0,-45],"translation":[0.75,-1,0],"scale":[0.6,0.6,0.6]},"fixed":{"translation":[0,0,-1.75]}},"groups":[{"name":"handle","origin":[8,8,8],"children":[{"name":"group","origin":[5.375,14,8],"children":[0,{"name":"group","origin":[8,14,8],"children":[1,2,3,4]},{"name":"group","origin":[8,14,8],"children":[5,6,7]}]},{"name":"hexadecagon","origin":[8,8,8],"children":[8,9,10,11,12,13,14,15]},{"name":"wood","origin":[14.75,16.75,15.75],"children":[16,17,18,19,20,21]},{"name":"octagon","origin":[8,8,8],"children":[22,23,24,25]}]},{"name":"hexadecagon","origin":[8,8,8],"children":[26,27,28,29,30,31,32,33,34,35,36,37,38,39,40,41,{"name":"hexadecagon","origin":[8,8,8],"children":[42,43,44,45,46]}]},{"name":"hexadecagon","origin":[8,8,8],"children":[47,48,49,50,51,52,53,54,55,56,57,58,59,60,61,62,63,64,65]},66,67,{"name":"group","origin":[8,8,8],"children":[68,69,70,71]},72,{"name":"pants","origin":[8.45063,10.50937,8.125],"children":[73,74,75]}],"credit":"Model by Craftventure"}