{"textures":{"main":"block/mace_1"},"elements":[{"name":"octagon","from":[6.89,12.39,6.89],"to":[9.11,16.77,9.11],"faces":{"north":{"uv":[1.6875,2.5,1.9995,3.37475],"texture":"#main"},"east":{"uv":[1.6875,2.5,1.9995,3.37475],"texture":"#main"},"south":{"uv":[1.6875,2.5,1.9995,3.37475],"texture":"#main"},"west":{"uv":[1.6875,2.5,1.9995,3.37475],"texture":"#main"},"up":{"uv":[1.6875,2.5,1.9995,3.37475],"texture":"#main"},"down":{"uv":[1.6875,2.5,1.9995,2.812],"texture":"#main"}}},{"name":"octagon","from":[6.89,-4.77,6.89],"to":[9.11,4.11,9.11],"faces":{"north":{"uv":[1.6875,3.37475,1.9995,2.5],"texture":"#main"},"east":{"uv":[1.6875,3.37475,1.9995,2.5],"texture":"#main"},"south":{"uv":[1.6875,3.37475,1.9995,2.5],"texture":"#main"},"west":{"uv":[1.6875,3.37475,1.9995,2.5],"texture":"#main"},"up":{"uv":[1.6875,2.812,1.9995,2.5],"texture":"#main"},"down":{"uv":[1.6875,3.37475,1.9995,2.5],"texture":"#main"}}},{"name":"octagon","from":[6.8234,-10.27,6.8234],"to":[9.1766,2.11,9.1766],"faces":{"north":{"uv":[4.0625,0.5625,4.1249375,0.6249375],"texture":"#main"},"east":{"uv":[4.0625,0.5625,4.1249375,0.6249375],"texture":"#main"},"south":{"uv":[4.0625,0.5625,4.1249375,0.6249375],"texture":"#main"},"west":{"uv":[4.0625,0.5625,4.1249375,0.6249375],"texture":"#main"},"up":{"uv":[4.0625,0.5625,4.1249375,0.6249375],"texture":"#main"},"down":{"uv":[4.0625,0.5625,4.1249375,0.6249375],"texture":"#main"}}},{"name":"octagon","from":[7.21678,4.01,7.21678],"to":[8.78322,12.89,8.78322],"faces":{"north":{"uv":[1.75,2.5,1.937,3.37475],"rotation":180,"texture":"#main"},"east":{"uv":[2.75,2.5,2.937,3.37475],"rotation":180,"texture":"#main"},"south":{"uv":[2.0625,2.5,2.2495,3.37475],"rotation":180,"texture":"#main"},"west":{"uv":[2.4375,2.5,2.6245,3.37475],"rotation":180,"texture":"#main"},"up":{"uv":[2.0625,2.5,2.1875,3.375],"rotation":180,"texture":"#main"},"down":{"uv":[2.0625,2.5,2.1875,3.375],"rotation":180,"texture":"#main"}}},{"from":[7,19.25,4],"to":[13,27.25,12],"faces":{"north":{"uv":[1.75,2.5,2.5,3.25],"texture":"#main"},"east":{"uv":[2.5,2.5,3.25,3.25],"texture":"#main"},"south":{"uv":[1.75,2.5,2.5,3.25],"texture":"#main"},"west":{"uv":[0,2.5,0.75,3.25],"texture":"#main"},"up":{"uv":[2.5,2.5,3.25,3.25],"rotation":270,"texture":"#main"},"down":{"uv":[0,2.5,0.75,3.25],"rotation":90,"texture":"#main"}}},{"from":[4,19.25,3],"to":[12,27.25,9],"faces":{"north":{"uv":[2.5,2.5,3.25,3.25],"texture":"#main"},"east":{"uv":[1.75,2.5,2.5,3.25],"texture":"#main"},"south":{"uv":[0,2.5,0.75,3.25],"texture":"#main"},"west":{"uv":[1.75,2.5,2.5,3.25],"texture":"#main"},"up":{"uv":[2.5,2.5,3.25,3.25],"rotation":180,"texture":"#main"},"down":{"uv":[0,2.5,0.75,3.25],"rotation":180,"texture":"#main"}}},{"from":[4,18.25,4],"to":[12,24.25,12],"faces":{"north":{"uv":[2.5,2.5,3.25,3.25],"texture":"#main"},"east":{"uv":[1.75,2.5,2.5,3.25],"rotation":90,"texture":"#main"},"south":{"uv":[0,2.5,0.75,3.25],"rotation":180,"texture":"#main"},"west":{"uv":[1.75,2.5,2.5,3.25],"rotation":270,"texture":"#main"},"up":{"uv":[0,2.5,0.75,3.25],"texture":"#main"},"down":{"uv":[2.5,2.5,3.25,3.25],"rotation":180,"texture":"#main"}}},{"from":[3,19.25,4],"to":[9,27.25,12],"faces":{"north":{"uv":[2.5,2.5,1.75,3.25],"texture":"#main"},"east":{"uv":[0.75,2.5,0,3.25],"texture":"#main"},"south":{"uv":[2.5,2.5,1.75,3.25],"texture":"#main"},"west":{"uv":[3.25,2.5,2.5,3.25],"texture":"#main"},"up":{"uv":[2.5,3.25,3.25,2.5],"rotation":270,"texture":"#main"},"down":{"uv":[0,3.25,0.75,2.5],"rotation":90,"texture":"#main"}}},{"from":[4,19.25,7],"to":[12,27.25,13],"faces":{"north":{"uv":[0.75,2.5,0,3.25],"texture":"#main"},"east":{"uv":[2.5,2.5,1.75,3.25],"texture":"#main"},"south":{"uv":[3.25,2.5,2.5,3.25],"texture":"#main"},"west":{"uv":[2.5,2.5,1.75,3.25],"texture":"#main"},"up":{"uv":[2.5,3.25,3.25,2.5],"rotation":180,"texture":"#main"},"down":{"uv":[0,3.25,0.75,2.5],"rotation":180,"texture":"#main"}}},{"from":[4,22.25,4],"to":[12,28.25,12],"faces":{"north":{"uv":[2.5,3.25,3.25,2.5],"texture":"#main"},"east":{"uv":[2.5,2.5,1.75,3.25],"rotation":90,"texture":"#main"},"south":{"uv":[0,3.25,0.75,2.5],"rotation":180,"texture":"#main"},"west":{"uv":[2.5,2.5,1.75,3.25],"rotation":270,"texture":"#main"},"up":{"uv":[3.25,2.5,2.5,3.25],"texture":"#main"},"down":{"uv":[0.75,2.5,0,3.25],"rotation":180,"texture":"#main"}}},{"from":[7.5,14.75,7.5],"to":[8.5,18.25,8.5],"rotation":{"angle":-45,"axis":"z","origin":[8,23.25,8]},"faces":{"north":{"uv":[0.1875,0.125,0.375,0.5625],"texture":"#main"},"east":{"uv":[0.25,0.125,0.4375,0.5625],"texture":"#main"},"south":{"uv":[0.0625,0.125,0.25,0.5625],"texture":"#main"},"west":{"uv":[0,0.125,0.1875,0.5625],"texture":"#main"},"up":{"uv":[0,0.125,0.1875,0.5625],"texture":"#main"},"down":{"uv":[0.3125,0.3125,0.49975,0.49975],"texture":"#main"}}},{"from":[7.5,28.25,7.5],"to":[8.5,31.75,8.5],"rotation":{"angle":-45,"axis":"z","origin":[8,23.25,8]},"faces":{"north":{"uv":[0.1875,0.125,0.375,0.5625],"rotation":180,"texture":"#main"},"east":{"uv":[0,0.125,0.1875,0.5625],"rotation":180,"texture":"#main"},"south":{"uv":[0.0625,0.125,0.25,0.5625],"rotation":180,"texture":"#main"},"west":{"uv":[0.25,0.125,0.4375,0.5625],"rotation":180,"texture":"#main"},"up":{"uv":[0.3125,0.3125,0.49975,0.49975],"rotation":180,"texture":"#main"},"down":{"uv":[0,0.125,0.1875,0.5625],"rotation":180,"texture":"#main"}}},{"from":[7.5,28.25,7.5],"to":[8.5,31.75,8.5],"rotation":{"angle":45,"axis":"z","origin":[8,23.25,8]},"faces":{"north":{"uv":[0.0625,0.125,0.25,0.5625],"rotation":180,"texture":"#main"},"east":{"uv":[0.25,0.125,0.4375,0.5625],"rotation":180,"texture":"#main"},"south":{"uv":[0.1875,0.125,0.375,0.5625],"rotation":180,"texture":"#main"},"west":{"uv":[0,0.125,0.1875,0.5625],"rotation":180,"texture":"#main"},"up":{"uv":[0.3125,0.3125,0.49975,0.49975],"texture":"#main"},"down":{"uv":[0,0.125,0.1875,0.5625],"texture":"#main"}}},{"from":[7.5,14.75,7.5],"to":[8.5,18.25,8.5],"rotation":{"angle":45,"axis":"z","origin":[8,23.25,8]},"faces":{"north":{"uv":[0.0625,0.125,0.25,0.5625],"texture":"#main"},"east":{"uv":[0,0.125,0.1875,0.5625],"texture":"#main"},"south":{"uv":[0.1875,0.125,0.375,0.5625],"texture":"#main"},"west":{"uv":[0.25,0.125,0.4375,0.5625],"texture":"#main"},"up":{"uv":[0,0.125,0.1875,0.5625],"rotation":180,"texture":"#main"},"down":{"uv":[0.3125,0.3125,0.49975,0.49975],"rotation":180,"texture":"#main"}}},{"from":[7.5,28.25,7.5],"to":[8.5,31.75,8.5],"rotation":{"angle":45,"axis":"x","origin":[8,23.25,8]},"faces":{"north":{"uv":[0.25,0.125,0.4375,0.5625],"rotation":180,"texture":"#main"},"east":{"uv":[0.1875,0.125,0.375,0.5625],"rotation":180,"texture":"#main"},"south":{"uv":[0,0.125,0.1875,0.5625],"rotation":180,"texture":"#main"},"west":{"uv":[0.0625,0.125,0.25,0.5625],"rotation":180,"texture":"#main"},"up":{"uv":[0.3125,0.3125,0.49975,0.49975],"rotation":270,"texture":"#main"},"down":{"uv":[0,0.125,0.1875,0.5625],"rotation":90,"texture":"#main"}}},{"from":[7.5,14.75,7.5],"to":[8.5,18.25,8.5],"rotation":{"angle":45,"axis":"x","origin":[8,23.25,8]},"faces":{"north":{"uv":[0,0.125,0.1875,0.5625],"texture":"#main"},"east":{"uv":[0.1875,0.125,0.375,0.5625],"texture":"#main"},"south":{"uv":[0.25,0.125,0.4375,0.5625],"texture":"#main"},"west":{"uv":[0.0625,0.125,0.25,0.5625],"texture":"#main"},"up":{"uv":[0,0.125,0.1875,0.5625],"rotation":90,"texture":"#main"},"down":{"uv":[0.3125,0.3125,0.49975,0.49975],"rotation":270,"texture":"#main"}}},{"from":[7.5,28.25,7.5],"to":[8.5,31.75,8.5],"rotation":{"angle":-45,"axis":"x","origin":[8,23.25,8]},"faces":{"north":{"uv":[0,0.125,0.1875,0.5625],"rotation":180,"texture":"#main"},"east":{"uv":[0.0625,0.125,0.25,0.5625],"rotation":180,"texture":"#main"},"south":{"uv":[0.25,0.125,0.4375,0.5625],"rotation":180,"texture":"#main"},"west":{"uv":[0.1875,0.125,0.375,0.5625],"rotation":180,"texture":"#main"},"up":{"uv":[0.3125,0.3125,0.49975,0.49975],"rotation":90,"texture":"#main"},"down":{"uv":[0,0.125,0.1875,0.5625],"rotation":270,"texture":"#main"}}},{"from":[7.5,14.75,7.5],"to":[8.5,18.25,8.5],"rotation":{"angle":-45,"axis":"x","origin":[8,23.25,8]},"faces":{"north":{"uv":[0.25,0.125,0.4375,0.5625],"texture":"#main"},"east":{"uv":[0.0625,0.125,0.25,0.5625],"texture":"#main"},"south":{"uv":[0,0.125,0.1875,0.5625],"texture":"#main"},"west":{"uv":[0.1875,0.125,0.375,0.5625],"texture":"#main"},"up":{"uv":[0,0.125,0.1875,0.5625],"rotation":270,"texture":"#main"},"down":{"uv":[0.3125,0.3125,0.49975,0.49975],"rotation":90,"texture":"#main"}}},{"from":[-0.5,22.75,7.5],"to":[3,23.75,8.5],"rotation":{"angle":-45,"axis":"y","origin":[8,23.25,8]},"faces":{"north":{"uv":[0,0.125,0.1875,0.5625],"rotation":270,"texture":"#main"},"east":{"uv":[0,0.125,0.1875,0.5625],"rotation":180,"texture":"#main"},"south":{"uv":[0.25,0.125,0.4375,0.5625],"rotation":90,"texture":"#main"},"west":{"uv":[0.3125,0.3125,0.49975,0.49975],"texture":"#main"},"up":{"uv":[0.0625,0.125,0.25,0.5625],"rotation":90,"texture":"#main"},"down":{"uv":[0.1875,0.125,0.375,0.5625],"rotation":90,"texture":"#main"}}},{"from":[13,22.75,7.5],"to":[16.5,23.75,8.5],"rotation":{"angle":-45,"axis":"y","origin":[8,23.25,8]},"faces":{"north":{"uv":[0.25,0.125,0.4375,0.5625],"rotation":90,"texture":"#main"},"east":{"uv":[0.3125,0.3125,0.49975,0.49975],"texture":"#main"},"south":{"uv":[0,0.125,0.1875,0.5625],"rotation":270,"texture":"#main"},"west":{"uv":[0,0.125,0.1875,0.5625],"rotation":180,"texture":"#main"},"up":{"uv":[0.0625,0.125,0.25,0.5625],"rotation":270,"texture":"#main"},"down":{"uv":[0.1875,0.125,0.375,0.5625],"rotation":270,"texture":"#main"}}},{"from":[-0.5,22.75,7.5],"to":[3,23.75,8.5],"rotation":{"angle":45,"axis":"y","origin":[8,23.25,8]},"faces":{"north":{"uv":[0.25,0.125,0.4375,0.5625],"rotation":270,"texture":"#main"},"east":{"uv":[0,0.125,0.1875,0.5625],"texture":"#main"},"south":{"uv":[0,0.125,0.1875,0.5625],"rotation":90,"texture":"#main"},"west":{"uv":[0.3125,0.3125,0.49975,0.49975],"rotation":180,"texture":"#main"},"up":{"uv":[0.1875,0.125,0.375,0.5625],"rotation":90,"texture":"#main"},"down":{"uv":[0.0625,0.125,0.25,0.5625],"rotation":90,"texture":"#main"}}},{"from":[13,22.75,7.5],"to":[16.5,23.75,8.5],"rotation":{"angle":45,"axis":"y","origin":[8,23.25,8]},"faces":{"north":{"uv":[0,0.125,0.1875,0.5625],"rotation":90,"texture":"#main"},"east":{"uv":[0.3125,0.3125,0.49975,0.49975],"rotation":180,"texture":"#main"},"south":{"uv":[0.25,0.125,0.4375,0.5625],"rotation":270,"texture":"#main"},"west":{"uv":[0,0.125,0.1875,0.5625],"texture":"#main"},"up":{"uv":[0.1875,0.125,0.375,0.5625],"rotation":270,"texture":"#main"},"down":{"uv":[0.0625,0.125,0.25,0.5625],"rotation":270,"texture":"#main"}}},{"from":[7.5,28.25,7.5],"to":[8.5,31.75,8.5],"rotation":{"angle":-45,"axis":"x","origin":[8,23.25,8]},"faces":{"north":{"uv":[0,0.125,0.1875,0.5625],"rotation":180,"texture":"#main"},"east":{"uv":[0.0625,0.125,0.25,0.5625],"rotation":180,"texture":"#main"},"south":{"uv":[0.25,0.125,0.4375,0.5625],"rotation":180,"texture":"#main"},"west":{"uv":[0.1875,0.125,0.375,0.5625],"rotation":180,"texture":"#main"},"up":{"uv":[0.3125,0.3125,0.49975,0.49975],"rotation":90,"texture":"#main"},"down":{"uv":[0,0.125,0.1875,0.5625],"rotation":270,"texture":"#main"}}},{"from":[7.5,14.75,7.5],"to":[8.5,18.25,8.5],"rotation":{"angle":-45,"axis":"x","origin":[8,23.25,8]},"faces":{"north":{"uv":[0.25,0.125,0.4375,0.5625],"texture":"#main"},"east":{"uv":[0.0625,0.125,0.25,0.5625],"texture":"#main"},"south":{"uv":[0,0.125,0.1875,0.5625],"texture":"#main"},"west":{"uv":[0.1875,0.125,0.375,0.5625],"texture":"#main"},"up":{"uv":[0,0.125,0.1875,0.5625],"rotation":270,"texture":"#main"},"down":{"uv":[0.3125,0.3125,0.49975,0.49975],"rotation":90,"texture":"#main"}}},{"from":[7.5,28.25,7.5],"to":[8.5,31.75,8.5],"rotation":{"angle":45,"axis":"x","origin":[8,23.25,8]},"faces":{"north":{"uv":[0.25,0.125,0.4375,0.5625],"rotation":180,"texture":"#main"},"east":{"uv":[0.1875,0.125,0.375,0.5625],"rotation":180,"texture":"#main"},"south":{"uv":[0,0.125,0.1875,0.5625],"rotation":180,"texture":"#main"},"west":{"uv":[0.0625,0.125,0.25,0.5625],"rotation":180,"texture":"#main"},"up":{"uv":[0.3125,0.3125,0.49975,0.49975],"rotation":270,"texture":"#main"},"down":{"uv":[0,0.125,0.1875,0.5625],"rotation":90,"texture":"#main"}}},{"from":[7.5,14.75,7.5],"to":[8.5,18.25,8.5],"rotation":{"angle":45,"axis":"x","origin":[8,23.25,8]},"faces":{"north":{"uv":[0,0.125,0.1875,0.5625],"texture":"#main"},"east":{"uv":[0.1875,0.125,0.375,0.5625],"texture":"#main"},"south":{"uv":[0.25,0.125,0.4375,0.5625],"texture":"#main"},"west":{"uv":[0.0625,0.125,0.25,0.5625],"texture":"#main"},"up":{"uv":[0,0.125,0.1875,0.5625],"rotation":90,"texture":"#main"},"down":{"uv":[0.3125,0.3125,0.49975,0.49975],"rotation":270,"texture":"#main"}}},{"from":[8,-11.875,6.218],"to":[8,-10.125,9.782],"rotation":{"angle":22.5,"axis":"y","origin":[8,-11.75,8]},"faces":{"north":{"uv":[1.5625,1.75,2.12475,2.312],"rotation":270,"texture":"#main"},"east":{"uv":[1.5625,1.75,2.12475,2.312],"rotation":270,"texture":"#main"},"south":{"uv":[1.5625,1.75,2.12475,2.312],"rotation":270,"texture":"#main"},"west":{"uv":[1.5625,1.75,2.12475,2.312],"rotation":270,"texture":"#main"},"up":{"uv":[1.5625,1.75,2.12475,2.312],"rotation":90,"texture":"#main"},"down":{"uv":[1.5625,1.75,2.12475,2.312],"rotation":90,"texture":"#main"}}},{"from":[6.218,-11.875,8],"to":[9.782,-10.125,8],"rotation":{"angle":-22.5,"axis":"y","origin":[8,-11.75,8]},"faces":{"north":{"uv":[1.5625,1.75,2.12475,2.312],"rotation":270,"texture":"#main"},"east":{"uv":[1.5625,1.75,2.12475,2.312],"rotation":270,"texture":"#main"},"south":{"uv":[1.5625,1.75,2.12475,2.312],"rotation":270,"texture":"#main"},"west":{"uv":[1.5625,1.75,2.12475,2.312],"rotation":270,"texture":"#main"},"up":{"uv":[1.5625,1.75,2.12475,2.312],"texture":"#main"},"down":{"uv":[1.5625,1.75,2.12475,2.312],"rotation":180,"texture":"#main"}}},{"from":[8,-11.875,6.218],"to":[8,-10.125,9.782],"rotation":{"angle":-22.5,"axis":"y","origin":[8,-11.75,8]},"faces":{"north":{"uv":[1.5625,1.75,2.12475,2.312],"rotation":270,"texture":"#main"},"east":{"uv":[1.5625,1.75,2.12475,2.312],"rotation":270,"texture":"#main"},"south":{"uv":[1.5625,1.75,2.12475,2.312],"rotation":270,"texture":"#main"},"west":{"uv":[1.5625,1.75,2.12475,2.312],"rotation":270,"texture":"#main"},"up":{"uv":[1.5625,1.75,2.12475,2.312],"rotation":270,"texture":"#main"},"down":{"uv":[1.5625,1.75,2.12475,2.312],"rotation":270,"texture":"#main"}}},{"from":[6.218,-11.875,8],"to":[9.782,-10.125,8],"rotation":{"angle":22.5,"axis":"y","origin":[8,-11.75,8]},"faces":{"north":{"uv":[1.5625,1.75,2.12475,2.312],"rotation":270,"texture":"#main"},"east":{"uv":[1.5625,1.75,2.12475,2.312],"rotation":270,"texture":"#main"},"south":{"uv":[1.5625,1.75,2.12475,2.312],"rotation":270,"texture":"#main"},"west":{"uv":[1.5625,1.75,2.12475,2.312],"rotation":270,"texture":"#main"},"up":{"uv":[1.5625,1.75,2.12475,2.312],"texture":"#main"},"down":{"uv":[1.5625,1.75,2.12475,2.312],"rotation":180,"texture":"#main"}}},{"from":[5.75,-13.625,8],"to":[10.25,-10.375,8],"rotation":{"angle":-45,"axis":"y","origin":[8,-12,8]},"faces":{"north":{"uv":[1.5625,1.75,2.12475,2.312],"rotation":270,"texture":"#main"},"east":{"uv":[1.5625,1.75,2.12475,2.312],"rotation":270,"texture":"#main"},"south":{"uv":[1.5625,1.75,2.12475,2.312],"rotation":270,"texture":"#main"},"west":{"uv":[1.5625,1.75,2.12475,2.312],"rotation":270,"texture":"#main"},"up":{"uv":[1.5625,1.75,2.12475,2.312],"texture":"#main"},"down":{"uv":[1.5625,1.75,2.12475,2.312],"rotation":180,"texture":"#main"}}},{"from":[5.75,-13.625,8],"to":[10.25,-10.375,8],"faces":{"north":{"uv":[1.5625,1.75,2.12475,2.312],"rotation":270,"texture":"#main"},"east":{"uv":[1.5625,1.75,2.12475,2.312],"rotation":270,"texture":"#main"},"south":{"uv":[1.5625,1.75,2.12475,2.312],"rotation":270,"texture":"#main"},"west":{"uv":[1.5625,1.75,2.12475,2.312],"rotation":270,"texture":"#main"},"up":{"uv":[1.5625,1.75,2.12475,2.312],"texture":"#main"},"down":{"uv":[1.5625,1.75,2.12475,2.312],"rotation":180,"texture":"#main"}}},{"from":[8,-13.625,5.75],"to":[8,-10.375,10.25],"faces":{"north":{"uv":[1.5625,1.75,2.12475,2.312],"rotation":270,"texture":"#main"},"east":{"uv":[1.5625,1.75,2.12475,2.312],"rotation":270,"texture":"#main"},"south":{"uv":[1.5625,1.75,2.12475,2.312],"rotation":270,"texture":"#main"},"west":{"uv":[1.5625,1.75,2.12475,2.312],"rotation":270,"texture":"#main"},"up":{"uv":[1.5625,1.75,2.12475,2.312],"rotation":270,"texture":"#main"},"down":{"uv":[1.5625,1.75,2.12475,2.312],"rotation":270,"texture":"#main"}}},{"from":[8,-13.625,5.75],"to":[8,-10.375,10.25],"rotation":{"angle":-45,"axis":"y","origin":[8,-12,8]},"faces":{"north":{"uv":[1.5625,1.75,2.12475,2.312],"rotation":270,"texture":"#main"},"east":{"uv":[1.5625,1.75,2.12475,2.312],"rotation":270,"texture":"#main"},"south":{"uv":[1.5625,1.75,2.12475,2.312],"rotation":270,"texture":"#main"},"west":{"uv":[1.5625,1.75,2.12475,2.312],"rotation":270,"texture":"#main"},"up":{"uv":[1.5625,1.75,2.12475,2.312],"rotation":270,"texture":"#main"},"down":{"uv":[1.5625,1.75,2.12475,2.312],"rotation":270,"texture":"#main"}}},{"from":[6.52289,-9.25,6.52233],"to":[9.53393,-8.25,9.53337],"faces":{"north":{"uv":[4,0.25,4.9999375,0.499875],"texture":"#main"},"east":{"uv":[4,0.25,4.9999375,0.499875],"texture":"#main"},"south":{"uv":[4,0.25,4.9999375,0.499875],"texture":"#main"},"west":{"uv":[4,0.25,4.9999375,0.499875],"texture":"#main"},"up":{"uv":[4,0,5,1],"rotation":180,"texture":"#main"},"down":{"uv":[4,0,5,1],"rotation":180,"texture":"#main"}}},{"from":[6.52289,-1.75,6.52233],"to":[9.53393,-0.75,9.53337],"faces":{"north":{"uv":[4,0.25,4.9999375,0.499875],"texture":"#main"},"east":{"uv":[4,0.25,4.9999375,0.499875],"texture":"#main"},"south":{"uv":[4,0.25,4.9999375,0.499875],"texture":"#main"},"west":{"uv":[4,0.25,4.9999375,0.499875],"texture":"#main"},"up":{"uv":[4,0,5,1],"rotation":180,"texture":"#main"},"down":{"uv":[4,0,5,1],"rotation":180,"texture":"#main"}}},{"from":[6.52289,-6.25,6.52233],"to":[9.53393,-5.25,9.53337],"faces":{"north":{"uv":[4,0.25,4.9999375,0.499875],"texture":"#main"},"east":{"uv":[4,0.25,4.9999375,0.499875],"texture":"#main"},"south":{"uv":[4,0.25,4.9999375,0.499875],"texture":"#main"},"west":{"uv":[4,0.25,4.9999375,0.499875],"texture":"#main"},"up":{"uv":[4,0,5,1],"rotation":180,"texture":"#main"},"down":{"uv":[4,0,5,1],"rotation":180,"texture":"#main"}}},{"from":[6.52289,-0.25,6.52233],"to":[9.53393,0.75,9.53337],"faces":{"north":{"uv":[4,0.25,4.9999375,0.499875],"texture":"#main"},"east":{"uv":[4,0.25,4.9999375,0.499875],"texture":"#main"},"south":{"uv":[4,0.25,4.9999375,0.499875],"texture":"#main"},"west":{"uv":[4,0.25,4.9999375,0.499875],"texture":"#main"},"up":{"uv":[4,0,5,1],"rotation":180,"texture":"#main"},"down":{"uv":[4,0,5,1],"rotation":180,"texture":"#main"}}},{"from":[6.52289,-3.25,6.52233],"to":[9.53393,-2.25,9.53337],"faces":{"north":{"uv":[4,0.25,4.9999375,0.499875],"texture":"#main"},"east":{"uv":[4,0.25,4.9999375,0.499875],"texture":"#main"},"south":{"uv":[4,0.25,4.9999375,0.499875],"texture":"#main"},"west":{"uv":[4,0.25,4.9999375,0.499875],"texture":"#main"},"up":{"uv":[4,0,5,1],"rotation":180,"texture":"#main"},"down":{"uv":[4,0,5,1],"rotation":180,"texture":"#main"}}},{"from":[6.52289,-4.75,6.52233],"to":[9.53393,-3.75,9.53337],"faces":{"north":{"uv":[4,0.25,4.9999375,0.499875],"texture":"#main"},"east":{"uv":[4,0.25,4.9999375,0.499875],"texture":"#main"},"south":{"uv":[4,0.25,4.9999375,0.499875],"texture":"#main"},"west":{"uv":[4,0.25,4.9999375,0.499875],"texture":"#main"},"up":{"uv":[4,0,5,1],"rotation":180,"texture":"#main"},"down":{"uv":[4,0,5,1],"rotation":180,"texture":"#main"}}},{"from":[6.52289,-7.75,6.52233],"to":[9.53393,-6.75,9.53337],"faces":{"north":{"uv":[4,0.25,4.9999375,0.499875],"texture":"#main"},"east":{"uv":[4,0.25,4.9999375,0.499875],"texture":"#main"},"south":{"uv":[4,0.25,4.9999375,0.499875],"texture":"#main"},"west":{"uv":[4,0.25,4.9999375,0.499875],"texture":"#main"},"up":{"uv":[4,0,5,1],"rotation":180,"texture":"#main"},"down":{"uv":[4,0,5,1],"rotation":180,"texture":"#main"}}},{"from":[6.425,2.25,6.425],"to":[9.575,3.25,9.575],"rotation":{"angle":-45,"axis":"y","origin":[8.00641,2.75002,7.99357]},"faces":{"north":{"uv":[0,0.125,0.5,0.3745],"texture":"#main"},"east":{"uv":[0,0.125,0.5,0.3745],"texture":"#main"},"south":{"uv":[0,0.125,0.5,0.3745],"texture":"#main"},"west":{"uv":[0,0.125,0.5,0.3745],"texture":"#main"},"up":{"uv":[0.0625,2.5625,0.56225,3.06225],"texture":"#main"},"down":{"uv":[0,0.125,0.5,0.3745],"texture":"#main"}}},{"from":[5.75,1.25,5.75],"to":[10.25,2.25,10.25],"faces":{"north":{"uv":[0,0.375,0.5,0.62475],"texture":"#main"},"east":{"uv":[0,0.375,0.5,0.62475],"texture":"#main"},"south":{"uv":[0,0.375,0.5,0.62475],"texture":"#main"},"west":{"uv":[0,0.375,0.5,0.62475],"texture":"#main"},"up":{"uv":[0,0.375,0.25,0.62475],"texture":"#main"},"down":{"uv":[0,0.375,0.5,0.62475],"texture":"#main"}}},{"from":[5.95,-10.5,5.95],"to":[10.05,-9.25,10.05],"faces":{"north":{"uv":[0,0.125,0.5,0.49975],"rotation":180,"texture":"#main"},"east":{"uv":[0,0.125,0.5,0.49975],"rotation":180,"texture":"#main"},"south":{"uv":[0,0.125,0.5,0.49975],"rotation":180,"texture":"#main"},"west":{"uv":[0,0.125,0.5,0.49975],"rotation":180,"texture":"#main"},"up":{"uv":[0,0.375,0.5,0.562],"rotation":180,"texture":"#main"},"down":{"uv":[0,0.125,0.5,0.49975],"rotation":180,"texture":"#main"}}},{"name":"octagon","from":[6.668,14.89,6.668],"to":[9.332,17.27,9.332],"faces":{"north":{"uv":[0,0.125,0.5,0.625],"rotation":180,"texture":"#main"},"east":{"uv":[0,0.125,0.5,0.625],"rotation":180,"texture":"#main"},"south":{"uv":[0,0.125,0.5,0.625],"rotation":180,"texture":"#main"},"west":{"uv":[0,0.125,0.5,0.625],"rotation":180,"texture":"#main"},"up":{"uv":[0,0.125,0.5,0.625],"rotation":180,"texture":"#main"},"down":{"uv":[0,0.125,0.5,0.187],"rotation":180,"texture":"#main"}}},{"name":"octagon","from":[6.18848,16.89,6.18848],"to":[9.81152,18.27,9.81152],"faces":{"north":{"uv":[0,0.125,0.5,0.5625],"texture":"#main"},"east":{"uv":[0,0.125,0.5,0.5625],"texture":"#main"},"south":{"uv":[0,0.125,0.5,0.5625],"texture":"#main"},"west":{"uv":[0,0.125,0.5,0.5625],"texture":"#main"},"up":{"uv":[0,0.125,0.5,0.5625],"texture":"#main"},"down":{"uv":[0,0.4375,0.5,0.62475],"texture":"#main"}}},{"name":"octagon","from":[5.78995,17.89,5.78995],"to":[10.21005,18.27,10.21005],"faces":{"north":{"uv":[0,0.125,0.5,0.31225],"texture":"#main"},"east":{"uv":[0,0.125,0.5,0.31225],"texture":"#main"},"south":{"uv":[0,0.125,0.5,0.31225],"texture":"#main"},"west":{"uv":[0,0.125,0.5,0.31225],"texture":"#main"},"up":{"uv":[0,0.125,0.5,0.31225],"texture":"#main"},"down":{"uv":[0,0.125,0.5,0.18725],"texture":"#main"}}},{"name":"octagon","from":[6.89,12.39,6.89],"to":[9.11,16.77,9.11],"faces":{"north":{"uv":[9.6875,2.5,9.9995,3.37475],"texture":"#main"},"east":{"uv":[9.6875,2.5,9.9995,3.37475],"texture":"#main"},"south":{"uv":[9.6875,2.5,9.9995,3.37475],"texture":"#main"},"west":{"uv":[9.6875,2.5,9.9995,3.37475],"texture":"#main"},"up":{"uv":[9.6875,2.5,9.9995,3.37475],"texture":"#main"},"down":{"uv":[9.6875,2.5,9.9995,2.812],"texture":"#main"}}},{"name":"octagon","from":[6.89,-4.77,6.89],"to":[9.11,4.11,9.11],"faces":{"north":{"uv":[9.6875,3.37475,9.9995,2.5],"texture":"#main"},"east":{"uv":[9.6875,3.37475,9.9995,2.5],"texture":"#main"},"south":{"uv":[9.6875,3.37475,9.9995,2.5],"texture":"#main"},"west":{"uv":[9.6875,3.37475,9.9995,2.5],"texture":"#main"},"up":{"uv":[9.6875,2.812,9.9995,2.5],"texture":"#main"},"down":{"uv":[9.6875,3.37475,9.9995,2.5],"texture":"#main"}}},{"name":"octagon","from":[6.8234,-10.27,6.8234],"to":[9.1766,2.11,9.1766],"faces":{"north":{"uv":[12.0625,0.5625,12.1249375,0.6249375],"texture":"#main"},"east":{"uv":[12.0625,0.5625,12.1249375,0.6249375],"texture":"#main"},"south":{"uv":[12.0625,0.5625,12.1249375,0.6249375],"texture":"#main"},"west":{"uv":[12.0625,0.5625,12.1249375,0.6249375],"texture":"#main"},"up":{"uv":[12.0625,0.5625,12.1249375,0.6249375],"texture":"#main"},"down":{"uv":[12.0625,0.5625,12.1249375,0.6249375],"texture":"#main"}}},{"name":"octagon","from":[7.21678,4.01,7.21678],"to":[8.78322,12.89,8.78322],"faces":{"north":{"uv":[9.75,2.5,9.937,3.37475],"rotation":180,"texture":"#main"},"east":{"uv":[10.75,2.5,10.937,3.37475],"rotation":180,"texture":"#main"},"south":{"uv":[10.0625,2.5,10.2495,3.37475],"rotation":180,"texture":"#main"},"west":{"uv":[10.4375,2.5,10.6245,3.37475],"rotation":180,"texture":"#main"},"up":{"uv":[10.0625,2.5,10.1875,3.375],"rotation":180,"texture":"#main"},"down":{"uv":[10.0625,2.5,10.1875,3.375],"rotation":180,"texture":"#main"}}},{"from":[7,19.25,4],"to":[13,27.25,12],"faces":{"north":{"uv":[9.75,2.5,10.5,3.25],"texture":"#main"},"east":{"uv":[10.5,2.5,11.25,3.25],"texture":"#main"},"south":{"uv":[9.75,2.5,10.5,3.25],"texture":"#main"},"west":{"uv":[8,2.5,8.75,3.25],"texture":"#main"},"up":{"uv":[10.5,2.5,11.25,3.25],"rotation":270,"texture":"#main"},"down":{"uv":[8,2.5,8.75,3.25],"rotation":90,"texture":"#main"}}},{"from":[4,19.25,3],"to":[12,27.25,9],"faces":{"north":{"uv":[10.5,2.5,11.25,3.25],"texture":"#main"},"east":{"uv":[9.75,2.5,10.5,3.25],"texture":"#main"},"south":{"uv":[8,2.5,8.75,3.25],"texture":"#main"},"west":{"uv":[9.75,2.5,10.5,3.25],"texture":"#main"},"up":{"uv":[10.5,2.5,11.25,3.25],"rotation":180,"texture":"#main"},"down":{"uv":[8,2.5,8.75,3.25],"rotation":180,"texture":"#main"}}},{"from":[4,18.25,4],"to":[12,24.25,12],"faces":{"north":{"uv":[10.5,2.5,11.25,3.25],"texture":"#main"},"east":{"uv":[9.75,2.5,10.5,3.25],"rotation":90,"texture":"#main"},"south":{"uv":[8,2.5,8.75,3.25],"rotation":180,"texture":"#main"},"west":{"uv":[9.75,2.5,10.5,3.25],"rotation":270,"texture":"#main"},"up":{"uv":[8,2.5,8.75,3.25],"texture":"#main"},"down":{"uv":[10.5,2.5,11.25,3.25],"rotation":180,"texture":"#main"}}},{"from":[3,19.25,4],"to":[9,27.25,12],"faces":{"north":{"uv":[10.5,2.5,9.75,3.25],"texture":"#main"},"east":{"uv":[8.75,2.5,8,3.25],"texture":"#main"},"south":{"uv":[10.5,2.5,9.75,3.25],"texture":"#main"},"west":{"uv":[11.25,2.5,10.5,3.25],"texture":"#main"},"up":{"uv":[10.5,3.25,11.25,2.5],"rotation":270,"texture":"#main"},"down":{"uv":[8,3.25,8.75,2.5],"rotation":90,"texture":"#main"}}},{"from":[4,19.25,7],"to":[12,27.25,13],"faces":{"north":{"uv":[8.75,2.5,8,3.25],"texture":"#main"},"east":{"uv":[10.5,2.5,9.75,3.25],"texture":"#main"},"south":{"uv":[11.25,2.5,10.5,3.25],"texture":"#main"},"west":{"uv":[10.5,2.5,9.75,3.25],"texture":"#main"},"up":{"uv":[10.5,3.25,11.25,2.5],"rotation":180,"texture":"#main"},"down":{"uv":[8,3.25,8.75,2.5],"rotation":180,"texture":"#main"}}},{"from":[4,22.25,4],"to":[12,28.25,12],"faces":{"north":{"uv":[10.5,3.25,11.25,2.5],"texture":"#main"},"east":{"uv":[10.5,2.5,9.75,3.25],"rotation":90,"texture":"#main"},"south":{"uv":[8,3.25,8.75,2.5],"rotation":180,"texture":"#main"},"west":{"uv":[10.5,2.5,9.75,3.25],"rotation":270,"texture":"#main"},"up":{"uv":[11.25,2.5,10.5,3.25],"texture":"#main"},"down":{"uv":[8.75,2.5,8,3.25],"rotation":180,"texture":"#main"}}},{"from":[7.5,15,7.5],"to":[8.5,18.25,8.5],"rotation":{"angle":-45,"axis":"z","origin":[8,23.25,8]},"faces":{"north":{"uv":[8.1875,0.125,8.375,0.5625],"texture":"#main"},"east":{"uv":[8.25,0.125,8.4375,0.5625],"texture":"#main"},"south":{"uv":[8.0625,0.125,8.25,0.5625],"texture":"#main"},"west":{"uv":[8,0.125,8.1875,0.5625],"texture":"#main"},"up":{"uv":[8,0.125,8.1875,0.5625],"texture":"#main"},"down":{"uv":[8.3125,0.3125,8.49975,0.49975],"texture":"#main"}}},{"from":[7.5,28.25,7.5],"to":[8.5,32,8.5],"rotation":{"angle":-45,"axis":"z","origin":[8,23.25,8]},"faces":{"north":{"uv":[8.1875,0.125,8.375,0.5625],"rotation":180,"texture":"#main"},"east":{"uv":[8,0.125,8.1875,0.5625],"rotation":180,"texture":"#main"},"south":{"uv":[8.0625,0.125,8.25,0.5625],"rotation":180,"texture":"#main"},"west":{"uv":[8.25,0.125,8.4375,0.5625],"rotation":180,"texture":"#main"},"up":{"uv":[8.3125,0.3125,8.49975,0.49975],"rotation":180,"texture":"#main"},"down":{"uv":[8,0.125,8.1875,0.5625],"rotation":180,"texture":"#main"}}},{"from":[7.5,28.25,7.5],"to":[8.5,32,8.5],"rotation":{"angle":45,"axis":"z","origin":[8,23.25,8]},"faces":{"north":{"uv":[8.0625,0.125,8.25,0.5625],"rotation":180,"texture":"#main"},"east":{"uv":[8.25,0.125,8.4375,0.5625],"rotation":180,"texture":"#main"},"south":{"uv":[8.1875,0.125,8.375,0.5625],"rotation":180,"texture":"#main"},"west":{"uv":[8,0.125,8.1875,0.5625],"rotation":180,"texture":"#main"},"up":{"uv":[8.3125,0.3125,8.49975,0.49975],"texture":"#main"},"down":{"uv":[8,0.125,8.1875,0.5625],"texture":"#main"}}},{"from":[7.5,15,7.5],"to":[8.5,18.25,8.5],"rotation":{"angle":45,"axis":"z","origin":[8,23.25,8]},"faces":{"north":{"uv":[8.0625,0.125,8.25,0.5625],"texture":"#main"},"east":{"uv":[8,0.125,8.1875,0.5625],"texture":"#main"},"south":{"uv":[8.1875,0.125,8.375,0.5625],"texture":"#main"},"west":{"uv":[8.25,0.125,8.4375,0.5625],"texture":"#main"},"up":{"uv":[8,0.125,8.1875,0.5625],"rotation":180,"texture":"#main"},"down":{"uv":[8.3125,0.3125,8.49975,0.49975],"rotation":180,"texture":"#main"}}},{"from":[7.5,14.5,7.5],"to":[8.5,18,8.5],"rotation":{"angle":45,"axis":"x","origin":[8,23.25,8]},"faces":{"north":{"uv":[8,0.125,8.1875,0.5625],"texture":"#main"},"east":{"uv":[8.1875,0.125,8.375,0.5625],"texture":"#main"},"south":{"uv":[8.25,0.125,8.4375,0.5625],"texture":"#main"},"west":{"uv":[8.0625,0.125,8.25,0.5625],"texture":"#main"},"up":{"uv":[8,0.125,8.1875,0.5625],"rotation":90,"texture":"#main"},"down":{"uv":[8.3125,0.3125,8.49975,0.49975],"rotation":270,"texture":"#main"}}},{"from":[7.5,28.25,7.5],"to":[8.5,31.5,8.5],"rotation":{"angle":-45,"axis":"x","origin":[8,23.25,8]},"faces":{"north":{"uv":[8,0.125,8.1875,0.5625],"rotation":180,"texture":"#main"},"east":{"uv":[8.0625,0.125,8.25,0.5625],"rotation":180,"texture":"#main"},"south":{"uv":[8.25,0.125,8.4375,0.5625],"rotation":180,"texture":"#main"},"west":{"uv":[8.1875,0.125,8.375,0.5625],"rotation":180,"texture":"#main"},"up":{"uv":[8.3125,0.3125,8.49975,0.49975],"rotation":90,"texture":"#main"},"down":{"uv":[8,0.125,8.1875,0.5625],"rotation":270,"texture":"#main"}}},{"from":[7.5,14.5,7.5],"to":[8.5,18,8.5],"rotation":{"angle":-45,"axis":"x","origin":[8,23.25,8]},"faces":{"north":{"uv":[8.25,0.125,8.4375,0.5625],"texture":"#main"},"east":{"uv":[8.0625,0.125,8.25,0.5625],"texture":"#main"},"south":{"uv":[8,0.125,8.1875,0.5625],"texture":"#main"},"west":{"uv":[8.1875,0.125,8.375,0.5625],"texture":"#main"},"up":{"uv":[8,0.125,8.1875,0.5625],"rotation":270,"texture":"#main"},"down":{"uv":[8.3125,0.3125,8.49975,0.49975],"rotation":90,"texture":"#main"}}},{"from":[-1,22.75,7.5],"to":[2.75,23.75,8.5],"rotation":{"angle":-45,"axis":"y","origin":[8,23.25,8]},"faces":{"north":{"uv":[8,0.125,8.1875,0.5625],"rotation":270,"texture":"#main"},"east":{"uv":[8,0.125,8.1875,0.5625],"rotation":180,"texture":"#main"},"south":{"uv":[8.25,0.125,8.4375,0.5625],"rotation":90,"texture":"#main"},"west":{"uv":[8.3125,0.3125,8.49975,0.49975],"texture":"#main"},"up":{"uv":[8.0625,0.125,8.25,0.5625],"rotation":90,"texture":"#main"},"down":{"uv":[8.1875,0.125,8.375,0.5625],"rotation":90,"texture":"#main"}}},{"from":[13.25,22.75,7.5],"to":[17,23.75,8.5],"rotation":{"angle":-45,"axis":"y","origin":[8,23.25,8]},"faces":{"north":{"uv":[8.25,0.125,8.4375,0.5625],"rotation":90,"texture":"#main"},"east":{"uv":[8.3125,0.3125,8.49975,0.49975],"texture":"#main"},"south":{"uv":[8,0.125,8.1875,0.5625],"rotation":270,"texture":"#main"},"west":{"uv":[8,0.125,8.1875,0.5625],"rotation":180,"texture":"#main"},"up":{"uv":[8.0625,0.125,8.25,0.5625],"rotation":270,"texture":"#main"},"down":{"uv":[8.1875,0.125,8.375,0.5625],"rotation":270,"texture":"#main"}}},{"from":[-1,22.75,7.5],"to":[2.75,23.75,8.5],"rotation":{"angle":45,"axis":"y","origin":[8,23.25,8]},"faces":{"north":{"uv":[8.25,0.125,8.4375,0.5625],"rotation":270,"texture":"#main"},"east":{"uv":[8,0.125,8.1875,0.5625],"texture":"#main"},"south":{"uv":[8,0.125,8.1875,0.5625],"rotation":90,"texture":"#main"},"west":{"uv":[8.3125,0.3125,8.49975,0.49975],"rotation":180,"texture":"#main"},"up":{"uv":[8.1875,0.125,8.375,0.5625],"rotation":90,"texture":"#main"},"down":{"uv":[8.0625,0.125,8.25,0.5625],"rotation":90,"texture":"#main"}}},{"from":[13.25,22.75,7.5],"to":[17,23.75,8.5],"rotation":{"angle":45,"axis":"y","origin":[8,23.25,8]},"faces":{"north":{"uv":[8,0.125,8.1875,0.5625],"rotation":90,"texture":"#main"},"east":{"uv":[8.3125,0.3125,8.49975,0.49975],"rotation":180,"texture":"#main"},"south":{"uv":[8.25,0.125,8.4375,0.5625],"rotation":270,"texture":"#main"},"west":{"uv":[8,0.125,8.1875,0.5625],"texture":"#main"},"up":{"uv":[8.1875,0.125,8.375,0.5625],"rotation":270,"texture":"#main"},"down":{"uv":[8.0625,0.125,8.25,0.5625],"rotation":270,"texture":"#main"}}},{"from":[7.5,28.25,7.5],"to":[8.5,31.5,8.5],"rotation":{"angle":45,"axis":"x","origin":[8,23.25,8]},"faces":{"north":{"uv":[8.25,0.125,8.4375,0.5625],"rotation":180,"texture":"#main"},"east":{"uv":[8.1875,0.125,8.375,0.5625],"rotation":180,"texture":"#main"},"south":{"uv":[8,0.125,8.1875,0.5625],"rotation":180,"texture":"#main"},"west":{"uv":[8.0625,0.125,8.25,0.5625],"rotation":180,"texture":"#main"},"up":{"uv":[8.3125,0.3125,8.49975,0.49975],"rotation":270,"texture":"#main"},"down":{"uv":[8,0.125,8.1875,0.5625],"rotation":90,"texture":"#main"}}},{"from":[8,-11.875,6.218],"to":[8,-10.125,9.782],"rotation":{"angle":22.5,"axis":"y","origin":[8,-11.75,8]},"faces":{"north":{"uv":[9.5625,1.75,10.12475,2.312],"rotation":270,"texture":"#main"},"east":{"uv":[9.5625,1.75,10.12475,2.312],"rotation":270,"texture":"#main"},"south":{"uv":[9.5625,1.75,10.12475,2.312],"rotation":270,"texture":"#main"},"west":{"uv":[9.5625,1.75,10.12475,2.312],"rotation":270,"texture":"#main"},"up":{"uv":[9.5625,1.75,10.12475,2.312],"rotation":90,"texture":"#main"},"down":{"uv":[9.5625,1.75,10.12475,2.312],"rotation":90,"texture":"#main"}}},{"from":[6.218,-11.875,8],"to":[9.782,-10.125,8],"rotation":{"angle":-22.5,"axis":"y","origin":[8,-11.75,8]},"faces":{"north":{"uv":[9.5625,1.75,10.12475,2.312],"rotation":270,"texture":"#main"},"east":{"uv":[9.5625,1.75,10.12475,2.312],"rotation":270,"texture":"#main"},"south":{"uv":[9.5625,1.75,10.12475,2.312],"rotation":270,"texture":"#main"},"west":{"uv":[9.5625,1.75,10.12475,2.312],"rotation":270,"texture":"#main"},"up":{"uv":[9.5625,1.75,10.12475,2.312],"texture":"#main"},"down":{"uv":[9.5625,1.75,10.12475,2.312],"rotation":180,"texture":"#main"}}},{"from":[8,-11.875,6.218],"to":[8,-10.125,9.782],"rotation":{"angle":-22.5,"axis":"y","origin":[8,-11.75,8]},"faces":{"north":{"uv":[9.5625,1.75,10.12475,2.312],"rotation":270,"texture":"#main"},"east":{"uv":[9.5625,1.75,10.12475,2.312],"rotation":270,"texture":"#main"},"south":{"uv":[9.5625,1.75,10.12475,2.312],"rotation":270,"texture":"#main"},"west":{"uv":[9.5625,1.75,10.12475,2.312],"rotation":270,"texture":"#main"},"up":{"uv":[9.5625,1.75,10.12475,2.312],"rotation":270,"texture":"#main"},"down":{"uv":[9.5625,1.75,10.12475,2.312],"rotation":270,"texture":"#main"}}},{"from":[6.218,-11.875,8],"to":[9.782,-10.125,8],"rotation":{"angle":22.5,"axis":"y","origin":[8,-11.75,8]},"faces":{"north":{"uv":[9.5625,1.75,10.12475,2.312],"rotation":270,"texture":"#main"},"east":{"uv":[9.5625,1.75,10.12475,2.312],"rotation":270,"texture":"#main"},"south":{"uv":[9.5625,1.75,10.12475,2.312],"rotation":270,"texture":"#main"},"west":{"uv":[9.5625,1.75,10.12475,2.312],"rotation":270,"texture":"#main"},"up":{"uv":[9.5625,1.75,10.12475,2.312],"texture":"#main"},"down":{"uv":[9.5625,1.75,10.12475,2.312],"rotation":180,"texture":"#main"}}},{"from":[5.75,-13.625,8],"to":[10.25,-10.375,8],"rotation":{"angle":-45,"axis":"y","origin":[8,-12,8]},"faces":{"north":{"uv":[9.5625,1.75,10.12475,2.312],"rotation":270,"texture":"#main"},"east":{"uv":[9.5625,1.75,10.12475,2.312],"rotation":270,"texture":"#main"},"south":{"uv":[9.5625,1.75,10.12475,2.312],"rotation":270,"texture":"#main"},"west":{"uv":[9.5625,1.75,10.12475,2.312],"rotation":270,"texture":"#main"},"up":{"uv":[9.5625,1.75,10.12475,2.312],"texture":"#main"},"down":{"uv":[9.5625,1.75,10.12475,2.312],"rotation":180,"texture":"#main"}}},{"from":[5.75,-13.625,8],"to":[10.25,-10.375,8],"faces":{"north":{"uv":[9.5625,1.75,10.12475,2.312],"rotation":270,"texture":"#main"},"east":{"uv":[9.5625,1.75,10.12475,2.312],"rotation":270,"texture":"#main"},"south":{"uv":[9.5625,1.75,10.12475,2.312],"rotation":270,"texture":"#main"},"west":{"uv":[9.5625,1.75,10.12475,2.312],"rotation":270,"texture":"#main"},"up":{"uv":[9.5625,1.75,10.12475,2.312],"texture":"#main"},"down":{"uv":[9.5625,1.75,10.12475,2.312],"rotation":180,"texture":"#main"}}},{"from":[8,-13.625,5.75],"to":[8,-10.375,10.25],"faces":{"north":{"uv":[9.5625,1.75,10.12475,2.312],"rotation":270,"texture":"#main"},"east":{"uv":[9.5625,1.75,10.12475,2.312],"rotation":270,"texture":"#main"},"south":{"uv":[9.5625,1.75,10.12475,2.312],"rotation":270,"texture":"#main"},"west":{"uv":[9.5625,1.75,10.12475,2.312],"rotation":270,"texture":"#main"},"up":{"uv":[9.5625,1.75,10.12475,2.312],"rotation":270,"texture":"#main"},"down":{"uv":[9.5625,1.75,10.12475,2.312],"rotation":270,"texture":"#main"}}},{"from":[8,-13.625,5.75],"to":[8,-10.375,10.25],"rotation":{"angle":-45,"axis":"y","origin":[8,-12,8]},"faces":{"north":{"uv":[9.5625,1.75,10.12475,2.312],"rotation":270,"texture":"#main"},"east":{"uv":[9.5625,1.75,10.12475,2.312],"rotation":270,"texture":"#main"},"south":{"uv":[9.5625,1.75,10.12475,2.312],"rotation":270,"texture":"#main"},"west":{"uv":[9.5625,1.75,10.12475,2.312],"rotation":270,"texture":"#main"},"up":{"uv":[9.5625,1.75,10.12475,2.312],"rotation":270,"texture":"#main"},"down":{"uv":[9.5625,1.75,10.12475,2.312],"rotation":270,"texture":"#main"}}},{"from":[6.52289,-9.25,6.52233],"to":[9.53393,-8.25,9.53337],"faces":{"north":{"uv":[12,0.25,12.9999375,0.499875],"texture":"#main"},"east":{"uv":[12,0.25,12.9999375,0.499875],"texture":"#main"},"south":{"uv":[12,0.25,12.9999375,0.499875],"texture":"#main"},"west":{"uv":[12,0.25,12.9999375,0.499875],"texture":"#main"},"up":{"uv":[12,0,13,1],"rotation":180,"texture":"#main"},"down":{"uv":[12,0,13,1],"rotation":180,"texture":"#main"}}},{"from":[6.52289,-1.75,6.52233],"to":[9.53393,-0.75,9.53337],"faces":{"north":{"uv":[12,0.25,12.9999375,0.499875],"texture":"#main"},"east":{"uv":[12,0.25,12.9999375,0.499875],"texture":"#main"},"south":{"uv":[12,0.25,12.9999375,0.499875],"texture":"#main"},"west":{"uv":[12,0.25,12.9999375,0.499875],"texture":"#main"},"up":{"uv":[12,0,13,1],"rotation":180,"texture":"#main"},"down":{"uv":[12,0,13,1],"rotation":180,"texture":"#main"}}},{"from":[6.52289,-6.25,6.52233],"to":[9.53393,-5.25,9.53337],"faces":{"north":{"uv":[12,0.25,12.9999375,0.499875],"texture":"#main"},"east":{"uv":[12,0.25,12.9999375,0.499875],"texture":"#main"},"south":{"uv":[12,0.25,12.9999375,0.499875],"texture":"#main"},"west":{"uv":[12,0.25,12.9999375,0.499875],"texture":"#main"},"up":{"uv":[12,0,13,1],"rotation":180,"texture":"#main"},"down":{"uv":[12,0,13,1],"rotation":180,"texture":"#main"}}},{"from":[6.52289,-0.25,6.52233],"to":[9.53393,0.75,9.53337],"faces":{"north":{"uv":[12,0.25,12.9999375,0.499875],"texture":"#main"},"east":{"uv":[12,0.25,12.9999375,0.499875],"texture":"#main"},"south":{"uv":[12,0.25,12.9999375,0.499875],"texture":"#main"},"west":{"uv":[12,0.25,12.9999375,0.499875],"texture":"#main"},"up":{"uv":[12,0,13,1],"rotation":180,"texture":"#main"},"down":{"uv":[12,0,13,1],"rotation":180,"texture":"#main"}}},{"from":[6.52289,-3.25,6.52233],"to":[9.53393,-2.25,9.53337],"faces":{"north":{"uv":[12,0.25,12.9999375,0.499875],"texture":"#main"},"east":{"uv":[12,0.25,12.9999375,0.499875],"texture":"#main"},"south":{"uv":[12,0.25,12.9999375,0.499875],"texture":"#main"},"west":{"uv":[12,0.25,12.9999375,0.499875],"texture":"#main"},"up":{"uv":[12,0,13,1],"rotation":180,"texture":"#main"},"down":{"uv":[12,0,13,1],"rotation":180,"texture":"#main"}}},{"from":[6.52289,-4.75,6.52233],"to":[9.53393,-3.75,9.53337],"faces":{"north":{"uv":[12,0.25,12.9999375,0.499875],"texture":"#main"},"east":{"uv":[12,0.25,12.9999375,0.499875],"texture":"#main"},"south":{"uv":[12,0.25,12.9999375,0.499875],"texture":"#main"},"west":{"uv":[12,0.25,12.9999375,0.499875],"texture":"#main"},"up":{"uv":[12,0,13,1],"rotation":180,"texture":"#main"},"down":{"uv":[12,0,13,1],"rotation":180,"texture":"#main"}}},{"from":[6.52289,-7.75,6.52233],"to":[9.53393,-6.75,9.53337],"faces":{"north":{"uv":[12,0.25,12.9999375,0.499875],"texture":"#main"},"east":{"uv":[12,0.25,12.9999375,0.499875],"texture":"#main"},"south":{"uv":[12,0.25,12.9999375,0.499875],"texture":"#main"},"west":{"uv":[12,0.25,12.9999375,0.499875],"texture":"#main"},"up":{"uv":[12,0,13,1],"rotation":180,"texture":"#main"},"down":{"uv":[12,0,13,1],"rotation":180,"texture":"#main"}}},{"from":[6.425,2.25,6.425],"to":[9.575,3.25,9.575],"rotation":{"angle":-45,"axis":"y","origin":[8.00641,2.75002,7.99357]},"faces":{"north":{"uv":[8,0.125,8.5,0.3745],"texture":"#main"},"east":{"uv":[8,0.125,8.5,0.3745],"texture":"#main"},"south":{"uv":[8,0.125,8.5,0.3745],"texture":"#main"},"west":{"uv":[8,0.125,8.5,0.3745],"texture":"#main"},"up":{"uv":[8.0625,2.5625,8.56225,3.06225],"texture":"#main"},"down":{"uv":[8,0.125,8.5,0.3745],"texture":"#main"}}},{"from":[5.75,1.25,5.75],"to":[10.25,2.25,10.25],"faces":{"north":{"uv":[8,0.375,8.5,0.62475],"texture":"#main"},"east":{"uv":[8,0.375,8.5,0.62475],"texture":"#main"},"south":{"uv":[8,0.375,8.5,0.62475],"texture":"#main"},"west":{"uv":[8,0.375,8.5,0.62475],"texture":"#main"},"up":{"uv":[8,0.375,8.25,0.62475],"texture":"#main"},"down":{"uv":[8,0.375,8.5,0.62475],"texture":"#main"}}},{"from":[5.95,-10.5,5.95],"to":[10.05,-9.25,10.05],"faces":{"north":{"uv":[8,0.125,8.5,0.49975],"rotation":180,"texture":"#main"},"east":{"uv":[8,0.125,8.5,0.49975],"rotation":180,"texture":"#main"},"south":{"uv":[8,0.125,8.5,0.49975],"rotation":180,"texture":"#main"},"west":{"uv":[8,0.125,8.5,0.49975],"rotation":180,"texture":"#main"},"up":{"uv":[8,0.375,8.5,0.562],"rotation":180,"texture":"#main"},"down":{"uv":[8,0.125,8.5,0.49975],"rotation":180,"texture":"#main"}}},{"name":"octagon","from":[6.668,14.89,6.668],"to":[9.332,17.27,9.332],"faces":{"north":{"uv":[8,0.125,8.5,0.625],"rotation":180,"texture":"#main"},"east":{"uv":[8,0.125,8.5,0.625],"rotation":180,"texture":"#main"},"south":{"uv":[8,0.125,8.5,0.625],"rotation":180,"texture":"#main"},"west":{"uv":[8,0.125,8.5,0.625],"rotation":180,"texture":"#main"},"up":{"uv":[8,0.125,8.5,0.625],"rotation":180,"texture":"#main"},"down":{"uv":[8,0.125,8.5,0.187],"rotation":180,"texture":"#main"}}},{"name":"octagon","from":[6.18848,16.89,6.18848],"to":[9.81152,18.27,9.81152],"faces":{"north":{"uv":[8,0.125,8.5,0.5625],"texture":"#main"},"east":{"uv":[8,0.125,8.5,0.5625],"texture":"#main"},"south":{"uv":[8,0.125,8.5,0.5625],"texture":"#main"},"west":{"uv":[8,0.125,8.5,0.5625],"texture":"#main"},"up":{"uv":[8,0.125,8.5,0.5625],"texture":"#main"},"down":{"uv":[8,0.4375,8.5,0.62475],"texture":"#main"}}},{"name":"octagon","from":[5.78995,17.89,5.78995],"to":[10.21005,18.27,10.21005],"faces":{"north":{"uv":[8,0.125,8.5,0.31225],"texture":"#main"},"east":{"uv":[8,0.125,8.5,0.31225],"texture":"#main"},"south":{"uv":[8,0.125,8.5,0.31225],"texture":"#main"},"west":{"uv":[8,0.125,8.5,0.31225],"texture":"#main"},"up":{"uv":[8,0.125,8.5,0.31225],"texture":"#main"},"down":{"uv":[8,0.125,8.5,0.18725],"texture":"#main"}}},{"name":"octagon","from":[6.89,12.39,6.89],"to":[9.11,16.77,9.11],"faces":{"north":{"uv":[1.6875,10.5,1.9995,11.37475],"texture":"#main"},"east":{"uv":[1.6875,10.5,1.9995,11.37475],"texture":"#main"},"south":{"uv":[1.6875,10.5,1.9995,11.37475],"texture":"#main"},"west":{"uv":[1.6875,10.5,1.9995,11.37475],"texture":"#main"},"up":{"uv":[1.6875,10.5,1.9995,11.37475],"texture":"#main"},"down":{"uv":[1.6875,10.5,1.9995,10.812],"texture":"#main"}}},{"name":"octagon","from":[6.89,-4.77,6.89],"to":[9.11,4.11,9.11],"faces":{"north":{"uv":[1.6875,11.37475,1.9995,10.5],"texture":"#main"},"east":{"uv":[1.6875,11.37475,1.9995,10.5],"texture":"#main"},"south":{"uv":[1.6875,11.37475,1.9995,10.5],"texture":"#main"},"west":{"uv":[1.6875,11.37475,1.9995,10.5],"texture":"#main"},"up":{"uv":[1.6875,10.812,1.9995,10.5],"texture":"#main"},"down":{"uv":[1.6875,11.37475,1.9995,10.5],"texture":"#main"}}},{"name":"octagon","from":[6.8234,-10.27,6.8234],"to":[9.1766,2.11,9.1766],"faces":{"north":{"uv":[4.0625,8.5625,4.1249375,8.6249375],"texture":"#main"},"east":{"uv":[4.0625,8.5625,4.1249375,8.6249375],"texture":"#main"},"south":{"uv":[4.0625,8.5625,4.1249375,8.6249375],"texture":"#main"},"west":{"uv":[4.0625,8.5625,4.1249375,8.6249375],"texture":"#main"},"up":{"uv":[4.0625,8.5625,4.1249375,8.6249375],"texture":"#main"},"down":{"uv":[4.0625,8.5625,4.1249375,8.6249375],"texture":"#main"}}},{"name":"octagon","from":[7.21678,4.01,7.21678],"to":[8.78322,12.89,8.78322],"faces":{"north":{"uv":[1.75,10.5,1.937,11.37475],"rotation":180,"texture":"#main"},"east":{"uv":[2.75,10.5,2.937,11.37475],"rotation":180,"texture":"#main"},"south":{"uv":[2.0625,10.5,2.2495,11.37475],"rotation":180,"texture":"#main"},"west":{"uv":[2.4375,10.5,2.6245,11.37475],"rotation":180,"texture":"#main"},"up":{"uv":[2.0625,10.5,2.1875,11.375],"rotation":180,"texture":"#main"},"down":{"uv":[2.0625,10.5,2.1875,11.375],"rotation":180,"texture":"#main"}}},{"from":[7,19.25,4],"to":[13,27.25,12],"faces":{"north":{"uv":[1.75,10.5,2.5,11.25],"texture":"#main"},"east":{"uv":[2.5,10.5,3.25,11.25],"texture":"#main"},"south":{"uv":[1.75,10.5,2.5,11.25],"texture":"#main"},"west":{"uv":[0,10.5,0.75,11.25],"texture":"#main"},"up":{"uv":[2.5,10.5,3.25,11.25],"rotation":270,"texture":"#main"},"down":{"uv":[0,10.5,0.75,11.25],"rotation":90,"texture":"#main"}}},{"from":[4,19.25,3],"to":[12,27.25,9],"faces":{"north":{"uv":[2.5,10.5,3.25,11.25],"texture":"#main"},"east":{"uv":[1.75,10.5,2.5,11.25],"texture":"#main"},"south":{"uv":[0,10.5,0.75,11.25],"texture":"#main"},"west":{"uv":[1.75,10.5,2.5,11.25],"texture":"#main"},"up":{"uv":[2.5,10.5,3.25,11.25],"rotation":180,"texture":"#main"},"down":{"uv":[0,10.5,0.75,11.25],"rotation":180,"texture":"#main"}}},{"from":[4,18.25,4],"to":[12,24.25,12],"faces":{"north":{"uv":[2.5,10.5,3.25,11.25],"texture":"#main"},"east":{"uv":[1.75,10.5,2.5,11.25],"rotation":90,"texture":"#main"},"south":{"uv":[0,10.5,0.75,11.25],"rotation":180,"texture":"#main"},"west":{"uv":[1.75,10.5,2.5,11.25],"rotation":270,"texture":"#main"},"up":{"uv":[0,10.5,0.75,11.25],"texture":"#main"},"down":{"uv":[2.5,10.5,3.25,11.25],"rotation":180,"texture":"#main"}}},{"from":[3,19.25,4],"to":[9,27.25,12],"faces":{"north":{"uv":[2.5,10.5,1.75,11.25],"texture":"#main"},"east":{"uv":[0.75,10.5,0,11.25],"texture":"#main"},"south":{"uv":[2.5,10.5,1.75,11.25],"texture":"#main"},"west":{"uv":[3.25,10.5,2.5,11.25],"texture":"#main"},"up":{"uv":[2.5,11.25,3.25,10.5],"rotation":270,"texture":"#main"},"down":{"uv":[0,11.25,0.75,10.5],"rotation":90,"texture":"#main"}}},{"from":[4,19.25,7],"to":[12,27.25,13],"faces":{"north":{"uv":[0.75,10.5,0,11.25],"texture":"#main"},"east":{"uv":[2.5,10.5,1.75,11.25],"texture":"#main"},"south":{"uv":[3.25,10.5,2.5,11.25],"texture":"#main"},"west":{"uv":[2.5,10.5,1.75,11.25],"texture":"#main"},"up":{"uv":[2.5,11.25,3.25,10.5],"rotation":180,"texture":"#main"},"down":{"uv":[0,11.25,0.75,10.5],"rotation":180,"texture":"#main"}}},{"from":[4,22.25,4],"to":[12,28.25,12],"faces":{"north":{"uv":[2.5,11.25,3.25,10.5],"texture":"#main"},"east":{"uv":[2.5,10.5,1.75,11.25],"rotation":90,"texture":"#main"},"south":{"uv":[0,11.25,0.75,10.5],"rotation":180,"texture":"#main"},"west":{"uv":[2.5,10.5,1.75,11.25],"rotation":270,"texture":"#main"},"up":{"uv":[3.25,10.5,2.5,11.25],"texture":"#main"},"down":{"uv":[0.75,10.5,0,11.25],"rotation":180,"texture":"#main"}}},{"from":[7.5,15.25,7.5],"to":[8.5,18.25,8.5],"rotation":{"angle":-45,"axis":"z","origin":[8,23.25,8]},"faces":{"north":{"uv":[0.1875,8.125,0.375,8.5625],"texture":"#main"},"east":{"uv":[0.25,8.125,0.4375,8.5625],"texture":"#main"},"south":{"uv":[0.0625,8.125,0.25,8.5625],"texture":"#main"},"west":{"uv":[0,8.125,0.1875,8.5625],"texture":"#main"},"up":{"uv":[0,8.125,0.1875,8.5625],"texture":"#main"},"down":{"uv":[0.3125,8.3125,0.49975,8.49975],"texture":"#main"}}},{"from":[7.5,28.25,7.5],"to":[8.5,31.5,8.5],"rotation":{"angle":-45,"axis":"z","origin":[8,23.25,8]},"faces":{"north":{"uv":[0.1875,8.125,0.375,8.5625],"rotation":180,"texture":"#main"},"east":{"uv":[0,8.125,0.1875,8.5625],"rotation":180,"texture":"#main"},"south":{"uv":[0.0625,8.125,0.25,8.5625],"rotation":180,"texture":"#main"},"west":{"uv":[0.25,8.125,0.4375,8.5625],"rotation":180,"texture":"#main"},"up":{"uv":[0.3125,8.3125,0.49975,8.49975],"rotation":180,"texture":"#main"},"down":{"uv":[0,8.125,0.1875,8.5625],"rotation":180,"texture":"#main"}}},{"from":[7.5,28.25,7.5],"to":[8.5,31.5,8.5],"rotation":{"angle":45,"axis":"z","origin":[8,23.25,8]},"faces":{"north":{"uv":[0.0625,8.125,0.25,8.5625],"rotation":180,"texture":"#main"},"east":{"uv":[0.25,8.125,0.4375,8.5625],"rotation":180,"texture":"#main"},"south":{"uv":[0.1875,8.125,0.375,8.5625],"rotation":180,"texture":"#main"},"west":{"uv":[0,8.125,0.1875,8.5625],"rotation":180,"texture":"#main"},"up":{"uv":[0.3125,8.3125,0.49975,8.49975],"texture":"#main"},"down":{"uv":[0,8.125,0.1875,8.5625],"texture":"#main"}}},{"from":[7.5,15.5,7.5],"to":[8.5,18.25,8.5],"rotation":{"angle":45,"axis":"z","origin":[8,23.25,8]},"faces":{"north":{"uv":[0.0625,8.125,0.25,8.5625],"texture":"#main"},"east":{"uv":[0,8.125,0.1875,8.5625],"texture":"#main"},"south":{"uv":[0.1875,8.125,0.375,8.5625],"texture":"#main"},"west":{"uv":[0.25,8.125,0.4375,8.5625],"texture":"#main"},"up":{"uv":[0,8.125,0.1875,8.5625],"rotation":180,"texture":"#main"},"down":{"uv":[0.3125,8.3125,0.49975,8.49975],"rotation":180,"texture":"#main"}}},{"from":[7.5,15,7.5],"to":[8.5,18,8.5],"rotation":{"angle":45,"axis":"x","origin":[8,23.25,8]},"faces":{"north":{"uv":[0,8.125,0.1875,8.5625],"texture":"#main"},"east":{"uv":[0.1875,8.125,0.375,8.5625],"texture":"#main"},"south":{"uv":[0.25,8.125,0.4375,8.5625],"texture":"#main"},"west":{"uv":[0.0625,8.125,0.25,8.5625],"texture":"#main"},"up":{"uv":[0,8.125,0.1875,8.5625],"rotation":90,"texture":"#main"},"down":{"uv":[0.3125,8.3125,0.49975,8.49975],"rotation":270,"texture":"#main"}}},{"from":[7.5,28.25,7.5],"to":[8.5,31.25,8.5],"rotation":{"angle":-45,"axis":"x","origin":[8,23.25,8]},"faces":{"north":{"uv":[0,8.125,0.1875,8.5625],"rotation":180,"texture":"#main"},"east":{"uv":[0.0625,8.125,0.25,8.5625],"rotation":180,"texture":"#main"},"south":{"uv":[0.25,8.125,0.4375,8.5625],"rotation":180,"texture":"#main"},"west":{"uv":[0.1875,8.125,0.375,8.5625],"rotation":180,"texture":"#main"},"up":{"uv":[0.3125,8.3125,0.49975,8.49975],"rotation":90,"texture":"#main"},"down":{"uv":[0,8.125,0.1875,8.5625],"rotation":270,"texture":"#main"}}},{"from":[7.5,15,7.5],"to":[8.5,18,8.5],"rotation":{"angle":-45,"axis":"x","origin":[8,23.25,8]},"faces":{"north":{"uv":[0.25,8.125,0.4375,8.5625],"texture":"#main"},"east":{"uv":[0.0625,8.125,0.25,8.5625],"texture":"#main"},"south":{"uv":[0,8.125,0.1875,8.5625],"texture":"#main"},"west":{"uv":[0.1875,8.125,0.375,8.5625],"texture":"#main"},"up":{"uv":[0,8.125,0.1875,8.5625],"rotation":270,"texture":"#main"},"down":{"uv":[0.3125,8.3125,0.49975,8.49975],"rotation":90,"texture":"#main"}}},{"from":[-0.25,22.75,7.5],"to":[2.75,23.75,8.5],"rotation":{"angle":-45,"axis":"y","origin":[8,23.25,8]},"faces":{"north":{"uv":[0,8.125,0.1875,8.5625],"rotation":270,"texture":"#main"},"east":{"uv":[0,8.125,0.1875,8.5625],"rotation":180,"texture":"#main"},"south":{"uv":[0.25,8.125,0.4375,8.5625],"rotation":90,"texture":"#main"},"west":{"uv":[0.3125,8.3125,0.49975,8.49975],"texture":"#main"},"up":{"uv":[0.0625,8.125,0.25,8.5625],"rotation":90,"texture":"#main"},"down":{"uv":[0.1875,8.125,0.375,8.5625],"rotation":90,"texture":"#main"}}},{"from":[13.25,22.75,7.5],"to":[15.5,23.75,8.5],"rotation":{"angle":-45,"axis":"y","origin":[8,23.25,8]},"faces":{"north":{"uv":[0.25,8.125,0.4375,8.5625],"rotation":90,"texture":"#main"},"east":{"uv":[0.3125,8.3125,0.49975,8.49975],"texture":"#main"},"south":{"uv":[0,8.125,0.1875,8.5625],"rotation":270,"texture":"#main"},"west":{"uv":[0,8.125,0.1875,8.5625],"rotation":180,"texture":"#main"},"up":{"uv":[0.0625,8.125,0.25,8.5625],"rotation":270,"texture":"#main"},"down":{"uv":[0.1875,8.125,0.375,8.5625],"rotation":270,"texture":"#main"}}},{"from":[0.25,22.75,7.5],"to":[2.75,23.75,8.5],"rotation":{"angle":45,"axis":"y","origin":[8,23.25,8]},"faces":{"north":{"uv":[0.25,8.125,0.4375,8.5625],"rotation":270,"texture":"#main"},"east":{"uv":[0,8.125,0.1875,8.5625],"texture":"#main"},"south":{"uv":[0,8.125,0.1875,8.5625],"rotation":90,"texture":"#main"},"west":{"uv":[0.3125,8.3125,0.49975,8.49975],"rotation":180,"texture":"#main"},"up":{"uv":[0.1875,8.125,0.375,8.5625],"rotation":90,"texture":"#main"},"down":{"uv":[0.0625,8.125,0.25,8.5625],"rotation":90,"texture":"#main"}}},{"from":[13.25,22.75,7.5],"to":[16.25,23.75,8.5],"rotation":{"angle":45,"axis":"y","origin":[8,23.25,8]},"faces":{"north":{"uv":[0,8.125,0.1875,8.5625],"rotation":90,"texture":"#main"},"east":{"uv":[0.3125,8.3125,0.49975,8.49975],"rotation":180,"texture":"#main"},"south":{"uv":[0.25,8.125,0.4375,8.5625],"rotation":270,"texture":"#main"},"west":{"uv":[0,8.125,0.1875,8.5625],"texture":"#main"},"up":{"uv":[0.1875,8.125,0.375,8.5625],"rotation":270,"texture":"#main"},"down":{"uv":[0.0625,8.125,0.25,8.5625],"rotation":270,"texture":"#main"}}},{"from":[7.5,28.25,7.5],"to":[8.5,31.25,8.5],"rotation":{"angle":45,"axis":"x","origin":[8,23.25,8]},"faces":{"north":{"uv":[0.25,8.125,0.4375,8.5625],"rotation":180,"texture":"#main"},"east":{"uv":[0.1875,8.125,0.375,8.5625],"rotation":180,"texture":"#main"},"south":{"uv":[0,8.125,0.1875,8.5625],"rotation":180,"texture":"#main"},"west":{"uv":[0.0625,8.125,0.25,8.5625],"rotation":180,"texture":"#main"},"up":{"uv":[0.3125,8.3125,0.49975,8.49975],"rotation":270,"texture":"#main"},"down":{"uv":[0,8.125,0.1875,8.5625],"rotation":90,"texture":"#main"}}},{"from":[8,-11.875,6.218],"to":[8,-10.125,9.782],"rotation":{"angle":22.5,"axis":"y","origin":[8,-11.75,8]},"faces":{"north":{"uv":[1.5625,9.75,2.12475,10.312],"rotation":270,"texture":"#main"},"east":{"uv":[1.5625,9.75,2.12475,10.312],"rotation":270,"texture":"#main"},"south":{"uv":[1.5625,9.75,2.12475,10.312],"rotation":270,"texture":"#main"},"west":{"uv":[1.5625,9.75,2.12475,10.312],"rotation":270,"texture":"#main"},"up":{"uv":[1.5625,9.75,2.12475,10.312],"rotation":90,"texture":"#main"},"down":{"uv":[1.5625,9.75,2.12475,10.312],"rotation":90,"texture":"#main"}}},{"from":[6.218,-11.875,8],"to":[9.782,-10.125,8],"rotation":{"angle":-22.5,"axis":"y","origin":[8,-11.75,8]},"faces":{"north":{"uv":[1.5625,9.75,2.12475,10.312],"rotation":270,"texture":"#main"},"east":{"uv":[1.5625,9.75,2.12475,10.312],"rotation":270,"texture":"#main"},"south":{"uv":[1.5625,9.75,2.12475,10.312],"rotation":270,"texture":"#main"},"west":{"uv":[1.5625,9.75,2.12475,10.312],"rotation":270,"texture":"#main"},"up":{"uv":[1.5625,9.75,2.12475,10.312],"texture":"#main"},"down":{"uv":[1.5625,9.75,2.12475,10.312],"rotation":180,"texture":"#main"}}},{"from":[8,-11.875,6.218],"to":[8,-10.125,9.782],"rotation":{"angle":-22.5,"axis":"y","origin":[8,-11.75,8]},"faces":{"north":{"uv":[1.5625,9.75,2.12475,10.312],"rotation":270,"texture":"#main"},"east":{"uv":[1.5625,9.75,2.12475,10.312],"rotation":270,"texture":"#main"},"south":{"uv":[1.5625,9.75,2.12475,10.312],"rotation":270,"texture":"#main"},"west":{"uv":[1.5625,9.75,2.12475,10.312],"rotation":270,"texture":"#main"},"up":{"uv":[1.5625,9.75,2.12475,10.312],"rotation":270,"texture":"#main"},"down":{"uv":[1.5625,9.75,2.12475,10.312],"rotation":270,"texture":"#main"}}},{"from":[6.218,-11.875,8],"to":[9.782,-10.125,8],"rotation":{"angle":22.5,"axis":"y","origin":[8,-11.75,8]},"faces":{"north":{"uv":[1.5625,9.75,2.12475,10.312],"rotation":270,"texture":"#main"},"east":{"uv":[1.5625,9.75,2.12475,10.312],"rotation":270,"texture":"#main"},"south":{"uv":[1.5625,9.75,2.12475,10.312],"rotation":270,"texture":"#main"},"west":{"uv":[1.5625,9.75,2.12475,10.312],"rotation":270,"texture":"#main"},"up":{"uv":[1.5625,9.75,2.12475,10.312],"texture":"#main"},"down":{"uv":[1.5625,9.75,2.12475,10.312],"rotation":180,"texture":"#main"}}},{"from":[5.75,-13.625,8],"to":[10.25,-10.375,8],"rotation":{"angle":-45,"axis":"y","origin":[8,-12,8]},"faces":{"north":{"uv":[1.5625,9.75,2.12475,10.312],"rotation":270,"texture":"#main"},"east":{"uv":[1.5625,9.75,2.12475,10.312],"rotation":270,"texture":"#main"},"south":{"uv":[1.5625,9.75,2.12475,10.312],"rotation":270,"texture":"#main"},"west":{"uv":[1.5625,9.75,2.12475,10.312],"rotation":270,"texture":"#main"},"up":{"uv":[1.5625,9.75,2.12475,10.312],"texture":"#main"},"down":{"uv":[1.5625,9.75,2.12475,10.312],"rotation":180,"texture":"#main"}}},{"from":[5.75,-13.625,8],"to":[10.25,-10.375,8],"faces":{"north":{"uv":[1.5625,9.75,2.12475,10.312],"rotation":270,"texture":"#main"},"east":{"uv":[1.5625,9.75,2.12475,10.312],"rotation":270,"texture":"#main"},"south":{"uv":[1.5625,9.75,2.12475,10.312],"rotation":270,"texture":"#main"},"west":{"uv":[1.5625,9.75,2.12475,10.312],"rotation":270,"texture":"#main"},"up":{"uv":[1.5625,9.75,2.12475,10.312],"texture":"#main"},"down":{"uv":[1.5625,9.75,2.12475,10.312],"rotation":180,"texture":"#main"}}},{"from":[8,-13.625,5.75],"to":[8,-10.375,10.25],"faces":{"north":{"uv":[1.5625,9.75,2.12475,10.312],"rotation":270,"texture":"#main"},"east":{"uv":[1.5625,9.75,2.12475,10.312],"rotation":270,"texture":"#main"},"south":{"uv":[1.5625,9.75,2.12475,10.312],"rotation":270,"texture":"#main"},"west":{"uv":[1.5625,9.75,2.12475,10.312],"rotation":270,"texture":"#main"},"up":{"uv":[1.5625,9.75,2.12475,10.312],"rotation":270,"texture":"#main"},"down":{"uv":[1.5625,9.75,2.12475,10.312],"rotation":270,"texture":"#main"}}},{"from":[8,-13.625,5.75],"to":[8,-10.375,10.25],"rotation":{"angle":-45,"axis":"y","origin":[8,-12,8]},"faces":{"north":{"uv":[1.5625,9.75,2.12475,10.312],"rotation":270,"texture":"#main"},"east":{"uv":[1.5625,9.75,2.12475,10.312],"rotation":270,"texture":"#main"},"south":{"uv":[1.5625,9.75,2.12475,10.312],"rotation":270,"texture":"#main"},"west":{"uv":[1.5625,9.75,2.12475,10.312],"rotation":270,"texture":"#main"},"up":{"uv":[1.5625,9.75,2.12475,10.312],"rotation":270,"texture":"#main"},"down":{"uv":[1.5625,9.75,2.12475,10.312],"rotation":270,"texture":"#main"}}},{"from":[6.52289,-9.25,6.52233],"to":[9.53393,-8.25,9.53337],"faces":{"north":{"uv":[4,8.25,4.9999375,8.499875],"texture":"#main"},"east":{"uv":[4,8.25,4.9999375,8.499875],"texture":"#main"},"south":{"uv":[4,8.25,4.9999375,8.499875],"texture":"#main"},"west":{"uv":[4,8.25,4.9999375,8.499875],"texture":"#main"},"up":{"uv":[4,8,5,9],"rotation":180,"texture":"#main"},"down":{"uv":[4,8,5,9],"rotation":180,"texture":"#main"}}},{"from":[6.52289,-1.75,6.52233],"to":[9.53393,-0.75,9.53337],"faces":{"north":{"uv":[4,8.25,4.9999375,8.499875],"texture":"#main"},"east":{"uv":[4,8.25,4.9999375,8.499875],"texture":"#main"},"south":{"uv":[4,8.25,4.9999375,8.499875],"texture":"#main"},"west":{"uv":[4,8.25,4.9999375,8.499875],"texture":"#main"},"up":{"uv":[4,8,5,9],"rotation":180,"texture":"#main"},"down":{"uv":[4,8,5,9],"rotation":180,"texture":"#main"}}},{"from":[6.52289,-6.25,6.52233],"to":[9.53393,-5.25,9.53337],"faces":{"north":{"uv":[4,8.25,4.9999375,8.499875],"texture":"#main"},"east":{"uv":[4,8.25,4.9999375,8.499875],"texture":"#main"},"south":{"uv":[4,8.25,4.9999375,8.499875],"texture":"#main"},"west":{"uv":[4,8.25,4.9999375,8.499875],"texture":"#main"},"up":{"uv":[4,8,5,9],"rotation":180,"texture":"#main"},"down":{"uv":[4,8,5,9],"rotation":180,"texture":"#main"}}},{"from":[6.52289,-0.25,6.52233],"to":[9.53393,0.75,9.53337],"faces":{"north":{"uv":[4,8.25,4.9999375,8.499875],"texture":"#main"},"east":{"uv":[4,8.25,4.9999375,8.499875],"texture":"#main"},"south":{"uv":[4,8.25,4.9999375,8.499875],"texture":"#main"},"west":{"uv":[4,8.25,4.9999375,8.499875],"texture":"#main"},"up":{"uv":[4,8,5,9],"rotation":180,"texture":"#main"},"down":{"uv":[4,8,5,9],"rotation":180,"texture":"#main"}}},{"from":[6.52289,-3.25,6.52233],"to":[9.53393,-2.25,9.53337],"faces":{"north":{"uv":[4,8.25,4.9999375,8.499875],"texture":"#main"},"east":{"uv":[4,8.25,4.9999375,8.499875],"texture":"#main"},"south":{"uv":[4,8.25,4.9999375,8.499875],"texture":"#main"},"west":{"uv":[4,8.25,4.9999375,8.499875],"texture":"#main"},"up":{"uv":[4,8,5,9],"rotation":180,"texture":"#main"},"down":{"uv":[4,8,5,9],"rotation":180,"texture":"#main"}}},{"from":[6.52289,-4.75,6.52233],"to":[9.53393,-3.75,9.53337],"faces":{"north":{"uv":[4,8.25,4.9999375,8.499875],"texture":"#main"},"east":{"uv":[4,8.25,4.9999375,8.499875],"texture":"#main"},"south":{"uv":[4,8.25,4.9999375,8.499875],"texture":"#main"},"west":{"uv":[4,8.25,4.9999375,8.499875],"texture":"#main"},"up":{"uv":[4,8,5,9],"rotation":180,"texture":"#main"},"down":{"uv":[4,8,5,9],"rotation":180,"texture":"#main"}}},{"from":[6.52289,-7.75,6.52233],"to":[9.53393,-6.75,9.53337],"faces":{"north":{"uv":[4,8.25,4.9999375,8.499875],"texture":"#main"},"east":{"uv":[4,8.25,4.9999375,8.499875],"texture":"#main"},"south":{"uv":[4,8.25,4.9999375,8.499875],"texture":"#main"},"west":{"uv":[4,8.25,4.9999375,8.499875],"texture":"#main"},"up":{"uv":[4,8,5,9],"rotation":180,"texture":"#main"},"down":{"uv":[4,8,5,9],"rotation":180,"texture":"#main"}}},{"from":[6.425,2.25,6.425],"to":[9.575,3.25,9.575],"rotation":{"angle":-45,"axis":"y","origin":[8.00641,2.75002,7.99357]},"faces":{"north":{"uv":[0,8.125,0.5,8.3745],"texture":"#main"},"east":{"uv":[0,8.125,0.5,8.3745],"texture":"#main"},"south":{"uv":[0,8.125,0.5,8.3745],"texture":"#main"},"west":{"uv":[0,8.125,0.5,8.3745],"texture":"#main"},"up":{"uv":[0.0625,10.5625,0.56225,11.06225],"texture":"#main"},"down":{"uv":[0,8.125,0.5,8.3745],"texture":"#main"}}},{"from":[5.75,1.25,5.75],"to":[10.25,2.25,10.25],"faces":{"north":{"uv":[0,8.375,0.5,8.62475],"texture":"#main"},"east":{"uv":[0,8.375,0.5,8.62475],"texture":"#main"},"south":{"uv":[0,8.375,0.5,8.62475],"texture":"#main"},"west":{"uv":[0,8.375,0.5,8.62475],"texture":"#main"},"up":{"uv":[0,8.375,0.25,8.62475],"texture":"#main"},"down":{"uv":[0,8.375,0.5,8.62475],"texture":"#main"}}},{"from":[5.95,-10.5,5.95],"to":[10.05,-9.25,10.05],"faces":{"north":{"uv":[0,8.125,0.5,8.49975],"rotation":180,"texture":"#main"},"east":{"uv":[0,8.125,0.5,8.49975],"rotation":180,"texture":"#main"},"south":{"uv":[0,8.125,0.5,8.49975],"rotation":180,"texture":"#main"},"west":{"uv":[0,8.125,0.5,8.49975],"rotation":180,"texture":"#main"},"up":{"uv":[0,8.375,0.5,8.562],"rotation":180,"texture":"#main"},"down":{"uv":[0,8.125,0.5,8.49975],"rotation":180,"texture":"#main"}}},{"name":"octagon","from":[6.668,14.89,6.668],"to":[9.332,17.27,9.332],"faces":{"north":{"uv":[0,8.125,0.5,8.625],"rotation":180,"texture":"#main"},"east":{"uv":[0,8.125,0.5,8.625],"rotation":180,"texture":"#main"},"south":{"uv":[0,8.125,0.5,8.625],"rotation":180,"texture":"#main"},"west":{"uv":[0,8.125,0.5,8.625],"rotation":180,"texture":"#main"},"up":{"uv":[0,8.125,0.5,8.625],"rotation":180,"texture":"#main"},"down":{"uv":[0,8.125,0.5,8.187],"rotation":180,"texture":"#main"}}},{"name":"octagon","from":[6.18848,16.89,6.18848],"to":[9.81152,18.27,9.81152],"faces":{"north":{"uv":[0,8.125,0.5,8.5625],"texture":"#main"},"east":{"uv":[0,8.125,0.5,8.5625],"texture":"#main"},"south":{"uv":[0,8.125,0.5,8.5625],"texture":"#main"},"west":{"uv":[0,8.125,0.5,8.5625],"texture":"#main"},"up":{"uv":[0,8.125,0.5,8.5625],"texture":"#main"},"down":{"uv":[0,8.4375,0.5,8.62475],"texture":"#main"}}},{"name":"octagon","from":[5.78995,17.89,5.78995],"to":[10.21005,18.27,10.21005],"faces":{"north":{"uv":[0,8.125,0.5,8.31225],"texture":"#main"},"east":{"uv":[0,8.125,0.5,8.31225],"texture":"#main"},"south":{"uv":[0,8.125,0.5,8.31225],"texture":"#main"},"west":{"uv":[0,8.125,0.5,8.31225],"texture":"#main"},"up":{"uv":[0,8.125,0.5,8.31225],"texture":"#main"},"down":{"uv":[0,8.125,0.5,8.18725],"texture":"#main"}}}],"display":{"thirdperson_righthand":{"translation":[0,5.25,0],"scale":[0.6,0.6,0.6]},"thirdperson_lefthand":{"translation":[0,5.25,0],"scale":[0.6,0.6,0.6]},"firstperson_righthand":{"rotation":[-6.75,0,10],"translation":[0,4.75,1.25],"scale":[0.4,0.4,0.4]},"firstperson_lefthand":{"rotation":[-6.75,0,10],"translation":[0,4.75,1.25],"scale":[0.4,0.4,0.4]},"ground":{"rotation":[45,0,0],"translation":[0,7,0],"scale":[0.7,0.7,0.7]},"gui":{"rotation":[0,0,-45],"scale":[0.4,0.4,0.4]},"fixed":{"translation":[0,0,-1],"scale":[0.7,0.7,0.7]}},"groups":[{"name":"mace","origin":[8,8,8],"children":[{"name":"octagon","origin":[8,8,8],"children":[0,1,2,{"name":"octagon","origin":[8,8,8],"children":[3]}]},{"name":"top","origin":[8,6.5,8],"children":[4,5,6,7,8,9,{"name":"spikes","origin":[8,8,8],"children":[{"name":"group","origin":[8,8,8],"children":[10,11]},{"name":"group","origin":[8,8,8],"children":[12,13]},{"name":"group","origin":[8,8,8],"children":[14,15]},{"name":"group","origin":[8,8,8],"children":[16,17]},{"name":"group","origin":[8,8,8],"children":[{"name":"group","origin":[8,8,8],"children":[18,19]},{"name":"group","origin":[8,8,8],"children":[20,21]}]},{"name":"group","origin":[8,8,8],"children":[{"name":"group","origin":[8,8,8],"children":[22,23]},{"name":"group","origin":[8,8,8],"children":[24,25]}]}]}]},{"name":"fin","origin":[8,-12.25,8],"children":[26,27,28,29,{"name":"fin","origin":[8,-12.25,8],"children":[30,31,32,33]}]},{"name":"handle","origin":[8,-0.75,8],"children":[{"name":"group","origin":[8,-0.75,8],"children":[34,35,36,37,38,39,40]}]},41,42,43]},44,45,46],"credit":"Model by Craftventure"}