{"textures":{"0":"block/brown_shulker_box","1":"block/gray_shulker_box","particle":"block/brown_shulker_box"},"elements":[{"name":"hand","from":[5,-1,2],"to":[13,3,10],"faces":{"north":{"uv":[0,0,16,11],"texture":"#0"},"east":{"uv":[0,0,16,11],"texture":"#0"},"south":{"uv":[0,0,16,11],"texture":"#0"},"west":{"uv":[0,0,16,11],"texture":"#0"},"up":{"uv":[0,0,16,16],"texture":"#0"},"down":{"uv":[0,0,16,16],"texture":"#0"}}},{"name":"hand","from":[5.5,-1,2.5],"to":[12.5,3.5,9.5],"faces":{"north":{"uv":[0,0,16,2],"texture":"#0"},"east":{"uv":[0,0,16,2],"texture":"#0"},"south":{"uv":[0,0,16,2],"texture":"#0"},"west":{"uv":[0,0,16,2],"texture":"#0"},"up":{"uv":[0,0,16,16],"texture":"#0"},"down":{"uv":[0,0,16,16],"texture":"#0"}}},{"from":[8,2.10473,5],"to":[10,5.10473,7],"faces":{"north":{"uv":[6.5,10,7.5,13],"texture":"#1"},"east":{"uv":[9.5,10,10.5,13],"texture":"#1"},"south":{"uv":[8.5,10,9.5,13],"texture":"#1"},"west":{"uv":[5.5,10,6.5,13],"texture":"#1"},"up":{"uv":[8.5,5.5,9.5,6.5],"texture":"#1"},"down":{"uv":[8.5,9.5,9.5,10.5],"texture":"#1"}}},{"from":[8.1,5.19792,7.06137],"to":[9.9,7.19792,8.86137],"rotation":{"angle":22.5,"axis":"x","origin":[8.50573,10.33075,5.7969]},"faces":{"north":{"uv":[6.5,10,7.5,13],"texture":"#1"},"east":{"uv":[9.5,10,10.5,13],"texture":"#1"},"south":{"uv":[8.5,10,9.5,13],"texture":"#1"},"west":{"uv":[5.5,10,6.5,13],"texture":"#1"},"up":{"uv":[8.5,5.5,9.5,6.5],"texture":"#1"},"down":{"uv":[8.5,9.5,9.5,10.5],"texture":"#1"}}},{"from":[8.3,9.55639,8.70403],"to":[9.7,11.05639,10.10403],"rotation":{"angle":22.5,"axis":"x","origin":[8.6046,10.76067,6.56582]},"faces":{"north":{"uv":[6.5,10,7.5,13],"texture":"#1"},"east":{"uv":[9.5,10,10.5,13],"texture":"#1"},"south":{"uv":[8.5,10,9.5,13],"texture":"#1"},"west":{"uv":[5.5,10,6.5,13],"texture":"#1"},"up":{"uv":[8.5,5.5,9.5,6.5],"texture":"#1"},"down":{"uv":[8.5,9.5,9.5,10.5],"texture":"#1"}}},{"from":[8.5,9.98357,8.93765],"to":[9.5,11.48357,9.93765],"rotation":{"angle":-22.5,"axis":"x","origin":[8.79947,10.60932,6.93942]},"faces":{"north":{"uv":[6.5,10,7.5,13],"texture":"#1"},"east":{"uv":[9.5,10,10.5,13],"texture":"#1"},"south":{"uv":[8.5,10,9.5,13],"texture":"#1"},"west":{"uv":[5.5,10,6.5,13],"texture":"#1"},"up":{"uv":[8.5,5.5,9.5,6.5],"texture":"#1"},"down":{"uv":[8.5,9.5,9.5,10.5],"texture":"#1"}}},{"from":[8.4,9.67999,8.74748],"to":[9.6,11.17999,9.94748],"faces":{"north":{"uv":[6.5,10,7.5,13],"texture":"#1"},"east":{"uv":[9.5,10,10.5,13],"texture":"#1"},"south":{"uv":[8.5,10,9.5,13],"texture":"#1"},"west":{"uv":[5.5,10,6.5,13],"texture":"#1"},"up":{"uv":[8.5,5.5,9.5,6.5],"texture":"#1"},"down":{"uv":[8.5,9.5,9.5,10.5],"texture":"#1"}}},{"from":[8.5,10.27069,9.04188],"to":[9.5,11.77069,10.04188],"rotation":{"angle":-45,"axis":"x","origin":[8.89691,10.61157,6.93913]},"faces":{"north":{"uv":[6.5,10,7.5,13],"texture":"#1"},"east":{"uv":[9.5,10,10.5,13],"texture":"#1"},"south":{"uv":[8.5,10,9.5,13],"texture":"#1"},"west":{"uv":[5.5,10,6.5,13],"texture":"#1"},"up":{"uv":[8.5,5.5,9.5,6.5],"texture":"#1"},"down":{"uv":[8.5,9.5,9.5,10.5],"texture":"#1"}}},{"from":[8.5,13.39827,5.42592],"to":[9.5,14.19827,6.92592],"faces":{"north":{"uv":[8.5,5.5,9.5,6.5],"rotation":180,"texture":"#1"},"east":{"uv":[9.5,10,10.5,13],"texture":"#1"},"south":{"uv":[8.5,9.5,9.5,10.5],"texture":"#1"},"west":{"uv":[5.5,10,6.5,13],"rotation":270,"texture":"#1"},"up":{"uv":[8.5,10,9.5,13],"texture":"#1"},"down":{"uv":[6.5,10,7.5,13],"rotation":180,"texture":"#1"}}},{"from":[8.5,13.02171,5.55543],"to":[9.5,13.92171,7.05543],"rotation":{"angle":22.5,"axis":"x","origin":[8.89691,10.61157,6.93913]},"faces":{"north":{"uv":[8.5,5.5,9.5,6.5],"rotation":180,"texture":"#1"},"east":{"uv":[9.5,10,10.5,13],"texture":"#1"},"south":{"uv":[8.5,9.5,9.5,10.5],"texture":"#1"},"west":{"uv":[5.5,10,6.5,13],"rotation":270,"texture":"#1"},"up":{"uv":[8.5,10,9.5,13],"texture":"#1"},"down":{"uv":[6.5,10,7.5,13],"rotation":180,"texture":"#1"}}},{"from":[8.5,9.39774,2.54025],"to":[9.5,10.89774,3.04025],"rotation":{"angle":22.5,"axis":"x","origin":[8.89691,10.61157,6.93913]},"faces":{"north":{"uv":[8.5,10,9.5,13],"rotation":180,"texture":"#1"},"east":{"uv":[9.5,10,10.5,13],"rotation":90,"texture":"#1"},"south":{"uv":[6.5,10,7.5,13],"rotation":180,"texture":"#1"},"west":{"uv":[5.5,10,6.5,13],"rotation":180,"texture":"#1"},"up":{"uv":[8.5,9.5,9.5,10.5],"texture":"#1"},"down":{"uv":[8.5,5.5,9.5,6.5],"texture":"#1"}}},{"from":[8.5,13.79842,5.4163],"to":[9.5,14.49842,6.9163],"rotation":{"angle":-22.5,"axis":"x","origin":[8.89691,10.61157,6.93913]},"faces":{"north":{"uv":[8.5,5.5,9.5,6.5],"rotation":180,"texture":"#1"},"east":{"uv":[9.5,10,10.5,13],"rotation":90,"texture":"#1"},"south":{"uv":[8.5,9.5,9.5,10.5],"texture":"#1"},"west":{"uv":[5.5,10,6.5,13],"rotation":270,"texture":"#1"},"up":{"uv":[8.5,10,9.5,13],"texture":"#1"},"down":{"uv":[6.5,10,7.5,13],"rotation":180,"texture":"#1"}}},{"from":[8.5,14.18511,5.51944],"to":[9.5,14.78511,7.01944],"rotation":{"angle":-45,"axis":"x","origin":[8.89691,10.61157,6.93913]},"faces":{"north":{"uv":[8.5,5.5,9.5,6.5],"rotation":180,"texture":"#1"},"east":{"uv":[9.5,10,10.5,13],"texture":"#1"},"south":{"uv":[8.5,9.5,9.5,10.5],"texture":"#1"},"west":{"uv":[5.5,10,6.5,13],"rotation":270,"texture":"#1"},"up":{"uv":[8.5,10,9.5,13],"texture":"#1"},"down":{"uv":[6.5,10,7.5,13],"rotation":180,"texture":"#1"}}},{"from":[8.2,6.53731,3.81167],"to":[9.8,8.13731,7.31167],"rotation":{"angle":-45,"axis":"x","origin":[8.61053,9.90394,6.21978]},"faces":{"north":{"uv":[8.5,9.5,9.5,10.5],"rotation":180,"texture":"#1"},"east":{"uv":[9.5,10,10.5,13],"rotation":270,"texture":"#1"},"south":{"uv":[8.5,5.5,9.5,6.5],"texture":"#1"},"west":{"uv":[5.5,10,6.5,13],"rotation":90,"texture":"#1"},"up":{"uv":[6.5,10,7.5,13],"rotation":180,"texture":"#1"},"down":{"uv":[8.5,10,9.5,13],"texture":"#1"}}}],"display":{"thirdperson_righthand":{"rotation":[-90,90,0],"translation":[1.125,-1.475,-3.5],"scale":[0.55,0.55,0.55]},"thirdperson_lefthand":{"rotation":[-90,90,0],"translation":[1.125,-2.575,-3.5],"scale":[0.55,0.55,0.55]},"firstperson_righthand":{"rotation":[-50,50,0],"translation":[0,3,0]},"firstperson_lefthand":{"rotation":[-50,50,0],"translation":[0,3,0]},"gui":{"rotation":[-69,-47,-77],"translation":[0.5,2,0],"scale":[0.7,0.7,0.7]},"head":{"rotation":[0,90,0],"translation":[2.25,15,1.25]}},"groups":[0,1,{"name":"group","children":[2,3,4,5,6,7,8,9,10,11,12,13]}],"credit":"Model by Craftventure"}