{"textures":{"0":"block/quartz_block_top","1":"block/gold_block"},"elements":[{"name":"Cube","from":[7.5,0,14],"to":[8.5,1,15.5],"faces":{"north":{"uv":[0,0,1,1],"texture":"#0"},"east":{"uv":[0,0,1.5,1],"texture":"#0"},"south":{"uv":[0,0,1,1],"texture":"#0"},"west":{"uv":[0,0,1.5,1],"texture":"#0"},"up":{"uv":[0,0,1,1.5],"texture":"#0"},"down":{"uv":[0,0,1,1.5],"texture":"#0"}},"type":"cube"},{"name":"Cube","from":[7.25,-0.25,12],"to":[8.75,1.25,14],"faces":{"north":{"uv":[0,0,1.5,1.5],"texture":"#0"},"east":{"uv":[0,0,2,1.5],"texture":"#0"},"south":{"uv":[0,0,1.5,1.5],"texture":"#0"},"west":{"uv":[0,0,2,1.5],"texture":"#0"},"up":{"uv":[0,0,1.5,2],"texture":"#0"},"down":{"uv":[0,0,1.5,2],"texture":"#0"}},"type":"cube"},{"name":"Cube","from":[7,1.75,13],"to":[9,3.75,15],"faces":{"north":{"uv":[0,0,2,2],"texture":"#0"},"east":{"uv":[0,0,2,2],"texture":"#0"},"south":{"uv":[0,0,2,2],"texture":"#0"},"west":{"uv":[0,0,2,2],"texture":"#0"},"up":{"uv":[0,0,2,2],"texture":"#0"},"down":{"uv":[0,0,2,2],"texture":"#0"}},"rotation":{"origin":[8,8,8],"axis":"x","angle":22.5},"type":"cube"},{"name":"Cube","from":[6.75,1.5,11],"to":[9.25,4,13],"faces":{"north":{"uv":[0,0,2.5,2.5],"texture":"#0"},"east":{"uv":[0,0,2,2.5],"texture":"#0"},"south":{"uv":[0,0,2.5,2.5],"texture":"#0"},"west":{"uv":[0,0,2,2.5],"texture":"#0"},"up":{"uv":[0,0,2.5,2],"texture":"#0"},"down":{"uv":[0,0,2.5,2],"texture":"#0"}},"rotation":{"origin":[8,8,8],"axis":"x","angle":22.5},"type":"cube"},{"name":"Cube","from":[6.5,3.05,11.4],"to":[9.5,6.05,13.4],"faces":{"north":{"uv":[0,0,3,3],"texture":"#0"},"east":{"uv":[0,0,2,3],"texture":"#0"},"south":{"uv":[0,0,3,3],"texture":"#0"},"west":{"uv":[0,0,2,3],"texture":"#0"},"up":{"uv":[0,0,3,2],"texture":"#0"},"down":{"uv":[0,0,3,2],"texture":"#0"}},"rotation":{"origin":[8,8,8],"axis":"x","angle":45},"type":"cube"},{"name":"Cube","from":[6.25,2.75,9.4],"to":[9.75,6.25,11.4],"faces":{"north":{"uv":[0,0,3.5,3.5],"texture":"#0"},"east":{"uv":[0,0,2,3.5],"texture":"#0"},"south":{"uv":[0,0,3.5,3.5],"texture":"#0"},"west":{"uv":[0,0,2,3.5],"texture":"#0"},"up":{"uv":[0,0,3.5,2],"texture":"#0"},"down":{"uv":[0,0,3.5,2],"texture":"#0"}},"rotation":{"origin":[8,8,8],"axis":"x","angle":45},"type":"cube"},{"name":"Cube","from":[7.5,0,15.5],"to":[8.5,1,16],"faces":{"north":{"uv":[0,0,1,1],"texture":"#1"},"east":{"uv":[0,0,0.5,1],"texture":"#1"},"south":{"uv":[0,0,1,1],"texture":"#1"},"west":{"uv":[0,0,0.5,1],"texture":"#1"},"up":{"uv":[0,0,1,0.5],"texture":"#1"},"down":{"uv":[0,0,1,0.5],"texture":"#1"}},"type":"cube"},{"name":"Cube","from":[6,2.75,9.2],"to":[6.7,6.45,10.2],"faces":{"north":{"uv":[0,0,0.70000000000000018,3.7],"texture":"#1"},"east":{"uv":[0,0,1,3.7],"texture":"#1"},"south":{"uv":[0,0,0.70000000000000018,3.7],"texture":"#1"},"west":{"uv":[0,0,1,3.7],"texture":"#1"},"up":{"uv":[0,0,0.70000000000000018,1],"texture":"#1"},"down":{"uv":[0,0,0.70000000000000018,1],"texture":"#1"}},"rotation":{"origin":[8,8,8],"axis":"x","angle":45},"type":"cube"},{"name":"Cube","from":[9.25,2.75,9.2],"to":[9.95,6.45,10.2],"faces":{"north":{"uv":[0,0,0.70000000000000018,3.7],"texture":"#1"},"east":{"uv":[0,0,1,3.7],"texture":"#1"},"south":{"uv":[0,0,0.70000000000000018,3.7],"texture":"#1"},"west":{"uv":[0,0,1,3.7],"texture":"#1"},"up":{"uv":[0,0,0.70000000000000018,1],"texture":"#1"},"down":{"uv":[0,0,0.70000000000000018,1],"texture":"#1"}},"rotation":{"origin":[8,8,8],"axis":"x","angle":45},"type":"cube"},{"name":"Cube","from":[6,5.75,9.2],"to":[9.7,6.45,10.2],"faces":{"north":{"uv":[0,0,3.7,0.70000000000000018],"texture":"#1"},"east":{"uv":[0,0,1,0.70000000000000018],"texture":"#1"},"south":{"uv":[0,0,3.7,0.70000000000000018],"texture":"#1"},"west":{"uv":[0,0,1,0.70000000000000018],"texture":"#1"},"up":{"uv":[0,0,3.7,1],"texture":"#1"},"down":{"uv":[0,0,3.7,1],"texture":"#1"}},"rotation":{"origin":[8,8,8],"axis":"x","angle":45},"type":"cube"},{"name":"Cube","from":[6,2.7,9.2],"to":[9.9,3.4000000000000004,10.2],"faces":{"north":{"uv":[0,0,3.9,0.70000000000000018],"texture":"#1"},"east":{"uv":[0,0,1,0.70000000000000018],"texture":"#1"},"south":{"uv":[0,0,3.9,0.70000000000000018],"texture":"#1"},"west":{"uv":[0,0,1,0.70000000000000018],"texture":"#1"},"up":{"uv":[0,0,3.9,1],"texture":"#1"},"down":{"uv":[0,0,3.9,1],"texture":"#1"}},"rotation":{"origin":[8,8,8],"axis":"x","angle":45},"type":"cube"}],"display":{"thirdperson_righthand":{"rotation":[26,0,0],"translation":[0,14.17,-4.72],"scale":[1.5,1.5,1.5]},"gui":{"scale":[1,1,1],"rotation":[23,51,0],"translation":[-2,4.5,0]}},"credit":"Model by Craftventure"}