{"textures":{"wielen inner":"block/piston_inner","anvil":"block/anvil","frame":"block/fenrirzwart","remmen":"block/furnace_side","stone_slab_top":"block/smooth_stone"},"elements":[{"from":[1,3.875,-3],"to":[15,10,-2],"faces":{"north":{"uv":[0,0,16,16],"texture":"#frame"},"east":{"uv":[0,0,16,16],"texture":"#frame"},"south":{"uv":[0,0,16,16],"texture":"#frame"},"west":{"uv":[0,0,16,16],"texture":"#frame"},"up":{"uv":[0,0,16,16],"texture":"#frame"},"down":{"uv":[0,0,16,16],"texture":"#frame"}}},{"from":[1.5,4.5,23],"to":[3.5,8,25],"faces":{"north":{"uv":[0,8,1,9],"texture":"#stone_slab_top"},"east":{"uv":[0,8,1,9],"texture":"#stone_slab_top"},"south":{"uv":[0,8,1,9],"texture":"#stone_slab_top"},"west":{"uv":[0,8,1,9],"texture":"#stone_slab_top"},"up":{"uv":[0,8,1,9],"texture":"#stone_slab_top"},"down":{"uv":[0,8,1,9],"texture":"#stone_slab_top"}}},{"from":[1.5,4.5,7],"to":[3.5,8,9],"faces":{"north":{"uv":[0,8,1,9],"texture":"#stone_slab_top"},"east":{"uv":[0,8,1,9],"texture":"#stone_slab_top"},"south":{"uv":[0,8,1,9],"texture":"#stone_slab_top"},"west":{"uv":[0,8,1,9],"texture":"#stone_slab_top"},"up":{"uv":[0,8,1,9],"texture":"#stone_slab_top"},"down":{"uv":[0,8,1,9],"texture":"#stone_slab_top"}}},{"from":[12.5,4.5,23],"to":[14.5,8,25],"faces":{"north":{"uv":[0,8,1,9],"texture":"#stone_slab_top"},"east":{"uv":[0,8,1,9],"texture":"#stone_slab_top"},"south":{"uv":[0,8,1,9],"texture":"#stone_slab_top"},"west":{"uv":[0,8,1,9],"texture":"#stone_slab_top"},"up":{"uv":[0,8,1,9],"texture":"#stone_slab_top"},"down":{"uv":[0,8,1,9],"texture":"#stone_slab_top"}}},{"from":[12.5,4.5,7],"to":[14.5,8,8.5],"faces":{"north":{"uv":[0,8,1,9],"texture":"#stone_slab_top"},"east":{"uv":[0,8,1,9],"texture":"#stone_slab_top"},"south":{"uv":[0,8,1,9],"texture":"#stone_slab_top"},"west":{"uv":[0,8,1,9],"texture":"#stone_slab_top"},"up":{"uv":[0,8,1,9],"texture":"#stone_slab_top"},"down":{"uv":[0,8,1,9],"texture":"#stone_slab_top"}}},{"from":[-2.5,4,-1],"to":[18,4.5,27],"faces":{"north":{"uv":[0,0,16,16],"texture":"#stone_slab_top"},"east":{"uv":[0,0,16,16],"texture":"#stone_slab_top"},"south":{"uv":[0,0,16,16],"texture":"#stone_slab_top"},"west":{"uv":[0,0,16,16],"texture":"#stone_slab_top"},"up":{"uv":[0,0,16,16],"texture":"#stone_slab_top"},"down":{"uv":[0,0,16,16],"texture":"#stone_slab_top"}}},{"from":[-3.15746,3.875,-1.27792],"to":[1.34254,10,-0.27792],"rotation":{"angle":22.5,"axis":"y","origin":[-3.15746,4,-1.27792]},"faces":{"north":{"uv":[3,0,9,16],"texture":"#frame"},"east":{"uv":[0,0,16,16],"texture":"#frame"},"south":{"uv":[3,0,9,16],"texture":"#frame"},"west":{"uv":[0,0,16,16],"texture":"#frame"},"up":{"uv":[0,0,16,16],"texture":"#frame"},"down":{"uv":[0,0,16,16],"texture":"#frame"}}},{"from":[9,1,2.5],"to":[9.5,4,22],"faces":{"north":{"uv":[1.5,11,2,14],"texture":"#remmen"},"east":{"uv":[1.5,8.5,14.5,14.5],"texture":"#remmen"},"south":{"uv":[1.5,11,2,14],"texture":"#remmen"},"west":{"uv":[1.5,8.5,14.5,14.5],"texture":"#remmen"},"up":{"uv":[15,2.5,15.5,16],"texture":"#remmen"},"down":{"uv":[15,2.5,15.5,16],"texture":"#remmen"}}},{"from":[6.5,1,2.5],"to":[7,4,22],"faces":{"north":{"uv":[1.5,11,2,14],"texture":"#remmen"},"east":{"uv":[1,9,15,15],"texture":"#remmen"},"south":{"uv":[1.5,11,2,14],"texture":"#remmen"},"west":{"uv":[1.5,8.5,14.5,14.5],"texture":"#remmen"},"up":{"uv":[15,2.5,15.5,16],"texture":"#remmen"},"down":{"uv":[15,2.5,15.5,16],"texture":"#remmen"}}},{"from":[-3,2.5,7],"to":[-2,5.5,22],"faces":{"north":{"uv":[6,9,8.5,10],"texture":"#frame"},"east":{"uv":[6,9,8.5,10],"texture":"#frame"},"south":{"uv":[6,9,8.5,10],"texture":"#frame"},"west":{"uv":[6,9,8.5,10],"texture":"#frame"},"up":{"uv":[6,9,8.5,10],"texture":"#frame"},"down":{"uv":[6,9,8.5,10],"texture":"#frame"}}},{"from":[-3,4,-1],"to":[-2,5,7],"faces":{"north":{"uv":[6,9,8.5,10],"texture":"#frame"},"east":{"uv":[6,9,8.5,10],"texture":"#frame"},"south":{"uv":[6,9,8.5,10],"texture":"#frame"},"west":{"uv":[6,9,8.5,10],"texture":"#frame"},"up":{"uv":[6,9,8.5,10],"texture":"#frame"},"down":{"uv":[6,9,8.5,10],"texture":"#frame"}}},{"from":[-3,2,7],"to":[-2,2.5,20.5],"faces":{"north":{"uv":[6,9,8.5,10],"texture":"#frame"},"east":{"uv":[6,9,8.5,10],"texture":"#frame"},"south":{"uv":[6,9,8.5,10],"texture":"#frame"},"west":{"uv":[6,9,8.5,10],"texture":"#frame"},"up":{"uv":[6,9,8.5,10],"texture":"#frame"},"down":{"uv":[6,9,8.5,10],"texture":"#frame"}}},{"from":[-3,3.5,22],"to":[-2,6,27.5],"faces":{"north":{"uv":[6,9,8.5,10],"texture":"#frame"},"east":{"uv":[6,9,8.5,10],"texture":"#frame"},"south":{"uv":[6,9,8.5,10],"texture":"#frame"},"west":{"uv":[6,9,8.5,10],"texture":"#frame"},"up":{"uv":[6,9,8.5,10],"texture":"#frame"},"down":{"uv":[6,9,8.5,10],"texture":"#frame"}}},{"from":[-3,4.25,20.125],"to":[-2,5.25,22.125],"rotation":{"angle":-22.5,"axis":"x","origin":[-3,5.25,20.125]},"faces":{"north":{"uv":[6,9,8.5,10],"texture":"#frame"},"east":{"uv":[6,9,8.5,10],"texture":"#frame"},"south":{"uv":[6,9,8.5,10],"texture":"#frame"},"west":{"uv":[6,9,8.5,10],"texture":"#frame"},"up":{"uv":[6,9,8.5,10],"texture":"#frame"},"down":{"uv":[6,9,8.5,10],"texture":"#frame"}}},{"from":[0,0,23],"to":[1.5,2.5,25.5],"faces":{"north":{"uv":[4,4,12,12],"texture":"#wielen inner"},"east":{"uv":[4,4,12,12],"texture":"#wielen inner"},"south":{"uv":[5,5,11,11],"texture":"#wielen inner"},"west":{"uv":[4,4,12,12],"texture":"#wielen inner"},"up":{"uv":[4,4,12,12],"texture":"#wielen inner"},"down":{"uv":[4,4,12,12],"texture":"#wielen inner"}}},{"from":[0,2.5,23],"to":[1.5,3,25.5],"faces":{"north":{"uv":[0,15,1,16],"texture":"#anvil"},"east":{"uv":[0,15,1,16],"texture":"#anvil"},"south":{"uv":[0,15,1,16],"texture":"#anvil"},"west":{"uv":[0,15,1,16],"texture":"#anvil"},"up":{"uv":[0,15,1,16],"texture":"#anvil"},"down":{"uv":[0,15,1,16],"texture":"#anvil"}}},{"from":[0,-0.5,23],"to":[1.5,0,25.5],"faces":{"north":{"uv":[0,15,1,16],"texture":"#anvil"},"east":{"uv":[0,15,1,16],"texture":"#anvil"},"south":{"uv":[0,15,1,16],"texture":"#anvil"},"west":{"uv":[0,15,1,16],"texture":"#anvil"},"up":{"uv":[0,15,1,16],"texture":"#anvil"},"down":{"uv":[0,15,1,16],"texture":"#anvil"}}},{"from":[14.5,0,27.5],"to":[16,2.5,30],"faces":{"north":{"uv":[4,4,12,12],"texture":"#wielen inner"},"east":{"uv":[4,4,12,12],"texture":"#wielen inner"},"south":{"uv":[4,4,12,12],"texture":"#wielen inner"},"west":{"uv":[4,4,12,12],"texture":"#wielen inner"},"up":{"uv":[4,4,12,12],"texture":"#wielen inner"},"down":{"uv":[4,4,12,12],"texture":"#wielen inner"}}},{"from":[16,-2,23.5],"to":[16.5,-1,25.5],"faces":{"north":{"uv":[0,15,1,16],"texture":"#anvil"},"east":{"uv":[0,15,1,16],"texture":"#anvil"},"south":{"uv":[0,15,1,16],"texture":"#anvil"},"west":{"uv":[0,15,1,16],"texture":"#anvil"},"up":{"uv":[0,15,1,16],"texture":"#anvil"},"down":{"uv":[0,15,1,16],"texture":"#anvil"}}},{"from":[16.5,-2,29.4375],"to":[18.5,-1,29.9375],"faces":{"north":{"uv":[0,15,1,16],"texture":"#anvil"},"east":{"uv":[0,15,1,16],"texture":"#anvil"},"south":{"uv":[0,15,1,16],"texture":"#anvil"},"west":{"uv":[0,15,1,16],"texture":"#anvil"},"up":{"uv":[0,15,1,16],"texture":"#anvil"},"down":{"uv":[0,15,1,16],"texture":"#anvil"}}},{"from":[0,0,22.5],"to":[1.5,2.5,23],"faces":{"north":{"uv":[0,15,1,16],"texture":"#anvil"},"east":{"uv":[0,15,1,16],"texture":"#anvil"},"south":{"uv":[0,15,1,16],"texture":"#anvil"},"west":{"uv":[0,15,1,16],"texture":"#anvil"},"up":{"uv":[0,15,1,16],"texture":"#anvil"},"down":{"uv":[0,15,1,16],"texture":"#anvil"}}},{"from":[16.5,-2,23],"to":[18.5,-1,23.5],"faces":{"north":{"uv":[0,15,1,16],"texture":"#anvil"},"east":{"uv":[0,15,1,16],"texture":"#anvil"},"south":{"uv":[0,15,1,16],"texture":"#anvil"},"west":{"uv":[0,15,1,16],"texture":"#anvil"},"up":{"uv":[0,15,1,16],"texture":"#anvil"},"down":{"uv":[0,15,1,16],"texture":"#anvil"}}},{"from":[0,0,25.5],"to":[1.5,2.5,26],"faces":{"north":{"uv":[0,15,1,16],"texture":"#anvil"},"east":{"uv":[0,15,1,16],"texture":"#anvil"},"south":{"uv":[0,15,1,16],"texture":"#anvil"},"west":{"uv":[0,15,1,16],"texture":"#anvil"},"up":{"uv":[0,15,1,16],"texture":"#anvil"},"down":{"uv":[0,15,1,16],"texture":"#anvil"}}},{"from":[-0.5,0.5,24],"to":[0,2,29],"faces":{"north":{"uv":[0,15,1,16],"texture":"#stone_slab_top"},"east":{"uv":[0,15,1,16],"texture":"#stone_slab_top"},"south":{"uv":[0,15,1,16],"texture":"#stone_slab_top"},"west":{"uv":[0,15,1,16],"texture":"#stone_slab_top"},"up":{"uv":[0,15,1,16],"texture":"#stone_slab_top"},"down":{"uv":[0,15,1,16],"texture":"#stone_slab_top"}}},{"from":[-3,3.5,27],"to":[19,6,28],"faces":{"north":{"uv":[6,9,8.5,10],"texture":"#frame"},"east":{"uv":[6,9,8.5,10],"texture":"#frame"},"south":{"uv":[6,9,8.5,10],"texture":"#frame"},"west":{"uv":[6,9,8.5,10],"texture":"#frame"},"up":{"uv":[6,9,8.5,10],"texture":"#frame"},"down":{"uv":[6,9,8.5,10],"texture":"#frame"}}},{"from":[2,2.5,22],"to":[14,3.5,27.5],"faces":{"north":{"uv":[0,0,12,1],"texture":"#stone_slab_top"},"east":{"uv":[0,0,5.5,1],"texture":"#stone_slab_top"},"south":{"uv":[0,0,12,1],"texture":"#stone_slab_top"},"west":{"uv":[0,0,5.5,1],"texture":"#stone_slab_top"},"up":{"uv":[0,0,12,5.5],"texture":"#stone_slab_top"},"down":{"uv":[0,0,12,5.5],"texture":"#stone_slab_top"}}},{"from":[14.5,0,30],"to":[16,2.5,30.5],"faces":{"north":{"uv":[0,15,1,16],"texture":"#anvil"},"east":{"uv":[0,15,1,16],"texture":"#anvil"},"south":{"uv":[0,15,1,16],"texture":"#anvil"},"west":{"uv":[0,15,1,16],"texture":"#anvil"},"up":{"uv":[0,15,1,16],"texture":"#anvil"},"down":{"uv":[0,15,1,16],"texture":"#anvil"}}},{"from":[14.5,-0.5,27.5],"to":[16,0,30],"faces":{"north":{"uv":[0,15,1,16],"texture":"#anvil"},"east":{"uv":[0,15,1,16],"texture":"#anvil"},"south":{"uv":[0,15,1,16],"texture":"#anvil"},"west":{"uv":[0,15,1,16],"texture":"#anvil"},"up":{"uv":[0,15,1,16],"texture":"#anvil"},"down":{"uv":[0,15,1,16],"texture":"#anvil"}}},{"from":[14.5,2.5,27.5],"to":[16,3,30],"faces":{"north":{"uv":[0,15,1,16],"texture":"#anvil"},"east":{"uv":[0,15,1,16],"texture":"#anvil"},"south":{"uv":[0,15,1,16],"texture":"#anvil"},"west":{"uv":[0,15,1,16],"texture":"#anvil"},"up":{"uv":[0,15,1,16],"texture":"#anvil"},"down":{"uv":[0,15,1,16],"texture":"#anvil"}}},{"from":[16,0.5,24],"to":[16.5,2,29],"faces":{"north":{"uv":[0,15,1,16],"texture":"#stone_slab_top"},"east":{"uv":[0,15,1,16],"texture":"#stone_slab_top"},"south":{"uv":[0,15,1,16],"texture":"#stone_slab_top"},"west":{"uv":[0,15,1,16],"texture":"#stone_slab_top"},"up":{"uv":[0,15,1,16],"texture":"#stone_slab_top"},"down":{"uv":[0,15,1,16],"texture":"#stone_slab_top"}}},{"from":[16.5,1,25.5],"to":[19.5,2,27.5],"rotation":{"angle":-45,"axis":"z","origin":[16.5,2,25.5]},"faces":{"north":{"uv":[0,15,1,16],"texture":"#stone_slab_top"},"east":{"uv":[0,15,1,16],"texture":"#stone_slab_top"},"south":{"uv":[0,15,1,16],"texture":"#stone_slab_top"},"west":{"uv":[0,15,1,16],"texture":"#stone_slab_top"},"up":{"uv":[0,15,1,16],"texture":"#stone_slab_top"},"down":{"uv":[0,15,1,16],"texture":"#stone_slab_top"}}},{"from":[17.5,-1,25.5],"to":[19,0,27.5],"faces":{"north":{"uv":[0,15,1,16],"texture":"#stone_slab_top"},"east":{"uv":[0,15,1,16],"texture":"#stone_slab_top"},"south":{"uv":[0,15,1,16],"texture":"#stone_slab_top"},"west":{"uv":[0,15,1,16],"texture":"#stone_slab_top"},"up":{"uv":[0,15,1,16],"texture":"#stone_slab_top"},"down":{"uv":[0,15,1,16],"texture":"#stone_slab_top"}}},{"from":[17,-2.5,24.5],"to":[18.5,-2,28.5],"faces":{"north":{"uv":[0,15,1,16],"texture":"#stone_slab_top"},"east":{"uv":[0,15,1,16],"texture":"#stone_slab_top"},"south":{"uv":[0,15,1,16],"texture":"#stone_slab_top"},"west":{"uv":[0,15,1,16],"texture":"#stone_slab_top"},"up":{"uv":[0,15,1,16],"texture":"#stone_slab_top"},"down":{"uv":[0,15,1,16],"texture":"#stone_slab_top"}}},{"from":[18.5,-2.5,26],"to":[19,-1,27],"faces":{"north":{"uv":[0,15,1,16],"texture":"#stone_slab_top"},"east":{"uv":[0,15,1,16],"texture":"#stone_slab_top"},"south":{"uv":[0,15,1,16],"texture":"#stone_slab_top"},"west":{"uv":[0,15,1,16],"texture":"#stone_slab_top"},"up":{"uv":[0,15,1,16],"texture":"#stone_slab_top"},"down":{"uv":[0,15,1,16],"texture":"#stone_slab_top"}}},{"from":[17,-1,24.5],"to":[18.5,-0.5,28.5],"faces":{"north":{"uv":[0,15,1,16],"texture":"#stone_slab_top"},"east":{"uv":[0,15,1,16],"texture":"#stone_slab_top"},"south":{"uv":[0,15,1,16],"texture":"#stone_slab_top"},"west":{"uv":[0,15,1,16],"texture":"#stone_slab_top"},"up":{"uv":[0,15,1,16],"texture":"#stone_slab_top"},"down":{"uv":[0,15,1,16],"texture":"#stone_slab_top"}}},{"from":[16.5,-2,23.5],"to":[18.5,-1,25.5],"faces":{"north":{"uv":[4,4,12,12],"texture":"#wielen inner"},"east":{"uv":[4,4,12,12],"texture":"#wielen inner"},"south":{"uv":[4,4,12,12],"texture":"#wielen inner"},"west":{"uv":[4,4,12,12],"texture":"#wielen inner"},"up":{"uv":[4,4,12,12],"texture":"#wielen inner"},"down":{"uv":[4,4,12,12],"texture":"#wielen inner"}}},{"from":[14.5,0,27],"to":[16,2.5,27.5],"faces":{"north":{"uv":[0,15,1,16],"texture":"#anvil"},"east":{"uv":[0,15,1,16],"texture":"#anvil"},"south":{"uv":[0,15,1,16],"texture":"#anvil"},"west":{"uv":[0,15,1,16],"texture":"#anvil"},"up":{"uv":[0,15,1,16],"texture":"#anvil"},"down":{"uv":[0,15,1,16],"texture":"#anvil"}}},{"from":[14.5,0,25.5],"to":[16,2.5,26],"faces":{"north":{"uv":[0,15,1,16],"texture":"#anvil"},"east":{"uv":[0,15,1,16],"texture":"#anvil"},"south":{"uv":[0,15,1,16],"texture":"#anvil"},"west":{"uv":[0,15,1,16],"texture":"#anvil"},"up":{"uv":[0,15,1,16],"texture":"#anvil"},"down":{"uv":[0,15,1,16],"texture":"#anvil"}}},{"from":[14.5,2.5,23],"to":[16,3,25.5],"faces":{"north":{"uv":[0,15,1,16],"texture":"#anvil"},"east":{"uv":[0,15,1,16],"texture":"#anvil"},"south":{"uv":[0,15,1,16],"texture":"#anvil"},"west":{"uv":[0,15,1,16],"texture":"#anvil"},"up":{"uv":[0,15,1,16],"texture":"#anvil"},"down":{"uv":[0,15,1,16],"texture":"#anvil"}}},{"from":[14.5,-0.5,23],"to":[16,0,25.5],"faces":{"north":{"uv":[0,15,1,16],"texture":"#anvil"},"east":{"uv":[0,15,1,16],"texture":"#anvil"},"south":{"uv":[0,15,1,16],"texture":"#anvil"},"west":{"uv":[0,15,1,16],"texture":"#anvil"},"up":{"uv":[0,15,1,16],"texture":"#anvil"},"down":{"uv":[0,15,1,16],"texture":"#anvil"}}},{"from":[14.5,0,22.5],"to":[16,2.5,23],"faces":{"north":{"uv":[0,15,1,16],"texture":"#anvil"},"east":{"uv":[0,15,1,16],"texture":"#anvil"},"south":{"uv":[0,15,1,16],"texture":"#anvil"},"west":{"uv":[0,15,1,16],"texture":"#anvil"},"up":{"uv":[0,15,1,16],"texture":"#anvil"},"down":{"uv":[0,15,1,16],"texture":"#anvil"}}},{"from":[14.5,0,23],"to":[16,2.5,25.5],"faces":{"north":{"uv":[4,4,12,12],"texture":"#wielen inner"},"east":{"uv":[4,4,12,12],"texture":"#wielen inner"},"south":{"uv":[4,4,12,12],"texture":"#wielen inner"},"west":{"uv":[4,4,12,12],"texture":"#wielen inner"},"up":{"uv":[4,4,12,12],"texture":"#wielen inner"},"down":{"uv":[4,4,12,12],"texture":"#wielen inner"}}},{"from":[-0.5,2,26],"to":[0.5,4,27],"faces":{"north":{"uv":[0,15,1,16],"texture":"#stone_slab_top"},"east":{"uv":[0,15,1,16],"texture":"#stone_slab_top"},"south":{"uv":[0,15,1,16],"texture":"#stone_slab_top"},"west":{"uv":[0,15,1,16],"texture":"#stone_slab_top"},"up":{"uv":[0,15,1,16],"texture":"#stone_slab_top"},"down":{"uv":[0,15,1,16],"texture":"#stone_slab_top"}}},{"from":[15.5,2,26],"to":[16.5,4,27],"faces":{"north":{"uv":[0,15,1,16],"texture":"#stone_slab_top"},"east":{"uv":[0,15,1,16],"texture":"#stone_slab_top"},"south":{"uv":[0,15,1,16],"texture":"#stone_slab_top"},"west":{"uv":[0,15,1,16],"texture":"#stone_slab_top"},"up":{"uv":[0,15,1,16],"texture":"#stone_slab_top"},"down":{"uv":[0,15,1,16],"texture":"#stone_slab_top"}}},{"from":[0,3,26],"to":[16,4,27],"faces":{"north":{"uv":[0,15,1,16],"texture":"#stone_slab_top"},"east":{"uv":[0,15,1,16],"texture":"#stone_slab_top"},"south":{"uv":[0,15,1,16],"texture":"#stone_slab_top"},"west":{"uv":[0,15,1,16],"texture":"#stone_slab_top"},"up":{"uv":[0,15,1,16],"texture":"#stone_slab_top"},"down":{"uv":[0,15,1,16],"texture":"#stone_slab_top"}}},{"from":[-3,3.5625,4.6875],"to":[-2,4.5625,7.1875],"rotation":{"angle":-22.5,"axis":"x","origin":[-3,4.5625,4.6875]},"faces":{"north":{"uv":[6,9,8.5,10],"texture":"#frame"},"east":{"uv":[6,9,8.5,10],"texture":"#frame"},"south":{"uv":[6,9,8.5,10],"texture":"#frame"},"west":{"uv":[6,9,8.5,10],"texture":"#frame"},"up":{"uv":[6,9,8.5,10],"texture":"#frame"},"down":{"uv":[6,9,8.5,10],"texture":"#frame"}}},{"from":[18,2.5,7],"to":[19,5.5,22],"faces":{"north":{"uv":[6,9,8.5,10],"texture":"#frame"},"east":{"uv":[6,9,8.5,10],"texture":"#frame"},"south":{"uv":[6,9,8.5,10],"texture":"#frame"},"west":{"uv":[6,9,8.5,10],"texture":"#frame"},"up":{"uv":[6,9,8.5,10],"texture":"#frame"},"down":{"uv":[6,9,8.5,10],"texture":"#frame"}}},{"from":[18,3.5,22],"to":[19,6,27.5],"faces":{"north":{"uv":[6,9,8.5,10],"texture":"#frame"},"east":{"uv":[6,9,8.5,10],"texture":"#frame"},"south":{"uv":[6,9,8.5,10],"texture":"#frame"},"west":{"uv":[6,9,8.5,10],"texture":"#frame"},"up":{"uv":[6,9,8.5,10],"texture":"#frame"},"down":{"uv":[6,9,8.5,10],"texture":"#frame"}}},{"from":[18,2,7],"to":[19,2.5,20.5],"faces":{"north":{"uv":[6,9,8.5,10],"texture":"#frame"},"east":{"uv":[6,9,8.5,10],"texture":"#frame"},"south":{"uv":[6,9,8.5,10],"texture":"#frame"},"west":{"uv":[6,9,8.5,10],"texture":"#frame"},"up":{"uv":[6,9,8.5,10],"texture":"#frame"},"down":{"uv":[6,9,8.5,10],"texture":"#frame"}}},{"from":[18.5,-2,23.5],"to":[19,-1,25.5],"faces":{"north":{"uv":[0,15,1,16],"texture":"#anvil"},"east":{"uv":[0,15,1,16],"texture":"#anvil"},"south":{"uv":[0,15,1,16],"texture":"#anvil"},"west":{"uv":[0,15,1,16],"texture":"#anvil"},"up":{"uv":[0,15,1,16],"texture":"#anvil"},"down":{"uv":[0,15,1,16],"texture":"#anvil"}}},{"from":[16.5,-2,27],"to":[18.5,-1,27.5],"faces":{"north":{"uv":[0,15,1,16],"texture":"#anvil"},"east":{"uv":[0,15,1,16],"texture":"#anvil"},"south":{"uv":[0,15,1,16],"texture":"#anvil"},"west":{"uv":[0,15,1,16],"texture":"#anvil"},"up":{"uv":[0,15,1,16],"texture":"#anvil"},"down":{"uv":[0,15,1,16],"texture":"#anvil"}}},{"from":[16.5,-2,27.5],"to":[18.5,-1,29.5],"faces":{"north":{"uv":[4,4,12,12],"texture":"#wielen inner"},"east":{"uv":[4,4,12,12],"texture":"#wielen inner"},"south":{"uv":[4,4,12,12],"texture":"#wielen inner"},"west":{"uv":[4,4,12,12],"texture":"#wielen inner"},"up":{"uv":[4,4,12,12],"texture":"#wielen inner"},"down":{"uv":[4,4,12,12],"texture":"#wielen inner"}}},{"from":[18.5,-2,27.5],"to":[19,-1,29.5],"faces":{"north":{"uv":[0,15,1,16],"texture":"#anvil"},"east":{"uv":[0,15,1,16],"texture":"#anvil"},"south":{"uv":[0,15,1,16],"texture":"#anvil"},"west":{"uv":[0,15,1,16],"texture":"#anvil"},"up":{"uv":[0,15,1,16],"texture":"#anvil"},"down":{"uv":[0,15,1,16],"texture":"#anvil"}}},{"from":[16,-2,27.5],"to":[16.5,-1,29.5],"faces":{"north":{"uv":[0,15,1,16],"texture":"#anvil"},"east":{"uv":[0,15,1,16],"texture":"#anvil"},"south":{"uv":[0,15,1,16],"texture":"#anvil"},"west":{"uv":[0,15,1,16],"texture":"#anvil"},"up":{"uv":[0,15,1,16],"texture":"#anvil"},"down":{"uv":[0,15,1,16],"texture":"#anvil"}}},{"from":[16.5,-2,25.4375],"to":[18.5,-1,25.9375],"faces":{"north":{"uv":[0,15,1,16],"texture":"#anvil"},"east":{"uv":[0,15,1,16],"texture":"#anvil"},"south":{"uv":[0,15,1,16],"texture":"#anvil"},"west":{"uv":[0,15,1,16],"texture":"#anvil"},"up":{"uv":[0,15,1,16],"texture":"#anvil"},"down":{"uv":[0,15,1,16],"texture":"#anvil"}}},{"from":[0,0,27.5],"to":[1.5,2.5,30],"faces":{"north":{"uv":[4,4,12,12],"texture":"#wielen inner"},"east":{"uv":[4,4,12,12],"texture":"#wielen inner"},"south":{"uv":[4,4,12,12],"texture":"#wielen inner"},"west":{"uv":[4,4,12,12],"texture":"#wielen inner"},"up":{"uv":[4,4,12,12],"texture":"#wielen inner"},"down":{"uv":[4,4,12,12],"texture":"#wielen inner"}}},{"from":[0,0,27],"to":[1.5,2.5,27.5],"faces":{"north":{"uv":[0,15,1,16],"texture":"#anvil"},"east":{"uv":[0,15,1,16],"texture":"#anvil"},"south":{"uv":[0,15,1,16],"texture":"#anvil"},"west":{"uv":[0,15,1,16],"texture":"#anvil"},"up":{"uv":[0,15,1,16],"texture":"#anvil"},"down":{"uv":[0,15,1,16],"texture":"#anvil"}}},{"from":[0,0,30],"to":[1.5,2.5,30.5],"faces":{"north":{"uv":[0,15,1,16],"texture":"#anvil"},"east":{"uv":[0,15,1,16],"texture":"#anvil"},"south":{"uv":[0,15,1,16],"texture":"#anvil"},"west":{"uv":[0,15,1,16],"texture":"#anvil"},"up":{"uv":[0,15,1,16],"texture":"#anvil"},"down":{"uv":[0,15,1,16],"texture":"#anvil"}}},{"from":[0,2.5,27.5],"to":[1.5,3,30],"faces":{"north":{"uv":[0,15,1,16],"texture":"#anvil"},"east":{"uv":[0,15,1,16],"texture":"#anvil"},"south":{"uv":[0,15,1,16],"texture":"#anvil"},"west":{"uv":[0,15,1,16],"texture":"#anvil"},"up":{"uv":[0,15,1,16],"texture":"#anvil"},"down":{"uv":[0,15,1,16],"texture":"#anvil"}}},{"from":[0,-0.5,27.5],"to":[1.5,0,30],"faces":{"north":{"uv":[0,15,1,16],"texture":"#anvil"},"east":{"uv":[0,15,1,16],"texture":"#anvil"},"south":{"uv":[0,15,1,16],"texture":"#anvil"},"west":{"uv":[0,15,1,16],"texture":"#anvil"},"up":{"uv":[0,15,1,16],"texture":"#anvil"},"down":{"uv":[0,15,1,16],"texture":"#anvil"}}},{"from":[-2.5,-2,27.5],"to":[-0.5,-1,29.5],"faces":{"north":{"uv":[4,4,12,12],"texture":"#wielen inner"},"east":{"uv":[4,4,12,12],"texture":"#wielen inner"},"south":{"uv":[4,4,12,12],"texture":"#wielen inner"},"west":{"uv":[4,4,12,12],"texture":"#wielen inner"},"up":{"uv":[4,4,12,12],"texture":"#wielen inner"},"down":{"uv":[4,4,12,12],"texture":"#wielen inner"}}},{"from":[-3,-2,27.5],"to":[-2.5,-1,29.5],"faces":{"north":{"uv":[0,15,1,16],"texture":"#anvil"},"east":{"uv":[0,15,1,16],"texture":"#anvil"},"south":{"uv":[0,15,1,16],"texture":"#anvil"},"west":{"uv":[0,15,1,16],"texture":"#anvil"},"up":{"uv":[0,15,1,16],"texture":"#anvil"},"down":{"uv":[0,15,1,16],"texture":"#anvil"}}},{"from":[-0.5,-2,27.5],"to":[0,-1,29.5],"faces":{"north":{"uv":[0,15,1,16],"texture":"#anvil"},"east":{"uv":[0,15,1,16],"texture":"#anvil"},"south":{"uv":[0,15,1,16],"texture":"#anvil"},"west":{"uv":[0,15,1,16],"texture":"#anvil"},"up":{"uv":[0,15,1,16],"texture":"#anvil"},"down":{"uv":[0,15,1,16],"texture":"#anvil"}}},{"from":[-2.5,-2,29.5],"to":[-0.5,-1,30],"faces":{"north":{"uv":[0,15,1,16],"texture":"#anvil"},"east":{"uv":[0,15,1,16],"texture":"#anvil"},"south":{"uv":[0,15,1,16],"texture":"#anvil"},"west":{"uv":[0,15,1,16],"texture":"#anvil"},"up":{"uv":[0,15,1,16],"texture":"#anvil"},"down":{"uv":[0,15,1,16],"texture":"#anvil"}}},{"from":[-2.5,-2,27],"to":[-0.5,-1,27.5],"faces":{"north":{"uv":[0,15,1,16],"texture":"#anvil"},"east":{"uv":[0,15,1,16],"texture":"#anvil"},"south":{"uv":[0,15,1,16],"texture":"#anvil"},"west":{"uv":[0,15,1,16],"texture":"#anvil"},"up":{"uv":[0,15,1,16],"texture":"#anvil"},"down":{"uv":[0,15,1,16],"texture":"#anvil"}}},{"from":[-2.5,-2,23.5],"to":[-0.5,-1,25.5],"faces":{"north":{"uv":[4,4,12,12],"texture":"#wielen inner"},"east":{"uv":[4,4,12,12],"texture":"#wielen inner"},"south":{"uv":[4,4,12,12],"texture":"#wielen inner"},"west":{"uv":[4,4,12,12],"texture":"#wielen inner"},"up":{"uv":[4,4,12,12],"texture":"#wielen inner"},"down":{"uv":[4,4,12,12],"texture":"#wielen inner"}}},{"from":[-2.5,-2,23],"to":[-0.5,-1,23.5],"faces":{"north":{"uv":[0,15,1,16],"texture":"#anvil"},"east":{"uv":[0,15,1,16],"texture":"#anvil"},"south":{"uv":[0,15,1,16],"texture":"#anvil"},"west":{"uv":[0,15,1,16],"texture":"#anvil"},"up":{"uv":[0,15,1,16],"texture":"#anvil"},"down":{"uv":[0,15,1,16],"texture":"#anvil"}}},{"from":[-0.5,-2,23.5],"to":[0,-1,25.5],"faces":{"north":{"uv":[0,15,1,16],"texture":"#anvil"},"east":{"uv":[0,15,1,16],"texture":"#anvil"},"south":{"uv":[0,15,1,16],"texture":"#anvil"},"west":{"uv":[0,15,1,16],"texture":"#anvil"},"up":{"uv":[0,15,1,16],"texture":"#anvil"},"down":{"uv":[0,15,1,16],"texture":"#anvil"}}},{"from":[-2.5,-2,25.5],"to":[-0.5,-1,26],"faces":{"north":{"uv":[0,15,1,16],"texture":"#anvil"},"east":{"uv":[0,15,1,16],"texture":"#anvil"},"south":{"uv":[0,15,1,16],"texture":"#anvil"},"west":{"uv":[0,15,1,16],"texture":"#anvil"},"up":{"uv":[0,15,1,16],"texture":"#anvil"},"down":{"uv":[0,15,1,16],"texture":"#anvil"}}},{"from":[-3,-2,23.5],"to":[-2.5,-1,25.5],"faces":{"north":{"uv":[0,15,1,16],"texture":"#anvil"},"east":{"uv":[0,15,1,16],"texture":"#anvil"},"south":{"uv":[0,15,1,16],"texture":"#anvil"},"west":{"uv":[0,15,1,16],"texture":"#anvil"},"up":{"uv":[0,15,1,16],"texture":"#anvil"},"down":{"uv":[0,15,1,16],"texture":"#anvil"}}},{"from":[-2.625,-1.125,25.5],"to":[0.375,-0.125,27.5],"rotation":{"angle":45,"axis":"z","origin":[-2.625,-0.125,25.5]},"faces":{"north":{"uv":[0,15,1,16],"texture":"#stone_slab_top"},"east":{"uv":[0,15,1,16],"texture":"#stone_slab_top"},"south":{"uv":[0,15,1,16],"texture":"#stone_slab_top"},"west":{"uv":[0,15,1,16],"texture":"#stone_slab_top"},"up":{"uv":[0,15,1,16],"texture":"#stone_slab_top"},"down":{"uv":[0,15,1,16],"texture":"#stone_slab_top"}}},{"from":[-3,-1,25.5],"to":[-1.5,0,27.5],"faces":{"north":{"uv":[0,15,1,16],"texture":"#stone_slab_top"},"east":{"uv":[0,15,1,16],"texture":"#stone_slab_top"},"south":{"uv":[0,15,1,16],"texture":"#stone_slab_top"},"west":{"uv":[0,15,1,16],"texture":"#stone_slab_top"},"up":{"uv":[0,15,1,16],"texture":"#stone_slab_top"},"down":{"uv":[0,15,1,16],"texture":"#stone_slab_top"}}},{"from":[-3,-2.5,26],"to":[-2.5,-1,27],"faces":{"north":{"uv":[0,15,1,16],"texture":"#stone_slab_top"},"east":{"uv":[0,15,1,16],"texture":"#stone_slab_top"},"south":{"uv":[0,15,1,16],"texture":"#stone_slab_top"},"west":{"uv":[0,15,1,16],"texture":"#stone_slab_top"},"up":{"uv":[0,15,1,16],"texture":"#stone_slab_top"},"down":{"uv":[0,15,1,16],"texture":"#stone_slab_top"}}},{"from":[-2.5,-1,24.5],"to":[-1,-0.5,28.5],"faces":{"north":{"uv":[0,15,1,16],"texture":"#stone_slab_top"},"east":{"uv":[0,15,1,16],"texture":"#stone_slab_top"},"south":{"uv":[0,15,1,16],"texture":"#stone_slab_top"},"west":{"uv":[0,15,1,16],"texture":"#stone_slab_top"},"up":{"uv":[0,15,1,16],"texture":"#stone_slab_top"},"down":{"uv":[0,15,1,16],"texture":"#stone_slab_top"}}},{"from":[-2.5,-2.5,24.5],"to":[-1,-2,28.5],"faces":{"north":{"uv":[0,15,1,16],"texture":"#stone_slab_top"},"east":{"uv":[0,15,1,16],"texture":"#stone_slab_top"},"south":{"uv":[0,15,1,16],"texture":"#stone_slab_top"},"west":{"uv":[0,15,1,16],"texture":"#stone_slab_top"},"up":{"uv":[0,15,1,16],"texture":"#stone_slab_top"},"down":{"uv":[0,15,1,16],"texture":"#stone_slab_top"}}},{"from":[-3,1.875,19.9375],"to":[-2,3.375,24.9375],"rotation":{"angle":-22.5,"axis":"x","origin":[-3,3.375,19.9375]},"faces":{"north":{"uv":[6,9,8.5,10],"texture":"#frame"},"east":{"uv":[6,9,8.5,10],"texture":"#frame"},"south":{"uv":[6,9,8.5,10],"texture":"#frame"},"west":{"uv":[6,9,8.5,10],"texture":"#frame"},"up":{"uv":[6,9,8.5,10],"texture":"#frame"},"down":{"uv":[6,9,8.5,10],"texture":"#frame"}}},{"from":[18,1.875,19.9375],"to":[19,3.375,24.9375],"rotation":{"angle":-22.5,"axis":"x","origin":[18,3.375,19.9375]},"faces":{"north":{"uv":[6,9,8.5,10],"texture":"#frame"},"east":{"uv":[6,9,8.5,10],"texture":"#frame"},"south":{"uv":[6,9,8.5,10],"texture":"#frame"},"west":{"uv":[6,9,8.5,10],"texture":"#frame"},"up":{"uv":[6,9,8.5,10],"texture":"#frame"},"down":{"uv":[6,9,8.5,10],"texture":"#frame"}}},{"from":[18,3.5625,4.6875],"to":[19,4.5625,7.1875],"rotation":{"angle":-22.5,"axis":"x","origin":[18,4.5625,4.6875]},"faces":{"north":{"uv":[6,9,8.5,10],"texture":"#frame"},"east":{"uv":[6,9,8.5,10],"texture":"#frame"},"south":{"uv":[6,9,8.5,10],"texture":"#frame"},"west":{"uv":[6,9,8.5,10],"texture":"#frame"},"up":{"uv":[6,9,8.5,10],"texture":"#frame"},"down":{"uv":[6,9,8.5,10],"texture":"#frame"}}},{"from":[-2,3,3],"to":[18,4,23],"faces":{"north":{"uv":[0,12,16,13],"texture":"#stone_slab_top"},"east":{"uv":[0,12,13,13],"texture":"#stone_slab_top"},"south":{"uv":[0,12,16,13],"texture":"#stone_slab_top"},"west":{"uv":[3,12,16,13],"texture":"#stone_slab_top"},"up":{"uv":[0,3,16,16],"texture":"#stone_slab_top"},"down":{"uv":[16,16,0,3],"texture":"#stone_slab_top"}}},{"from":[18,4.25,20.125],"to":[19,5.25,22.125],"rotation":{"angle":-22.5,"axis":"x","origin":[18,5.25,20.125]},"faces":{"north":{"uv":[6,9,8.5,10],"texture":"#frame"},"east":{"uv":[6,9,8.5,10],"texture":"#frame"},"south":{"uv":[6,9,8.5,10],"texture":"#frame"},"west":{"uv":[6,9,8.5,10],"texture":"#frame"},"up":{"uv":[6,9,8.5,10],"texture":"#frame"},"down":{"uv":[6,9,8.5,10],"texture":"#frame"}}},{"from":[-2,3.88059,0.89798],"to":[18,4.38059,3.57298],"rotation":{"angle":22.5,"axis":"x","origin":[-2,4.88059,1.07298]},"faces":{"north":{"uv":[0,11.1875,16,12.1875],"texture":"#stone_slab_top"},"east":{"uv":[12.4375,11.1875,14.9375,12.1875],"texture":"#stone_slab_top"},"south":{"uv":[0,11.1875,16,12.1875],"texture":"#stone_slab_top"},"west":{"uv":[1.0625,11.1875,3.5625,12.1875],"texture":"#stone_slab_top"},"up":{"uv":[0,1.0625,16,3.5625],"texture":"#stone_slab_top"},"down":{"uv":[16,3.5625,0,1.0625],"texture":"#stone_slab_top"}}},{"from":[-3,3,2],"to":[-2,4,8.5],"faces":{"north":{"uv":[6,9,8.5,10],"texture":"#frame"},"east":{"uv":[6,9,8.5,10],"texture":"#frame"},"south":{"uv":[6,9,8.5,10],"texture":"#frame"},"west":{"uv":[6,9,8.5,10],"texture":"#frame"},"up":{"uv":[6,9,8.5,10],"texture":"#frame"},"down":{"uv":[6,9,8.5,10],"texture":"#frame"}}},{"from":[-3,3.5,0],"to":[-2,4,2],"faces":{"north":{"uv":[6,9,8.5,10],"texture":"#frame"},"east":{"uv":[6,9,8.5,10],"texture":"#frame"},"south":{"uv":[6,9,8.5,10],"texture":"#frame"},"west":{"uv":[6,9,8.5,10],"texture":"#frame"},"up":{"uv":[6,9,8.5,10],"texture":"#frame"},"down":{"uv":[6,9,8.5,10],"texture":"#frame"}}},{"from":[-3,2.5,4],"to":[-2,3,7.5],"faces":{"north":{"uv":[6,9,8.5,10],"texture":"#frame"},"east":{"uv":[6,9,8.5,10],"texture":"#frame"},"south":{"uv":[6,9,8.5,10],"texture":"#frame"},"west":{"uv":[6,9,8.5,10],"texture":"#frame"},"up":{"uv":[6,9,8.5,10],"texture":"#frame"},"down":{"uv":[6,9,8.5,10],"texture":"#frame"}}},{"from":[18,2.5,6],"to":[19,3.5,7.5],"rotation":{"angle":22.5,"axis":"x","origin":[18,3.5,6]},"faces":{"north":{"uv":[6,9,8.5,10],"texture":"#frame"},"east":{"uv":[6,9,8.5,10],"texture":"#frame"},"south":{"uv":[6,9,8.5,10],"texture":"#frame"},"west":{"uv":[6,9,8.5,10],"texture":"#frame"},"up":{"uv":[6,9,8.5,10],"texture":"#frame"},"down":{"uv":[6,9,8.5,10],"texture":"#frame"}}},{"from":[18,2.5,4],"to":[19,3,7.5],"faces":{"north":{"uv":[6,9,8.5,10],"texture":"#frame"},"east":{"uv":[6,9,8.5,10],"texture":"#frame"},"south":{"uv":[6,9,8.5,10],"texture":"#frame"},"west":{"uv":[6,9,8.5,10],"texture":"#frame"},"up":{"uv":[6,9,8.5,10],"texture":"#frame"},"down":{"uv":[6,9,8.5,10],"texture":"#frame"}}},{"from":[18,3,2],"to":[19,4,8.5],"faces":{"north":{"uv":[6,9,8.5,10],"texture":"#frame"},"east":{"uv":[6,9,8.5,10],"texture":"#frame"},"south":{"uv":[6,9,8.5,10],"texture":"#frame"},"west":{"uv":[6,9,8.5,10],"texture":"#frame"},"up":{"uv":[6,9,8.5,10],"texture":"#frame"},"down":{"uv":[6,9,8.5,10],"texture":"#frame"}}},{"from":[18,3.5,0],"to":[19,4,2],"faces":{"north":{"uv":[6,9,8.5,10],"texture":"#frame"},"east":{"uv":[6,9,8.5,10],"texture":"#frame"},"south":{"uv":[6,9,8.5,10],"texture":"#frame"},"west":{"uv":[6,9,8.5,10],"texture":"#frame"},"up":{"uv":[6,9,8.5,10],"texture":"#frame"},"down":{"uv":[6,9,8.5,10],"texture":"#frame"}}},{"from":[18,4,-1],"to":[19,5,7],"faces":{"north":{"uv":[6,9,8.5,10],"texture":"#frame"},"east":{"uv":[6,9,8.5,10],"texture":"#frame"},"south":{"uv":[6,9,8.5,10],"texture":"#frame"},"west":{"uv":[6,9,8.5,10],"texture":"#frame"},"up":{"uv":[6,9,8.5,10],"texture":"#frame"},"down":{"uv":[6,9,8.5,10],"texture":"#frame"}}},{"from":[-3,2.5,6],"to":[-2,3.5,7.5],"rotation":{"angle":22.5,"axis":"x","origin":[-3,3.5,6]},"faces":{"north":{"uv":[6,9,8.5,10],"texture":"#frame"},"east":{"uv":[6,9,8.5,10],"texture":"#frame"},"south":{"uv":[6,9,8.5,10],"texture":"#frame"},"west":{"uv":[6,9,8.5,10],"texture":"#frame"},"up":{"uv":[6,9,8.5,10],"texture":"#frame"},"down":{"uv":[6,9,8.5,10],"texture":"#frame"}}},{"from":[18,3,3],"to":[19,4,4.5],"rotation":{"angle":22.5,"axis":"x","origin":[18,4,3]},"faces":{"north":{"uv":[6,9,8.5,10],"texture":"#frame"},"east":{"uv":[6,9,8.5,10],"texture":"#frame"},"south":{"uv":[6,9,8.5,10],"texture":"#frame"},"west":{"uv":[6,9,8.5,10],"texture":"#frame"},"up":{"uv":[6,9,8.5,10],"texture":"#frame"},"down":{"uv":[6,9,8.5,10],"texture":"#frame"}}},{"from":[-3,3,3],"to":[-2,4,4.5],"rotation":{"angle":22.5,"axis":"x","origin":[-3,4,3]},"faces":{"north":{"uv":[6,9,8.5,10],"texture":"#frame"},"east":{"uv":[6,9,8.5,10],"texture":"#frame"},"south":{"uv":[6,9,8.5,10],"texture":"#frame"},"west":{"uv":[6,9,8.5,10],"texture":"#frame"},"up":{"uv":[6,9,8.5,10],"texture":"#frame"},"down":{"uv":[6,9,8.5,10],"texture":"#frame"}}},{"from":[18,3.5,1],"to":[19,4.5,2.5],"rotation":{"angle":22.5,"axis":"x","origin":[18,4.5,1]},"faces":{"north":{"uv":[6,9,8.5,10],"texture":"#frame"},"east":{"uv":[6,9,8.5,10],"texture":"#frame"},"south":{"uv":[6,9,8.5,10],"texture":"#frame"},"west":{"uv":[6,9,8.5,10],"texture":"#frame"},"up":{"uv":[6,9,8.5,10],"texture":"#frame"},"down":{"uv":[6,9,8.5,10],"texture":"#frame"}}},{"from":[-3,3.5,1],"to":[-2,4.5,2.5],"rotation":{"angle":22.5,"axis":"x","origin":[-3,4.5,1]},"faces":{"north":{"uv":[6,9,8.5,10],"texture":"#frame"},"east":{"uv":[6,9,8.5,10],"texture":"#frame"},"south":{"uv":[6,9,8.5,10],"texture":"#frame"},"west":{"uv":[6,9,8.5,10],"texture":"#frame"},"up":{"uv":[6,9,8.5,10],"texture":"#frame"},"down":{"uv":[6,9,8.5,10],"texture":"#frame"}}},{"from":[18,3.8125,-0.5625],"to":[19,4.8125,0.4375],"rotation":{"angle":22.5,"axis":"x","origin":[18,4.8125,-0.5625]},"faces":{"north":{"uv":[6,9,8.5,10],"texture":"#frame"},"east":{"uv":[6,9,8.5,10],"texture":"#frame"},"south":{"uv":[6,9,8.5,10],"texture":"#frame"},"west":{"uv":[6,9,8.5,10],"texture":"#frame"},"up":{"uv":[6,9,8.5,10],"texture":"#frame"},"down":{"uv":[6,9,8.5,10],"texture":"#frame"}}},{"from":[-3,3.8125,-0.5625],"to":[-2,4.8125,0.4375],"rotation":{"angle":22.5,"axis":"x","origin":[-3,4.8125,-0.5625]},"faces":{"north":{"uv":[6,9,8.5,10],"texture":"#frame"},"east":{"uv":[6,9,8.5,10],"texture":"#frame"},"south":{"uv":[6,9,8.5,10],"texture":"#frame"},"west":{"uv":[6,9,8.5,10],"texture":"#frame"},"up":{"uv":[6,9,8.5,10],"texture":"#frame"},"down":{"uv":[6,9,8.5,10],"texture":"#frame"}}},{"from":[-1.325,4,-1.975],"to":[17.425,4.5,-1],"faces":{"north":{"uv":[0,0,16,1],"texture":"#stone_slab_top"},"east":{"uv":[0,0,16,1],"texture":"#stone_slab_top"},"south":{"uv":[0,0,16,1],"texture":"#stone_slab_top"},"west":{"uv":[0,0,16,1],"texture":"#stone_slab_top"},"up":{"uv":[0,0,16,1],"texture":"#stone_slab_top"},"down":{"uv":[0,0,16,1],"texture":"#stone_slab_top"}}},{"from":[10,7,6.5],"to":[17,8,10],"faces":{"north":{"uv":[0,8,1,9],"texture":"#stone_slab_top"},"east":{"uv":[0,8,1,9],"texture":"#stone_slab_top"},"south":{"uv":[0,8,1,9],"texture":"#stone_slab_top"},"west":{"uv":[0,8,1,9],"texture":"#stone_slab_top"},"up":{"uv":[0,8,1,9],"texture":"#stone_slab_top"},"down":{"uv":[0,8,1,9],"texture":"#stone_slab_top"}}},{"from":[-1,7,6.5],"to":[6,8,10],"faces":{"north":{"uv":[0,8,1,9],"texture":"#stone_slab_top"},"east":{"uv":[0,8,1,9],"texture":"#stone_slab_top"},"south":{"uv":[0,8,1,9],"texture":"#stone_slab_top"},"west":{"uv":[0,8,1,9],"texture":"#stone_slab_top"},"up":{"uv":[0,8,1,9],"texture":"#stone_slab_top"},"down":{"uv":[0,8,1,9],"texture":"#stone_slab_top"}}},{"from":[-1,7,22.5],"to":[6,8,26],"faces":{"north":{"uv":[0,8,1,9],"texture":"#stone_slab_top"},"east":{"uv":[0,8,1,9],"texture":"#stone_slab_top"},"south":{"uv":[0,8,1,9],"texture":"#stone_slab_top"},"west":{"uv":[0,8,1,9],"texture":"#stone_slab_top"},"up":{"uv":[0,8,1,9],"texture":"#stone_slab_top"},"down":{"uv":[0,8,1,9],"texture":"#stone_slab_top"}}},{"from":[10,7,22.5],"to":[17,8,26],"faces":{"north":{"uv":[0,8,1,9],"texture":"#stone_slab_top"},"east":{"uv":[0,8,1,9],"texture":"#stone_slab_top"},"south":{"uv":[0,8,1,9],"texture":"#stone_slab_top"},"west":{"uv":[0,8,1,9],"texture":"#stone_slab_top"},"up":{"uv":[0,8,1,9],"texture":"#stone_slab_top"},"down":{"uv":[0,8,1,9],"texture":"#stone_slab_top"}}},{"from":[15,3.875,-3],"to":[19.5,10,-2],"rotation":{"angle":-22.5,"axis":"y","origin":[15,4,-3]},"faces":{"north":{"uv":[6,0,12,16],"texture":"#frame"},"east":{"uv":[0,0,11,16],"texture":"#frame"},"south":{"uv":[6,0,12,16],"texture":"#frame"},"west":{"uv":[0,0,11,16],"texture":"#frame"},"up":{"uv":[0,0,10.5,16],"texture":"#frame"},"down":{"uv":[0,0,10.5,16],"texture":"#frame"}}},{"from":[15,11,-2.5],"to":[19.5,12,-1.5],"rotation":{"angle":-22.5,"axis":"y","origin":[15,11,-2.5]},"faces":{"north":{"uv":[3,10,8,12],"texture":"#remmen"},"east":{"uv":[3,10,5,12],"texture":"#remmen"},"south":{"uv":[3,10,8,12],"texture":"#remmen"},"west":{"uv":[3,10,8,12],"texture":"#remmen"},"up":{"uv":[3,10,8,12],"texture":"#remmen"},"down":{"uv":[3,10,8,12],"texture":"#remmen"}}},{"from":[1,11,-2.5],"to":[15,12,-1.5],"faces":{"north":{"uv":[2,10,14,12],"texture":"#remmen"},"east":{"uv":[2,10,14,12],"texture":"#remmen"},"south":{"uv":[2,10,14,12],"texture":"#remmen"},"west":{"uv":[2,10,14,12],"texture":"#remmen"},"up":{"uv":[2,10,14,12],"texture":"#remmen"},"down":{"uv":[2,10,14,12],"texture":"#remmen"}}},{"from":[-3.15746,11,-0.77792],"to":[1.34254,12,0.22208],"rotation":{"angle":22.5,"axis":"y","origin":[-3.15746,11,-0.77792]},"faces":{"north":{"uv":[3,10,8,12],"texture":"#remmen"},"east":{"uv":[3,10,8,12],"texture":"#remmen"},"south":{"uv":[3,10,8,12],"texture":"#remmen"},"west":{"uv":[3,10,5,12],"texture":"#remmen"},"up":{"uv":[3,10,8,12],"texture":"#remmen"},"down":{"uv":[3,10,8,12],"texture":"#remmen"}}},{"from":[1.5,9.5,-2],"to":[2.5,11.5,-1.5],"rotation":{"angle":22.5,"axis":"x","origin":[1.5,11.5,-2]},"faces":{"north":{"uv":[2,10,5,13],"texture":"#remmen"},"east":{"uv":[2,10,5,13],"texture":"#remmen"},"south":{"uv":[2,10,5,13],"texture":"#remmen"},"west":{"uv":[2,10,5,13],"texture":"#remmen"},"up":{"uv":[2,10,5,13],"texture":"#remmen"},"down":{"uv":[2,10,5,13],"texture":"#remmen"}}},{"from":[13.5,9.5,-2],"to":[14.5,11.5,-1.5],"rotation":{"angle":22.5,"axis":"x","origin":[13.5,11.5,-2]},"faces":{"north":{"uv":[2,10,5,13],"texture":"#remmen"},"east":{"uv":[2,10,5,13],"texture":"#remmen"},"south":{"uv":[2,10,5,13],"texture":"#remmen"},"west":{"uv":[2,10,5,13],"texture":"#remmen"},"up":{"uv":[2,10,5,13],"texture":"#remmen"},"down":{"uv":[2,10,5,13],"texture":"#remmen"}}},{"from":[12,24.0625,11.9625],"to":[15,25.4125,14.0875],"rotation":{"angle":45,"axis":"x","origin":[12,25.4375,12.0625]},"faces":{"north":{"uv":[10.5,15,16,16],"texture":"#stone_slab_top"},"east":{"uv":[10.5,15,16,16],"texture":"#stone_slab_top"},"south":{"uv":[10.5,15,16,16],"texture":"#stone_slab_top"},"west":{"uv":[10.5,15,16,16],"texture":"#stone_slab_top"},"up":{"uv":[10.5,15,16,16],"texture":"#stone_slab_top"},"down":{"uv":[10.5,15,16,16],"texture":"#stone_slab_top"}}},{"from":[11.5,20.5,12],"to":[15.5,24,13.5],"faces":{"north":{"uv":[10.5,15,16,16],"texture":"#stone_slab_top"},"east":{"uv":[10.5,15,16,16],"texture":"#stone_slab_top"},"south":{"uv":[10.5,15,16,16],"texture":"#stone_slab_top"},"west":{"uv":[10.5,15,16,16],"texture":"#stone_slab_top"},"up":{"uv":[10.5,15,16,16],"texture":"#stone_slab_top"},"down":{"uv":[10.5,15,16,16],"texture":"#stone_slab_top"}}},{"from":[11.5,21,11],"to":[15.5,25.5,12],"faces":{"north":{"uv":[0,0,4,4.5],"texture":"#anvil"},"east":{"uv":[0,0,1,4.5],"texture":"#anvil"},"south":{"uv":[0,0,4,4.5],"texture":"#anvil"},"west":{"uv":[0,0,1,4.5],"texture":"#anvil"},"up":{"uv":[0,0,4,1],"texture":"#anvil"},"down":{"uv":[0,0,4,1],"texture":"#anvil"}}},{"from":[11.5,19.375,12.5625],"to":[15.5,20.88731,13.57214],"rotation":{"angle":22.5,"axis":"x","origin":[11.5,20.875,12.5625]},"faces":{"north":{"uv":[10.5,15,16,16],"texture":"#stone_slab_top"},"east":{"uv":[10.5,15,16,16],"texture":"#stone_slab_top"},"south":{"uv":[10.5,15,16,16],"texture":"#stone_slab_top"},"west":{"uv":[10.5,15,16,16],"texture":"#stone_slab_top"},"up":{"uv":[10.5,15,16,16],"texture":"#stone_slab_top"},"down":{"uv":[10.5,15,16,16],"texture":"#stone_slab_top"}}},{"from":[12,19,12.5],"to":[15,20.5,13],"faces":{"north":{"uv":[10.5,15,16,16],"texture":"#stone_slab_top"},"east":{"uv":[10.5,15,16,16],"texture":"#stone_slab_top"},"south":{"uv":[10.5,15,16,16],"texture":"#stone_slab_top"},"west":{"uv":[10.5,15,16,16],"texture":"#stone_slab_top"},"up":{"uv":[10.5,15,16,16],"texture":"#stone_slab_top"},"down":{"uv":[10.5,15,16,16],"texture":"#stone_slab_top"}}},{"from":[12.5,10.07574,12],"to":[14.5,19,12.98995],"faces":{"north":{"uv":[1.5,0,3.5,6],"texture":"#stone_slab_top"},"east":{"uv":[3,0,4,6],"texture":"#stone_slab_top"},"south":{"uv":[12.5,0,14.5,6],"texture":"#stone_slab_top"},"west":{"uv":[12,0,13,6],"texture":"#stone_slab_top"},"up":{"uv":[12.5,12,14.5,13],"texture":"#stone_slab_top"},"down":{"uv":[3.5,13,1.5,12],"texture":"#stone_slab_top"}}},{"from":[15.04539,16.31283,11.501],"to":[16.04539,20.01283,12.501],"rotation":{"angle":22.5,"axis":"z","origin":[15.04539,20.31283,11.501]},"faces":{"north":{"uv":[0,0,1,3.7],"texture":"#anvil"},"east":{"uv":[0,0,1,3.7],"texture":"#anvil"},"south":{"uv":[0,0,1,3.7],"texture":"#anvil"},"west":{"uv":[0,0,1,3.7],"texture":"#anvil"},"up":{"uv":[0,0,1,1],"texture":"#anvil"},"down":{"uv":[0,0,1,1],"texture":"#anvil"}}},{"from":[12.5,6.6,12],"to":[14.5,10.9,13],"rotation":{"angle":45,"axis":"x","origin":[12.5,10.5,12]},"faces":{"north":{"uv":[1.5,5.5,3.5,9.5],"texture":"#stone_slab_top"},"east":{"uv":[3,5.5,4,9.5],"texture":"#stone_slab_top"},"south":{"uv":[12.5,5.5,14.5,9.5],"texture":"#stone_slab_top"},"west":{"uv":[12,5.5,13,9.5],"texture":"#stone_slab_top"},"up":{"uv":[12.5,12,14.5,13],"texture":"#stone_slab_top"},"down":{"uv":[3.5,13,1.5,12],"texture":"#stone_slab_top"}}},{"from":[10.5,17,11.5],"to":[16.5,20.5,12.5],"faces":{"north":{"uv":[0,0,6,3.5],"texture":"#anvil"},"east":{"uv":[0,0,1,3.5],"texture":"#anvil"},"south":{"uv":[0,0,6,3.5],"texture":"#anvil"},"west":{"uv":[0,0,1,3.5],"texture":"#anvil"},"up":{"uv":[0,0,6,1],"texture":"#anvil"},"down":{"uv":[0,0,6,1],"texture":"#anvil"}}},{"from":[11.03073,16.69552,11.501],"to":[12.03073,20.39552,12.501],"rotation":{"angle":-22.5,"axis":"z","origin":[11.03073,20.69552,11.501]},"faces":{"north":{"uv":[0,0,1,3.7],"texture":"#anvil"},"east":{"uv":[0,0,1,3.7],"texture":"#anvil"},"south":{"uv":[0,0,1,3.7],"texture":"#anvil"},"west":{"uv":[0,0,1,3.7],"texture":"#anvil"},"up":{"uv":[0,0,1,1],"texture":"#anvil"},"down":{"uv":[0,0,1,1],"texture":"#anvil"}}},{"from":[9.5,12.02417,11.5],"to":[17.5,17,12.49529],"faces":{"north":{"uv":[0,0,8,4.97583],"texture":"#anvil"},"east":{"uv":[0,0,0.99529,4.97583],"texture":"#anvil"},"south":{"uv":[0,0,8,4.97583],"texture":"#anvil"},"west":{"uv":[0,0,0.99529,4.97583],"texture":"#anvil"},"up":{"uv":[0,0,8,0.99529],"texture":"#anvil"},"down":{"uv":[0,0,8,0.99529],"texture":"#anvil"}}},{"from":[11.5,20,11],"to":[15.5,21,12],"rotation":{"angle":-22.5,"axis":"x","origin":[11.5,21,11]},"faces":{"north":{"uv":[0,0,4,1],"texture":"#anvil"},"east":{"uv":[0,0,1,1],"texture":"#anvil"},"south":{"uv":[0,0,4,1],"texture":"#anvil"},"west":{"uv":[0,0,1,1],"texture":"#anvil"},"up":{"uv":[0,0,4,1],"texture":"#anvil"},"down":{"uv":[0,0,4,1],"texture":"#anvil"}}},{"from":[9.5,8.12132,10.70711],"to":[17.5,10.12132,11.70711],"rotation":{"angle":45,"axis":"x","origin":[9.5,10.12132,10.70711]},"faces":{"north":{"uv":[0,0,8,2],"texture":"#anvil"},"east":{"uv":[0,0,1,2],"texture":"#anvil"},"south":{"uv":[0,0,8,2],"texture":"#anvil"},"west":{"uv":[0,0,1,2],"texture":"#anvil"},"up":{"uv":[0,0,8,1],"texture":"#anvil"},"down":{"uv":[0,0,8,1],"texture":"#anvil"}}},{"from":[9.5,9.6066,11.44704],"to":[17.5,12.4316,12.44704],"rotation":{"angle":22.5,"axis":"x","origin":[9.5,12.1066,11.44704]},"faces":{"north":{"uv":[0,0,8,2.825],"texture":"#anvil"},"east":{"uv":[0,0,1,2.825],"texture":"#anvil"},"south":{"uv":[0,0,8,2.825],"texture":"#anvil"},"west":{"uv":[0,0,1,2.825],"texture":"#anvil"},"up":{"uv":[0,0,8,1],"texture":"#anvil"},"down":{"uv":[0,0,8,1],"texture":"#anvil"}}},{"from":[9.5,8,5],"to":[17.5,9,10],"faces":{"north":{"uv":[0,0,8,1],"texture":"#anvil"},"east":{"uv":[0,0,5,1],"texture":"#anvil"},"south":{"uv":[0,0,8,1],"texture":"#anvil"},"west":{"uv":[0,0,5,1],"texture":"#anvil"},"up":{"uv":[0,0,8,5],"texture":"#anvil"},"down":{"uv":[0,0,8,5],"texture":"#anvil"}}},{"from":[13,8.5625,5.625],"to":[14,9.5625,7.125],"rotation":{"angle":22.5,"axis":"x","origin":[13,9.5625,5.625]},"faces":{"north":{"uv":[0,0,1,1],"texture":"#anvil"},"east":{"uv":[0,0,1.5,1],"texture":"#anvil"},"south":{"uv":[0,0,1,1],"texture":"#anvil"},"west":{"uv":[0,0,1.5,1],"texture":"#anvil"},"up":{"uv":[0,0,1,1.5],"texture":"#anvil"},"down":{"uv":[0,0,1,1.5],"texture":"#anvil"}}},{"from":[14,7.61732,4.07612],"to":[17.5,8.61732,5.07612],"rotation":{"angle":-22.5,"axis":"x","origin":[14,8.61732,4.07612]},"faces":{"north":{"uv":[0,0,3.5,1],"texture":"#anvil"},"east":{"uv":[0,0,1,1],"texture":"#anvil"},"south":{"uv":[0,0,3.5,1],"texture":"#anvil"},"west":{"uv":[0,0,1,1],"texture":"#anvil"},"up":{"uv":[0,0,3.5,1],"texture":"#anvil"},"down":{"uv":[0,0,3.5,1],"texture":"#anvil"}}},{"from":[9.5,7.61732,4.07612],"to":[13,8.61732,5.07612],"rotation":{"angle":-22.5,"axis":"x","origin":[9.5,8.61732,4.07612]},"faces":{"north":{"uv":[0,0,3.5,1],"texture":"#anvil"},"east":{"uv":[0,0,1,1],"texture":"#anvil"},"south":{"uv":[0,0,3.5,1],"texture":"#anvil"},"west":{"uv":[0,0,1,1],"texture":"#anvil"},"up":{"uv":[0,0,3.5,1],"texture":"#anvil"},"down":{"uv":[0,0,3.5,1],"texture":"#anvil"}}},{"from":[9,7.5,7.5],"to":[10,10,11],"rotation":{"angle":-45,"axis":"x","origin":[9,10,7.5]},"faces":{"north":{"uv":[6,9,8.5,10],"texture":"#frame"},"east":{"uv":[6,9,8.5,10],"texture":"#frame"},"south":{"uv":[6,9,8.5,10],"texture":"#frame"},"west":{"uv":[6,9,8.5,10],"texture":"#frame"},"up":{"uv":[6,9,8.5,10],"texture":"#frame"},"down":{"uv":[6,9,8.5,10],"texture":"#frame"}}},{"from":[17,7.5,7.5],"to":[18,10,11],"rotation":{"angle":-45,"axis":"x","origin":[17,10,7.5]},"faces":{"north":{"uv":[6,9,8.5,10],"texture":"#frame"},"east":{"uv":[6,9,8.5,10],"texture":"#frame"},"south":{"uv":[6,9,8.5,10],"texture":"#frame"},"west":{"uv":[6,9,8.5,10],"texture":"#frame"},"up":{"uv":[6,9,8.5,10],"texture":"#frame"},"down":{"uv":[6,9,8.5,10],"texture":"#frame"}}},{"from":[1,24.0625,11.9625],"to":[4,25.4125,14.0875],"rotation":{"angle":45,"axis":"x","origin":[1,25.4375,12.0625]},"faces":{"north":{"uv":[10.5,15,16,16],"texture":"#stone_slab_top"},"east":{"uv":[10.5,15,16,16],"texture":"#stone_slab_top"},"south":{"uv":[10.5,15,16,16],"texture":"#stone_slab_top"},"west":{"uv":[10.5,15,16,16],"texture":"#stone_slab_top"},"up":{"uv":[10.5,15,16,16],"texture":"#stone_slab_top"},"down":{"uv":[10.5,15,16,16],"texture":"#stone_slab_top"}}},{"from":[0.5,20.5,12],"to":[4.5,24,13.5],"faces":{"north":{"uv":[10.5,15,16,16],"texture":"#stone_slab_top"},"east":{"uv":[10.5,15,16,16],"texture":"#stone_slab_top"},"south":{"uv":[10.5,15,16,16],"texture":"#stone_slab_top"},"west":{"uv":[10.5,15,16,16],"texture":"#stone_slab_top"},"up":{"uv":[10.5,15,16,16],"texture":"#stone_slab_top"},"down":{"uv":[10.5,15,16,16],"texture":"#stone_slab_top"}}},{"from":[0.5,21,11],"to":[4.5,25.5,12],"faces":{"north":{"uv":[0,0,4,4.5],"texture":"#anvil"},"east":{"uv":[0,0,1,4.5],"texture":"#anvil"},"south":{"uv":[0,0,4,4.5],"texture":"#anvil"},"west":{"uv":[0,0,1,4.5],"texture":"#anvil"},"up":{"uv":[0,0,4,1],"texture":"#anvil"},"down":{"uv":[0,0,4,1],"texture":"#anvil"}}},{"from":[0.5,19.375,12.5625],"to":[4.5,20.88731,13.57214],"rotation":{"angle":22.5,"axis":"x","origin":[0.5,20.875,12.5625]},"faces":{"north":{"uv":[10.5,15,16,16],"texture":"#stone_slab_top"},"east":{"uv":[10.5,15,16,16],"texture":"#stone_slab_top"},"south":{"uv":[10.5,15,16,16],"texture":"#stone_slab_top"},"west":{"uv":[10.5,15,16,16],"texture":"#stone_slab_top"},"up":{"uv":[10.5,15,16,16],"texture":"#stone_slab_top"},"down":{"uv":[10.5,15,16,16],"texture":"#stone_slab_top"}}},{"from":[1,19,12.5],"to":[4,20.5,13],"faces":{"north":{"uv":[10.5,15,16,16],"texture":"#stone_slab_top"},"east":{"uv":[10.5,15,16,16],"texture":"#stone_slab_top"},"south":{"uv":[10.5,15,16,16],"texture":"#stone_slab_top"},"west":{"uv":[10.5,15,16,16],"texture":"#stone_slab_top"},"up":{"uv":[10.5,15,16,16],"texture":"#stone_slab_top"},"down":{"uv":[10.5,15,16,16],"texture":"#stone_slab_top"}}},{"from":[1.5,10.07574,12],"to":[3.5,19,12.98995],"faces":{"north":{"uv":[1.5,0,3.5,6],"texture":"#stone_slab_top"},"east":{"uv":[3,0,4,6],"texture":"#stone_slab_top"},"south":{"uv":[12.5,0,14.5,6],"texture":"#stone_slab_top"},"west":{"uv":[12,0,13,6],"texture":"#stone_slab_top"},"up":{"uv":[12.5,12,14.5,13],"texture":"#stone_slab_top"},"down":{"uv":[3.5,13,1.5,12],"texture":"#stone_slab_top"}}},{"from":[4.04539,16.31283,11.501],"to":[5.04539,20.01283,12.501],"rotation":{"angle":22.5,"axis":"z","origin":[4.04539,20.31283,11.501]},"faces":{"north":{"uv":[0,0,1,3.7],"texture":"#anvil"},"east":{"uv":[0,0,1,3.7],"texture":"#anvil"},"south":{"uv":[0,0,1,3.7],"texture":"#anvil"},"west":{"uv":[0,0,1,3.7],"texture":"#anvil"},"up":{"uv":[0,0,1,1],"texture":"#anvil"},"down":{"uv":[0,0,1,1],"texture":"#anvil"}}},{"from":[1.5,6.6,12],"to":[3.5,10.9,13],"rotation":{"angle":45,"axis":"x","origin":[1.5,10.5,12]},"faces":{"north":{"uv":[1.5,5.5,3.5,9.5],"texture":"#stone_slab_top"},"east":{"uv":[3,5.5,4,9.5],"texture":"#stone_slab_top"},"south":{"uv":[12.5,5.5,14.5,9.5],"texture":"#stone_slab_top"},"west":{"uv":[12,5.5,13,9.5],"texture":"#stone_slab_top"},"up":{"uv":[12.5,12,14.5,13],"texture":"#stone_slab_top"},"down":{"uv":[3.5,13,1.5,12],"texture":"#stone_slab_top"}}},{"from":[-0.5,17,11.5],"to":[5.5,20.5,12.5],"faces":{"north":{"uv":[0,0,6,3.5],"texture":"#anvil"},"east":{"uv":[0,0,1,3.5],"texture":"#anvil"},"south":{"uv":[0,0,6,3.5],"texture":"#anvil"},"west":{"uv":[0,0,1,3.5],"texture":"#anvil"},"up":{"uv":[0,0,6,1],"texture":"#anvil"},"down":{"uv":[0,0,6,1],"texture":"#anvil"}}},{"from":[0.03073,16.69552,11.501],"to":[1.03073,20.39552,12.501],"rotation":{"angle":-22.5,"axis":"z","origin":[0.03073,20.69552,11.501]},"faces":{"north":{"uv":[0,0,1,3.7],"texture":"#anvil"},"east":{"uv":[0,0,1,3.7],"texture":"#anvil"},"south":{"uv":[0,0,1,3.7],"texture":"#anvil"},"west":{"uv":[0,0,1,3.7],"texture":"#anvil"},"up":{"uv":[0,0,1,1],"texture":"#anvil"},"down":{"uv":[0,0,1,1],"texture":"#anvil"}}},{"from":[-1.5,12.02417,11.5],"to":[6.5,17,12.49529],"faces":{"north":{"uv":[0,0,8,4.97583],"texture":"#anvil"},"east":{"uv":[0,0,0.99529,4.97583],"texture":"#anvil"},"south":{"uv":[0,0,8,4.97583],"texture":"#anvil"},"west":{"uv":[0,0,0.99529,4.97583],"texture":"#anvil"},"up":{"uv":[0,0,8,0.99529],"texture":"#anvil"},"down":{"uv":[0,0,8,0.99529],"texture":"#anvil"}}},{"from":[0.5,20,11],"to":[4.5,21,12],"rotation":{"angle":-22.5,"axis":"x","origin":[0.5,21,11]},"faces":{"north":{"uv":[0,0,4,1],"texture":"#anvil"},"east":{"uv":[0,0,1,1],"texture":"#anvil"},"south":{"uv":[0,0,4,1],"texture":"#anvil"},"west":{"uv":[0,0,1,1],"texture":"#anvil"},"up":{"uv":[0,0,4,1],"texture":"#anvil"},"down":{"uv":[0,0,4,1],"texture":"#anvil"}}},{"from":[-1.5,8.12132,10.70711],"to":[6.5,10.12132,11.70711],"rotation":{"angle":45,"axis":"x","origin":[-1.5,10.12132,10.70711]},"faces":{"north":{"uv":[0,0,8,2],"texture":"#anvil"},"east":{"uv":[0,0,1,2],"texture":"#anvil"},"south":{"uv":[0,0,8,2],"texture":"#anvil"},"west":{"uv":[0,0,1,2],"texture":"#anvil"},"up":{"uv":[0,0,8,1],"texture":"#anvil"},"down":{"uv":[0,0,8,1],"texture":"#anvil"}}},{"from":[-1.5,9.6066,11.44704],"to":[6.5,12.4316,12.44704],"rotation":{"angle":22.5,"axis":"x","origin":[-1.5,12.1066,11.44704]},"faces":{"north":{"uv":[0,0,8,2.825],"texture":"#anvil"},"east":{"uv":[0,0,1,2.825],"texture":"#anvil"},"south":{"uv":[0,0,8,2.825],"texture":"#anvil"},"west":{"uv":[0,0,1,2.825],"texture":"#anvil"},"up":{"uv":[0,0,8,1],"texture":"#anvil"},"down":{"uv":[0,0,8,1],"texture":"#anvil"}}},{"from":[-1.5,8,5],"to":[6.5,9,10],"faces":{"north":{"uv":[0,0,8,1],"texture":"#anvil"},"east":{"uv":[0,0,5,1],"texture":"#anvil"},"south":{"uv":[0,0,8,1],"texture":"#anvil"},"west":{"uv":[0,0,5,1],"texture":"#anvil"},"up":{"uv":[0,0,8,5],"texture":"#anvil"},"down":{"uv":[0,0,8,5],"texture":"#anvil"}}},{"from":[2,8.5625,5.625],"to":[3,9.5625,7.125],"rotation":{"angle":22.5,"axis":"x","origin":[2,9.5625,5.625]},"faces":{"north":{"uv":[0,0,1,1],"texture":"#anvil"},"east":{"uv":[0,0,1.5,1],"texture":"#anvil"},"south":{"uv":[0,0,1,1],"texture":"#anvil"},"west":{"uv":[0,0,1.5,1],"texture":"#anvil"},"up":{"uv":[0,0,1,1.5],"texture":"#anvil"},"down":{"uv":[0,0,1,1.5],"texture":"#anvil"}}},{"from":[3,7.61732,4.07612],"to":[6.5,8.61732,5.07612],"rotation":{"angle":-22.5,"axis":"x","origin":[3,8.61732,4.07612]},"faces":{"north":{"uv":[0,0,3.5,1],"texture":"#anvil"},"east":{"uv":[0,0,1,1],"texture":"#anvil"},"south":{"uv":[0,0,3.5,1],"texture":"#anvil"},"west":{"uv":[0,0,1,1],"texture":"#anvil"},"up":{"uv":[0,0,3.5,1],"texture":"#anvil"},"down":{"uv":[0,0,3.5,1],"texture":"#anvil"}}},{"from":[-1.5,7.61732,4.07612],"to":[2,8.61732,5.07612],"rotation":{"angle":-22.5,"axis":"x","origin":[-1.5,8.61732,4.07612]},"faces":{"north":{"uv":[0,0,3.5,1],"texture":"#anvil"},"east":{"uv":[0,0,1,1],"texture":"#anvil"},"south":{"uv":[0,0,3.5,1],"texture":"#anvil"},"west":{"uv":[0,0,1,1],"texture":"#anvil"},"up":{"uv":[0,0,3.5,1],"texture":"#anvil"},"down":{"uv":[0,0,3.5,1],"texture":"#anvil"}}},{"from":[-2,7.5,7.5],"to":[-1,10,11],"rotation":{"angle":-45,"axis":"x","origin":[-2,10,7.5]},"faces":{"north":{"uv":[6,9,8.5,10],"texture":"#frame"},"east":{"uv":[6,9,8.5,10],"texture":"#frame"},"south":{"uv":[6,9,8.5,10],"texture":"#frame"},"west":{"uv":[6,9,8.5,10],"texture":"#frame"},"up":{"uv":[6,9,8.5,10],"texture":"#frame"},"down":{"uv":[6,9,8.5,10],"texture":"#frame"}}},{"from":[6,7.5,7.5],"to":[7,10,11],"rotation":{"angle":-45,"axis":"x","origin":[6,10,7.5]},"faces":{"north":{"uv":[6,9,8.5,10],"texture":"#frame"},"east":{"uv":[6,9,8.5,10],"texture":"#frame"},"south":{"uv":[6,9,8.5,10],"texture":"#frame"},"west":{"uv":[6,9,8.5,10],"texture":"#frame"},"up":{"uv":[6,9,8.5,10],"texture":"#frame"},"down":{"uv":[6,9,8.5,10],"texture":"#frame"}}},{"from":[12,24.0625,27.9625],"to":[15,25.4125,30.0875],"rotation":{"angle":45,"axis":"x","origin":[12,25.4375,28.0625]},"faces":{"north":{"uv":[10.5,15,16,16],"texture":"#stone_slab_top"},"east":{"uv":[10.5,15,16,16],"texture":"#stone_slab_top"},"south":{"uv":[10.5,15,16,16],"texture":"#stone_slab_top"},"west":{"uv":[10.5,15,16,16],"texture":"#stone_slab_top"},"up":{"uv":[10.5,15,16,16],"texture":"#stone_slab_top"},"down":{"uv":[10.5,15,16,16],"texture":"#stone_slab_top"}}},{"from":[11.5,20.5,28],"to":[15.5,24,29.5],"faces":{"north":{"uv":[10.5,15,16,16],"texture":"#stone_slab_top"},"east":{"uv":[10.5,15,16,16],"texture":"#stone_slab_top"},"south":{"uv":[10.5,15,16,16],"texture":"#stone_slab_top"},"west":{"uv":[10.5,15,16,16],"texture":"#stone_slab_top"},"up":{"uv":[10.5,15,16,16],"texture":"#stone_slab_top"},"down":{"uv":[10.5,15,16,16],"texture":"#stone_slab_top"}}},{"from":[11.5,21,27],"to":[15.5,25.5,28],"faces":{"north":{"uv":[0,0,4,4.5],"texture":"#anvil"},"east":{"uv":[0,0,1,4.5],"texture":"#anvil"},"south":{"uv":[0,0,4,4.5],"texture":"#anvil"},"west":{"uv":[0,0,1,4.5],"texture":"#anvil"},"up":{"uv":[0,0,4,1],"texture":"#anvil"},"down":{"uv":[0,0,4,1],"texture":"#anvil"}}},{"from":[11.5,19.375,28.5625],"to":[15.5,20.88731,29.57214],"rotation":{"angle":22.5,"axis":"x","origin":[11.5,20.875,28.5625]},"faces":{"north":{"uv":[10.5,15,16,16],"texture":"#stone_slab_top"},"east":{"uv":[10.5,15,16,16],"texture":"#stone_slab_top"},"south":{"uv":[10.5,15,16,16],"texture":"#stone_slab_top"},"west":{"uv":[10.5,15,16,16],"texture":"#stone_slab_top"},"up":{"uv":[10.5,15,16,16],"texture":"#stone_slab_top"},"down":{"uv":[10.5,15,16,16],"texture":"#stone_slab_top"}}},{"from":[12,19,28.5],"to":[15,20.5,29],"faces":{"north":{"uv":[10.5,15,16,16],"texture":"#stone_slab_top"},"east":{"uv":[10.5,15,16,16],"texture":"#stone_slab_top"},"south":{"uv":[10.5,15,16,16],"texture":"#stone_slab_top"},"west":{"uv":[10.5,15,16,16],"texture":"#stone_slab_top"},"up":{"uv":[10.5,15,16,16],"texture":"#stone_slab_top"},"down":{"uv":[10.5,15,16,16],"texture":"#stone_slab_top"}}},{"from":[12.5,10.07574,28],"to":[14.5,19,28.98995],"faces":{"north":{"uv":[1.5,0,3.5,6],"texture":"#stone_slab_top"},"east":{"uv":[3,0,4,6],"texture":"#stone_slab_top"},"south":{"uv":[12.5,0,14.5,6],"texture":"#stone_slab_top"},"west":{"uv":[12,0,13,6],"texture":"#stone_slab_top"},"up":{"uv":[12.5,12,14.5,13],"texture":"#stone_slab_top"},"down":{"uv":[3.5,13,1.5,12],"texture":"#stone_slab_top"}}},{"from":[15.04539,16.31283,27.501],"to":[16.04539,20.01283,28.501],"rotation":{"angle":22.5,"axis":"z","origin":[15.04539,20.31283,27.501]},"faces":{"north":{"uv":[0,0,1,3.7],"texture":"#anvil"},"east":{"uv":[0,0,1,3.7],"texture":"#anvil"},"south":{"uv":[0,0,1,3.7],"texture":"#anvil"},"west":{"uv":[0,0,1,3.7],"texture":"#anvil"},"up":{"uv":[0,0,1,1],"texture":"#anvil"},"down":{"uv":[0,0,1,1],"texture":"#anvil"}}},{"from":[12.5,6.6,28],"to":[14.5,10.9,29],"rotation":{"angle":45,"axis":"x","origin":[12.5,10.5,28]},"faces":{"north":{"uv":[1.5,5.5,3.5,9.5],"texture":"#stone_slab_top"},"east":{"uv":[3,5.5,4,9.5],"texture":"#stone_slab_top"},"south":{"uv":[12.5,5.5,14.5,9.5],"texture":"#stone_slab_top"},"west":{"uv":[12,5.5,13,9.5],"texture":"#stone_slab_top"},"up":{"uv":[12.5,12,14.5,13],"texture":"#stone_slab_top"},"down":{"uv":[3.5,13,1.5,12],"texture":"#stone_slab_top"}}},{"from":[10.5,17,27.5],"to":[16.5,20.5,28.5],"faces":{"north":{"uv":[0,0,6,3.5],"texture":"#anvil"},"east":{"uv":[0,0,1,3.5],"texture":"#anvil"},"south":{"uv":[0,0,6,3.5],"texture":"#anvil"},"west":{"uv":[0,0,1,3.5],"texture":"#anvil"},"up":{"uv":[0,0,6,1],"texture":"#anvil"},"down":{"uv":[0,0,6,1],"texture":"#anvil"}}},{"from":[11.03073,16.69552,27.501],"to":[12.03073,20.39552,28.501],"rotation":{"angle":-22.5,"axis":"z","origin":[11.03073,20.69552,27.501]},"faces":{"north":{"uv":[0,0,1,3.7],"texture":"#anvil"},"east":{"uv":[0,0,1,3.7],"texture":"#anvil"},"south":{"uv":[0,0,1,3.7],"texture":"#anvil"},"west":{"uv":[0,0,1,3.7],"texture":"#anvil"},"up":{"uv":[0,0,1,1],"texture":"#anvil"},"down":{"uv":[0,0,1,1],"texture":"#anvil"}}},{"from":[9.5,12.02417,27.5],"to":[17.5,17,28.49529],"faces":{"north":{"uv":[0,0,8,4.97583],"texture":"#anvil"},"east":{"uv":[0,0,0.99529,4.97583],"texture":"#anvil"},"south":{"uv":[0,0,8,4.97583],"texture":"#anvil"},"west":{"uv":[0,0,0.99529,4.97583],"texture":"#anvil"},"up":{"uv":[0,0,8,0.99529],"texture":"#anvil"},"down":{"uv":[0,0,8,0.99529],"texture":"#anvil"}}},{"from":[11.5,20,27],"to":[15.5,21,28],"rotation":{"angle":-22.5,"axis":"x","origin":[11.5,21,27]},"faces":{"north":{"uv":[0,0,4,1],"texture":"#anvil"},"east":{"uv":[0,0,1,1],"texture":"#anvil"},"south":{"uv":[0,0,4,1],"texture":"#anvil"},"west":{"uv":[0,0,1,1],"texture":"#anvil"},"up":{"uv":[0,0,4,1],"texture":"#anvil"},"down":{"uv":[0,0,4,1],"texture":"#anvil"}}},{"from":[9.5,8.12132,26.70711],"to":[17.5,10.12132,27.70711],"rotation":{"angle":45,"axis":"x","origin":[9.5,10.12132,26.70711]},"faces":{"north":{"uv":[0,0,8,2],"texture":"#anvil"},"east":{"uv":[0,0,1,2],"texture":"#anvil"},"south":{"uv":[0,0,8,2],"texture":"#anvil"},"west":{"uv":[0,0,1,2],"texture":"#anvil"},"up":{"uv":[0,0,8,1],"texture":"#anvil"},"down":{"uv":[0,0,8,1],"texture":"#anvil"}}},{"from":[9.5,9.6066,27.44704],"to":[17.5,12.4316,28.44704],"rotation":{"angle":22.5,"axis":"x","origin":[9.5,12.1066,27.44704]},"faces":{"north":{"uv":[0,0,8,2.825],"texture":"#anvil"},"east":{"uv":[0,0,1,2.825],"texture":"#anvil"},"south":{"uv":[0,0,8,2.825],"texture":"#anvil"},"west":{"uv":[0,0,1,2.825],"texture":"#anvil"},"up":{"uv":[0,0,8,1],"texture":"#anvil"},"down":{"uv":[0,0,8,1],"texture":"#anvil"}}},{"from":[9.5,8,21],"to":[17.5,9,26],"faces":{"north":{"uv":[0,0,8,1],"texture":"#anvil"},"east":{"uv":[0,0,5,1],"texture":"#anvil"},"south":{"uv":[0,0,8,1],"texture":"#anvil"},"west":{"uv":[0,0,5,1],"texture":"#anvil"},"up":{"uv":[0,0,8,5],"texture":"#anvil"},"down":{"uv":[0,0,8,5],"texture":"#anvil"}}},{"from":[13,8.5625,21.625],"to":[14,9.5625,23.125],"rotation":{"angle":22.5,"axis":"x","origin":[13,9.5625,21.625]},"faces":{"north":{"uv":[0,0,1,1],"texture":"#anvil"},"east":{"uv":[0,0,1.5,1],"texture":"#anvil"},"south":{"uv":[0,0,1,1],"texture":"#anvil"},"west":{"uv":[0,0,1.5,1],"texture":"#anvil"},"up":{"uv":[0,0,1,1.5],"texture":"#anvil"},"down":{"uv":[0,0,1,1.5],"texture":"#anvil"}}},{"from":[14,7.61732,20.07612],"to":[17.5,8.61732,21.07612],"rotation":{"angle":-22.5,"axis":"x","origin":[14,8.61732,20.07612]},"faces":{"north":{"uv":[0,0,3.5,1],"texture":"#anvil"},"east":{"uv":[0,0,1,1],"texture":"#anvil"},"south":{"uv":[0,0,3.5,1],"texture":"#anvil"},"west":{"uv":[0,0,1,1],"texture":"#anvil"},"up":{"uv":[0,0,3.5,1],"texture":"#anvil"},"down":{"uv":[0,0,3.5,1],"texture":"#anvil"}}},{"from":[9.5,7.61732,20.07612],"to":[13,8.61732,21.07612],"rotation":{"angle":-22.5,"axis":"x","origin":[9.5,8.61732,20.07612]},"faces":{"north":{"uv":[0,0,3.5,1],"texture":"#anvil"},"east":{"uv":[0,0,1,1],"texture":"#anvil"},"south":{"uv":[0,0,3.5,1],"texture":"#anvil"},"west":{"uv":[0,0,1,1],"texture":"#anvil"},"up":{"uv":[0,0,3.5,1],"texture":"#anvil"},"down":{"uv":[0,0,3.5,1],"texture":"#anvil"}}},{"from":[9,7.5,23.5],"to":[10,10,27],"rotation":{"angle":-45,"axis":"x","origin":[9,10,23.5]},"faces":{"north":{"uv":[6,9,8.5,10],"texture":"#frame"},"east":{"uv":[6,9,8.5,10],"texture":"#frame"},"south":{"uv":[6,9,8.5,10],"texture":"#frame"},"west":{"uv":[6,9,8.5,10],"texture":"#frame"},"up":{"uv":[6,9,8.5,10],"texture":"#frame"},"down":{"uv":[6,9,8.5,10],"texture":"#frame"}}},{"from":[17,7.5,23.5],"to":[18,10,27],"rotation":{"angle":-45,"axis":"x","origin":[17,10,23.5]},"faces":{"north":{"uv":[6,9,8.5,10],"texture":"#frame"},"east":{"uv":[6,9,8.5,10],"texture":"#frame"},"south":{"uv":[6,9,8.5,10],"texture":"#frame"},"west":{"uv":[6,9,8.5,10],"texture":"#frame"},"up":{"uv":[6,9,8.5,10],"texture":"#frame"},"down":{"uv":[6,9,8.5,10],"texture":"#frame"}}},{"from":[1,24.0625,27.9625],"to":[4,25.4125,30.0875],"rotation":{"angle":45,"axis":"x","origin":[1,25.4375,28.0625]},"faces":{"north":{"uv":[10.5,15,12,16],"texture":"#stone_slab_top"},"east":{"uv":[10.5,15,12,16],"texture":"#stone_slab_top"},"south":{"uv":[10.5,15,12,16],"texture":"#stone_slab_top"},"west":{"uv":[10.5,15,12,16],"texture":"#stone_slab_top"},"up":{"uv":[10.5,15,12,16],"texture":"#stone_slab_top"},"down":{"uv":[10.5,15,12,16],"texture":"#stone_slab_top"}}},{"from":[0.5,20.5,28],"to":[4.5,24,29.5],"faces":{"north":{"uv":[10.5,15,12,16],"texture":"#stone_slab_top"},"east":{"uv":[10.5,15,12,16],"texture":"#stone_slab_top"},"south":{"uv":[10.5,15,12,16],"texture":"#stone_slab_top"},"west":{"uv":[10.5,15,12,16],"texture":"#stone_slab_top"},"up":{"uv":[10.5,15,12,16],"texture":"#stone_slab_top"},"down":{"uv":[10.5,15,12,16],"texture":"#stone_slab_top"}}},{"from":[0.5,21,27],"to":[4.5,25.5,28],"faces":{"north":{"uv":[0,0,4,4.5],"texture":"#anvil"},"east":{"uv":[0,0,1,4.5],"texture":"#anvil"},"south":{"uv":[0,0,4,4.5],"texture":"#anvil"},"west":{"uv":[0,0,1,4.5],"texture":"#anvil"},"up":{"uv":[0,0,4,1],"texture":"#anvil"},"down":{"uv":[0,0,4,1],"texture":"#anvil"}}},{"from":[0.5,19.375,28.5625],"to":[4.5,20.88731,29.57214],"rotation":{"angle":22.5,"axis":"x","origin":[0.5,20.875,28.5625]},"faces":{"north":{"uv":[10.5,15,12,16],"texture":"#stone_slab_top"},"east":{"uv":[10.5,15,12,16],"texture":"#stone_slab_top"},"south":{"uv":[10.5,15,12,16],"texture":"#stone_slab_top"},"west":{"uv":[10.5,15,12,16],"texture":"#stone_slab_top"},"up":{"uv":[10.5,15,12,16],"texture":"#stone_slab_top"},"down":{"uv":[10.5,15,12,16],"texture":"#stone_slab_top"}}},{"from":[1,19,28.5],"to":[4,20.5,29],"faces":{"north":{"uv":[10.5,15,12,16],"texture":"#stone_slab_top"},"east":{"uv":[10.5,15,12,16],"texture":"#stone_slab_top"},"south":{"uv":[10.5,15,12,16],"texture":"#stone_slab_top"},"west":{"uv":[10.5,15,12,16],"texture":"#stone_slab_top"},"up":{"uv":[10.5,15,12,16],"texture":"#stone_slab_top"},"down":{"uv":[10.5,15,12,16],"texture":"#stone_slab_top"}}},{"from":[1.5,10.07574,28],"to":[3.5,19,28.98995],"faces":{"north":{"uv":[1.5,0,3.5,6],"texture":"#stone_slab_top"},"east":{"uv":[3,0,4,6],"texture":"#stone_slab_top"},"south":{"uv":[12.5,0,14.5,6],"texture":"#stone_slab_top"},"west":{"uv":[12,0,13,6],"texture":"#stone_slab_top"},"up":{"uv":[12.5,12,14.5,13],"texture":"#stone_slab_top"},"down":{"uv":[3.5,13,1.5,12],"texture":"#stone_slab_top"}}},{"from":[4.04539,16.31283,27.501],"to":[5.04539,20.01283,28.501],"rotation":{"angle":22.5,"axis":"z","origin":[4.04539,20.31283,27.501]},"faces":{"north":{"uv":[0,0,1,3.7],"texture":"#anvil"},"east":{"uv":[0,0,1,3.7],"texture":"#anvil"},"south":{"uv":[0,0,1,3.7],"texture":"#anvil"},"west":{"uv":[0,0,1,3.7],"texture":"#anvil"},"up":{"uv":[0,0,1,1],"texture":"#anvil"},"down":{"uv":[0,0,1,1],"texture":"#anvil"}}},{"from":[1.5,6.6,28],"to":[3.5,10.9,29],"rotation":{"angle":45,"axis":"x","origin":[1.5,10.5,28]},"faces":{"north":{"uv":[1.5,5.5,3.5,9.5],"texture":"#stone_slab_top"},"east":{"uv":[3,5.5,4,9.5],"texture":"#stone_slab_top"},"south":{"uv":[12.5,5.5,14.5,9.5],"texture":"#stone_slab_top"},"west":{"uv":[12,5.5,13,9.5],"texture":"#stone_slab_top"},"up":{"uv":[12.5,12,14.5,13],"texture":"#stone_slab_top"},"down":{"uv":[3.5,13,1.5,12],"texture":"#stone_slab_top"}}},{"from":[-0.5,17,27.5],"to":[5.5,20.5,28.5],"faces":{"north":{"uv":[0,0,6,3.5],"texture":"#anvil"},"east":{"uv":[0,0,1,3.5],"texture":"#anvil"},"south":{"uv":[0,0,6,3.5],"texture":"#anvil"},"west":{"uv":[0,0,1,3.5],"texture":"#anvil"},"up":{"uv":[0,0,6,1],"texture":"#anvil"},"down":{"uv":[0,0,6,1],"texture":"#anvil"}}},{"from":[0.03073,16.69552,27.501],"to":[1.03073,20.39552,28.501],"rotation":{"angle":-22.5,"axis":"z","origin":[0.03073,20.69552,27.501]},"faces":{"north":{"uv":[0,0,1,3.7],"texture":"#anvil"},"east":{"uv":[0,0,1,3.7],"texture":"#anvil"},"south":{"uv":[0,0,1,3.7],"texture":"#anvil"},"west":{"uv":[0,0,1,3.7],"texture":"#anvil"},"up":{"uv":[0,0,1,1],"texture":"#anvil"},"down":{"uv":[0,0,1,1],"texture":"#anvil"}}},{"from":[-1.5,12.02417,27.5],"to":[6.5,17,28.49529],"faces":{"north":{"uv":[0,0,8,4.97583],"texture":"#anvil"},"east":{"uv":[0,0,0.99529,4.97583],"texture":"#anvil"},"south":{"uv":[0,0,8,4.97583],"texture":"#anvil"},"west":{"uv":[0,0,0.99529,4.97583],"texture":"#anvil"},"up":{"uv":[0,0,8,0.99529],"texture":"#anvil"},"down":{"uv":[0,0,8,0.99529],"texture":"#anvil"}}},{"from":[0.5,20,27],"to":[4.5,21,28],"rotation":{"angle":-22.5,"axis":"x","origin":[0.5,21,27]},"faces":{"north":{"uv":[0,0,4,1],"texture":"#anvil"},"east":{"uv":[0,0,1,1],"texture":"#anvil"},"south":{"uv":[0,0,4,1],"texture":"#anvil"},"west":{"uv":[0,0,1,1],"texture":"#anvil"},"up":{"uv":[0,0,4,1],"texture":"#anvil"},"down":{"uv":[0,0,4,1],"texture":"#anvil"}}},{"from":[-1.5,8.12132,26.70711],"to":[6.5,10.12132,27.70711],"rotation":{"angle":45,"axis":"x","origin":[-1.5,10.12132,26.70711]},"faces":{"north":{"uv":[0,0,8,2],"texture":"#anvil"},"east":{"uv":[0,0,1,2],"texture":"#anvil"},"south":{"uv":[0,0,8,2],"texture":"#anvil"},"west":{"uv":[0,0,1,2],"texture":"#anvil"},"up":{"uv":[0,0,8,1],"texture":"#anvil"},"down":{"uv":[0,0,8,1],"texture":"#anvil"}}},{"from":[-1.5,9.6066,27.44704],"to":[6.5,12.4316,28.44704],"rotation":{"angle":22.5,"axis":"x","origin":[-1.5,12.1066,27.44704]},"faces":{"north":{"uv":[0,0,8,2.825],"texture":"#anvil"},"east":{"uv":[0,0,1,2.825],"texture":"#anvil"},"south":{"uv":[0,0,8,2.825],"texture":"#anvil"},"west":{"uv":[0,0,1,2.825],"texture":"#anvil"},"up":{"uv":[0,0,8,1],"texture":"#anvil"},"down":{"uv":[0,0,8,1],"texture":"#anvil"}}},{"from":[-1.5,8,21],"to":[6.5,9,26],"faces":{"north":{"uv":[0,0,8,1],"texture":"#anvil"},"east":{"uv":[0,0,5,1],"texture":"#anvil"},"south":{"uv":[0,0,8,1],"texture":"#anvil"},"west":{"uv":[0,0,5,1],"texture":"#anvil"},"up":{"uv":[0,0,8,5],"texture":"#anvil"},"down":{"uv":[0,0,8,5],"texture":"#anvil"}}},{"from":[2,8.5625,21.625],"to":[3,9.5625,23.125],"rotation":{"angle":22.5,"axis":"x","origin":[2,9.5625,21.625]},"faces":{"north":{"uv":[0,0,1,1],"texture":"#anvil"},"east":{"uv":[0,0,1.5,1],"texture":"#anvil"},"south":{"uv":[0,0,1,1],"texture":"#anvil"},"west":{"uv":[0,0,1.5,1],"texture":"#anvil"},"up":{"uv":[0,0,1,1.5],"texture":"#anvil"},"down":{"uv":[0,0,1,1.5],"texture":"#anvil"}}},{"from":[3,7.61732,20.07612],"to":[6.5,8.61732,21.07612],"rotation":{"angle":-22.5,"axis":"x","origin":[3,8.61732,20.07612]},"faces":{"north":{"uv":[0,0,3.5,1],"texture":"#anvil"},"east":{"uv":[0,0,1,1],"texture":"#anvil"},"south":{"uv":[0,0,3.5,1],"texture":"#anvil"},"west":{"uv":[0,0,1,1],"texture":"#anvil"},"up":{"uv":[0,0,3.5,1],"texture":"#anvil"},"down":{"uv":[0,0,3.5,1],"texture":"#anvil"}}},{"from":[-1.5,7.61732,20.07612],"to":[2,8.61732,21.07612],"rotation":{"angle":-22.5,"axis":"x","origin":[-1.5,8.61732,20.07612]},"faces":{"north":{"uv":[0,0,3.5,1],"texture":"#anvil"},"east":{"uv":[0,0,1,1],"texture":"#anvil"},"south":{"uv":[0,0,3.5,1],"texture":"#anvil"},"west":{"uv":[0,0,1,1],"texture":"#anvil"},"up":{"uv":[0,0,3.5,1],"texture":"#anvil"},"down":{"uv":[0,0,3.5,1],"texture":"#anvil"}}},{"from":[-2,7.5,23.5],"to":[-1,10,27],"rotation":{"angle":-45,"axis":"x","origin":[-2,10,23.5]},"faces":{"north":{"uv":[6,9,8.5,10],"texture":"#frame"},"east":{"uv":[6,9,8.5,10],"texture":"#frame"},"south":{"uv":[6,9,8.5,10],"texture":"#frame"},"west":{"uv":[6,9,8.5,10],"texture":"#frame"},"up":{"uv":[6,9,8.5,10],"texture":"#frame"},"down":{"uv":[6,9,8.5,10],"texture":"#frame"}}},{"from":[6,7.5,23.5],"to":[7,10,27],"rotation":{"angle":-45,"axis":"x","origin":[6,10,23.5]},"faces":{"north":{"uv":[6,9,8.5,10],"texture":"#frame"},"east":{"uv":[6,9,8.5,10],"texture":"#frame"},"south":{"uv":[6,9,8.5,10],"texture":"#frame"},"west":{"uv":[6,9,8.5,10],"texture":"#frame"},"up":{"uv":[6,9,8.5,10],"texture":"#frame"},"down":{"uv":[6,9,8.5,10],"texture":"#frame"}}}],"display":{"gui":{"rotation":[26,151,0],"translation":[-1,-3,0],"scale":[0.4,0.4,0.4]},"head":{"translation":[9.26,-0.57,1],"scale":[1.7,1.7,1.7]}},"groups":[0,1,2,3,4,5,6,7,8,9,10,11,12,13,14,15,16,17,18,19,20,21,22,23,24,25,26,27,28,29,30,31,32,33,34,35,36,37,38,39,40,41,42,43,44,45,46,47,48,49,50,51,52,53,54,55,56,57,58,59,60,61,62,63,64,65,66,67,68,69,70,71,72,73,74,75,76,77,78,79,80,81,82,83,84,85,86,87,88,89,90,91,92,93,94,95,96,97,98,99,100,101,102,103,104,105,106,{"name":"group","origin":[8,8,8],"children":[107,108,109,110,111,112,113,114,115,116,117,118,119,120,121,122,123,124,125,126,127,128,129,130,131,132,133,134,135,136,137,138,139,140,141,142,143,144,145,146,147,148,149,150,151,152,153,154,155,156,157,158,159,160,161,162,163,164,165,166,167,168,169,170,171,172,173,174,175,176,177,178,179,180,181,182,183,184,185,186]}],"credit":"Model by Craftventure"}