{"textures":{"texture":"block/fenrirzwart","wielen":"block/piston_inner","stone_slab_top":"block/smooth_stone","anvil":"block/anvil"},"elements":[{"from":[0,0,8],"to":[1.5,2.5,10.5],"faces":{"north":{"uv":[4,4,12,12],"texture":"#wielen"},"east":{"uv":[4,4,12,12],"texture":"#wielen"},"south":{"uv":[4,4,12,12],"texture":"#wielen"},"west":{"uv":[4,4,12,12],"texture":"#wielen"},"up":{"uv":[4,4,12,12],"texture":"#wielen"},"down":{"uv":[4,4,12,12],"texture":"#wielen"}}},{"from":[0,2.5,8],"to":[1.5,3,10.5],"faces":{"north":{"uv":[14.5,13,16,13.5],"texture":"#anvil"},"east":{"uv":[5.5,13,8,13.5],"texture":"#anvil"},"south":{"uv":[0,13,1.5,13.5],"texture":"#anvil"},"west":{"uv":[8,13,10.5,13.5],"texture":"#anvil"},"up":{"uv":[0,8,1.5,10.5],"texture":"#anvil"},"down":{"uv":[16,10.5,14.5,8],"texture":"#anvil"}}},{"from":[0,-0.5,8],"to":[1.5,0,10.5],"faces":{"north":{"uv":[14.5,16,16,16],"texture":"#anvil"},"east":{"uv":[5.5,16,8,16],"texture":"#anvil"},"south":{"uv":[0,16,1.5,16],"texture":"#anvil"},"west":{"uv":[8,16,10.5,16],"texture":"#anvil"},"up":{"uv":[0,8,1.5,10.5],"texture":"#anvil"},"down":{"uv":[16,10.5,14.5,8],"texture":"#anvil"}}},{"from":[14.5,0,8],"to":[16,2.5,10.5],"faces":{"north":{"uv":[4,4,12,12],"texture":"#wielen"},"east":{"uv":[4,4,12,12],"texture":"#wielen"},"south":{"uv":[4,4,12,12],"texture":"#wielen"},"west":{"uv":[4,4,12,12],"texture":"#wielen"},"up":{"uv":[4,4,12,12],"texture":"#wielen"},"down":{"uv":[4,4,12,12],"texture":"#wielen"}}},{"from":[16,-2,4],"to":[16.5,-1,6],"faces":{"north":{"uv":[0,16,1,15],"texture":"#anvil"},"east":{"uv":[0,16,1,15],"texture":"#anvil"},"south":{"uv":[0,16,1,15],"texture":"#anvil"},"west":{"uv":[0,16,1,15],"texture":"#anvil"},"up":{"uv":[0,16,1,15],"texture":"#anvil"},"down":{"uv":[0,16,1,15],"texture":"#anvil"}}},{"from":[16.5,-2,10],"to":[18.5,-1,10.5],"faces":{"north":{"uv":[0,16,1,15],"texture":"#anvil"},"east":{"uv":[0,16,1,15],"texture":"#anvil"},"south":{"uv":[0,16,1,15],"texture":"#anvil"},"west":{"uv":[0,16,1,15],"texture":"#anvil"},"up":{"uv":[0,16,1,15],"texture":"#anvil"},"down":{"uv":[0,16,1,15],"texture":"#anvil"}}},{"from":[0,0,7.5],"to":[1.5,2.5,8],"faces":{"north":{"uv":[14.5,13.5,16,16],"texture":"#anvil"},"east":{"uv":[8,13.5,8.5,16],"texture":"#anvil"},"south":{"uv":[0,13.5,1.5,16],"texture":"#anvil"},"west":{"uv":[7.5,13.5,8,16],"texture":"#anvil"},"up":{"uv":[0,7.5,1.5,8],"texture":"#anvil"},"down":{"uv":[16,8,14.5,7.5],"texture":"#anvil"}}},{"from":[16.5,-2,3.5],"to":[18.5,-1,4],"faces":{"north":{"uv":[0,16,1,15],"texture":"#anvil"},"east":{"uv":[0,16,1,15],"texture":"#anvil"},"south":{"uv":[0,16,1,15],"texture":"#anvil"},"west":{"uv":[0,16,1,15],"texture":"#anvil"},"up":{"uv":[0,16,1,15],"texture":"#anvil"},"down":{"uv":[0,16,1,15],"texture":"#anvil"}}},{"from":[0,0,10.5],"to":[1.5,2.5,11],"faces":{"north":{"uv":[14.5,13.5,16,16],"texture":"#anvil"},"east":{"uv":[5,13.5,5.5,16],"texture":"#anvil"},"south":{"uv":[0,13.5,1.5,16],"texture":"#anvil"},"west":{"uv":[10.5,13.5,11,16],"texture":"#anvil"},"up":{"uv":[0,10.5,1.5,11],"texture":"#anvil"},"down":{"uv":[16,11,14.5,10.5],"texture":"#anvil"}}},{"from":[-0.5,0.5,4.5],"to":[0,2,9.5],"faces":{"north":{"uv":[15,11.5,16,12.5],"texture":"#stone_slab_top"},"east":{"uv":[15,11.5,16,12.5],"texture":"#stone_slab_top"},"south":{"uv":[15,11.5,16,12.5],"texture":"#stone_slab_top"},"west":{"uv":[15,11.5,16,12.5],"texture":"#stone_slab_top"},"up":{"uv":[15,11.5,16,12.5],"texture":"#stone_slab_top"},"down":{"uv":[15,11.5,16,12.5],"texture":"#stone_slab_top"}}},{"from":[14.5,0,10.5],"to":[16,2.5,11],"faces":{"north":{"uv":[0,13.5,1.5,16],"texture":"#anvil"},"east":{"uv":[5,13.5,5.5,16],"texture":"#anvil"},"south":{"uv":[14.5,13.5,16,16],"texture":"#anvil"},"west":{"uv":[10.5,13.5,11,16],"texture":"#anvil"},"up":{"uv":[14.5,10.5,16,11],"texture":"#anvil"},"down":{"uv":[1.5,11,0,10.5],"texture":"#anvil"}}},{"from":[14.5,-0.5,8],"to":[16,0,10.5],"faces":{"north":{"uv":[0,16,1.5,16],"texture":"#anvil"},"east":{"uv":[5.5,16,8,16],"texture":"#anvil"},"south":{"uv":[14.5,16,16,16],"texture":"#anvil"},"west":{"uv":[8,16,10.5,16],"texture":"#anvil"},"up":{"uv":[14.5,8,16,10.5],"texture":"#anvil"},"down":{"uv":[1.5,10.5,0,8],"texture":"#anvil"}}},{"from":[14.5,2.5,8],"to":[16,3,10.5],"faces":{"north":{"uv":[0,13,1.5,13.5],"texture":"#anvil"},"east":{"uv":[5.5,13,8,13.5],"texture":"#anvil"},"south":{"uv":[14.5,13,16,13.5],"texture":"#anvil"},"west":{"uv":[8,13,10.5,13.5],"texture":"#anvil"},"up":{"uv":[14.5,8,16,10.5],"texture":"#anvil"},"down":{"uv":[1.5,10.5,0,8],"texture":"#anvil"}}},{"from":[16,0.5,4.5],"to":[16.5,2,9.5],"faces":{"north":{"uv":[15,11.5,16,12.5],"texture":"#stone_slab_top"},"east":{"uv":[15,11.5,16,12.5],"texture":"#stone_slab_top"},"south":{"uv":[15,11.5,16,12.5],"texture":"#stone_slab_top"},"west":{"uv":[15,11.5,16,12.5],"texture":"#stone_slab_top"},"up":{"uv":[15,11.5,16,12.5],"texture":"#stone_slab_top"},"down":{"uv":[15,11.5,16,12.5],"texture":"#stone_slab_top"}}},{"from":[16.5,1,6],"to":[19.5,2,8],"rotation":{"angle":-45,"axis":"z","origin":[16.5,2,6]},"faces":{"north":{"uv":[15,11.5,16,12.5],"texture":"#stone_slab_top"},"east":{"uv":[15,11.5,16,12.5],"texture":"#stone_slab_top"},"south":{"uv":[15,11.5,16,12.5],"texture":"#stone_slab_top"},"west":{"uv":[15,11.5,16,12.5],"texture":"#stone_slab_top"},"up":{"uv":[15,11.5,16,12.5],"texture":"#stone_slab_top"},"down":{"uv":[15,11.5,16,12.5],"texture":"#stone_slab_top"}}},{"from":[17.5,-1,6],"to":[19,0,8],"faces":{"north":{"uv":[15,11.5,16,12.5],"texture":"#stone_slab_top"},"east":{"uv":[15,11.5,16,12.5],"texture":"#stone_slab_top"},"south":{"uv":[15,11.5,16,12.5],"texture":"#stone_slab_top"},"west":{"uv":[15,11.5,16,12.5],"texture":"#stone_slab_top"},"up":{"uv":[15,11.5,16,12.5],"texture":"#stone_slab_top"},"down":{"uv":[15,11.5,16,12.5],"texture":"#stone_slab_top"}}},{"from":[17,-2.5,5],"to":[18.5,-2,9],"faces":{"north":{"uv":[15,11.5,16,12.5],"texture":"#stone_slab_top"},"east":{"uv":[15,11.5,16,12.5],"texture":"#stone_slab_top"},"south":{"uv":[15,11.5,16,12.5],"texture":"#stone_slab_top"},"west":{"uv":[15,11.5,16,12.5],"texture":"#stone_slab_top"},"up":{"uv":[15,11.5,16,12.5],"texture":"#stone_slab_top"},"down":{"uv":[15,11.5,16,12.5],"texture":"#stone_slab_top"}}},{"from":[18.5,-2.5,6.5],"to":[19,-1,7.5],"faces":{"north":{"uv":[15,11.5,16,12.5],"texture":"#stone_slab_top"},"east":{"uv":[15,11.5,16,12.5],"texture":"#stone_slab_top"},"south":{"uv":[15,11.5,16,12.5],"texture":"#stone_slab_top"},"west":{"uv":[15,11.5,16,12.5],"texture":"#stone_slab_top"},"up":{"uv":[15,11.5,16,12.5],"texture":"#stone_slab_top"},"down":{"uv":[15,11.5,16,12.5],"texture":"#stone_slab_top"}}},{"from":[17,-1,5],"to":[18.5,-0.5,9],"faces":{"north":{"uv":[15,11.5,16,12.5],"texture":"#stone_slab_top"},"east":{"uv":[15,11.5,16,12.5],"texture":"#stone_slab_top"},"south":{"uv":[15,11.5,16,12.5],"texture":"#stone_slab_top"},"west":{"uv":[15,11.5,16,12.5],"texture":"#stone_slab_top"},"up":{"uv":[15,11.5,16,12.5],"texture":"#stone_slab_top"},"down":{"uv":[15,11.5,16,12.5],"texture":"#stone_slab_top"}}},{"from":[16.5,-2,4],"to":[18.5,-1,6],"faces":{"north":{"uv":[4,4,12,12],"texture":"#wielen"},"east":{"uv":[4,4,12,12],"texture":"#wielen"},"south":{"uv":[4,4,12,12],"texture":"#wielen"},"west":{"uv":[4,4,12,12],"texture":"#wielen"},"up":{"uv":[4,4,12,12],"texture":"#wielen"},"down":{"uv":[4,4,12,12],"texture":"#wielen"}}},{"from":[14.5,0,7.5],"to":[16,2.5,8],"faces":{"north":{"uv":[0,13.5,1.5,16],"texture":"#anvil"},"east":{"uv":[8,13.5,8.5,16],"texture":"#anvil"},"south":{"uv":[14.5,13.5,16,16],"texture":"#anvil"},"west":{"uv":[7.5,13.5,8,16],"texture":"#anvil"},"up":{"uv":[14.5,7.5,16,8],"texture":"#anvil"},"down":{"uv":[1.5,8,0,7.5],"texture":"#anvil"}}},{"from":[14.5,0,6],"to":[16,2.5,6.5],"faces":{"north":{"uv":[0,13.5,1.5,16],"texture":"#anvil"},"east":{"uv":[9.5,13.5,10,16],"texture":"#anvil"},"south":{"uv":[14.5,13.5,16,16],"texture":"#anvil"},"west":{"uv":[6,13.5,6.5,16],"texture":"#anvil"},"up":{"uv":[14.5,6,16,6.5],"texture":"#anvil"},"down":{"uv":[1.5,6.5,0,6],"texture":"#anvil"}}},{"from":[14.5,2.5,3.5],"to":[16,3,6],"faces":{"north":{"uv":[0,13,1.5,13.5],"texture":"#anvil"},"east":{"uv":[10,13,12.5,13.5],"texture":"#anvil"},"south":{"uv":[14.5,13,16,13.5],"texture":"#anvil"},"west":{"uv":[3.5,13,6,13.5],"texture":"#anvil"},"up":{"uv":[14.5,3.5,16,6],"texture":"#anvil"},"down":{"uv":[1.5,6,0,3.5],"texture":"#anvil"}}},{"from":[14.5,-0.5,3.5],"to":[16,0,6],"faces":{"north":{"uv":[0,16,1.5,16],"texture":"#anvil"},"east":{"uv":[10,16,12.5,16],"texture":"#anvil"},"south":{"uv":[14.5,16,16,16],"texture":"#anvil"},"west":{"uv":[3.5,16,6,16],"texture":"#anvil"},"up":{"uv":[14.5,3.5,16,6],"texture":"#anvil"},"down":{"uv":[1.5,6,0,3.5],"texture":"#anvil"}}},{"from":[14.5,0,3],"to":[16,2.5,3.5],"faces":{"north":{"uv":[0,13.5,1.5,16],"texture":"#anvil"},"east":{"uv":[12.5,13.5,13,16],"texture":"#anvil"},"south":{"uv":[14.5,13.5,16,16],"texture":"#anvil"},"west":{"uv":[3,13.5,3.5,16],"texture":"#anvil"},"up":{"uv":[14.5,3,16,3.5],"texture":"#anvil"},"down":{"uv":[1.5,3.5,0,3],"texture":"#anvil"}}},{"from":[14.5,0,3.5],"to":[16,2.5,6],"faces":{"north":{"uv":[4,4,12,12],"texture":"#wielen"},"east":{"uv":[4,4,12,12],"texture":"#wielen"},"south":{"uv":[4,4,12,12],"texture":"#wielen"},"west":{"uv":[4,4,12,12],"texture":"#wielen"},"up":{"uv":[4,4,12,12],"texture":"#wielen"},"down":{"uv":[4,4,12,12],"texture":"#wielen"}}},{"from":[-0.5,2,6.5],"to":[0.5,4,7.5],"faces":{"north":{"uv":[15,11.5,16,12.5],"texture":"#stone_slab_top"},"east":{"uv":[15,11.5,16,12.5],"texture":"#stone_slab_top"},"south":{"uv":[15,11.5,16,12.5],"texture":"#stone_slab_top"},"west":{"uv":[15,11.5,16,12.5],"texture":"#stone_slab_top"},"up":{"uv":[15,11.5,16,12.5],"texture":"#stone_slab_top"},"down":{"uv":[15,11.5,16,12.5],"texture":"#stone_slab_top"}}},{"from":[15.5,2,6.5],"to":[16.5,4,7.5],"faces":{"north":{"uv":[15,11.5,16,12.5],"texture":"#stone_slab_top"},"east":{"uv":[15,11.5,16,12.5],"texture":"#stone_slab_top"},"south":{"uv":[15,11.5,16,12.5],"texture":"#stone_slab_top"},"west":{"uv":[15,11.5,16,12.5],"texture":"#stone_slab_top"},"up":{"uv":[15,11.5,16,12.5],"texture":"#stone_slab_top"},"down":{"uv":[15,11.5,16,12.5],"texture":"#stone_slab_top"}}},{"from":[0,3.5,6.5],"to":[16,4.5,7.5],"faces":{"north":{"uv":[15,11.5,16,12.5],"texture":"#stone_slab_top"},"east":{"uv":[15,11.5,16,12.5],"texture":"#stone_slab_top"},"south":{"uv":[15,11.5,16,12.5],"texture":"#stone_slab_top"},"west":{"uv":[15,11.5,16,12.5],"texture":"#stone_slab_top"},"up":{"uv":[15,11.5,16,12.5],"texture":"#stone_slab_top"},"down":{"uv":[15,11.5,16,12.5],"texture":"#stone_slab_top"}}},{"from":[18.5,-2,4],"to":[19,-1,6],"faces":{"north":{"uv":[0,16,1,15],"texture":"#anvil"},"east":{"uv":[0,16,1,15],"texture":"#anvil"},"south":{"uv":[0,16,1,15],"texture":"#anvil"},"west":{"uv":[0,16,1,15],"texture":"#anvil"},"up":{"uv":[0,16,1,15],"texture":"#anvil"},"down":{"uv":[0,16,1,15],"texture":"#anvil"}}},{"from":[16.5,-2,7.5],"to":[18.5,-1,8],"faces":{"north":{"uv":[0,16,1,15],"texture":"#anvil"},"east":{"uv":[0,16,1,15],"texture":"#anvil"},"south":{"uv":[0,16,1,15],"texture":"#anvil"},"west":{"uv":[0,16,1,15],"texture":"#anvil"},"up":{"uv":[0,16,1,15],"texture":"#anvil"},"down":{"uv":[0,16,1,15],"texture":"#anvil"}}},{"from":[16.5,-2,8],"to":[18.5,-1,10],"faces":{"north":{"uv":[4,4,12,12],"texture":"#wielen"},"east":{"uv":[4,4,12,12],"texture":"#wielen"},"south":{"uv":[4,4,12,12],"texture":"#wielen"},"west":{"uv":[4,4,12,12],"texture":"#wielen"},"up":{"uv":[4,4,12,12],"texture":"#wielen"},"down":{"uv":[4,4,12,12],"texture":"#wielen"}}},{"from":[18.5,-2,8],"to":[19,-1,10],"faces":{"north":{"uv":[0,16,1,15],"texture":"#anvil"},"east":{"uv":[0,16,1,15],"texture":"#anvil"},"south":{"uv":[0,16,1,15],"texture":"#anvil"},"west":{"uv":[0,16,1,15],"texture":"#anvil"},"up":{"uv":[0,16,1,15],"texture":"#anvil"},"down":{"uv":[0,16,1,15],"texture":"#anvil"}}},{"from":[16,-2,8],"to":[16.5,-1,10],"faces":{"north":{"uv":[0,16,1,15],"texture":"#anvil"},"east":{"uv":[0,16,1,15],"texture":"#anvil"},"south":{"uv":[0,16,1,15],"texture":"#anvil"},"west":{"uv":[0,16,1,15],"texture":"#anvil"},"up":{"uv":[0,16,1,15],"texture":"#anvil"},"down":{"uv":[0,16,1,15],"texture":"#anvil"}}},{"from":[16.5,-2,5.9375],"to":[18.5,-1,6.4375],"faces":{"north":{"uv":[0,16,1,15],"texture":"#anvil"},"east":{"uv":[0,16,1,15],"texture":"#anvil"},"south":{"uv":[0,16,1,15],"texture":"#anvil"},"west":{"uv":[0,16,1,15],"texture":"#anvil"},"up":{"uv":[0,16,1,15],"texture":"#anvil"},"down":{"uv":[0,16,1,15],"texture":"#anvil"}}},{"from":[0,0,3.5],"to":[1.5,2.5,6],"faces":{"north":{"uv":[4,4,12,12],"texture":"#wielen"},"east":{"uv":[4,4,12,12],"texture":"#wielen"},"south":{"uv":[4,4,12,12],"texture":"#wielen"},"west":{"uv":[4,4,12,12],"texture":"#wielen"},"up":{"uv":[4,4,12,12],"texture":"#wielen"},"down":{"uv":[4,4,12,12],"texture":"#wielen"}}},{"from":[0,0,3],"to":[1.5,2.5,3.5],"faces":{"north":{"uv":[14.5,13.5,16,16],"texture":"#anvil"},"east":{"uv":[12.5,13.5,13,16],"texture":"#anvil"},"south":{"uv":[0,13.5,1.5,16],"texture":"#anvil"},"west":{"uv":[3,13.5,3.5,16],"texture":"#anvil"},"up":{"uv":[0,3,1.5,3.5],"texture":"#anvil"},"down":{"uv":[16,3.5,14.5,3],"texture":"#anvil"}}},{"from":[0,0,6],"to":[1.5,2.5,6.5],"faces":{"north":{"uv":[14.5,13.5,16,16],"texture":"#anvil"},"east":{"uv":[9.5,13.5,10,16],"texture":"#anvil"},"south":{"uv":[0,13.5,1.5,16],"texture":"#anvil"},"west":{"uv":[6,13.5,6.5,16],"texture":"#anvil"},"up":{"uv":[0,6,1.5,6.5],"texture":"#anvil"},"down":{"uv":[16,6.5,14.5,6],"texture":"#anvil"}}},{"from":[0,2.5,3.5],"to":[1.5,3,6],"faces":{"north":{"uv":[14.5,13,16,13.5],"texture":"#anvil"},"east":{"uv":[10,13,12.5,13.5],"texture":"#anvil"},"south":{"uv":[0,13,1.5,13.5],"texture":"#anvil"},"west":{"uv":[3.5,13,6,13.5],"texture":"#anvil"},"up":{"uv":[0,3.5,1.5,6],"texture":"#anvil"},"down":{"uv":[16,6,14.5,3.5],"texture":"#anvil"}}},{"from":[0,-0.5,3.5],"to":[1.5,0,6],"faces":{"north":{"uv":[14.5,16,16,16],"texture":"#anvil"},"east":{"uv":[10,16,12.5,16],"texture":"#anvil"},"south":{"uv":[0,16,1.5,16],"texture":"#anvil"},"west":{"uv":[3.5,16,6,16],"texture":"#anvil"},"up":{"uv":[0,3.5,1.5,6],"texture":"#anvil"},"down":{"uv":[16,6,14.5,3.5],"texture":"#anvil"}}},{"from":[-2.5,-2,8],"to":[-0.5,-1,10],"faces":{"north":{"uv":[4,4,12,12],"texture":"#wielen"},"east":{"uv":[4,4,12,12],"texture":"#wielen"},"south":{"uv":[4,4,12,12],"texture":"#wielen"},"west":{"uv":[4,4,12,12],"texture":"#wielen"},"up":{"uv":[4,4,12,12],"texture":"#wielen"},"down":{"uv":[4,4,12,12],"texture":"#wielen"}}},{"from":[-3,-2,8],"to":[-2.5,-1,10],"faces":{"north":{"uv":[0,16,1,15],"texture":"#anvil"},"east":{"uv":[0,16,1,15],"texture":"#anvil"},"south":{"uv":[0,16,1,15],"texture":"#anvil"},"west":{"uv":[0,16,1,15],"texture":"#anvil"},"up":{"uv":[0,16,1,15],"texture":"#anvil"},"down":{"uv":[0,16,1,15],"texture":"#anvil"}}},{"from":[-0.5,-2,8],"to":[0,-1,10],"faces":{"north":{"uv":[0,16,1,15],"texture":"#anvil"},"east":{"uv":[0,16,1,15],"texture":"#anvil"},"south":{"uv":[0,16,1,15],"texture":"#anvil"},"west":{"uv":[0,16,1,15],"texture":"#anvil"},"up":{"uv":[0,16,1,15],"texture":"#anvil"},"down":{"uv":[0,16,1,15],"texture":"#anvil"}}},{"from":[-2.5,-2,10],"to":[-0.5,-1,10.5],"faces":{"north":{"uv":[0,16,1,15],"texture":"#anvil"},"east":{"uv":[0,16,1,15],"texture":"#anvil"},"south":{"uv":[0,16,1,15],"texture":"#anvil"},"west":{"uv":[0,16,1,15],"texture":"#anvil"},"up":{"uv":[0,16,1,15],"texture":"#anvil"},"down":{"uv":[0,16,1,15],"texture":"#anvil"}}},{"from":[-2.5,-2,7.5],"to":[-0.5,-1,8],"faces":{"north":{"uv":[0,16,1,15],"texture":"#anvil"},"east":{"uv":[0,16,1,15],"texture":"#anvil"},"south":{"uv":[0,16,1,15],"texture":"#anvil"},"west":{"uv":[0,16,1,15],"texture":"#anvil"},"up":{"uv":[0,16,1,15],"texture":"#anvil"},"down":{"uv":[0,16,1,15],"texture":"#anvil"}}},{"from":[-2.5,-2,4],"to":[-0.5,-1,6],"faces":{"north":{"uv":[4,4,12,12],"texture":"#wielen"},"east":{"uv":[4,4,12,12],"texture":"#wielen"},"south":{"uv":[4,4,12,12],"texture":"#wielen"},"west":{"uv":[4,4,12,12],"texture":"#wielen"},"up":{"uv":[4,4,12,12],"texture":"#wielen"},"down":{"uv":[4,4,12,12],"texture":"#wielen"}}},{"from":[-2.5,-2,3.5],"to":[-0.5,-1,4],"faces":{"north":{"uv":[0,16,1,15],"texture":"#anvil"},"east":{"uv":[0,16,1,15],"texture":"#anvil"},"south":{"uv":[0,16,1,15],"texture":"#anvil"},"west":{"uv":[0,16,1,15],"texture":"#anvil"},"up":{"uv":[0,16,1,15],"texture":"#anvil"},"down":{"uv":[0,16,1,15],"texture":"#anvil"}}},{"from":[-0.5,-2,4],"to":[0,-1,6],"faces":{"north":{"uv":[0,16,1,15],"texture":"#anvil"},"east":{"uv":[0,16,1,15],"texture":"#anvil"},"south":{"uv":[0,16,1,15],"texture":"#anvil"},"west":{"uv":[0,16,1,15],"texture":"#anvil"},"up":{"uv":[0,16,1,15],"texture":"#anvil"},"down":{"uv":[0,16,1,15],"texture":"#anvil"}}},{"from":[-2.5,-2,6],"to":[-0.5,-1,6.5],"faces":{"north":{"uv":[0,16,1,15],"texture":"#anvil"},"east":{"uv":[0,16,1,15],"texture":"#anvil"},"south":{"uv":[0,16,1,15],"texture":"#anvil"},"west":{"uv":[0,16,1,15],"texture":"#anvil"},"up":{"uv":[0,16,1,15],"texture":"#anvil"},"down":{"uv":[0,16,1,15],"texture":"#anvil"}}},{"from":[-3,-2,4],"to":[-2.5,-1,6],"faces":{"north":{"uv":[0,16,1,15],"texture":"#anvil"},"east":{"uv":[0,16,1,15],"texture":"#anvil"},"south":{"uv":[0,16,1,15],"texture":"#anvil"},"west":{"uv":[0,16,1,15],"texture":"#anvil"},"up":{"uv":[0,16,1,15],"texture":"#anvil"},"down":{"uv":[0,16,1,15],"texture":"#anvil"}}},{"from":[-2.625,-1,6],"to":[0.375,0,8],"rotation":{"angle":45,"axis":"z","origin":[-2.625,0,6]},"faces":{"north":{"uv":[15,11.5,16,12.5],"texture":"#stone_slab_top"},"east":{"uv":[15,11.5,16,12.5],"texture":"#stone_slab_top"},"south":{"uv":[15,11.5,16,12.5],"texture":"#stone_slab_top"},"west":{"uv":[15,11.5,16,12.5],"texture":"#stone_slab_top"},"up":{"uv":[15,11.5,16,12.5],"texture":"#stone_slab_top"},"down":{"uv":[15,11.5,16,12.5],"texture":"#stone_slab_top"}}},{"from":[-3,-1,6],"to":[-1.5,0,8],"faces":{"north":{"uv":[15,11.5,16,12.5],"texture":"#stone_slab_top"},"east":{"uv":[15,11.5,16,12.5],"texture":"#stone_slab_top"},"south":{"uv":[15,11.5,16,12.5],"texture":"#stone_slab_top"},"west":{"uv":[15,11.5,16,12.5],"texture":"#stone_slab_top"},"up":{"uv":[15,11.5,16,12.5],"texture":"#stone_slab_top"},"down":{"uv":[15,11.5,16,12.5],"texture":"#stone_slab_top"}}},{"from":[-3,-2.5,6.5],"to":[-2.5,-1,7.5],"faces":{"north":{"uv":[15,11.5,16,12.5],"texture":"#stone_slab_top"},"east":{"uv":[15,11.5,16,12.5],"texture":"#stone_slab_top"},"south":{"uv":[15,11.5,16,12.5],"texture":"#stone_slab_top"},"west":{"uv":[15,11.5,16,12.5],"texture":"#stone_slab_top"},"up":{"uv":[15,11.5,16,12.5],"texture":"#stone_slab_top"},"down":{"uv":[15,11.5,16,12.5],"texture":"#stone_slab_top"}}},{"from":[-2.5,-1,5],"to":[-1,-0.5,9],"faces":{"north":{"uv":[15,11.5,16,12.5],"texture":"#stone_slab_top"},"east":{"uv":[15,11.5,16,12.5],"texture":"#stone_slab_top"},"south":{"uv":[15,11.5,16,12.5],"texture":"#stone_slab_top"},"west":{"uv":[15,11.5,16,12.5],"texture":"#stone_slab_top"},"up":{"uv":[15,11.5,16,12.5],"texture":"#stone_slab_top"},"down":{"uv":[15,11.5,16,12.5],"texture":"#stone_slab_top"}}},{"from":[-2.5,-2.5,5],"to":[-1,-2,9],"faces":{"north":{"uv":[15,11.5,16,12.5],"texture":"#stone_slab_top"},"east":{"uv":[15,11.5,16,12.5],"texture":"#stone_slab_top"},"south":{"uv":[15,11.5,16,12.5],"texture":"#stone_slab_top"},"west":{"uv":[15,11.5,16,12.5],"texture":"#stone_slab_top"},"up":{"uv":[15,11.5,16,12.5],"texture":"#stone_slab_top"},"down":{"uv":[15,11.5,16,12.5],"texture":"#stone_slab_top"}}},{"from":[-3,4,3.5],"to":[19,5.5,11.5],"faces":{"north":{"uv":[3,8,10,9.5],"texture":"#texture"},"east":{"uv":[3,8,10,9.5],"texture":"#texture"},"south":{"uv":[3,8,10,9.5],"texture":"#texture"},"west":{"uv":[3,8,10,9.5],"texture":"#texture"},"up":{"uv":[3,8,10,9.5],"texture":"#texture"},"down":{"uv":[3,8,10,9.5],"texture":"#texture"}}},{"from":[3,4,10.70073],"to":[13,9.51818,11.5],"faces":{"north":{"uv":[3,8,10,9.5],"texture":"#texture"},"east":{"uv":[3,8,10,9.5],"texture":"#texture"},"south":{"uv":[3,8,10,9.5],"texture":"#texture"},"west":{"uv":[3,8,10,9.5],"texture":"#texture"},"up":{"uv":[3,8,10,9.5],"texture":"#texture"},"down":{"uv":[3,8,10,9.5],"texture":"#texture"}}},{"from":[3,5,1],"to":[13,5.5,11.5],"rotation":{"angle":-22.5,"axis":"x","origin":[3,5.5,1]},"faces":{"north":{"uv":[0,0,16,16],"texture":"#texture"},"east":{"uv":[0,0,16,16],"texture":"#texture"},"south":{"uv":[0,0,16,16],"texture":"#texture"},"west":{"uv":[0,0,16,16],"texture":"#texture"},"up":{"uv":[0,0,16,16],"texture":"#texture"},"down":{"uv":[0,0,16,16],"texture":"#texture"}}},{"from":[-3,4,3.5],"to":[3.5,5.5,6.5],"rotation":{"angle":22.5,"axis":"y","origin":[-3,4,3.5]},"faces":{"north":{"uv":[0,0,6.5,1],"texture":"#texture"},"east":{"uv":[0,0,6.5,1],"texture":"#texture"},"south":{"uv":[0,0,6.5,1],"texture":"#texture"},"west":{"uv":[0,0,6.5,1],"texture":"#texture"},"up":{"uv":[0,0,6.5,1],"texture":"#texture"},"down":{"uv":[0,0,6.5,1],"texture":"#texture"}}},{"from":[13,4,1],"to":[19.5,5.5,4],"rotation":{"angle":-22.5,"axis":"y","origin":[13,4,1]},"faces":{"north":{"uv":[0,0,6.5,1],"texture":"#texture"},"east":{"uv":[0,0,6.5,1],"texture":"#texture"},"south":{"uv":[0,0,6.5,1],"texture":"#texture"},"west":{"uv":[0,0,6.5,1],"texture":"#texture"},"up":{"uv":[0,0,6.5,1],"texture":"#texture"},"down":{"uv":[0,0,6.5,1],"texture":"#texture"}}},{"from":[3,4,1],"to":[13,5.5,3.5],"faces":{"north":{"uv":[0,0,6.5,1],"texture":"#texture"},"east":{"uv":[0,0,6.5,1],"texture":"#texture"},"south":{"uv":[0,0,6.5,1],"texture":"#texture"},"west":{"uv":[0,0,6.5,1],"texture":"#texture"},"up":{"uv":[0,0,6.5,1],"texture":"#texture"},"down":{"uv":[0,0,6.5,1],"texture":"#texture"}}},{"from":[-3,5,3.5],"to":[3.5,5.5,11.5],"rotation":{"angle":-22.5,"axis":"x","origin":[-3,5.5,3.5]},"faces":{"north":{"uv":[0,0,16,16],"texture":"#texture"},"east":{"uv":[0,0,16,16],"texture":"#texture"},"south":{"uv":[0,0,16,16],"texture":"#texture"},"west":{"uv":[0,0,16,16],"texture":"#texture"},"up":{"uv":[0,0,16,16],"texture":"#texture"},"down":{"uv":[0,0,16,16],"texture":"#texture"}}},{"from":[1,4.5,2],"to":[7.5,5.5,11.5],"rotation":{"angle":-22.5,"axis":"x","origin":[1,5.5,2]},"faces":{"north":{"uv":[0,0,16,16],"texture":"#texture"},"east":{"uv":[0,0,16,16],"texture":"#texture"},"south":{"uv":[0,0,16,16],"texture":"#texture"},"west":{"uv":[0,0,16,16],"texture":"#texture"},"up":{"uv":[0,0,16,16],"texture":"#texture"},"down":{"uv":[0,0,16,16],"texture":"#texture"}}},{"from":[9,4.5,2.05],"to":[15.5,5.5,11.55],"rotation":{"angle":-22.5,"axis":"x","origin":[9,5.5,2.05]},"faces":{"north":{"uv":[0,0,16,16],"texture":"#texture"},"east":{"uv":[0,0,16,16],"texture":"#texture"},"south":{"uv":[0,0,16,16],"texture":"#texture"},"west":{"uv":[0,0,16,16],"texture":"#texture"},"up":{"uv":[0,0,16,16],"texture":"#texture"},"down":{"uv":[0,0,16,16],"texture":"#texture"}}},{"from":[12.5,5,3.5],"to":[19,5.5,11.5],"rotation":{"angle":-22.5,"axis":"x","origin":[12.5,5.5,3.5]},"faces":{"north":{"uv":[0,0,16,16],"texture":"#texture"},"east":{"uv":[0,0,16,16],"texture":"#texture"},"south":{"uv":[0,0,16,16],"texture":"#texture"},"west":{"uv":[0,0,16,16],"texture":"#texture"},"up":{"uv":[0,0,16,16],"texture":"#texture"},"down":{"uv":[0,0,16,16],"texture":"#texture"}}},{"from":[1,4,10.77686],"to":[3,9.13549,11.5],"faces":{"north":{"uv":[3,8,10,9.5],"texture":"#texture"},"east":{"uv":[3,8,10,9.5],"texture":"#texture"},"south":{"uv":[3,8,10,9.5],"texture":"#texture"},"west":{"uv":[3,8,10,9.5],"texture":"#texture"},"up":{"uv":[3,8,10,9.5],"texture":"#texture"},"down":{"uv":[3,8,10,9.5],"texture":"#texture"}}},{"from":[-3,4,10.89104],"to":[1,8.56147,11.5],"faces":{"north":{"uv":[3,8,10,9.5],"texture":"#texture"},"east":{"uv":[3,8,10,9.5],"texture":"#texture"},"south":{"uv":[3,8,10,9.5],"texture":"#texture"},"west":{"uv":[3,8,10,9.5],"texture":"#texture"},"up":{"uv":[3,8,10,9.5],"texture":"#texture"},"down":{"uv":[3,8,10,9.5],"texture":"#texture"}}},{"from":[13,4,10.82686],"to":[15.5,9.13549,11.5],"faces":{"north":{"uv":[3,8,10,9.5],"texture":"#texture"},"east":{"uv":[3,8,10,9.5],"texture":"#texture"},"south":{"uv":[3,8,10,9.5],"texture":"#texture"},"west":{"uv":[3,8,10,9.5],"texture":"#texture"},"up":{"uv":[3,8,10,9.5],"texture":"#texture"},"down":{"uv":[3,8,10,9.5],"texture":"#texture"}}},{"from":[15.5,4,10.89104],"to":[19,8.56147,11.5],"faces":{"north":{"uv":[3,8,10,9.5],"texture":"#texture"},"east":{"uv":[3,8,10,9.5],"texture":"#texture"},"south":{"uv":[3,8,10,9.5],"texture":"#texture"},"west":{"uv":[3,8,10,9.5],"texture":"#texture"},"up":{"uv":[3,8,10,9.5],"texture":"#texture"},"down":{"uv":[3,8,10,9.5],"texture":"#texture"}}},{"from":[-3,6.5,7.275],"to":[19,7,11],"faces":{"north":{"uv":[0,9,16,9.5],"texture":"#texture"},"east":{"uv":[5,9,9,9.5],"texture":"#texture"},"south":{"uv":[0,9,16,9.5],"texture":"#texture"},"west":{"uv":[7,9,11,9.5],"texture":"#texture"},"up":{"uv":[0,7,16,11],"texture":"#texture"},"down":{"uv":[16,11,0,7],"texture":"#texture"}}},{"from":[-3,7.5,9.6],"to":[19,8,11],"faces":{"north":{"uv":[0,8,16,8.5],"texture":"#texture"},"east":{"uv":[5,8,6.5,8.5],"texture":"#texture"},"south":{"uv":[0,8,16,8.5],"texture":"#texture"},"west":{"uv":[9.5,8,11,8.5],"texture":"#texture"},"up":{"uv":[0,9.5,16,11],"texture":"#texture"},"down":{"uv":[16,11,0,9.5],"texture":"#texture"}}},{"from":[-3,7,8.5],"to":[19,7.5,11],"faces":{"north":{"uv":[0,8.5,16,9],"texture":"#texture"},"east":{"uv":[5,8.5,7.5,9],"texture":"#texture"},"south":{"uv":[0,8.5,16,9],"texture":"#texture"},"west":{"uv":[8.5,8.5,11,9],"texture":"#texture"},"up":{"uv":[0,8.5,16,11],"texture":"#texture"},"down":{"uv":[16,11,0,8.5],"texture":"#texture"}}},{"from":[-3,6,6],"to":[19,6.5,11],"faces":{"north":{"uv":[0,9.5,16,10],"texture":"#texture"},"east":{"uv":[5,9.5,10,10],"texture":"#texture"},"south":{"uv":[0,9.5,16,10],"texture":"#texture"},"west":{"uv":[6,9.5,11,10],"texture":"#texture"},"up":{"uv":[0,6,16,11],"texture":"#texture"},"down":{"uv":[16,11,0,6],"texture":"#texture"}}},{"from":[-3,5.5,4.8],"to":[19,6,11],"faces":{"north":{"uv":[0,10,16,10.5],"texture":"#texture"},"east":{"uv":[5,10,11,10.5],"texture":"#texture"},"south":{"uv":[0,10,16,10.5],"texture":"#texture"},"west":{"uv":[5,10,11,10.5],"texture":"#texture"},"up":{"uv":[0,5,16,11],"texture":"#texture"},"down":{"uv":[16,11,0,5],"texture":"#texture"}}},{"from":[-3,3.5,4.5],"to":[-2,4,11.5],"faces":{"north":{"uv":[15,11,16,12.5],"texture":"#texture"},"east":{"uv":[15,11,16,12.5],"texture":"#texture"},"south":{"uv":[15,11,16,12.5],"texture":"#texture"},"west":{"uv":[15,11,16,12.5],"texture":"#texture"},"up":{"uv":[15,11,16,12.5],"texture":"#texture"},"down":{"uv":[15,11,16,12.5],"texture":"#texture"}}},{"from":[-3,3,6.5],"to":[-2,3.5,11.5],"faces":{"north":{"uv":[15,11,16,12.5],"texture":"#texture"},"east":{"uv":[15,11,16,12.5],"texture":"#texture"},"south":{"uv":[15,11,16,12.5],"texture":"#texture"},"west":{"uv":[15,11,16,12.5],"texture":"#texture"},"up":{"uv":[15,11,16,12.5],"texture":"#texture"},"down":{"uv":[15,11,16,12.5],"texture":"#texture"}}},{"from":[18,3.5,4.5],"to":[19,4,11.5],"faces":{"north":{"uv":[15,11,16,12.5],"texture":"#texture"},"east":{"uv":[15,11,16,12.5],"texture":"#texture"},"south":{"uv":[15,11,16,12.5],"texture":"#texture"},"west":{"uv":[15,11,16,12.5],"texture":"#texture"},"up":{"uv":[15,11,16,12.5],"texture":"#texture"},"down":{"uv":[15,11,16,12.5],"texture":"#texture"}}},{"from":[18,3,6.5],"to":[19,3.5,11.5],"faces":{"north":{"uv":[15,11,16,12.5],"texture":"#texture"},"east":{"uv":[15,11,16,12.5],"texture":"#texture"},"south":{"uv":[15,11,16,12.5],"texture":"#texture"},"west":{"uv":[15,11,16,12.5],"texture":"#texture"},"up":{"uv":[15,11,16,12.5],"texture":"#texture"},"down":{"uv":[15,11,16,12.5],"texture":"#texture"}}}],"display":{"gui":{"rotation":[26,151,0],"translation":[-1,-3,0],"scale":[0.4,0.4,0.4]},"head":{"translation":[9.26,-0.57,1],"scale":[1.7,1.7,1.7]}},"credit":"Model by Craftventure"}