{"textures":{"0":"block/gray_concrete","1":"block/piston_inner","2":"block/smooth_stone","3":"block/black_concrete","particle":"block/gray_concrete"},"elements":[{"name":"octagon","from":[3.97596,-1.13434,-1.71488],"to":[12.02404,-0.48782,17.71488],"rotation":{"angle":0,"axis":"y","origin":[8,-1.05431,8]},"faces":{"north":{"uv":[0,0,1,1],"texture":"#0"},"east":{"uv":[0,0,1,1],"texture":"#0"},"south":{"uv":[0,0,1,1],"texture":"#0"},"west":{"uv":[0,0,1,1],"texture":"#0"},"up":{"uv":[0,0,1,1],"texture":"#0"},"down":{"uv":[0,0,1,1],"texture":"#0"}}},{"name":"octagon","from":[-1.71488,-1.13434,3.97596],"to":[17.71488,-0.48782,12.02404],"rotation":{"angle":45,"axis":"y","origin":[8,-1.05431,8]},"faces":{"north":{"uv":[0,0,1,1],"texture":"#0"},"east":{"uv":[0,0,1,1],"texture":"#0"},"south":{"uv":[0,0,1,1],"texture":"#0"},"west":{"uv":[0,0,1,1],"texture":"#0"},"up":{"uv":[0,0,1,1],"texture":"#0"},"down":{"uv":[0,0,1,1],"texture":"#0"}}},{"name":"octagon","from":[-1.71488,-1.13434,3.97596],"to":[17.71488,-0.48782,12.02404],"rotation":{"angle":0,"axis":"y","origin":[8,-1.05431,8]},"faces":{"north":{"uv":[0,0,1,1],"texture":"#0"},"east":{"uv":[0,0,1,1],"texture":"#0"},"south":{"uv":[0,0,1,1],"texture":"#0"},"west":{"uv":[0,0,1,1],"texture":"#0"},"up":{"uv":[0,0,1,1],"texture":"#0"},"down":{"uv":[0,0,1,1],"texture":"#0"}}},{"name":"octagon","from":[3.97596,-1.13434,-1.71488],"to":[12.02404,-0.48782,17.71488],"rotation":{"angle":45,"axis":"y","origin":[8,-1.05431,8]},"faces":{"north":{"uv":[0,0,1,1],"texture":"#0"},"east":{"uv":[0,0,1,1],"texture":"#0"},"south":{"uv":[0,0,1,1],"texture":"#0"},"west":{"uv":[0,0,1,1],"texture":"#0"},"up":{"uv":[0,0,1,1],"texture":"#0"},"down":{"uv":[0,0,1,1],"texture":"#0"}}},{"from":[2.6138,-2.2084,7.1916],"to":[3.4222,-0.5916,8],"faces":{"north":{"uv":[15.5,11.5,16,12.5],"texture":"#2"},"east":{"uv":[0,11.5,0,12.5],"texture":"#2"},"south":{"uv":[0,11.5,0.5,12.5],"texture":"#2"},"west":{"uv":[16,11.5,16,12.5],"texture":"#2"},"up":{"uv":[0,16,0.5,16],"texture":"#2"},"down":{"uv":[16,16,15.5,16],"texture":"#2"}}},{"from":[3.018,-1.8042,8.4042],"to":[4.2306,-1.4,10.4252],"faces":{"north":{"uv":[14.5,13,16,13.5],"texture":"#3"},"east":{"uv":[0,13,0,13.5],"texture":"#3"},"south":{"uv":[0,13,1.5,13.5],"texture":"#3"},"west":{"uv":[16,13,16,13.5],"texture":"#3"},"up":{"uv":[0,16,1.5,16],"texture":"#3"},"down":{"uv":[16,16,14.5,16],"texture":"#3"}}},{"from":[3.018,-3.8252,10.4252],"to":[4.2306,-1.8042,10.8294],"faces":{"north":{"uv":[14.5,13.5,16,16],"texture":"#3"},"east":{"uv":[0,13.5,0,16],"texture":"#3"},"south":{"uv":[0,13.5,1.5,16],"texture":"#3"},"west":{"uv":[16,13.5,16,16],"texture":"#3"},"up":{"uv":[0,16,1.5,16],"texture":"#3"},"down":{"uv":[16,16,14.5,16],"texture":"#3"}}},{"from":[3.018,-3.8252,8.4042],"to":[4.2306,-1.8042,10.4252],"faces":{"north":{"uv":[4,4,12,12],"texture":"#1"},"east":{"uv":[4,4,12,12],"texture":"#1"},"south":{"uv":[4,4,12,12],"texture":"#1"},"west":{"uv":[4,4,12,12],"texture":"#1"},"up":{"uv":[4,4,12,12],"texture":"#1"},"down":{"uv":[4,4,12,12],"texture":"#1"}}},{"from":[3.018,-4.2294,8.4042],"to":[4.2306,-3.8252,10.4252],"faces":{"north":{"uv":[14.5,16,16,16],"texture":"#3"},"east":{"uv":[0,16,0,16],"texture":"#3"},"south":{"uv":[0,16,1.5,16],"texture":"#3"},"west":{"uv":[16,16,16,16],"texture":"#3"},"up":{"uv":[0,16,1.5,16],"texture":"#3"},"down":{"uv":[16,16,14.5,16],"texture":"#3"}}},{"from":[3.018,-3.8252,8],"to":[4.2306,-1.8042,8.4042],"faces":{"north":{"uv":[14.5,13.5,16,16],"texture":"#3"},"east":{"uv":[0,13.5,0,16],"texture":"#3"},"south":{"uv":[0,13.5,1.5,16],"texture":"#3"},"west":{"uv":[16,13.5,16,16],"texture":"#3"},"up":{"uv":[0,16,1.5,16],"texture":"#3"},"down":{"uv":[16,16,14.5,16],"texture":"#3"}}},{"from":[3.018,-3.8252,6.7874],"to":[4.2306,-1.8042,7.1916],"faces":{"north":{"uv":[14.5,13.5,16,16],"texture":"#3"},"east":{"uv":[0,13.5,0,16],"texture":"#3"},"south":{"uv":[0,13.5,1.5,16],"texture":"#3"},"west":{"uv":[16,13.5,16,16],"texture":"#3"},"up":{"uv":[0,16,1.5,16],"texture":"#3"},"down":{"uv":[16,16,14.5,16],"texture":"#3"}}},{"from":[3.018,-1.8042,4.7664],"to":[4.2306,-1.4,6.7874],"faces":{"north":{"uv":[14.5,13,16,13.5],"texture":"#3"},"east":{"uv":[0,13,0,13.5],"texture":"#3"},"south":{"uv":[0,13,1.5,13.5],"texture":"#3"},"west":{"uv":[16,13,16,13.5],"texture":"#3"},"up":{"uv":[0,16,1.5,16],"texture":"#3"},"down":{"uv":[16,16,14.5,16],"texture":"#3"}}},{"from":[3.018,-3.8252,4.7664],"to":[4.2306,-1.8042,6.7874],"faces":{"north":{"uv":[4,4,12,12],"texture":"#1"},"east":{"uv":[4,4,12,12],"texture":"#1"},"south":{"uv":[5,5,11,11],"texture":"#1"},"west":{"uv":[4,4,12,12],"texture":"#1"},"up":{"uv":[4,4,12,12],"texture":"#1"},"down":{"uv":[4,4,12,12],"texture":"#1"}}},{"from":[3.018,-3.8252,4.3622],"to":[4.2306,-1.8042,4.7664],"faces":{"north":{"uv":[14.5,13.5,16,16],"texture":"#3"},"east":{"uv":[0,13.5,0,16],"texture":"#3"},"south":{"uv":[0,13.5,1.5,16],"texture":"#3"},"west":{"uv":[16,13.5,16,16],"texture":"#3"},"up":{"uv":[0,16,1.5,16],"texture":"#3"},"down":{"uv":[16,16,14.5,16],"texture":"#3"}}},{"from":[3.018,-4.2294,4.7664],"to":[4.2306,-3.8252,6.7874],"faces":{"north":{"uv":[14.5,16,16,16],"texture":"#3"},"east":{"uv":[0,16,0,16],"texture":"#3"},"south":{"uv":[0,16,1.5,16],"texture":"#3"},"west":{"uv":[16,16,16,16],"texture":"#3"},"up":{"uv":[0,16,1.5,16],"texture":"#3"},"down":{"uv":[16,16,14.5,16],"texture":"#3"}}},{"from":[2.6138,-3.421,5.5748],"to":[3.018,-2.2084,9.6168],"faces":{"north":{"uv":[16,14,16,15.5],"texture":"#2"},"east":{"uv":[0,14,0,15.5],"texture":"#2"},"south":{"uv":[0,14,0,15.5],"texture":"#2"},"west":{"uv":[16,14,16,15.5],"texture":"#2"},"up":{"uv":[0,16,0,16],"texture":"#2"},"down":{"uv":[16,16,16,16],"texture":"#2"}}},{"from":[0.89595,-4.73465,6.7874],"to":[3.32115,-3.92625,8.4042],"rotation":{"angle":45,"axis":"z","origin":[0.89595,-3.92625,6.7874]},"faces":{"north":{"uv":[15.5,11.5,16,12.5],"texture":"#2"},"east":{"uv":[0,11.5,0,12.5],"texture":"#2"},"south":{"uv":[0,11.5,0.5,12.5],"texture":"#2"},"west":{"uv":[16,11.5,16,12.5],"texture":"#2"},"up":{"uv":[0,16,0.5,16],"texture":"#2"},"down":{"uv":[16,16,15.5,16],"texture":"#2"}}},{"from":[0.5928,-4.6336,6.7874],"to":[1.8054,-3.8252,8.4042],"faces":{"north":{"uv":[15.5,11.5,16,12.5],"texture":"#2"},"east":{"uv":[0,11.5,0,12.5],"texture":"#2"},"south":{"uv":[0,11.5,0.5,12.5],"texture":"#2"},"west":{"uv":[16,11.5,16,12.5],"texture":"#2"},"up":{"uv":[0,16,0.5,16],"texture":"#2"},"down":{"uv":[16,16,15.5,16],"texture":"#2"}}},{"from":[0.997,-4.6336,5.979],"to":[2.2096,-4.2294,9.2126],"faces":{"north":{"uv":[15.5,11.5,16,12.5],"texture":"#2"},"east":{"uv":[0,11.5,0,12.5],"texture":"#2"},"south":{"uv":[0,11.5,0.5,12.5],"texture":"#2"},"west":{"uv":[16,11.5,16,12.5],"texture":"#2"},"up":{"uv":[0,16,0.5,16],"texture":"#2"},"down":{"uv":[16,16,15.5,16],"texture":"#2"}}},{"from":[0.997,-5.442,10.021],"to":[2.6138,-4.6336,10.4252],"faces":{"north":{"uv":[16,16,16,16],"texture":"#3"},"east":{"uv":[0,16,0,16],"texture":"#3"},"south":{"uv":[0,16,0,16],"texture":"#3"},"west":{"uv":[16,16,16,16],"texture":"#3"},"up":{"uv":[0,16,0,16],"texture":"#3"},"down":{"uv":[16,16,16,16],"texture":"#3"}}},{"from":[2.6138,-5.442,8.4042],"to":[3.018,-4.6336,10.021],"faces":{"north":{"uv":[16,16,16,16],"texture":"#3"},"east":{"uv":[0,16,0,16],"texture":"#3"},"south":{"uv":[0,16,0,16],"texture":"#3"},"west":{"uv":[16,16,16,16],"texture":"#3"},"up":{"uv":[0,16,0,16],"texture":"#3"},"down":{"uv":[16,16,16,16],"texture":"#3"}}},{"from":[0.5928,-5.442,8.4042],"to":[0.997,-4.6336,10.021],"faces":{"north":{"uv":[16,16,16,16],"texture":"#3"},"east":{"uv":[0,16,0,16],"texture":"#3"},"south":{"uv":[0,16,0,16],"texture":"#3"},"west":{"uv":[16,16,16,16],"texture":"#3"},"up":{"uv":[0,16,0,16],"texture":"#3"},"down":{"uv":[16,16,16,16],"texture":"#3"}}},{"from":[2.6138,-5.442,5.1706],"to":[3.018,-4.6336,6.7874],"faces":{"north":{"uv":[16,16,16,16],"texture":"#3"},"east":{"uv":[0,16,0,16],"texture":"#3"},"south":{"uv":[0,16,0,16],"texture":"#3"},"west":{"uv":[16,16,16,16],"texture":"#3"},"up":{"uv":[0,16,0,16],"texture":"#3"},"down":{"uv":[16,16,16,16],"texture":"#3"}}},{"from":[0.997,-5.442,5.1706],"to":[2.6138,-4.6336,6.7874],"faces":{"north":{"uv":[4,4,12,12],"texture":"#1"},"east":{"uv":[4,4,12,12],"texture":"#1"},"south":{"uv":[4,4,12,12],"texture":"#1"},"west":{"uv":[4,4,12,12],"texture":"#1"},"up":{"uv":[4,4,12,12],"texture":"#1"},"down":{"uv":[4,4,12,12],"texture":"#1"}}},{"from":[0.997,-5.442,8],"to":[2.6138,-4.6336,8.4042],"faces":{"north":{"uv":[16,16,16,16],"texture":"#3"},"east":{"uv":[0,16,0,16],"texture":"#3"},"south":{"uv":[0,16,0,16],"texture":"#3"},"west":{"uv":[16,16,16,16],"texture":"#3"},"up":{"uv":[0,16,0,16],"texture":"#3"},"down":{"uv":[16,16,16,16],"texture":"#3"}}},{"from":[0.997,-5.442,8.4042],"to":[2.6138,-4.6336,10.021],"faces":{"north":{"uv":[4,4,12,12],"texture":"#1"},"east":{"uv":[4,4,12,12],"texture":"#1"},"south":{"uv":[4,4,12,12],"texture":"#1"},"west":{"uv":[4,4,12,12],"texture":"#1"},"up":{"uv":[4,4,12,12],"texture":"#1"},"down":{"uv":[4,4,12,12],"texture":"#1"}}},{"from":[0.997,-5.8462,5.979],"to":[2.2096,-5.442,9.2126],"faces":{"north":{"uv":[15.5,11.5,16,12.5],"texture":"#2"},"east":{"uv":[0,11.5,0,12.5],"texture":"#2"},"south":{"uv":[0,11.5,0.5,12.5],"texture":"#2"},"west":{"uv":[16,11.5,16,12.5],"texture":"#2"},"up":{"uv":[0,16,0.5,16],"texture":"#2"},"down":{"uv":[16,16,15.5,16],"texture":"#2"}}},{"from":[0.5928,-5.8462,7.1916],"to":[0.997,-4.6336,8],"faces":{"north":{"uv":[15.5,11.5,16,12.5],"texture":"#2"},"east":{"uv":[0,11.5,0,12.5],"texture":"#2"},"south":{"uv":[0,11.5,0.5,12.5],"texture":"#2"},"west":{"uv":[16,11.5,16,12.5],"texture":"#2"},"up":{"uv":[0,16,0.5,16],"texture":"#2"},"down":{"uv":[16,16,15.5,16],"texture":"#2"}}},{"from":[0.5928,-5.442,5.1706],"to":[0.997,-4.6336,6.7874],"faces":{"north":{"uv":[16,16,16,16],"texture":"#3"},"east":{"uv":[0,16,0,16],"texture":"#3"},"south":{"uv":[0,16,0,16],"texture":"#3"},"west":{"uv":[16,16,16,16],"texture":"#3"},"up":{"uv":[0,16,0,16],"texture":"#3"},"down":{"uv":[16,16,16,16],"texture":"#3"}}},{"from":[0.997,-5.442,4.7664],"to":[2.6138,-4.6336,5.1706],"faces":{"north":{"uv":[16,16,16,16],"texture":"#3"},"east":{"uv":[0,16,0,16],"texture":"#3"},"south":{"uv":[0,16,0,16],"texture":"#3"},"west":{"uv":[16,16,16,16],"texture":"#3"},"up":{"uv":[0,16,0,16],"texture":"#3"},"down":{"uv":[16,16,16,16],"texture":"#3"}}},{"from":[0.997,-5.442,6.7874],"to":[2.6138,-4.6336,7.1916],"faces":{"north":{"uv":[16,16,16,16],"texture":"#3"},"east":{"uv":[0,16,0,16],"texture":"#3"},"south":{"uv":[0,16,0,16],"texture":"#3"},"west":{"uv":[16,16,16,16],"texture":"#3"},"up":{"uv":[0,16,0,16],"texture":"#3"},"down":{"uv":[16,16,16,16],"texture":"#3"}}},{"from":[12.5778,-2.2084,7.1916],"to":[13.3862,-0.5916,8],"faces":{"north":{"uv":[16,11.5,15.5,12.5],"texture":"#2"},"east":{"uv":[16,11.5,16,12.5],"texture":"#2"},"south":{"uv":[0.5,11.5,0,12.5],"texture":"#2"},"west":{"uv":[0,11.5,0,12.5],"texture":"#2"},"up":{"uv":[0.5,16,0,16],"texture":"#2"},"down":{"uv":[15.5,16,16,16],"texture":"#2"}}},{"from":[11.7694,-1.8042,8.4042],"to":[12.982,-1.4,10.4252],"faces":{"north":{"uv":[16,13,14.5,13.5],"texture":"#3"},"east":{"uv":[16,13,16,13.5],"texture":"#3"},"south":{"uv":[1.5,13,0,13.5],"texture":"#3"},"west":{"uv":[0,13,0,13.5],"texture":"#3"},"up":{"uv":[1.5,16,0,16],"texture":"#3"},"down":{"uv":[14.5,16,16,16],"texture":"#3"}}},{"from":[11.7694,-3.8252,10.4252],"to":[12.982,-1.8042,10.8294],"faces":{"north":{"uv":[16,13.5,14.5,16],"texture":"#3"},"east":{"uv":[16,13.5,16,16],"texture":"#3"},"south":{"uv":[1.5,13.5,0,16],"texture":"#3"},"west":{"uv":[0,13.5,0,16],"texture":"#3"},"up":{"uv":[1.5,16,0,16],"texture":"#3"},"down":{"uv":[14.5,16,16,16],"texture":"#3"}}},{"from":[11.7694,-3.8252,8.4042],"to":[12.982,-1.8042,10.4252],"faces":{"north":{"uv":[12,4,4,12],"texture":"#1"},"east":{"uv":[12,4,4,12],"texture":"#1"},"south":{"uv":[12,4,4,12],"texture":"#1"},"west":{"uv":[12,4,4,12],"texture":"#1"},"up":{"uv":[12,4,4,12],"texture":"#1"},"down":{"uv":[12,4,4,12],"texture":"#1"}}},{"from":[11.7694,-4.2294,8.4042],"to":[12.982,-3.8252,10.4252],"faces":{"north":{"uv":[16,16,14.5,16],"texture":"#3"},"east":{"uv":[16,16,16,16],"texture":"#3"},"south":{"uv":[1.5,16,0,16],"texture":"#3"},"west":{"uv":[0,16,0,16],"texture":"#3"},"up":{"uv":[1.5,16,0,16],"texture":"#3"},"down":{"uv":[14.5,16,16,16],"texture":"#3"}}},{"from":[11.7694,-3.8252,8],"to":[12.982,-1.8042,8.4042],"faces":{"north":{"uv":[16,13.5,14.5,16],"texture":"#3"},"east":{"uv":[16,13.5,16,16],"texture":"#3"},"south":{"uv":[1.5,13.5,0,16],"texture":"#3"},"west":{"uv":[0,13.5,0,16],"texture":"#3"},"up":{"uv":[1.5,16,0,16],"texture":"#3"},"down":{"uv":[14.5,16,16,16],"texture":"#3"}}},{"from":[11.7694,-3.8252,6.7874],"to":[12.982,-1.8042,7.1916],"faces":{"north":{"uv":[16,13.5,14.5,16],"texture":"#3"},"east":{"uv":[16,13.5,16,16],"texture":"#3"},"south":{"uv":[1.5,13.5,0,16],"texture":"#3"},"west":{"uv":[0,13.5,0,16],"texture":"#3"},"up":{"uv":[1.5,16,0,16],"texture":"#3"},"down":{"uv":[14.5,16,16,16],"texture":"#3"}}},{"from":[11.7694,-1.8042,4.7664],"to":[12.982,-1.4,6.7874],"faces":{"north":{"uv":[16,13,14.5,13.5],"texture":"#3"},"east":{"uv":[16,13,16,13.5],"texture":"#3"},"south":{"uv":[1.5,13,0,13.5],"texture":"#3"},"west":{"uv":[0,13,0,13.5],"texture":"#3"},"up":{"uv":[1.5,16,0,16],"texture":"#3"},"down":{"uv":[14.5,16,16,16],"texture":"#3"}}},{"from":[11.7694,-3.8252,4.7664],"to":[12.982,-1.8042,6.7874],"faces":{"north":{"uv":[12,4,4,12],"texture":"#1"},"east":{"uv":[12,4,4,12],"texture":"#1"},"south":{"uv":[11,5,5,11],"texture":"#1"},"west":{"uv":[12,4,4,12],"texture":"#1"},"up":{"uv":[12,4,4,12],"texture":"#1"},"down":{"uv":[12,4,4,12],"texture":"#1"}}},{"from":[11.7694,-3.8252,4.3622],"to":[12.982,-1.8042,4.7664],"faces":{"north":{"uv":[16,13.5,14.5,16],"texture":"#3"},"east":{"uv":[16,13.5,16,16],"texture":"#3"},"south":{"uv":[1.5,13.5,0,16],"texture":"#3"},"west":{"uv":[0,13.5,0,16],"texture":"#3"},"up":{"uv":[1.5,16,0,16],"texture":"#3"},"down":{"uv":[14.5,16,16,16],"texture":"#3"}}},{"from":[11.7694,-4.2294,4.7664],"to":[12.982,-3.8252,6.7874],"faces":{"north":{"uv":[16,16,14.5,16],"texture":"#3"},"east":{"uv":[16,16,16,16],"texture":"#3"},"south":{"uv":[1.5,16,0,16],"texture":"#3"},"west":{"uv":[0,16,0,16],"texture":"#3"},"up":{"uv":[1.5,16,0,16],"texture":"#3"},"down":{"uv":[14.5,16,16,16],"texture":"#3"}}},{"from":[12.982,-3.421,5.5748],"to":[13.3862,-2.2084,9.6168],"faces":{"north":{"uv":[16,14,16,15.5],"texture":"#2"},"east":{"uv":[16,14,16,15.5],"texture":"#2"},"south":{"uv":[0,14,0,15.5],"texture":"#2"},"west":{"uv":[0,14,0,15.5],"texture":"#2"},"up":{"uv":[0,16,0,16],"texture":"#2"},"down":{"uv":[16,16,16,16],"texture":"#2"}}},{"from":[12.67885,-4.73465,6.7874],"to":[15.10405,-3.92625,8.4042],"rotation":{"angle":-45,"axis":"z","origin":[15.10405,-3.92625,6.7874]},"faces":{"north":{"uv":[16,11.5,15.5,12.5],"texture":"#2"},"east":{"uv":[16,11.5,16,12.5],"texture":"#2"},"south":{"uv":[0.5,11.5,0,12.5],"texture":"#2"},"west":{"uv":[0,11.5,0,12.5],"texture":"#2"},"up":{"uv":[0.5,16,0,16],"texture":"#2"},"down":{"uv":[15.5,16,16,16],"texture":"#2"}}},{"from":[14.1946,-4.6336,6.7874],"to":[15.4072,-3.8252,8.4042],"faces":{"north":{"uv":[16,11.5,15.5,12.5],"texture":"#2"},"east":{"uv":[16,11.5,16,12.5],"texture":"#2"},"south":{"uv":[0.5,11.5,0,12.5],"texture":"#2"},"west":{"uv":[0,11.5,0,12.5],"texture":"#2"},"up":{"uv":[0.5,16,0,16],"texture":"#2"},"down":{"uv":[15.5,16,16,16],"texture":"#2"}}},{"from":[13.7904,-4.6336,5.979],"to":[15.003,-4.2294,9.2126],"faces":{"north":{"uv":[16,11.5,15.5,12.5],"texture":"#2"},"east":{"uv":[16,11.5,16,12.5],"texture":"#2"},"south":{"uv":[0.5,11.5,0,12.5],"texture":"#2"},"west":{"uv":[0,11.5,0,12.5],"texture":"#2"},"up":{"uv":[0.5,16,0,16],"texture":"#2"},"down":{"uv":[15.5,16,16,16],"texture":"#2"}}},{"from":[13.3862,-5.442,10.021],"to":[15.003,-4.6336,10.4252],"faces":{"north":{"uv":[16,16,16,16],"texture":"#3"},"east":{"uv":[16,16,16,16],"texture":"#3"},"south":{"uv":[0,16,0,16],"texture":"#3"},"west":{"uv":[0,16,0,16],"texture":"#3"},"up":{"uv":[0,16,0,16],"texture":"#3"},"down":{"uv":[16,16,16,16],"texture":"#3"}}},{"from":[12.982,-5.442,8.4042],"to":[13.3862,-4.6336,10.021],"faces":{"north":{"uv":[16,16,16,16],"texture":"#3"},"east":{"uv":[16,16,16,16],"texture":"#3"},"south":{"uv":[0,16,0,16],"texture":"#3"},"west":{"uv":[0,16,0,16],"texture":"#3"},"up":{"uv":[0,16,0,16],"texture":"#3"},"down":{"uv":[16,16,16,16],"texture":"#3"}}},{"from":[15.003,-5.442,8.4042],"to":[15.4072,-4.6336,10.021],"faces":{"north":{"uv":[16,16,16,16],"texture":"#3"},"east":{"uv":[16,16,16,16],"texture":"#3"},"south":{"uv":[0,16,0,16],"texture":"#3"},"west":{"uv":[0,16,0,16],"texture":"#3"},"up":{"uv":[0,16,0,16],"texture":"#3"},"down":{"uv":[16,16,16,16],"texture":"#3"}}},{"from":[12.982,-5.442,5.1706],"to":[13.3862,-4.6336,6.7874],"faces":{"north":{"uv":[16,16,16,16],"texture":"#3"},"east":{"uv":[16,16,16,16],"texture":"#3"},"south":{"uv":[0,16,0,16],"texture":"#3"},"west":{"uv":[0,16,0,16],"texture":"#3"},"up":{"uv":[0,16,0,16],"texture":"#3"},"down":{"uv":[16,16,16,16],"texture":"#3"}}},{"from":[13.3862,-5.442,5.1706],"to":[15.003,-4.6336,6.7874],"faces":{"north":{"uv":[12,4,4,12],"texture":"#1"},"east":{"uv":[12,4,4,12],"texture":"#1"},"south":{"uv":[12,4,4,12],"texture":"#1"},"west":{"uv":[12,4,4,12],"texture":"#1"},"up":{"uv":[12,4,4,12],"texture":"#1"},"down":{"uv":[12,4,4,12],"texture":"#1"}}},{"from":[13.3862,-5.442,8],"to":[15.003,-4.6336,8.4042],"faces":{"north":{"uv":[16,16,16,16],"texture":"#3"},"east":{"uv":[16,16,16,16],"texture":"#3"},"south":{"uv":[0,16,0,16],"texture":"#3"},"west":{"uv":[0,16,0,16],"texture":"#3"},"up":{"uv":[0,16,0,16],"texture":"#3"},"down":{"uv":[16,16,16,16],"texture":"#3"}}},{"from":[13.3862,-5.442,8.4042],"to":[15.003,-4.6336,10.021],"faces":{"north":{"uv":[12,4,4,12],"texture":"#1"},"east":{"uv":[12,4,4,12],"texture":"#1"},"south":{"uv":[12,4,4,12],"texture":"#1"},"west":{"uv":[12,4,4,12],"texture":"#1"},"up":{"uv":[12,4,4,12],"texture":"#1"},"down":{"uv":[12,4,4,12],"texture":"#1"}}},{"from":[13.7904,-5.8462,5.979],"to":[15.003,-5.442,9.2126],"faces":{"north":{"uv":[16,11.5,15.5,12.5],"texture":"#2"},"east":{"uv":[16,11.5,16,12.5],"texture":"#2"},"south":{"uv":[0.5,11.5,0,12.5],"texture":"#2"},"west":{"uv":[0,11.5,0,12.5],"texture":"#2"},"up":{"uv":[0.5,16,0,16],"texture":"#2"},"down":{"uv":[15.5,16,16,16],"texture":"#2"}}},{"from":[15.003,-5.8462,7.1916],"to":[15.4072,-4.6336,8],"faces":{"north":{"uv":[16,11.5,15.5,12.5],"texture":"#2"},"east":{"uv":[16,11.5,16,12.5],"texture":"#2"},"south":{"uv":[0.5,11.5,0,12.5],"texture":"#2"},"west":{"uv":[0,11.5,0,12.5],"texture":"#2"},"up":{"uv":[0.5,16,0,16],"texture":"#2"},"down":{"uv":[15.5,16,16,16],"texture":"#2"}}},{"from":[15.003,-5.442,5.1706],"to":[15.4072,-4.6336,6.7874],"faces":{"north":{"uv":[16,16,16,16],"texture":"#3"},"east":{"uv":[16,16,16,16],"texture":"#3"},"south":{"uv":[0,16,0,16],"texture":"#3"},"west":{"uv":[0,16,0,16],"texture":"#3"},"up":{"uv":[0,16,0,16],"texture":"#3"},"down":{"uv":[16,16,16,16],"texture":"#3"}}},{"from":[13.3862,-5.442,4.7664],"to":[15.003,-4.6336,5.1706],"faces":{"north":{"uv":[16,16,16,16],"texture":"#3"},"east":{"uv":[16,16,16,16],"texture":"#3"},"south":{"uv":[0,16,0,16],"texture":"#3"},"west":{"uv":[0,16,0,16],"texture":"#3"},"up":{"uv":[0,16,0,16],"texture":"#3"},"down":{"uv":[16,16,16,16],"texture":"#3"}}},{"from":[13.3862,-5.442,6.7874],"to":[15.003,-4.6336,7.1916],"faces":{"north":{"uv":[16,16,16,16],"texture":"#3"},"east":{"uv":[16,16,16,16],"texture":"#3"},"south":{"uv":[0,16,0,16],"texture":"#3"},"west":{"uv":[0,16,0,16],"texture":"#3"},"up":{"uv":[0,16,0,16],"texture":"#3"},"down":{"uv":[16,16,16,16],"texture":"#3"}}},{"name":"octagon","from":[0.2281,-0.54827,4.78077],"to":[15.7719,0.06294,11.21923],"rotation":{"angle":0,"axis":"y","origin":[8,-0.48424,8]},"faces":{"north":{"uv":[0,0,1,1],"texture":"#3"},"east":{"uv":[0,0,1,1],"texture":"#3"},"south":{"uv":[0,0,1,1],"texture":"#3"},"west":{"uv":[0,0,1,1],"texture":"#3"},"up":{"uv":[0,0,1,1],"texture":"#3"},"down":{"uv":[0,0,1,1],"texture":"#3"}}},{"name":"octagon","from":[0.2281,-0.54827,4.78077],"to":[15.7719,0.06294,11.21923],"rotation":{"angle":45,"axis":"y","origin":[8,-0.48424,8]},"faces":{"north":{"uv":[0,0,1,1],"texture":"#3"},"east":{"uv":[0,0,1,1],"texture":"#3"},"south":{"uv":[0,0,1,1],"texture":"#3"},"west":{"uv":[0,0,1,1],"texture":"#3"},"up":{"uv":[0,0,1,1],"texture":"#3"},"down":{"uv":[0,0,1,1],"texture":"#3"}}},{"name":"octagon","from":[4.78077,-0.54827,0.2281],"to":[11.21923,0.06294,15.7719],"rotation":{"angle":0,"axis":"y","origin":[8,-0.48424,8]},"faces":{"north":{"uv":[0,0,1,1],"texture":"#3"},"east":{"uv":[0,0,1,1],"texture":"#3"},"south":{"uv":[0,0,1,1],"texture":"#3"},"west":{"uv":[0,0,1,1],"texture":"#3"},"up":{"uv":[0,0,1,1],"texture":"#3"},"down":{"uv":[0,0,1,1],"texture":"#3"}}},{"name":"octagon","from":[4.78077,-0.54827,0.2281],"to":[11.21923,0.06294,15.7719],"rotation":{"angle":45,"axis":"y","origin":[8,-0.48424,8]},"faces":{"north":{"uv":[0,0,1,1],"texture":"#3"},"east":{"uv":[0,0,1,1],"texture":"#3"},"south":{"uv":[0,0,1,1],"texture":"#3"},"west":{"uv":[0,0,1,1],"texture":"#3"},"up":{"uv":[0,0,1,1],"texture":"#3"},"down":{"uv":[0,0,1,1],"texture":"#3"}}},{"name":"octagon","from":[0.2281,-1.32377,4.78077],"to":[15.7719,-0.71256,11.21923],"rotation":{"angle":45,"axis":"y","origin":[8,-1.25974,8]},"faces":{"north":{"uv":[0,0,1,1],"texture":"#2"},"east":{"uv":[0,0,1,1],"texture":"#2"},"south":{"uv":[0,0,1,1],"texture":"#2"},"west":{"uv":[0,0,1,1],"texture":"#2"},"up":{"uv":[0,0,1,1],"texture":"#2"},"down":{"uv":[0,0,1,1],"texture":"#2"}}},{"name":"octagon","from":[0.2281,-1.32377,4.78077],"to":[15.7719,-0.71256,11.21923],"rotation":{"angle":0,"axis":"y","origin":[8,-1.25974,8]},"faces":{"north":{"uv":[0,0,1,1],"texture":"#2"},"east":{"uv":[0,0,1,1],"texture":"#2"},"south":{"uv":[0,0,1,1],"texture":"#2"},"west":{"uv":[0,0,1,1],"texture":"#2"},"up":{"uv":[0,0,1,1],"texture":"#2"},"down":{"uv":[0,0,1,1],"texture":"#2"}}},{"name":"octagon","from":[4.78077,-1.32377,0.2281],"to":[11.21923,-0.71256,15.7719],"rotation":{"angle":45,"axis":"y","origin":[8,-1.25974,8]},"faces":{"north":{"uv":[0,0,1,1],"texture":"#2"},"east":{"uv":[0,0,1,1],"texture":"#2"},"south":{"uv":[0,0,1,1],"texture":"#2"},"west":{"uv":[0,0,1,1],"texture":"#2"},"up":{"uv":[0,0,1,1],"texture":"#2"},"down":{"uv":[0,0,1,1],"texture":"#2"}}},{"name":"octagon","from":[4.78077,-1.32377,0.2281],"to":[11.21923,-0.71256,15.7719],"rotation":{"angle":0,"axis":"y","origin":[8,-1.25974,8]},"faces":{"north":{"uv":[0,0,1,1],"texture":"#2"},"east":{"uv":[0,0,1,1],"texture":"#2"},"south":{"uv":[0,0,1,1],"texture":"#2"},"west":{"uv":[0,0,1,1],"texture":"#2"},"up":{"uv":[0,0,1,1],"texture":"#2"},"down":{"uv":[0,0,1,1],"texture":"#2"}}}],"display":{"gui":{"rotation":[13,47,0],"translation":[0,5,0],"scale":[0.6,0.6,0.6]},"head":{"translation":[0,15.5,0],"scale":[3,3,3]}},"credit":"Model by Craftventure"}