{"textures":{"1":"block/red_mushroom","2":"block/red_mushroom_block"},"elements":[{"from":[7,0,7],"to":[9,4,9],"faces":{"north":{"uv":[7,15,8,16],"texture":"#1"},"east":{"uv":[7,15,8,16],"texture":"#1"},"south":{"uv":[7,15,8,16],"texture":"#1"},"west":{"uv":[7,15,8,16],"texture":"#1"},"up":{"uv":[7,15,8,16],"texture":"#1"},"down":{"uv":[7,15,8,16],"texture":"#1"}}},{"from":[5,4,5],"to":[11,7,11],"faces":{"north":{"uv":[10,5,16,8],"texture":"#2"},"east":{"uv":[10,5,16,8],"texture":"#2"},"south":{"uv":[10,8,16,11],"texture":"#2"},"west":{"uv":[9,7,15,10],"texture":"#2"},"up":{"uv":[0,2,6,8],"texture":"#2"},"down":{"uv":[0,0,6,6],"texture":"#2"}}}],"credit":"Model by Craftventure"}