{"textures":{"0":"item/equipment_slot_color","particle":"item/equipment_slot_color"},"elements":[{"name":"icon_balloon_0","from":[6,14,8],"to":[10,15,9],"faces":{"north":{"uv":[6,2,10,1],"rotation":180,"texture":"#0"},"east":{"uv":[9,1,10,2],"texture":"#0"},"south":{"uv":[6,1,10,2],"texture":"#0"},"west":{"uv":[6,1,7,2],"texture":"#0"},"up":{"uv":[10,1,6,2],"rotation":180,"texture":"#0"},"down":{"uv":[6,1,10,2],"texture":"#0"}}},{"name":"icon_balloon_1","from":[5,13,8],"to":[6,14,9],"faces":{"north":{"uv":[5,3,6,2],"rotation":180,"texture":"#0"},"east":{"uv":[5,2,6,3],"texture":"#0"},"south":{"uv":[5,2,6,3],"texture":"#0"},"west":{"uv":[5,2,6,3],"texture":"#0"},"up":{"uv":[6,2,5,3],"rotation":180,"texture":"#0"},"down":{"uv":[5,2,6,3],"texture":"#0"}}},{"name":"icon_balloon_2","from":[10,13,8],"to":[11,14,9],"faces":{"north":{"uv":[10,3,11,2],"rotation":180,"texture":"#0"},"east":{"uv":[10,2,11,3],"texture":"#0"},"south":{"uv":[10,2,11,3],"texture":"#0"},"west":{"uv":[10,2,11,3],"texture":"#0"},"up":{"uv":[11,2,10,3],"rotation":180,"texture":"#0"},"down":{"uv":[10,2,11,3],"texture":"#0"}}},{"name":"icon_balloon_3","from":[4,12,8],"to":[5,13,9],"faces":{"north":{"uv":[4,4,5,3],"rotation":180,"texture":"#0"},"east":{"uv":[4,3,5,4],"texture":"#0"},"south":{"uv":[4,3,5,4],"texture":"#0"},"west":{"uv":[4,3,5,4],"texture":"#0"},"up":{"uv":[5,3,4,4],"rotation":180,"texture":"#0"},"down":{"uv":[4,3,5,4],"texture":"#0"}}},{"name":"icon_balloon_4","from":[11,12,8],"to":[12,13,9],"faces":{"north":{"uv":[11,4,12,3],"rotation":180,"texture":"#0"},"east":{"uv":[11,3,12,4],"texture":"#0"},"south":{"uv":[11,3,12,4],"texture":"#0"},"west":{"uv":[11,3,12,4],"texture":"#0"},"up":{"uv":[12,3,11,4],"rotation":180,"texture":"#0"},"down":{"uv":[11,3,12,4],"texture":"#0"}}},{"name":"icon_balloon_5","from":[3,7,8],"to":[4,12,9],"faces":{"north":{"uv":[3,9,4,4],"rotation":180,"texture":"#0"},"east":{"uv":[3,4,4,9],"texture":"#0"},"south":{"uv":[3,4,4,9],"texture":"#0"},"west":{"uv":[3,4,4,9],"texture":"#0"},"up":{"uv":[4,4,3,5],"rotation":180,"texture":"#0"},"down":{"uv":[3,8,4,9],"texture":"#0"}}},{"name":"icon_balloon_6","from":[12,7,8],"to":[13,12,9],"faces":{"north":{"uv":[12,9,13,4],"rotation":180,"texture":"#0"},"east":{"uv":[12,4,13,9],"texture":"#0"},"south":{"uv":[12,4,13,9],"texture":"#0"},"west":{"uv":[12,4,13,9],"texture":"#0"},"up":{"uv":[13,4,12,5],"rotation":180,"texture":"#0"},"down":{"uv":[12,8,13,9],"texture":"#0"}}},{"name":"icon_balloon_7","from":[4,5,8],"to":[5,7,9],"faces":{"north":{"uv":[4,11,5,9],"rotation":180,"texture":"#0"},"east":{"uv":[4,9,5,11],"texture":"#0"},"south":{"uv":[4,9,5,11],"texture":"#0"},"west":{"uv":[4,9,5,11],"texture":"#0"},"up":{"uv":[5,9,4,10],"rotation":180,"texture":"#0"},"down":{"uv":[4,10,5,11],"texture":"#0"}}},{"name":"icon_balloon_8","from":[11,5,8],"to":[12,7,9],"faces":{"north":{"uv":[11,11,12,9],"rotation":180,"texture":"#0"},"east":{"uv":[11,9,12,11],"texture":"#0"},"south":{"uv":[11,9,12,11],"texture":"#0"},"west":{"uv":[11,9,12,11],"texture":"#0"},"up":{"uv":[12,9,11,10],"rotation":180,"texture":"#0"},"down":{"uv":[11,10,12,11],"texture":"#0"}}},{"name":"icon_balloon_9","from":[5,3,8],"to":[6,5,9],"faces":{"north":{"uv":[5,13,6,11],"rotation":180,"texture":"#0"},"east":{"uv":[5,11,6,13],"texture":"#0"},"south":{"uv":[5,11,6,13],"texture":"#0"},"west":{"uv":[5,11,6,13],"texture":"#0"},"up":{"uv":[6,11,5,12],"rotation":180,"texture":"#0"},"down":{"uv":[5,12,6,13],"texture":"#0"}}},{"name":"icon_balloon_10","from":[10,3,8],"to":[11,5,9],"faces":{"north":{"uv":[10,13,11,11],"rotation":180,"texture":"#0"},"east":{"uv":[10,11,11,13],"texture":"#0"},"south":{"uv":[10,11,11,13],"texture":"#0"},"west":{"uv":[10,11,11,13],"texture":"#0"},"up":{"uv":[11,11,10,12],"rotation":180,"texture":"#0"},"down":{"uv":[10,12,11,13],"texture":"#0"}}},{"name":"icon_balloon_11","from":[6,2,8],"to":[7,3,9],"faces":{"north":{"uv":[6,14,7,13],"rotation":180,"texture":"#0"},"east":{"uv":[6,13,7,14],"texture":"#0"},"south":{"uv":[6,13,7,14],"texture":"#0"},"west":{"uv":[6,13,7,14],"texture":"#0"},"up":{"uv":[7,13,6,14],"rotation":180,"texture":"#0"},"down":{"uv":[6,13,7,14],"texture":"#0"}}},{"name":"icon_balloon_12","from":[9,2,8],"to":[10,3,9],"faces":{"north":{"uv":[9,14,10,13],"rotation":180,"texture":"#0"},"east":{"uv":[9,13,10,14],"texture":"#0"},"south":{"uv":[9,13,10,14],"texture":"#0"},"west":{"uv":[9,13,10,14],"texture":"#0"},"up":{"uv":[10,13,9,14],"rotation":180,"texture":"#0"},"down":{"uv":[9,13,10,14],"texture":"#0"}}},{"name":"icon_balloon_13","from":[7,1,8],"to":[9,2,9],"faces":{"north":{"uv":[7,15,9,14],"rotation":180,"texture":"#0"},"east":{"uv":[8,14,9,15],"texture":"#0"},"south":{"uv":[7,14,9,15],"texture":"#0"},"west":{"uv":[7,14,8,15],"texture":"#0"},"up":{"uv":[9,14,7,15],"rotation":180,"texture":"#0"},"down":{"uv":[7,14,9,15],"texture":"#0"}}}],"groups":[{"name":"icon_balloon","children":[0,1,2,3,4,5,6,7,8,9,10,11,12,13]}],"credit":"Model by Craftventure"}