{"textures":{"2":"item/equipment_slot_color"},"elements":[{"name":"empty_armor_slot_chestplate_0","from":[4,13,8],"to":[12,14,9],"faces":{"north":{"uv":[4,3,12,2],"rotation":180,"texture":"#2"},"east":{"uv":[11,2,12,3],"texture":"#2"},"south":{"uv":[4,2,12,3],"texture":"#2"},"west":{"uv":[4,2,5,3],"texture":"#2"},"up":{"uv":[12,2,4,3],"rotation":180,"texture":"#2"},"down":{"uv":[4,2,12,3],"texture":"#2"}}},{"name":"empty_armor_slot_chestplate_1","from":[2,12,8],"to":[4,13,9],"faces":{"north":{"uv":[2,4,4,3],"rotation":180,"texture":"#2"},"east":{"uv":[3,3,4,4],"texture":"#2"},"south":{"uv":[2,3,4,4],"texture":"#2"},"west":{"uv":[2,3,3,4],"texture":"#2"},"up":{"uv":[4,3,2,4],"rotation":180,"texture":"#2"},"down":{"uv":[2,3,4,4],"texture":"#2"}}},{"name":"empty_armor_slot_chestplate_2","from":[12,12,8],"to":[14,13,9],"faces":{"north":{"uv":[12,4,14,3],"rotation":180,"texture":"#2"},"east":{"uv":[13,3,14,4],"texture":"#2"},"south":{"uv":[12,3,14,4],"texture":"#2"},"west":{"uv":[12,3,13,4],"texture":"#2"},"up":{"uv":[14,3,12,4],"rotation":180,"texture":"#2"},"down":{"uv":[12,3,14,4],"texture":"#2"}}},{"name":"empty_armor_slot_chestplate_3","from":[1,9,8],"to":[2,12,9],"faces":{"north":{"uv":[1,7,2,4],"rotation":180,"texture":"#2"},"east":{"uv":[1,4,2,7],"texture":"#2"},"south":{"uv":[1,4,2,7],"texture":"#2"},"west":{"uv":[1,4,2,7],"texture":"#2"},"up":{"uv":[2,4,1,5],"rotation":180,"texture":"#2"},"down":{"uv":[1,6,2,7],"texture":"#2"}}},{"name":"empty_armor_slot_chestplate_4","from":[14,9,8],"to":[15,12,9],"faces":{"north":{"uv":[14,7,15,4],"rotation":180,"texture":"#2"},"east":{"uv":[14,4,15,7],"texture":"#2"},"south":{"uv":[14,4,15,7],"texture":"#2"},"west":{"uv":[14,4,15,7],"texture":"#2"},"up":{"uv":[15,4,14,5],"rotation":180,"texture":"#2"},"down":{"uv":[14,6,15,7],"texture":"#2"}}},{"name":"empty_armor_slot_chestplate_5","from":[2,7,8],"to":[3,9,9],"faces":{"north":{"uv":[2,9,3,7],"rotation":180,"texture":"#2"},"east":{"uv":[2,7,3,9],"texture":"#2"},"south":{"uv":[2,7,3,9],"texture":"#2"},"west":{"uv":[2,7,3,9],"texture":"#2"},"up":{"uv":[3,7,2,8],"rotation":180,"texture":"#2"},"down":{"uv":[2,8,3,9],"texture":"#2"}}},{"name":"empty_armor_slot_chestplate_6","from":[13,7,8],"to":[14,9,9],"faces":{"north":{"uv":[13,9,14,7],"rotation":180,"texture":"#2"},"east":{"uv":[13,7,14,9],"texture":"#2"},"south":{"uv":[13,7,14,9],"texture":"#2"},"west":{"uv":[13,7,14,9],"texture":"#2"},"up":{"uv":[14,7,13,8],"rotation":180,"texture":"#2"},"down":{"uv":[13,8,14,9],"texture":"#2"}}},{"name":"empty_armor_slot_chestplate_7","from":[3,3,8],"to":[4,7,9],"faces":{"north":{"uv":[3,13,4,9],"rotation":180,"texture":"#2"},"east":{"uv":[3,9,4,13],"texture":"#2"},"south":{"uv":[3,9,4,13],"texture":"#2"},"west":{"uv":[3,9,4,13],"texture":"#2"},"up":{"uv":[4,9,3,10],"rotation":180,"texture":"#2"},"down":{"uv":[3,12,4,13],"texture":"#2"}}},{"name":"empty_armor_slot_chestplate_8","from":[12,3,8],"to":[13,7,9],"faces":{"north":{"uv":[12,13,13,9],"rotation":180,"texture":"#2"},"east":{"uv":[12,9,13,13],"texture":"#2"},"south":{"uv":[12,9,13,13],"texture":"#2"},"west":{"uv":[12,9,13,13],"texture":"#2"},"up":{"uv":[13,9,12,10],"rotation":180,"texture":"#2"},"down":{"uv":[12,12,13,13],"texture":"#2"}}},{"name":"empty_armor_slot_chestplate_9","from":[4,2,8],"to":[5,3,9],"faces":{"north":{"uv":[4,14,5,13],"rotation":180,"texture":"#2"},"east":{"uv":[4,13,5,14],"texture":"#2"},"south":{"uv":[4,13,5,14],"texture":"#2"},"west":{"uv":[4,13,5,14],"texture":"#2"},"up":{"uv":[5,13,4,14],"rotation":180,"texture":"#2"},"down":{"uv":[4,13,5,14],"texture":"#2"}}},{"name":"empty_armor_slot_chestplate_10","from":[11,2,8],"to":[12,3,9],"faces":{"north":{"uv":[11,14,12,13],"rotation":180,"texture":"#2"},"east":{"uv":[11,13,12,14],"texture":"#2"},"south":{"uv":[11,13,12,14],"texture":"#2"},"west":{"uv":[11,13,12,14],"texture":"#2"},"up":{"uv":[12,13,11,14],"rotation":180,"texture":"#2"},"down":{"uv":[11,13,12,14],"texture":"#2"}}},{"name":"empty_armor_slot_chestplate_11","from":[5,1,8],"to":[11,2,9],"faces":{"north":{"uv":[5,15,11,14],"rotation":180,"texture":"#2"},"east":{"uv":[10,14,11,15],"texture":"#2"},"south":{"uv":[5,14,11,15],"texture":"#2"},"west":{"uv":[5,14,6,15],"texture":"#2"},"up":{"uv":[11,14,5,15],"rotation":180,"texture":"#2"},"down":{"uv":[5,14,11,15],"texture":"#2"}}}],"groups":[{"name":"empty_armor_slot_chestplate","origin":[8,8,8],"children":[0,1,2,3,4,5,6,7,8,9,10,11]}],"credit":"Model by Craftventure"}