{"textures":{"0":"item/equipment_slot_color","particle":"item/equipment_slot_color"},"elements":[{"name":"icon_gun_0","from":[3,13,0],"to":[7,14,1],"faces":{"north":{"uv":[3,3,7,2],"rotation":180,"texture":"#0"},"east":{"uv":[6,2,7,3],"texture":"#0"},"south":{"uv":[3,2,7,3],"texture":"#0"},"west":{"uv":[3,2,4,3],"texture":"#0"},"up":{"uv":[7,2,3,3],"rotation":180,"texture":"#0"},"down":{"uv":[3,2,7,3],"texture":"#0"}}},{"name":"icon_gun_1","from":[3,10,0],"to":[4,13,1],"faces":{"north":{"uv":[3,6,4,3],"rotation":180,"texture":"#0"},"east":{"uv":[3,3,4,6],"texture":"#0"},"south":{"uv":[3,3,4,6],"texture":"#0"},"west":{"uv":[3,3,4,6],"texture":"#0"},"up":{"uv":[4,3,3,4],"rotation":180,"texture":"#0"},"down":{"uv":[3,5,4,6],"texture":"#0"}}},{"name":"icon_gun_2","from":[6,12,0],"to":[7,13,1],"faces":{"north":{"uv":[6,4,7,3],"rotation":180,"texture":"#0"},"east":{"uv":[6,3,7,4],"texture":"#0"},"south":{"uv":[6,3,7,4],"texture":"#0"},"west":{"uv":[6,3,7,4],"texture":"#0"},"up":{"uv":[7,3,6,4],"rotation":180,"texture":"#0"},"down":{"uv":[6,3,7,4],"texture":"#0"}}},{"name":"icon_gun_3","from":[7,11,0],"to":[8,12,1],"faces":{"north":{"uv":[7,5,8,4],"rotation":180,"texture":"#0"},"east":{"uv":[7,4,8,5],"texture":"#0"},"south":{"uv":[7,4,8,5],"texture":"#0"},"west":{"uv":[7,4,8,5],"texture":"#0"},"up":{"uv":[8,4,7,5],"rotation":180,"texture":"#0"},"down":{"uv":[7,4,8,5],"texture":"#0"}}},{"name":"icon_gun_4","from":[4,10,0],"to":[5,11,1],"faces":{"north":{"uv":[4,6,5,5],"rotation":180,"texture":"#0"},"east":{"uv":[4,5,5,6],"texture":"#0"},"south":{"uv":[4,5,5,6],"texture":"#0"},"west":{"uv":[4,5,5,6],"texture":"#0"},"up":{"uv":[5,5,4,6],"rotation":180,"texture":"#0"},"down":{"uv":[4,5,5,6],"texture":"#0"}}},{"name":"icon_gun_5","from":[8,10,0],"to":[9,11,1],"faces":{"north":{"uv":[8,6,9,5],"rotation":180,"texture":"#0"},"east":{"uv":[8,5,9,6],"texture":"#0"},"south":{"uv":[8,5,9,6],"texture":"#0"},"west":{"uv":[8,5,9,6],"texture":"#0"},"up":{"uv":[9,5,8,6],"rotation":180,"texture":"#0"},"down":{"uv":[8,5,9,6],"texture":"#0"}}},{"name":"icon_gun_6","from":[5,9,0],"to":[6,10,1],"faces":{"north":{"uv":[5,7,6,6],"rotation":180,"texture":"#0"},"east":{"uv":[5,6,6,7],"texture":"#0"},"south":{"uv":[5,6,6,7],"texture":"#0"},"west":{"uv":[5,6,6,7],"texture":"#0"},"up":{"uv":[6,6,5,7],"rotation":180,"texture":"#0"},"down":{"uv":[5,6,6,7],"texture":"#0"}}},{"name":"icon_gun_7","from":[9,9,0],"to":[10,10,1],"faces":{"north":{"uv":[9,7,10,6],"rotation":180,"texture":"#0"},"east":{"uv":[9,6,10,7],"texture":"#0"},"south":{"uv":[9,6,10,7],"texture":"#0"},"west":{"uv":[9,6,10,7],"texture":"#0"},"up":{"uv":[10,6,9,7],"rotation":180,"texture":"#0"},"down":{"uv":[9,6,10,7],"texture":"#0"}}},{"name":"icon_gun_8","from":[6,6,0],"to":[7,9,1],"faces":{"north":{"uv":[6,10,7,7],"rotation":180,"texture":"#0"},"east":{"uv":[6,7,7,10],"texture":"#0"},"south":{"uv":[6,7,7,10],"texture":"#0"},"west":{"uv":[6,7,7,10],"texture":"#0"},"up":{"uv":[7,7,6,8],"rotation":180,"texture":"#0"},"down":{"uv":[6,9,7,10],"texture":"#0"}}},{"name":"icon_gun_9","from":[10,8,0],"to":[12,9,1],"faces":{"north":{"uv":[10,8,12,7],"rotation":180,"texture":"#0"},"east":{"uv":[11,7,12,8],"texture":"#0"},"south":{"uv":[10,7,12,8],"texture":"#0"},"west":{"uv":[10,7,11,8],"texture":"#0"},"up":{"uv":[12,7,10,8],"rotation":180,"texture":"#0"},"down":{"uv":[10,7,12,8],"texture":"#0"}}},{"name":"icon_gun_10","from":[12,5,0],"to":[13,8,1],"faces":{"north":{"uv":[12,11,13,8],"rotation":180,"texture":"#0"},"east":{"uv":[12,8,13,11],"texture":"#0"},"south":{"uv":[12,8,13,11],"texture":"#0"},"west":{"uv":[12,8,13,11],"texture":"#0"},"up":{"uv":[13,8,12,9],"rotation":180,"texture":"#0"},"down":{"uv":[12,10,13,11],"texture":"#0"}}},{"name":"icon_gun_11","from":[7,5,0],"to":[8,6,1],"faces":{"north":{"uv":[7,11,8,10],"rotation":180,"texture":"#0"},"east":{"uv":[7,10,8,11],"texture":"#0"},"south":{"uv":[7,10,8,11],"texture":"#0"},"west":{"uv":[7,10,8,11],"texture":"#0"},"up":{"uv":[8,10,7,11],"rotation":180,"texture":"#0"},"down":{"uv":[7,10,8,11],"texture":"#0"}}},{"name":"icon_gun_12","from":[6,2,0],"to":[7,5,1],"faces":{"north":{"uv":[6,14,7,11],"rotation":180,"texture":"#0"},"east":{"uv":[6,11,7,14],"texture":"#0"},"south":{"uv":[6,11,7,14],"texture":"#0"},"west":{"uv":[6,11,7,14],"texture":"#0"},"up":{"uv":[7,11,6,12],"rotation":180,"texture":"#0"},"down":{"uv":[6,13,7,14],"texture":"#0"}}},{"name":"icon_gun_13","from":[10,4,0],"to":[12,5,1],"faces":{"north":{"uv":[10,12,12,11],"rotation":180,"texture":"#0"},"east":{"uv":[11,11,12,12],"texture":"#0"},"south":{"uv":[10,11,12,12],"texture":"#0"},"west":{"uv":[10,11,11,12],"texture":"#0"},"up":{"uv":[12,11,10,12],"rotation":180,"texture":"#0"},"down":{"uv":[10,11,12,12],"texture":"#0"}}},{"name":"icon_gun_14","from":[9,3,0],"to":[10,4,1],"faces":{"north":{"uv":[9,13,10,12],"rotation":180,"texture":"#0"},"east":{"uv":[9,12,10,13],"texture":"#0"},"south":{"uv":[9,12,10,13],"texture":"#0"},"west":{"uv":[9,12,10,13],"texture":"#0"},"up":{"uv":[10,12,9,13],"rotation":180,"texture":"#0"},"down":{"uv":[9,12,10,13],"texture":"#0"}}},{"name":"icon_gun_15","from":[7,2,0],"to":[9,3,1],"faces":{"north":{"uv":[7,14,9,13],"rotation":180,"texture":"#0"},"east":{"uv":[8,13,9,14],"texture":"#0"},"south":{"uv":[7,13,9,14],"texture":"#0"},"west":{"uv":[7,13,8,14],"texture":"#0"},"up":{"uv":[9,13,7,14],"rotation":180,"texture":"#0"},"down":{"uv":[7,13,9,14],"texture":"#0"}}}],"display":{},"groups":[{"name":"empty_armor_slot_shield","origin":[8,8,8],"children":[]},{"name":"icon_gun","origin":[8,8,8],"children":[0,1,2,3,4,5,6,7,8,9,10,11,12,13,14,15]}],"credit":"Model by Craftventure"}