{"textures":{"0":"item/equipment_slot_color","particle":"item/equipment_slot_color"},"elements":[{"name":"icon_hand_0","from":[5,14,8],"to":[13,15,9],"faces":{"north":{"uv":[5,2,13,1],"rotation":180,"texture":"#0"},"east":{"uv":[12,1,13,2],"texture":"#0"},"south":{"uv":[5,1,13,2],"texture":"#0"},"west":{"uv":[5,1,6,2],"texture":"#0"},"up":{"uv":[13,1,5,2],"rotation":180,"texture":"#0"},"down":{"uv":[5,1,13,2],"texture":"#0"}}},{"name":"icon_hand_1","from":[2,13,8],"to":[5,14,9],"faces":{"north":{"uv":[2,3,5,2],"rotation":180,"texture":"#0"},"east":{"uv":[4,2,5,3],"texture":"#0"},"south":{"uv":[2,2,5,3],"texture":"#0"},"west":{"uv":[2,2,3,3],"texture":"#0"},"up":{"uv":[5,2,2,3],"rotation":180,"texture":"#0"},"down":{"uv":[2,2,5,3],"texture":"#0"}}},{"name":"icon_hand_2","from":[7,8,8],"to":[8,14,9],"faces":{"north":{"uv":[7,8,8,2],"rotation":180,"texture":"#0"},"east":{"uv":[7,2,8,8],"texture":"#0"},"south":{"uv":[7,2,8,8],"texture":"#0"},"west":{"uv":[7,2,8,8],"texture":"#0"},"up":{"uv":[8,2,7,3],"rotation":180,"texture":"#0"},"down":{"uv":[7,7,8,8],"texture":"#0"}}},{"name":"icon_hand_3","from":[10,10,8],"to":[11,14,9],"faces":{"north":{"uv":[10,6,11,2],"rotation":180,"texture":"#0"},"east":{"uv":[10,2,11,6],"texture":"#0"},"south":{"uv":[10,2,11,6],"texture":"#0"},"west":{"uv":[10,2,11,6],"texture":"#0"},"up":{"uv":[11,2,10,3],"rotation":180,"texture":"#0"},"down":{"uv":[10,5,11,6],"texture":"#0"}}},{"name":"icon_hand_4","from":[13,6,8],"to":[14,14,9],"faces":{"north":{"uv":[13,10,14,2],"rotation":180,"texture":"#0"},"east":{"uv":[13,2,14,10],"texture":"#0"},"south":{"uv":[13,2,14,10],"texture":"#0"},"west":{"uv":[13,2,14,10],"texture":"#0"},"up":{"uv":[14,2,13,3],"rotation":180,"texture":"#0"},"down":{"uv":[13,9,14,10],"texture":"#0"}}},{"name":"icon_hand_5","from":[1,9,8],"to":[2,13,9],"faces":{"north":{"uv":[1,7,2,3],"rotation":180,"texture":"#0"},"east":{"uv":[1,3,2,7],"texture":"#0"},"south":{"uv":[1,3,2,7],"texture":"#0"},"west":{"uv":[1,3,2,7],"texture":"#0"},"up":{"uv":[2,3,1,4],"rotation":180,"texture":"#0"},"down":{"uv":[1,6,2,7],"texture":"#0"}}},{"name":"icon_hand_6","from":[4,9,8],"to":[5,13,9],"faces":{"north":{"uv":[4,7,5,3],"rotation":180,"texture":"#0"},"east":{"uv":[4,3,5,7],"texture":"#0"},"south":{"uv":[4,3,5,7],"texture":"#0"},"west":{"uv":[4,3,5,7],"texture":"#0"},"up":{"uv":[5,3,4,4],"rotation":180,"texture":"#0"},"down":{"uv":[4,6,5,7],"texture":"#0"}}},{"name":"icon_hand_7","from":[8,10,8],"to":[10,11,9],"faces":{"north":{"uv":[8,6,10,5],"rotation":180,"texture":"#0"},"east":{"uv":[9,5,10,6],"texture":"#0"},"south":{"uv":[8,5,10,6],"texture":"#0"},"west":{"uv":[8,5,9,6],"texture":"#0"},"up":{"uv":[10,5,8,6],"rotation":180,"texture":"#0"},"down":{"uv":[8,5,10,6],"texture":"#0"}}},{"name":"icon_hand_8","from":[11,10,8],"to":[13,11,9],"faces":{"north":{"uv":[11,6,13,5],"rotation":180,"texture":"#0"},"east":{"uv":[12,5,13,6],"texture":"#0"},"south":{"uv":[11,5,13,6],"texture":"#0"},"west":{"uv":[11,5,12,6],"texture":"#0"},"up":{"uv":[13,5,11,6],"rotation":180,"texture":"#0"},"down":{"uv":[11,5,13,6],"texture":"#0"}}},{"name":"icon_hand_9","from":[2,8,8],"to":[4,9,9],"faces":{"north":{"uv":[2,8,4,7],"rotation":180,"texture":"#0"},"east":{"uv":[3,7,4,8],"texture":"#0"},"south":{"uv":[2,7,4,8],"texture":"#0"},"west":{"uv":[2,7,3,8],"texture":"#0"},"up":{"uv":[4,7,2,8],"rotation":180,"texture":"#0"},"down":{"uv":[2,7,4,8],"texture":"#0"}}},{"name":"icon_hand_10","from":[5,8,8],"to":[7,9,9],"faces":{"north":{"uv":[5,8,7,7],"rotation":180,"texture":"#0"},"east":{"uv":[6,7,7,8],"texture":"#0"},"south":{"uv":[5,7,7,8],"texture":"#0"},"west":{"uv":[5,7,6,8],"texture":"#0"},"up":{"uv":[7,7,5,8],"rotation":180,"texture":"#0"},"down":{"uv":[5,7,7,8],"texture":"#0"}}},{"name":"icon_hand_11","from":[2,5,8],"to":[3,8,9],"faces":{"north":{"uv":[2,11,3,8],"rotation":180,"texture":"#0"},"east":{"uv":[2,8,3,11],"texture":"#0"},"south":{"uv":[2,8,3,11],"texture":"#0"},"west":{"uv":[2,8,3,11],"texture":"#0"},"up":{"uv":[3,8,2,9],"rotation":180,"texture":"#0"},"down":{"uv":[2,10,3,11],"texture":"#0"}}},{"name":"icon_hand_12","from":[8,7,8],"to":[11,8,9],"faces":{"north":{"uv":[8,9,11,8],"rotation":180,"texture":"#0"},"east":{"uv":[10,8,11,9],"texture":"#0"},"south":{"uv":[8,8,11,9],"texture":"#0"},"west":{"uv":[8,8,9,9],"texture":"#0"},"up":{"uv":[11,8,8,9],"rotation":180,"texture":"#0"},"down":{"uv":[8,8,11,9],"texture":"#0"}}},{"name":"icon_hand_13","from":[12,4,8],"to":[13,6,9],"faces":{"north":{"uv":[12,12,13,10],"rotation":180,"texture":"#0"},"east":{"uv":[12,10,13,12],"texture":"#0"},"south":{"uv":[12,10,13,12],"texture":"#0"},"west":{"uv":[12,10,13,12],"texture":"#0"},"up":{"uv":[13,10,12,11],"rotation":180,"texture":"#0"},"down":{"uv":[12,11,13,12],"texture":"#0"}}},{"name":"icon_hand_14","from":[3,3,8],"to":[4,5,9],"faces":{"north":{"uv":[3,13,4,11],"rotation":180,"texture":"#0"},"east":{"uv":[3,11,4,13],"texture":"#0"},"south":{"uv":[3,11,4,13],"texture":"#0"},"west":{"uv":[3,11,4,13],"texture":"#0"},"up":{"uv":[4,11,3,12],"rotation":180,"texture":"#0"},"down":{"uv":[3,12,4,13],"texture":"#0"}}},{"name":"icon_hand_15","from":[11,1,8],"to":[12,4,9],"faces":{"north":{"uv":[11,15,12,12],"rotation":180,"texture":"#0"},"east":{"uv":[11,12,12,15],"texture":"#0"},"south":{"uv":[11,12,12,15],"texture":"#0"},"west":{"uv":[11,12,12,15],"texture":"#0"},"up":{"uv":[12,12,11,13],"rotation":180,"texture":"#0"},"down":{"uv":[11,14,12,15],"texture":"#0"}}},{"name":"icon_hand_16","from":[4,1,8],"to":[5,3,9],"faces":{"north":{"uv":[4,15,5,13],"rotation":180,"texture":"#0"},"east":{"uv":[4,13,5,15],"texture":"#0"},"south":{"uv":[4,13,5,15],"texture":"#0"},"west":{"uv":[4,13,5,15],"texture":"#0"},"up":{"uv":[5,13,4,14],"rotation":180,"texture":"#0"},"down":{"uv":[4,14,5,15],"texture":"#0"}}},{"name":"icon_hand_17","from":[5,1,8],"to":[11,2,9],"faces":{"north":{"uv":[5,15,11,14],"rotation":180,"texture":"#0"},"east":{"uv":[10,14,11,15],"texture":"#0"},"south":{"uv":[5,14,11,15],"texture":"#0"},"west":{"uv":[5,14,6,15],"texture":"#0"},"up":{"uv":[11,14,5,15],"rotation":180,"texture":"#0"},"down":{"uv":[5,14,11,15],"texture":"#0"}}}],"groups":[{"name":"icon_hand","children":[0,1,2,3,4,5,6,7,8,9,10,11,12,13,14,15,16,17]}],"credit":"Model by Craftventure"}