{"textures":{"0":"item/equipment_slot_color","particle":"item/equipment_slot_color"},"elements":[{"name":"empty_armor_slot_helmet_0","from":[5,12,8],"to":[11,13,9],"faces":{"north":{"uv":[5,4,11,3],"rotation":180,"texture":"#0"},"east":{"uv":[10,3,11,4],"texture":"#0"},"south":{"uv":[5,3,11,4],"texture":"#0"},"west":{"uv":[5,3,6,4],"texture":"#0"},"up":{"uv":[11,3,5,4],"rotation":180,"texture":"#0"},"down":{"uv":[5,3,11,4],"texture":"#0"}}},{"name":"empty_armor_slot_helmet_1","from":[4,11,8],"to":[5,12,9],"faces":{"north":{"uv":[4,5,5,4],"rotation":180,"texture":"#0"},"east":{"uv":[4,4,5,5],"texture":"#0"},"south":{"uv":[4,4,5,5],"texture":"#0"},"west":{"uv":[4,4,5,5],"texture":"#0"},"up":{"uv":[5,4,4,5],"rotation":180,"texture":"#0"},"down":{"uv":[4,4,5,5],"texture":"#0"}}},{"name":"empty_armor_slot_helmet_2","from":[11,11,8],"to":[12,12,9],"faces":{"north":{"uv":[11,5,12,4],"rotation":180,"texture":"#0"},"east":{"uv":[11,4,12,5],"texture":"#0"},"south":{"uv":[11,4,12,5],"texture":"#0"},"west":{"uv":[11,4,12,5],"texture":"#0"},"up":{"uv":[12,4,11,5],"rotation":180,"texture":"#0"},"down":{"uv":[11,4,12,5],"texture":"#0"}}},{"name":"empty_armor_slot_helmet_3","from":[3,6,8],"to":[4,11,9],"faces":{"north":{"uv":[3,10,4,5],"rotation":180,"texture":"#0"},"east":{"uv":[3,5,4,10],"texture":"#0"},"south":{"uv":[3,5,4,10],"texture":"#0"},"west":{"uv":[3,5,4,10],"texture":"#0"},"up":{"uv":[4,5,3,6],"rotation":180,"texture":"#0"},"down":{"uv":[3,9,4,10],"texture":"#0"}}},{"name":"empty_armor_slot_helmet_4","from":[12,6,8],"to":[13,11,9],"faces":{"north":{"uv":[12,10,13,5],"rotation":180,"texture":"#0"},"east":{"uv":[12,5,13,10],"texture":"#0"},"south":{"uv":[12,5,13,10],"texture":"#0"},"west":{"uv":[12,5,13,10],"texture":"#0"},"up":{"uv":[13,5,12,6],"rotation":180,"texture":"#0"},"down":{"uv":[12,9,13,10],"texture":"#0"}}},{"name":"empty_armor_slot_helmet_5","from":[5,7,8],"to":[7,8,9],"faces":{"north":{"uv":[5,9,7,8],"rotation":180,"texture":"#0"},"east":{"uv":[6,8,7,9],"texture":"#0"},"south":{"uv":[5,8,7,9],"texture":"#0"},"west":{"uv":[5,8,6,9],"texture":"#0"},"up":{"uv":[7,8,5,9],"rotation":180,"texture":"#0"},"down":{"uv":[5,8,7,9],"texture":"#0"}}},{"name":"empty_armor_slot_helmet_6","from":[9,7,8],"to":[11,8,9],"faces":{"north":{"uv":[9,9,11,8],"rotation":180,"texture":"#0"},"east":{"uv":[10,8,11,9],"texture":"#0"},"south":{"uv":[9,8,11,9],"texture":"#0"},"west":{"uv":[9,8,10,9],"texture":"#0"},"up":{"uv":[11,8,9,9],"rotation":180,"texture":"#0"},"down":{"uv":[9,8,11,9],"texture":"#0"}}},{"name":"empty_armor_slot_helmet_7","from":[4,4,8],"to":[5,6,9],"faces":{"north":{"uv":[4,12,5,10],"rotation":180,"texture":"#0"},"east":{"uv":[4,10,5,12],"texture":"#0"},"south":{"uv":[4,10,5,12],"texture":"#0"},"west":{"uv":[4,10,5,12],"texture":"#0"},"up":{"uv":[5,10,4,11],"rotation":180,"texture":"#0"},"down":{"uv":[4,11,5,12],"texture":"#0"}}},{"name":"empty_armor_slot_helmet_8","from":[11,4,8],"to":[12,6,9],"faces":{"north":{"uv":[11,12,12,10],"rotation":180,"texture":"#0"},"east":{"uv":[11,10,12,12],"texture":"#0"},"south":{"uv":[11,10,12,12],"texture":"#0"},"west":{"uv":[11,10,12,12],"texture":"#0"},"up":{"uv":[12,10,11,11],"rotation":180,"texture":"#0"},"down":{"uv":[11,11,12,12],"texture":"#0"}}},{"name":"empty_armor_slot_helmet_9","from":[5,3,8],"to":[6,4,9],"faces":{"north":{"uv":[5,13,6,12],"rotation":180,"texture":"#0"},"east":{"uv":[5,12,6,13],"texture":"#0"},"south":{"uv":[5,12,6,13],"texture":"#0"},"west":{"uv":[5,12,6,13],"texture":"#0"},"up":{"uv":[6,12,5,13],"rotation":180,"texture":"#0"},"down":{"uv":[5,12,6,13],"texture":"#0"}}},{"name":"empty_armor_slot_helmet_10","from":[10,3,8],"to":[11,4,9],"faces":{"north":{"uv":[10,13,11,12],"rotation":180,"texture":"#0"},"east":{"uv":[10,12,11,13],"texture":"#0"},"south":{"uv":[10,12,11,13],"texture":"#0"},"west":{"uv":[10,12,11,13],"texture":"#0"},"up":{"uv":[11,12,10,13],"rotation":180,"texture":"#0"},"down":{"uv":[10,12,11,13],"texture":"#0"}}},{"name":"empty_armor_slot_helmet_11","from":[6,2,8],"to":[10,3,9],"faces":{"north":{"uv":[6,14,10,13],"rotation":180,"texture":"#0"},"east":{"uv":[9,13,10,14],"texture":"#0"},"south":{"uv":[6,13,10,14],"texture":"#0"},"west":{"uv":[6,13,7,14],"texture":"#0"},"up":{"uv":[10,13,6,14],"rotation":180,"texture":"#0"},"down":{"uv":[6,13,10,14],"texture":"#0"}}}],"groups":[{"name":"empty_armor_slot_helmet","children":[0,1,2,3,4,5,6,7,8,9,10,11]}],"credit":"Model by Craftventure"}