{"textures":{"1":"block/bee","2":"block/bee_nest_side","particle":"block/bee","main":"block/parrot_kart_1n"},"elements":[{"name":"lead*","from":[4.85,3.45,0.175],"to":[11.175,4.1,0.3],"faces":{"north":{"uv":[14.39531,0.00375,14.00375,0.0125],"texture":"#main"},"east":{"uv":[14.01406,0.00375,14.00375,0.0125],"texture":"#main"},"south":{"uv":[14.39531,0.00375,14.00375,0.0125],"texture":"#main"},"west":{"uv":[14.01406,0.00375,14.00375,0.0125],"texture":"#main"},"up":{"uv":[14.00375,0.01406,14.39531,0.00375],"texture":"#main"},"down":{"uv":[14.00375,0.01406,14.39531,0.00375],"texture":"#main"}}},{"name":"zitvlak","from":[5.25,-7.75,5.05],"to":[10.75,-5.95,5.45],"faces":{"north":{"uv":[12.00375,2.00375,12.95625,2.3],"texture":"#main"},"east":{"uv":[12.00375,2.00375,12.025,2.1125],"texture":"#main"},"south":{"uv":[12.00375,2.00375,12.95625,2.3],"texture":"#main"},"west":{"uv":[12.00375,2.00375,12.025,2.1125],"texture":"#main"},"up":{"uv":[12.00375,2.00375,12.39375,2.025],"texture":"#main"},"down":{"uv":[12.00375,2.00375,12.39375,2.025],"texture":"#main"}}},{"name":"stoel*","from":[7.775,-10.325,5.85],"to":[8.225,-6.2,6.3],"faces":{"north":{"uv":[12.00375,2.00375,12.02813,2.30469],"texture":"#main"},"east":{"uv":[12.00375,2.00375,12.02813,2.30469],"texture":"#main"},"south":{"uv":[12.00375,2.00375,12.02813,2.30469],"texture":"#main"},"west":{"uv":[12.00375,2.00375,12.02813,2.30469],"texture":"#main"},"up":{"uv":[12.00375,2.00375,12.02813,2.02813],"texture":"#main"},"down":{"uv":[12.00375,2.00375,12.02813,2.02813],"texture":"#main"}}},{"name":"octagon","from":[7.37868,-8,6.325],"to":[8.62132,-7.6,6.625],"rotation":{"angle":45,"axis":"z","origin":[8,-6.5,6.425]},"faces":{"north":{"uv":[8.00375,0.00375,8.07767,0.025],"texture":"#main"},"east":{"uv":[8.00375,0.00375,8.01875,0.025],"texture":"#main"},"south":{"uv":[8.00375,0.00375,8.07767,0.025],"texture":"#main"},"west":{"uv":[8.00375,0.00375,8.01875,0.025],"texture":"#main"},"up":{"uv":[8.00375,0.00375,8.07767,0.01875],"texture":"#main"},"down":{"uv":[8.00375,0.00375,8.07767,0.01875],"texture":"#main"}}},{"name":"octagon","from":[7.37868,-8,6.325],"to":[8.62132,-7.6,6.625],"faces":{"north":{"uv":[8.00375,0.00375,8.07767,0.025],"texture":"#main"},"east":{"uv":[8.00375,0.00375,8.01875,0.025],"texture":"#main"},"south":{"uv":[8.00375,0.00375,8.07767,0.025],"texture":"#main"},"west":{"uv":[8.00375,0.00375,8.01875,0.025],"texture":"#main"},"up":{"uv":[8.00375,0.00375,8.07767,0.01875],"texture":"#main"},"down":{"uv":[8.00375,0.00375,8.07767,0.01875],"texture":"#main"}}},{"name":"octagon","from":[7.37868,-5.4,6.325],"to":[8.62132,-5,6.625],"rotation":{"angle":45,"axis":"z","origin":[8,-6.5,6.425]},"faces":{"north":{"uv":[8.00375,0.00375,8.07767,0.025],"texture":"#main"},"east":{"uv":[8.00375,0.00375,8.01875,0.025],"texture":"#main"},"south":{"uv":[8.00375,0.00375,8.07767,0.025],"texture":"#main"},"west":{"uv":[8.00375,0.00375,8.01875,0.025],"texture":"#main"},"up":{"uv":[8.00375,0.00375,8.07767,0.01875],"texture":"#main"},"down":{"uv":[8.00375,0.00375,8.07767,0.01875],"texture":"#main"}}},{"name":"octagon","from":[7.37868,-5.4,6.325],"to":[8.62132,-5,6.625],"faces":{"north":{"uv":[8.00375,0.00375,8.07767,0.025],"texture":"#main"},"east":{"uv":[8.00375,0.00375,8.01875,0.025],"texture":"#main"},"south":{"uv":[8.00375,0.00375,8.07767,0.025],"texture":"#main"},"west":{"uv":[8.00375,0.00375,8.01875,0.025],"texture":"#main"},"up":{"uv":[8.00375,0.00375,8.07767,0.01875],"texture":"#main"},"down":{"uv":[8.00375,0.00375,8.07767,0.01875],"texture":"#main"}}},{"name":"octagon","from":[6.5,-7.12132,6.325],"to":[6.9,-5.87868,6.625],"rotation":{"angle":45,"axis":"z","origin":[8,-6.5,6.425]},"faces":{"north":{"uv":[8.00375,0.00375,8.025,0.07767],"texture":"#main"},"east":{"uv":[8.00375,0.00375,8.01875,0.07767],"texture":"#main"},"south":{"uv":[8.00375,0.00375,8.025,0.07767],"texture":"#main"},"west":{"uv":[8.00375,0.00375,8.01875,0.07767],"texture":"#main"},"up":{"uv":[8.00375,0.00375,8.025,0.01875],"texture":"#main"},"down":{"uv":[8.00375,0.00375,8.025,0.01875],"texture":"#main"}}},{"name":"octagon","from":[6.5,-7.12132,6.325],"to":[6.9,-5.87868,6.625],"faces":{"north":{"uv":[8.00375,0.00375,8.025,0.07767],"texture":"#main"},"east":{"uv":[8.00375,0.00375,8.01875,0.07767],"texture":"#main"},"south":{"uv":[8.00375,0.00375,8.025,0.07767],"texture":"#main"},"west":{"uv":[8.00375,0.00375,8.01875,0.07767],"texture":"#main"},"up":{"uv":[8.00375,0.00375,8.025,0.01875],"texture":"#main"},"down":{"uv":[8.00375,0.00375,8.025,0.01875],"texture":"#main"}}},{"name":"octagon","from":[9.1,-7.12132,6.325],"to":[9.5,-5.87868,6.625],"rotation":{"angle":45,"axis":"z","origin":[8,-6.5,6.425]},"faces":{"north":{"uv":[8.00375,0.00375,8.025,0.07767],"texture":"#main"},"east":{"uv":[8.00375,0.00375,8.01875,0.07767],"texture":"#main"},"south":{"uv":[8.00375,0.00375,8.025,0.07767],"texture":"#main"},"west":{"uv":[8.00375,0.00375,8.01875,0.07767],"texture":"#main"},"up":{"uv":[8.00375,0.00375,8.025,0.01875],"texture":"#main"},"down":{"uv":[8.00375,0.00375,8.025,0.01875],"texture":"#main"}}},{"name":"octagon","from":[9.1,-7.12132,6.325],"to":[9.5,-5.87868,6.625],"faces":{"north":{"uv":[8.00375,0.00375,8.025,0.07767],"texture":"#main"},"east":{"uv":[8.00375,0.00375,8.01875,0.07767],"texture":"#main"},"south":{"uv":[8.00375,0.00375,8.025,0.07767],"texture":"#main"},"west":{"uv":[8.00375,0.00375,8.01875,0.07767],"texture":"#main"},"up":{"uv":[8.00375,0.00375,8.025,0.01875],"texture":"#main"},"down":{"uv":[8.00375,0.00375,8.025,0.01875],"texture":"#main"}}},{"name":"octagon","from":[6.8,-6.62132,6.425],"to":[9.2,-6.42868,6.525],"faces":{"north":{"uv":[10.00375,2.00375,10.025,2.07767],"texture":"#main"},"east":{"uv":[10.00375,2.00375,10.025,2.07767],"texture":"#main"},"south":{"uv":[10.00375,2.00375,10.025,2.07767],"texture":"#main"},"west":{"uv":[10.00375,2.00375,10.025,2.07767],"texture":"#main"},"up":{"uv":[10.00375,2.00375,10.025,2.07767],"texture":"#main"},"down":{"uv":[10.00375,2.00375,10.025,2.07767],"texture":"#main"}}},{"name":"octagon","from":[7.90368,-6.45,6.425],"to":[8.09632,-5.375,6.525],"faces":{"north":{"uv":[10.00375,2.00375,10.025,2.07767],"rotation":90,"texture":"#main"},"east":{"uv":[10.00375,2.00375,10.025,2.07767],"rotation":90,"texture":"#main"},"south":{"uv":[10.00375,2.00375,10.025,2.07767],"rotation":90,"texture":"#main"},"west":{"uv":[10.00375,2.00375,10.025,2.07767],"rotation":90,"texture":"#main"},"up":{"uv":[10.00375,2.00375,10.025,2.07767],"rotation":90,"texture":"#main"},"down":{"uv":[10.00375,2.00375,10.025,2.07767],"rotation":90,"texture":"#main"}}},{"name":"octagon","from":[7.90368,-7.675,6.425],"to":[8.09632,-6.6,6.525],"faces":{"north":{"uv":[10.00375,2.00375,10.025,2.07767],"rotation":90,"texture":"#main"},"east":{"uv":[10.00375,2.00375,10.025,2.07767],"rotation":90,"texture":"#main"},"south":{"uv":[10.00375,2.00375,10.025,2.07767],"rotation":90,"texture":"#main"},"west":{"uv":[10.00375,2.00375,10.025,2.07767],"rotation":90,"texture":"#main"},"up":{"uv":[10.00375,2.00375,10.025,2.07767],"rotation":90,"texture":"#main"},"down":{"uv":[10.00375,2.00375,10.025,2.07767],"rotation":90,"texture":"#main"}}},{"name":"octagon","from":[7.92868,-6.6,6.25],"to":[8.07132,-6.45,6.6],"faces":{"north":{"uv":[8.00375,0.00375,8.025,0.07767],"rotation":270,"texture":"#main"},"east":{"uv":[8.00375,0.00375,8.025,0.01875],"rotation":90,"texture":"#main"},"south":{"uv":[8.00375,0.00375,8.025,0.07767],"rotation":90,"texture":"#main"},"west":{"uv":[8.00375,0.00375,8.025,0.01875],"rotation":90,"texture":"#main"},"up":{"uv":[8.00375,0.00375,8.01875,0.07767],"rotation":90,"texture":"#main"},"down":{"uv":[8.00375,0.00375,8.01875,0.07767],"rotation":90,"texture":"#main"}}},{"name":"stoel*","from":[7.475,-8.7,6.025],"to":[7.8,-8.6,6.1],"faces":{"north":{"uv":[12.00375,2.00375,12.02813,2.30469],"texture":"#main"},"east":{"uv":[12.00375,2.00375,12.02813,2.30469],"texture":"#main"},"south":{"uv":[12.00375,2.00375,12.02813,2.30469],"texture":"#main"},"west":{"uv":[12.00375,2.00375,12.02813,2.30469],"texture":"#main"},"up":{"uv":[12.00375,2.00375,12.02813,2.02813],"texture":"#main"},"down":{"uv":[12.00375,2.00375,12.02813,2.02813],"texture":"#main"}}},{"name":"stoel*","from":[7.475,-8.6,6.025],"to":[7.55,-8.475,6.1],"faces":{"north":{"uv":[12.00375,2.00375,12.02813,2.30469],"texture":"#main"},"east":{"uv":[12.00375,2.00375,12.02813,2.30469],"texture":"#main"},"south":{"uv":[12.00375,2.00375,12.02813,2.30469],"texture":"#main"},"west":{"uv":[12.00375,2.00375,12.02813,2.30469],"texture":"#main"},"up":{"uv":[12.00375,2.00375,12.02813,2.02813],"texture":"#main"},"down":{"uv":[12.00375,2.00375,12.02813,2.02813],"texture":"#main"}}},{"name":"stoel*","from":[11.15,-6.55,-0.1],"to":[11.6,-6.1,5.15],"faces":{"north":{"uv":[10.00375,2.00375,10.02812,2.02813],"texture":"#main"},"east":{"uv":[10.00375,2.00375,10.32813,2.02813],"texture":"#main"},"south":{"uv":[10.00375,2.00375,10.02812,2.02813],"texture":"#main"},"west":{"uv":[10.00375,2.00375,10.32813,2.02813],"texture":"#main"},"up":{"uv":[10.00375,2.00375,10.02812,2.32813],"texture":"#main"},"down":{"uv":[10.00375,2.00375,10.02812,2.32813],"texture":"#main"}}},{"name":"stoel*","from":[11.15,-9.65,-0.1],"to":[11.6,-6.55,0.35],"rotation":{"angle":-22.5,"axis":"x","origin":[11.15,-6.55,-0.1]},"faces":{"north":{"uv":[10.00375,2.12875,10.02437,2.30875],"texture":"#main"},"east":{"uv":[10.00375,2.12875,10.02437,2.30875],"texture":"#main"},"south":{"uv":[10.00375,2.12875,10.02437,2.30875],"texture":"#main"},"west":{"uv":[10.00375,2.12875,10.02437,2.30875],"texture":"#main"},"up":{"uv":[10.00375,2.00375,10.02812,2.02813],"texture":"#main"},"down":{"uv":[10.00375,2.00375,10.02812,2.02813],"texture":"#main"}}},{"name":"stoel*","from":[11.15,-8.8,1.1],"to":[11.6,-8.35,8.9],"faces":{"north":{"uv":[10.00375,2.00375,10.02812,2.02813],"texture":"#main"},"east":{"uv":[10.00375,2.00375,10.4875,2.02813],"texture":"#main"},"south":{"uv":[10.00375,2.00375,10.02812,2.02813],"texture":"#main"},"west":{"uv":[10.00375,2.00375,10.4875,2.02813],"texture":"#main"},"up":{"uv":[10.00375,2.00375,10.02812,2.4875],"texture":"#main"},"down":{"uv":[10.00375,2.00375,10.02812,2.4875],"texture":"#main"}}},{"name":"stoel*","from":[4.4,-11.14375,0.06875],"to":[11.6,-9.68173,0.53159],"rotation":{"angle":-22.5,"axis":"x","origin":[4.4,-6.49375,0.06875]},"faces":{"north":{"uv":[10.00375,2.00375,10.45,2.13825],"texture":"#main"},"east":{"uv":[10.00375,2.00375,10.02893,2.13825],"texture":"#main"},"south":{"uv":[10.00375,2.00375,10.45,2.13825],"texture":"#main"},"west":{"uv":[10.00375,2.00375,10.02893,2.13825],"texture":"#main"},"up":{"uv":[10.00375,2.00375,10.45,2.02893],"texture":"#main"},"down":{"uv":[10.00375,2.00375,10.45,2.02893],"texture":"#main"}}},{"name":"stoel*","from":[4.4,-9.43906,1.08874],"to":[11.6,-9.23694,1.71634],"faces":{"north":{"uv":[10.00375,2.00375,10.45,2.01107],"texture":"#main"},"east":{"uv":[10.00375,2.00375,10.03923,2.01107],"texture":"#main"},"south":{"uv":[10.00375,2.00375,10.45,2.01107],"texture":"#main"},"west":{"uv":[10.00375,2.00375,10.03923,2.01107],"texture":"#main"},"up":{"uv":[10.00375,2.00375,10.45,2.03923],"texture":"#main"},"down":{"uv":[10.00375,2.00375,10.45,2.03923],"texture":"#main"}}},{"name":"stoel*","from":[4.4,-10.975,12.7813],"to":[11.6,-6.325,13.2312],"rotation":{"angle":22.5,"axis":"x","origin":[4.4,-6.325,12.7813]},"faces":{"north":{"uv":[10.00375,2.00375,10.45,2.3375],"texture":"#main"},"east":{"uv":[10.00375,2.00375,10.02812,2.3375],"texture":"#main"},"south":{"uv":[10.00375,2.00375,10.45,2.3375],"texture":"#main"},"west":{"uv":[10.00375,2.00375,10.02812,2.3375],"texture":"#main"},"up":{"uv":[10.00375,2.00375,10.45,2.02812],"texture":"#main"},"down":{"uv":[10.00375,2.00375,10.45,2.02812],"texture":"#main"}}},{"name":"stoel*","from":[4.85,-6.55,12.5],"to":[11.15,-6.1,13.4],"faces":{"north":{"uv":[10.00375,2.00375,10.39375,2.02813],"texture":"#main"},"east":{"uv":[10.00375,2.00375,10.05625,2.02813],"texture":"#main"},"south":{"uv":[10.00375,2.00375,10.39375,2.02813],"texture":"#main"},"west":{"uv":[10.00375,2.00375,10.05625,2.02813],"texture":"#main"},"up":{"uv":[10.00375,2.00375,10.39375,2.05625],"texture":"#main"},"down":{"uv":[10.00375,2.00375,10.39375,2.05625],"texture":"#main"}}},{"name":"stoel*","from":[4.85,-4.65,12.5],"to":[11.15,-4.2,13.4],"faces":{"north":{"uv":[10.00375,2.00375,10.39375,2.02813],"texture":"#main"},"east":{"uv":[10.00375,2.00375,10.05625,2.02813],"texture":"#main"},"south":{"uv":[10.00375,2.00375,10.39375,2.02813],"texture":"#main"},"west":{"uv":[10.00375,2.00375,10.05625,2.02813],"texture":"#main"},"up":{"uv":[10.00375,2.00375,10.39375,2.05625],"texture":"#main"},"down":{"uv":[10.00375,2.00375,10.39375,2.05625],"texture":"#main"}}},{"name":"stoel*","from":[4.85,-0.75,12.825],"to":[11.15,-0.3,13.3],"faces":{"north":{"uv":[10.00375,2.00375,10.39375,2.02813],"texture":"#main"},"east":{"uv":[10.00375,2.00375,10.05625,2.02813],"texture":"#main"},"south":{"uv":[10.00375,2.00375,10.39375,2.02813],"texture":"#main"},"west":{"uv":[10.00375,2.00375,10.05625,2.02813],"texture":"#main"},"up":{"uv":[10.00375,2.00375,10.39375,2.05625],"texture":"#main"},"down":{"uv":[10.00375,2.00375,10.39375,2.05625],"texture":"#main"}}},{"name":"stoel*","from":[4.85,-0.75,0],"to":[11.15,-0.3,0.475],"faces":{"north":{"uv":[10.39375,2.00375,10.00375,2.02813],"texture":"#main"},"east":{"uv":[10.05625,2.00375,10.00375,2.02813],"texture":"#main"},"south":{"uv":[10.39375,2.00375,10.00375,2.02813],"texture":"#main"},"west":{"uv":[10.05625,2.00375,10.00375,2.02813],"texture":"#main"},"up":{"uv":[10.00375,2.05625,10.39375,2.00375],"texture":"#main"},"down":{"uv":[10.00375,2.05625,10.39375,2.00375],"texture":"#main"}}},{"name":"stoel*","from":[4.85,3.55,0],"to":[11.15,4,0.475],"faces":{"north":{"uv":[10.39375,2.00375,10.00375,2.02813],"texture":"#main"},"east":{"uv":[10.05625,2.00375,10.00375,2.02813],"texture":"#main"},"south":{"uv":[10.39375,2.00375,10.00375,2.02813],"texture":"#main"},"west":{"uv":[10.05625,2.00375,10.00375,2.02813],"texture":"#main"},"up":{"uv":[10.00375,2.05625,10.39375,2.00375],"texture":"#main"},"down":{"uv":[10.00375,2.05625,10.39375,2.00375],"texture":"#main"}}},{"name":"stoel*","from":[11.15,-6.55,9.35],"to":[11.6,-6.1,13.4],"faces":{"north":{"uv":[10.00375,2.00375,10.02812,2.02813],"texture":"#main"},"east":{"uv":[10.00375,2.00375,10.24625,2.02813],"texture":"#main"},"south":{"uv":[10.00375,2.00375,10.02812,2.02813],"texture":"#main"},"west":{"uv":[10.00375,2.00375,10.24625,2.02813],"texture":"#main"},"up":{"uv":[10.00375,2.00375,10.02812,2.24625],"texture":"#main"},"down":{"uv":[10.00375,2.00375,10.02812,2.24625],"texture":"#main"}}},{"name":"stoel*","from":[11.15,-4.65,12.5],"to":[11.6,-4.2,13.4],"faces":{"north":{"uv":[10.00375,2.00375,10.02812,2.02813],"texture":"#main"},"east":{"uv":[10.00375,2.00375,10.24625,2.02813],"texture":"#main"},"south":{"uv":[10.00375,2.00375,10.02812,2.02813],"texture":"#main"},"west":{"uv":[10.00375,2.00375,10.24625,2.02813],"texture":"#main"},"up":{"uv":[10.00375,2.00375,10.02812,2.24625],"texture":"#main"},"down":{"uv":[10.00375,2.00375,10.02812,2.24625],"texture":"#main"}}},{"name":"stoel*","from":[11.15,-0.75,12.825],"to":[11.6,-0.3,13.3],"faces":{"north":{"uv":[10.00375,2.00375,10.02812,2.02813],"texture":"#main"},"east":{"uv":[10.00375,2.00375,10.24625,2.02813],"texture":"#main"},"south":{"uv":[10.00375,2.00375,10.02812,2.02813],"texture":"#main"},"west":{"uv":[10.00375,2.00375,10.24625,2.02813],"texture":"#main"},"up":{"uv":[10.00375,2.00375,10.02812,2.24625],"texture":"#main"},"down":{"uv":[10.00375,2.00375,10.02812,2.24625],"texture":"#main"}}},{"name":"stoel*","from":[11.15,-0.75,0],"to":[11.6,-0.3,0.475],"faces":{"north":{"uv":[10.02812,2.00375,10.00375,2.02813],"texture":"#main"},"east":{"uv":[10.24625,2.00375,10.00375,2.02813],"texture":"#main"},"south":{"uv":[10.02812,2.00375,10.00375,2.02813],"texture":"#main"},"west":{"uv":[10.24625,2.00375,10.00375,2.02813],"texture":"#main"},"up":{"uv":[10.00375,2.24625,10.02812,2.00375],"texture":"#main"},"down":{"uv":[10.00375,2.24625,10.02812,2.00375],"texture":"#main"}}},{"name":"stoel*","from":[11.15,3.55,0],"to":[11.6,4,0.475],"faces":{"north":{"uv":[10.02812,2.00375,10.00375,2.02813],"texture":"#main"},"east":{"uv":[10.24625,2.00375,10.00375,2.02813],"texture":"#main"},"south":{"uv":[10.02812,2.00375,10.00375,2.02813],"texture":"#main"},"west":{"uv":[10.24625,2.00375,10.00375,2.02813],"texture":"#main"},"up":{"uv":[10.00375,2.24625,10.02812,2.00375],"texture":"#main"},"down":{"uv":[10.00375,2.24625,10.02812,2.00375],"texture":"#main"}}},{"name":"stoel*","from":[11.15,-8.8,9.35],"to":[11.6,-6.1,9.8],"rotation":{"angle":22.5,"axis":"x","origin":[11.15,-6.1,9.35]},"faces":{"north":{"uv":[10.00375,2.00375,10.02812,2.16875],"texture":"#main"},"east":{"uv":[10.00375,2.00375,10.02812,2.16875],"texture":"#main"},"south":{"uv":[10.00375,2.00375,10.02812,2.16875],"texture":"#main"},"west":{"uv":[10.00375,2.00375,10.02812,2.16875],"texture":"#main"},"up":{"uv":[10.00375,2.00375,10.02812,2.02813],"texture":"#main"},"down":{"uv":[10.00375,2.00375,10.02812,2.02813],"texture":"#main"}}},{"name":"stoel*","from":[4.4,-8.8,9.35],"to":[4.85,-6.1,9.8],"rotation":{"angle":22.5,"axis":"x","origin":[4.4,-6.1,9.35]},"faces":{"north":{"uv":[10.00375,2.00375,10.02812,2.16875],"texture":"#main"},"east":{"uv":[10.00375,2.00375,10.02812,2.16875],"texture":"#main"},"south":{"uv":[10.00375,2.00375,10.02812,2.16875],"texture":"#main"},"west":{"uv":[10.00375,2.00375,10.02812,2.16875],"texture":"#main"},"up":{"uv":[10.00375,2.00375,10.02812,2.02813],"texture":"#main"},"down":{"uv":[10.00375,2.00375,10.02812,2.02813],"texture":"#main"}}},{"name":"stoel*","from":[4.40183,-6.30201,12.50017],"to":[4.85183,-4.20201,12.95017],"rotation":{"angle":22.5,"axis":"x","origin":[4.40183,-4.20201,12.50017]},"faces":{"north":{"uv":[10.00375,2.00375,10.02812,2.16875],"texture":"#main"},"east":{"uv":[10.00375,2.00375,10.02812,2.16875],"texture":"#main"},"south":{"uv":[10.00375,2.00375,10.02812,2.16875],"texture":"#main"},"west":{"uv":[10.00375,2.00375,10.02812,2.16875],"texture":"#main"},"up":{"uv":[10.00375,2.00375,10.02812,2.02813],"texture":"#main"},"down":{"uv":[10.00375,2.00375,10.02812,2.02813],"texture":"#main"}}},{"name":"stoel*","from":[11.14817,-6.30201,12.50017],"to":[11.59817,-4.20201,12.95017],"rotation":{"angle":22.5,"axis":"x","origin":[11.59817,-4.20201,12.50017]},"faces":{"north":{"uv":[10.02812,2.00375,10.00375,2.16875],"texture":"#main"},"east":{"uv":[10.02812,2.00375,10.00375,2.16875],"texture":"#main"},"south":{"uv":[10.02812,2.00375,10.00375,2.16875],"texture":"#main"},"west":{"uv":[10.02812,2.00375,10.00375,2.16875],"texture":"#main"},"up":{"uv":[10.02812,2.00375,10.00375,2.02813],"texture":"#main"},"down":{"uv":[10.02812,2.00375,10.00375,2.02813],"texture":"#main"}}},{"name":"stoel*","from":[4.4,-6.55,9.35],"to":[4.85,-6.1,13.4],"faces":{"north":{"uv":[10.00375,2.00375,10.02812,2.02813],"texture":"#main"},"east":{"uv":[10.00375,2.00375,10.24625,2.02813],"texture":"#main"},"south":{"uv":[10.00375,2.00375,10.02812,2.02813],"texture":"#main"},"west":{"uv":[10.00375,2.00375,10.24625,2.02813],"texture":"#main"},"up":{"uv":[10.00375,2.00375,10.02812,2.24625],"texture":"#main"},"down":{"uv":[10.00375,2.00375,10.02812,2.24625],"texture":"#main"}}},{"name":"stoel*","from":[4.4,-4.65,12.5],"to":[4.85,-4.2,13.4],"faces":{"north":{"uv":[10.00375,2.00375,10.02812,2.02813],"texture":"#main"},"east":{"uv":[10.00375,2.00375,10.24625,2.02813],"texture":"#main"},"south":{"uv":[10.00375,2.00375,10.02812,2.02813],"texture":"#main"},"west":{"uv":[10.00375,2.00375,10.24625,2.02813],"texture":"#main"},"up":{"uv":[10.00375,2.00375,10.02812,2.24625],"texture":"#main"},"down":{"uv":[10.00375,2.00375,10.02812,2.24625],"texture":"#main"}}},{"name":"stoel*","from":[4.4,-0.75,12.825],"to":[4.85,-0.3,13.3],"faces":{"north":{"uv":[10.00375,2.00375,10.02812,2.02813],"texture":"#main"},"east":{"uv":[10.00375,2.00375,10.24625,2.02813],"texture":"#main"},"south":{"uv":[10.00375,2.00375,10.02812,2.02813],"texture":"#main"},"west":{"uv":[10.00375,2.00375,10.24625,2.02813],"texture":"#main"},"up":{"uv":[10.00375,2.00375,10.02812,2.24625],"texture":"#main"},"down":{"uv":[10.00375,2.00375,10.02812,2.24625],"texture":"#main"}}},{"name":"stoel*","from":[4.4,-0.75,0],"to":[4.85,-0.3,0.475],"faces":{"north":{"uv":[10.02812,2.00375,10.00375,2.02813],"texture":"#main"},"east":{"uv":[10.24625,2.00375,10.00375,2.02813],"texture":"#main"},"south":{"uv":[10.02812,2.00375,10.00375,2.02813],"texture":"#main"},"west":{"uv":[10.24625,2.00375,10.00375,2.02813],"texture":"#main"},"up":{"uv":[10.00375,2.24625,10.02812,2.00375],"texture":"#main"},"down":{"uv":[10.00375,2.24625,10.02812,2.00375],"texture":"#main"}}},{"name":"stoel*","from":[4.4,3.55,0],"to":[4.85,4,0.475],"faces":{"north":{"uv":[10.02812,2.00375,10.00375,2.02813],"texture":"#main"},"east":{"uv":[10.24625,2.00375,10.00375,2.02813],"texture":"#main"},"south":{"uv":[10.02812,2.00375,10.00375,2.02813],"texture":"#main"},"west":{"uv":[10.24625,2.00375,10.00375,2.02813],"texture":"#main"},"up":{"uv":[10.00375,2.24625,10.02812,2.00375],"texture":"#main"},"down":{"uv":[10.00375,2.24625,10.02812,2.00375],"texture":"#main"}}},{"name":"stoel*","from":[4.4,-8.8,1.1],"to":[4.85,-8.35,8.9],"faces":{"north":{"uv":[10.00375,2.00375,10.02812,2.02813],"texture":"#main"},"east":{"uv":[10.00375,2.00375,10.4875,2.02813],"texture":"#main"},"south":{"uv":[10.00375,2.00375,10.02812,2.02813],"texture":"#main"},"west":{"uv":[10.00375,2.00375,10.4875,2.02813],"texture":"#main"},"up":{"uv":[10.00375,2.00375,10.02812,2.4875],"texture":"#main"},"down":{"uv":[10.00375,2.00375,10.02812,2.4875],"texture":"#main"}}},{"name":"stoel*","from":[4.4,-10.79321,1.85],"to":[4.85,-10.35,11.41748],"faces":{"north":{"uv":[10.00375,2.00375,10.02812,2.02813],"texture":"#main"},"east":{"uv":[10.00375,2.00375,10.4875,2.02813],"texture":"#main"},"south":{"uv":[10.00375,2.00375,10.02812,2.02813],"texture":"#main"},"west":{"uv":[10.00375,2.00375,10.4875,2.02813],"texture":"#main"},"up":{"uv":[10.00375,2.00375,10.02812,2.4875],"texture":"#main"},"down":{"uv":[10.00375,2.00375,10.02812,2.4875],"texture":"#main"}}},{"name":"stoel*","from":[11.15,-10.79321,1.85],"to":[11.6,-10.35,11.41748],"faces":{"north":{"uv":[10.02812,2.00375,10.00375,2.02813],"texture":"#main"},"east":{"uv":[10.4875,2.00375,10.00375,2.02813],"texture":"#main"},"south":{"uv":[10.02812,2.00375,10.00375,2.02813],"texture":"#main"},"west":{"uv":[10.4875,2.00375,10.00375,2.02813],"texture":"#main"},"up":{"uv":[10.02812,2.00375,10.00375,2.4875],"texture":"#main"},"down":{"uv":[10.02812,2.00375,10.00375,2.4875],"texture":"#main"}}},{"name":"stoel*","from":[4.85,-7.95,5.2],"to":[11.15,-5.8,5.6],"faces":{"north":{"uv":[10.00375,2.00375,10.39375,2.13438],"texture":"#main"},"east":{"uv":[10.00375,2.00375,10.025,2.13438],"texture":"#main"},"south":{"uv":[10.00375,2.00375,10.39375,2.13438],"texture":"#main"},"west":{"uv":[10.00375,2.00375,10.025,2.13438],"texture":"#main"},"up":{"uv":[10.00375,2.00375,10.39375,2.025],"texture":"#main"},"down":{"uv":[10.00375,2.00375,10.39375,2.025],"texture":"#main"}}},{"name":"stoel*","from":[11.15,-8.375,5.15],"to":[11.6,-5.7,5.6],"faces":{"north":{"uv":[10.00375,2.00375,10.02812,2.16719],"texture":"#main"},"east":{"uv":[10.00375,2.00375,10.02812,2.16719],"texture":"#main"},"south":{"uv":[10.00375,2.00375,10.02812,2.16719],"texture":"#main"},"west":{"uv":[10.00375,2.00375,10.02812,2.16719],"texture":"#main"},"up":{"uv":[10.00375,2.00375,10.02812,2.02813],"texture":"#main"},"down":{"uv":[10.00375,2.00375,10.02812,2.02813],"texture":"#main"}}},{"name":"stoel*","from":[4.85,-6.55,-0.1],"to":[11.15,-6.1,0.8],"faces":{"north":{"uv":[10.00375,2.00375,10.39375,2.02813],"texture":"#main"},"east":{"uv":[10.00375,2.00375,10.05625,2.02813],"texture":"#main"},"south":{"uv":[10.00375,2.00375,10.39375,2.02813],"texture":"#main"},"west":{"uv":[10.00375,2.00375,10.05625,2.02813],"texture":"#main"},"up":{"uv":[10.00375,2.00375,10.39375,2.05625],"texture":"#main"},"down":{"uv":[10.00375,2.00375,10.39375,2.05625],"texture":"#main"}}},{"name":"stoel*","from":[4.4,-6.55,-0.1],"to":[4.85,-6.1,5.15],"faces":{"north":{"uv":[10.00375,2.00375,10.02812,2.02813],"texture":"#main"},"east":{"uv":[10.00375,2.00375,10.32813,2.02813],"texture":"#main"},"south":{"uv":[10.00375,2.00375,10.02812,2.02813],"texture":"#main"},"west":{"uv":[10.00375,2.00375,10.32813,2.02813],"texture":"#main"},"up":{"uv":[10.00375,2.00375,10.02812,2.32813],"texture":"#main"},"down":{"uv":[10.00375,2.00375,10.02812,2.32813],"texture":"#main"}}},{"name":"stoel*","from":[4.4,-8.375,5.15],"to":[4.85,-5.7,5.6],"faces":{"north":{"uv":[10.00375,2.00375,10.02812,2.16719],"texture":"#main"},"east":{"uv":[10.00375,2.00375,10.02812,2.16719],"texture":"#main"},"south":{"uv":[10.00375,2.00375,10.02812,2.16719],"texture":"#main"},"west":{"uv":[10.00375,2.00375,10.02812,2.16719],"texture":"#main"},"up":{"uv":[10.00375,2.00375,10.02812,2.02813],"texture":"#main"},"down":{"uv":[10.00375,2.00375,10.02812,2.02813],"texture":"#main"}}},{"name":"stoel*","from":[4.4,-9.65,-0.1],"to":[4.85,-6.55,0.35],"rotation":{"angle":-22.5,"axis":"x","origin":[4.4,-6.55,-0.1]},"faces":{"north":{"uv":[10.00375,2.12875,10.02437,2.30875],"texture":"#main"},"east":{"uv":[10.00375,2.12875,10.02437,2.30875],"texture":"#main"},"south":{"uv":[10.00375,2.12875,10.02437,2.30875],"texture":"#main"},"west":{"uv":[10.00375,2.12875,10.02437,2.30875],"texture":"#main"},"up":{"uv":[10.00375,2.00375,10.02812,2.02813],"texture":"#main"},"down":{"uv":[10.00375,2.00375,10.02812,2.02813],"texture":"#main"}}},{"name":"zitvlak","from":[4.85,-10.3,1.65],"to":[11.15,-9.2,4.85],"faces":{"north":{"uv":[12.00375,2.00375,12.39375,2.1125],"texture":"#main"},"east":{"uv":[12.00375,2.00375,12.16875,2.1125],"texture":"#main"},"south":{"uv":[12.00375,2.00375,12.39375,2.1125],"texture":"#main"},"west":{"uv":[12.00375,2.00375,12.16875,2.1125],"texture":"#main"},"up":{"uv":[12.00375,2.00375,12.39375,2.16875],"texture":"#main"},"down":{"uv":[12.00375,2.00375,12.39375,2.16875],"texture":"#main"}}},{"name":"zitvlak*","from":[4.85,-10.3,8.45],"to":[11.15,-9.2,11.55],"faces":{"north":{"uv":[12.00375,2.00375,12.39375,2.1125],"texture":"#main"},"east":{"uv":[12.00375,2.00375,12.16875,2.1125],"texture":"#main"},"south":{"uv":[12.00375,2.00375,12.39375,2.1125],"texture":"#main"},"west":{"uv":[12.00375,2.00375,12.16875,2.1125],"texture":"#main"},"up":{"uv":[12.00375,2.00375,12.39375,2.16875],"texture":"#main"},"down":{"uv":[12.00375,2.00375,12.39375,2.16875],"texture":"#main"}}},{"name":"lead*","from":[4.85,3.45,0.175],"to":[11.175,4.1,0.3],"faces":{"north":{"uv":[6.39531,8.00375,6.00375,8.0125],"texture":"#main"},"east":{"uv":[6.01406,8.00375,6.00375,8.0125],"texture":"#main"},"south":{"uv":[6.39531,8.00375,6.00375,8.0125],"texture":"#main"},"west":{"uv":[6.01406,8.00375,6.00375,8.0125],"texture":"#main"},"up":{"uv":[6.00375,8.01406,6.39531,8.00375],"texture":"#main"},"down":{"uv":[6.00375,8.01406,6.39531,8.00375],"texture":"#main"}}},{"name":"zitvlak","from":[5.25,-7.75,5.05],"to":[10.75,-5.95,5.45],"faces":{"north":{"uv":[4.00375,10.00375,4.95625,10.3],"texture":"#main"},"east":{"uv":[4.00375,10.00375,4.025,10.1125],"texture":"#main"},"south":{"uv":[4.00375,10.00375,4.95625,10.3],"texture":"#main"},"west":{"uv":[4.00375,10.00375,4.025,10.1125],"texture":"#main"},"up":{"uv":[4.00375,10.00375,4.39375,10.025],"texture":"#main"},"down":{"uv":[4.00375,10.00375,4.39375,10.025],"texture":"#main"}}},{"name":"stoel*","from":[7.775,-10.325,5.85],"to":[8.225,-6.2,6.3],"faces":{"north":{"uv":[4.00375,10.00375,4.02813,10.30469],"texture":"#main"},"east":{"uv":[4.00375,10.00375,4.02813,10.30469],"texture":"#main"},"south":{"uv":[4.00375,10.00375,4.02813,10.30469],"texture":"#main"},"west":{"uv":[4.00375,10.00375,4.02813,10.30469],"texture":"#main"},"up":{"uv":[4.00375,10.00375,4.02813,10.02812],"texture":"#main"},"down":{"uv":[4.00375,10.00375,4.02813,10.02812],"texture":"#main"}}},{"name":"octagon","from":[7.37868,-8,6.325],"to":[8.62132,-7.6,6.625],"rotation":{"angle":45,"axis":"z","origin":[8,-6.5,6.425]},"faces":{"north":{"uv":[0.00375,8.00375,0.07767,8.025],"texture":"#main"},"east":{"uv":[0.00375,8.00375,0.01875,8.025],"texture":"#main"},"south":{"uv":[0.00375,8.00375,0.07767,8.025],"texture":"#main"},"west":{"uv":[0.00375,8.00375,0.01875,8.025],"texture":"#main"},"up":{"uv":[0.00375,8.00375,0.07767,8.01875],"texture":"#main"},"down":{"uv":[0.00375,8.00375,0.07767,8.01875],"texture":"#main"}}},{"name":"octagon","from":[7.37868,-8,6.325],"to":[8.62132,-7.6,6.625],"faces":{"north":{"uv":[0.00375,8.00375,0.07767,8.025],"texture":"#main"},"east":{"uv":[0.00375,8.00375,0.01875,8.025],"texture":"#main"},"south":{"uv":[0.00375,8.00375,0.07767,8.025],"texture":"#main"},"west":{"uv":[0.00375,8.00375,0.01875,8.025],"texture":"#main"},"up":{"uv":[0.00375,8.00375,0.07767,8.01875],"texture":"#main"},"down":{"uv":[0.00375,8.00375,0.07767,8.01875],"texture":"#main"}}},{"name":"octagon","from":[7.37868,-5.4,6.325],"to":[8.62132,-5,6.625],"rotation":{"angle":45,"axis":"z","origin":[8,-6.5,6.425]},"faces":{"north":{"uv":[0.00375,8.00375,0.07767,8.025],"texture":"#main"},"east":{"uv":[0.00375,8.00375,0.01875,8.025],"texture":"#main"},"south":{"uv":[0.00375,8.00375,0.07767,8.025],"texture":"#main"},"west":{"uv":[0.00375,8.00375,0.01875,8.025],"texture":"#main"},"up":{"uv":[0.00375,8.00375,0.07767,8.01875],"texture":"#main"},"down":{"uv":[0.00375,8.00375,0.07767,8.01875],"texture":"#main"}}},{"name":"octagon","from":[7.37868,-5.4,6.325],"to":[8.62132,-5,6.625],"faces":{"north":{"uv":[0.00375,8.00375,0.07767,8.025],"texture":"#main"},"east":{"uv":[0.00375,8.00375,0.01875,8.025],"texture":"#main"},"south":{"uv":[0.00375,8.00375,0.07767,8.025],"texture":"#main"},"west":{"uv":[0.00375,8.00375,0.01875,8.025],"texture":"#main"},"up":{"uv":[0.00375,8.00375,0.07767,8.01875],"texture":"#main"},"down":{"uv":[0.00375,8.00375,0.07767,8.01875],"texture":"#main"}}},{"name":"octagon","from":[6.5,-7.12132,6.325],"to":[6.9,-5.87868,6.625],"rotation":{"angle":45,"axis":"z","origin":[8,-6.5,6.425]},"faces":{"north":{"uv":[0.00375,8.00375,0.025,8.07767],"texture":"#main"},"east":{"uv":[0.00375,8.00375,0.01875,8.07767],"texture":"#main"},"south":{"uv":[0.00375,8.00375,0.025,8.07767],"texture":"#main"},"west":{"uv":[0.00375,8.00375,0.01875,8.07767],"texture":"#main"},"up":{"uv":[0.00375,8.00375,0.025,8.01875],"texture":"#main"},"down":{"uv":[0.00375,8.00375,0.025,8.01875],"texture":"#main"}}},{"name":"octagon","from":[6.5,-7.12132,6.325],"to":[6.9,-5.87868,6.625],"faces":{"north":{"uv":[0.00375,8.00375,0.025,8.07767],"texture":"#main"},"east":{"uv":[0.00375,8.00375,0.01875,8.07767],"texture":"#main"},"south":{"uv":[0.00375,8.00375,0.025,8.07767],"texture":"#main"},"west":{"uv":[0.00375,8.00375,0.01875,8.07767],"texture":"#main"},"up":{"uv":[0.00375,8.00375,0.025,8.01875],"texture":"#main"},"down":{"uv":[0.00375,8.00375,0.025,8.01875],"texture":"#main"}}},{"name":"octagon","from":[9.1,-7.12132,6.325],"to":[9.5,-5.87868,6.625],"rotation":{"angle":45,"axis":"z","origin":[8,-6.5,6.425]},"faces":{"north":{"uv":[0.00375,8.00375,0.025,8.07767],"texture":"#main"},"east":{"uv":[0.00375,8.00375,0.01875,8.07767],"texture":"#main"},"south":{"uv":[0.00375,8.00375,0.025,8.07767],"texture":"#main"},"west":{"uv":[0.00375,8.00375,0.01875,8.07767],"texture":"#main"},"up":{"uv":[0.00375,8.00375,0.025,8.01875],"texture":"#main"},"down":{"uv":[0.00375,8.00375,0.025,8.01875],"texture":"#main"}}},{"name":"octagon","from":[9.1,-7.12132,6.325],"to":[9.5,-5.87868,6.625],"faces":{"north":{"uv":[0.00375,8.00375,0.025,8.07767],"texture":"#main"},"east":{"uv":[0.00375,8.00375,0.01875,8.07767],"texture":"#main"},"south":{"uv":[0.00375,8.00375,0.025,8.07767],"texture":"#main"},"west":{"uv":[0.00375,8.00375,0.01875,8.07767],"texture":"#main"},"up":{"uv":[0.00375,8.00375,0.025,8.01875],"texture":"#main"},"down":{"uv":[0.00375,8.00375,0.025,8.01875],"texture":"#main"}}},{"name":"octagon","from":[6.8,-6.62132,6.425],"to":[9.2,-6.42868,6.525],"faces":{"north":{"uv":[2.00375,10.00375,2.025,10.07767],"texture":"#main"},"east":{"uv":[2.00375,10.00375,2.025,10.07767],"texture":"#main"},"south":{"uv":[2.00375,10.00375,2.025,10.07767],"texture":"#main"},"west":{"uv":[2.00375,10.00375,2.025,10.07767],"texture":"#main"},"up":{"uv":[2.00375,10.00375,2.025,10.07767],"texture":"#main"},"down":{"uv":[2.00375,10.00375,2.025,10.07767],"texture":"#main"}}},{"name":"octagon","from":[7.90368,-6.45,6.425],"to":[8.09632,-5.375,6.525],"faces":{"north":{"uv":[2.00375,10.00375,2.025,10.07767],"rotation":90,"texture":"#main"},"east":{"uv":[2.00375,10.00375,2.025,10.07767],"rotation":90,"texture":"#main"},"south":{"uv":[2.00375,10.00375,2.025,10.07767],"rotation":90,"texture":"#main"},"west":{"uv":[2.00375,10.00375,2.025,10.07767],"rotation":90,"texture":"#main"},"up":{"uv":[2.00375,10.00375,2.025,10.07767],"rotation":90,"texture":"#main"},"down":{"uv":[2.00375,10.00375,2.025,10.07767],"rotation":90,"texture":"#main"}}},{"name":"octagon","from":[7.90368,-7.675,6.425],"to":[8.09632,-6.6,6.525],"faces":{"north":{"uv":[2.00375,10.00375,2.025,10.07767],"rotation":90,"texture":"#main"},"east":{"uv":[2.00375,10.00375,2.025,10.07767],"rotation":90,"texture":"#main"},"south":{"uv":[2.00375,10.00375,2.025,10.07767],"rotation":90,"texture":"#main"},"west":{"uv":[2.00375,10.00375,2.025,10.07767],"rotation":90,"texture":"#main"},"up":{"uv":[2.00375,10.00375,2.025,10.07767],"rotation":90,"texture":"#main"},"down":{"uv":[2.00375,10.00375,2.025,10.07767],"rotation":90,"texture":"#main"}}},{"name":"octagon","from":[7.92868,-6.6,6.25],"to":[8.07132,-6.45,6.6],"faces":{"north":{"uv":[0.00375,8.00375,0.025,8.07767],"rotation":270,"texture":"#main"},"east":{"uv":[0.00375,8.00375,0.025,8.01875],"rotation":90,"texture":"#main"},"south":{"uv":[0.00375,8.00375,0.025,8.07767],"rotation":90,"texture":"#main"},"west":{"uv":[0.00375,8.00375,0.025,8.01875],"rotation":90,"texture":"#main"},"up":{"uv":[0.00375,8.00375,0.01875,8.07767],"rotation":90,"texture":"#main"},"down":{"uv":[0.00375,8.00375,0.01875,8.07767],"rotation":90,"texture":"#main"}}},{"name":"stoel*","from":[7.475,-8.7,6.025],"to":[7.8,-8.6,6.1],"faces":{"north":{"uv":[4.00375,10.00375,4.02813,10.30469],"texture":"#main"},"east":{"uv":[4.00375,10.00375,4.02813,10.30469],"texture":"#main"},"south":{"uv":[4.00375,10.00375,4.02813,10.30469],"texture":"#main"},"west":{"uv":[4.00375,10.00375,4.02813,10.30469],"texture":"#main"},"up":{"uv":[4.00375,10.00375,4.02813,10.02812],"texture":"#main"},"down":{"uv":[4.00375,10.00375,4.02813,10.02812],"texture":"#main"}}},{"name":"stoel*","from":[7.475,-8.6,6.025],"to":[7.55,-8.475,6.1],"faces":{"north":{"uv":[4.00375,10.00375,4.02813,10.30469],"texture":"#main"},"east":{"uv":[4.00375,10.00375,4.02813,10.30469],"texture":"#main"},"south":{"uv":[4.00375,10.00375,4.02813,10.30469],"texture":"#main"},"west":{"uv":[4.00375,10.00375,4.02813,10.30469],"texture":"#main"},"up":{"uv":[4.00375,10.00375,4.02813,10.02812],"texture":"#main"},"down":{"uv":[4.00375,10.00375,4.02813,10.02812],"texture":"#main"}}},{"name":"stoel*","from":[11.15,-6.55,-0.1],"to":[11.6,-6.1,5.15],"faces":{"north":{"uv":[2.00375,10.00375,2.02813,10.02812],"texture":"#main"},"east":{"uv":[2.00375,10.00375,2.32813,10.02812],"texture":"#main"},"south":{"uv":[2.00375,10.00375,2.02813,10.02812],"texture":"#main"},"west":{"uv":[2.00375,10.00375,2.32813,10.02812],"texture":"#main"},"up":{"uv":[2.00375,10.00375,2.02813,10.32813],"texture":"#main"},"down":{"uv":[2.00375,10.00375,2.02813,10.32813],"texture":"#main"}}},{"name":"stoel*","from":[11.15,-9.65,-0.1],"to":[11.6,-6.55,0.35],"rotation":{"angle":-22.5,"axis":"x","origin":[11.15,-6.55,-0.1]},"faces":{"north":{"uv":[2.00375,10.12875,2.02438,10.30875],"texture":"#main"},"east":{"uv":[2.00375,10.12875,2.02438,10.30875],"texture":"#main"},"south":{"uv":[2.00375,10.12875,2.02438,10.30875],"texture":"#main"},"west":{"uv":[2.00375,10.12875,2.02438,10.30875],"texture":"#main"},"up":{"uv":[2.00375,10.00375,2.02813,10.02812],"texture":"#main"},"down":{"uv":[2.00375,10.00375,2.02813,10.02812],"texture":"#main"}}},{"name":"stoel*","from":[11.15,-8.8,1.1],"to":[11.6,-8.35,8.9],"faces":{"north":{"uv":[2.00375,10.00375,2.02813,10.02812],"texture":"#main"},"east":{"uv":[2.00375,10.00375,2.4875,10.02812],"texture":"#main"},"south":{"uv":[2.00375,10.00375,2.02813,10.02812],"texture":"#main"},"west":{"uv":[2.00375,10.00375,2.4875,10.02812],"texture":"#main"},"up":{"uv":[2.00375,10.00375,2.02813,10.4875],"texture":"#main"},"down":{"uv":[2.00375,10.00375,2.02813,10.4875],"texture":"#main"}}},{"name":"stoel*","from":[4.4,-11.14375,0.06875],"to":[11.6,-9.68173,0.53159],"rotation":{"angle":-22.5,"axis":"x","origin":[4.4,-6.49375,0.06875]},"faces":{"north":{"uv":[2.00375,10.00375,2.45,10.13825],"texture":"#main"},"east":{"uv":[2.00375,10.00375,2.02893,10.13825],"texture":"#main"},"south":{"uv":[2.00375,10.00375,2.45,10.13825],"texture":"#main"},"west":{"uv":[2.00375,10.00375,2.02893,10.13825],"texture":"#main"},"up":{"uv":[2.00375,10.00375,2.45,10.02893],"texture":"#main"},"down":{"uv":[2.00375,10.00375,2.45,10.02893],"texture":"#main"}}},{"name":"stoel*","from":[4.4,-9.43906,1.08874],"to":[11.6,-9.23694,1.71634],"faces":{"north":{"uv":[2.00375,10.00375,2.45,10.01107],"texture":"#main"},"east":{"uv":[2.00375,10.00375,2.03923,10.01107],"texture":"#main"},"south":{"uv":[2.00375,10.00375,2.45,10.01107],"texture":"#main"},"west":{"uv":[2.00375,10.00375,2.03923,10.01107],"texture":"#main"},"up":{"uv":[2.00375,10.00375,2.45,10.03923],"texture":"#main"},"down":{"uv":[2.00375,10.00375,2.45,10.03923],"texture":"#main"}}},{"name":"stoel*","from":[4.4,-10.975,12.7813],"to":[11.6,-6.325,13.2312],"rotation":{"angle":22.5,"axis":"x","origin":[4.4,-6.325,12.7813]},"faces":{"north":{"uv":[2.00375,10.00375,2.45,10.3375],"texture":"#main"},"east":{"uv":[2.00375,10.00375,2.02812,10.3375],"texture":"#main"},"south":{"uv":[2.00375,10.00375,2.45,10.3375],"texture":"#main"},"west":{"uv":[2.00375,10.00375,2.02812,10.3375],"texture":"#main"},"up":{"uv":[2.00375,10.00375,2.45,10.02812],"texture":"#main"},"down":{"uv":[2.00375,10.00375,2.45,10.02812],"texture":"#main"}}},{"name":"stoel*","from":[4.85,-6.55,12.5],"to":[11.15,-6.1,13.4],"faces":{"north":{"uv":[2.00375,10.00375,2.39375,10.02812],"texture":"#main"},"east":{"uv":[2.00375,10.00375,2.05625,10.02812],"texture":"#main"},"south":{"uv":[2.00375,10.00375,2.39375,10.02812],"texture":"#main"},"west":{"uv":[2.00375,10.00375,2.05625,10.02812],"texture":"#main"},"up":{"uv":[2.00375,10.00375,2.39375,10.05625],"texture":"#main"},"down":{"uv":[2.00375,10.00375,2.39375,10.05625],"texture":"#main"}}},{"name":"stoel*","from":[4.85,-4.65,12.5],"to":[11.15,-4.2,13.4],"faces":{"north":{"uv":[2.00375,10.00375,2.39375,10.02812],"texture":"#main"},"east":{"uv":[2.00375,10.00375,2.05625,10.02812],"texture":"#main"},"south":{"uv":[2.00375,10.00375,2.39375,10.02812],"texture":"#main"},"west":{"uv":[2.00375,10.00375,2.05625,10.02812],"texture":"#main"},"up":{"uv":[2.00375,10.00375,2.39375,10.05625],"texture":"#main"},"down":{"uv":[2.00375,10.00375,2.39375,10.05625],"texture":"#main"}}},{"name":"stoel*","from":[4.85,-0.75,12.825],"to":[11.15,-0.3,13.3],"faces":{"north":{"uv":[2.00375,10.00375,2.39375,10.02812],"texture":"#main"},"east":{"uv":[2.00375,10.00375,2.05625,10.02812],"texture":"#main"},"south":{"uv":[2.00375,10.00375,2.39375,10.02812],"texture":"#main"},"west":{"uv":[2.00375,10.00375,2.05625,10.02812],"texture":"#main"},"up":{"uv":[2.00375,10.00375,2.39375,10.05625],"texture":"#main"},"down":{"uv":[2.00375,10.00375,2.39375,10.05625],"texture":"#main"}}},{"name":"stoel*","from":[4.85,-0.75,0],"to":[11.15,-0.3,0.475],"faces":{"north":{"uv":[2.39375,10.00375,2.00375,10.02812],"texture":"#main"},"east":{"uv":[2.05625,10.00375,2.00375,10.02812],"texture":"#main"},"south":{"uv":[2.39375,10.00375,2.00375,10.02812],"texture":"#main"},"west":{"uv":[2.05625,10.00375,2.00375,10.02812],"texture":"#main"},"up":{"uv":[2.00375,10.05625,2.39375,10.00375],"texture":"#main"},"down":{"uv":[2.00375,10.05625,2.39375,10.00375],"texture":"#main"}}},{"name":"stoel*","from":[4.85,3.55,0],"to":[11.15,4,0.475],"faces":{"north":{"uv":[2.39375,10.00375,2.00375,10.02812],"texture":"#main"},"east":{"uv":[2.05625,10.00375,2.00375,10.02812],"texture":"#main"},"south":{"uv":[2.39375,10.00375,2.00375,10.02812],"texture":"#main"},"west":{"uv":[2.05625,10.00375,2.00375,10.02812],"texture":"#main"},"up":{"uv":[2.00375,10.05625,2.39375,10.00375],"texture":"#main"},"down":{"uv":[2.00375,10.05625,2.39375,10.00375],"texture":"#main"}}},{"name":"stoel*","from":[11.15,-6.55,9.35],"to":[11.6,-6.1,13.4],"faces":{"north":{"uv":[2.00375,10.00375,2.02813,10.02812],"texture":"#main"},"east":{"uv":[2.00375,10.00375,2.24625,10.02812],"texture":"#main"},"south":{"uv":[2.00375,10.00375,2.02813,10.02812],"texture":"#main"},"west":{"uv":[2.00375,10.00375,2.24625,10.02812],"texture":"#main"},"up":{"uv":[2.00375,10.00375,2.02813,10.24625],"texture":"#main"},"down":{"uv":[2.00375,10.00375,2.02813,10.24625],"texture":"#main"}}},{"name":"stoel*","from":[11.15,-4.65,12.5],"to":[11.6,-4.2,13.4],"faces":{"north":{"uv":[2.00375,10.00375,2.02813,10.02812],"texture":"#main"},"east":{"uv":[2.00375,10.00375,2.24625,10.02812],"texture":"#main"},"south":{"uv":[2.00375,10.00375,2.02813,10.02812],"texture":"#main"},"west":{"uv":[2.00375,10.00375,2.24625,10.02812],"texture":"#main"},"up":{"uv":[2.00375,10.00375,2.02813,10.24625],"texture":"#main"},"down":{"uv":[2.00375,10.00375,2.02813,10.24625],"texture":"#main"}}},{"name":"stoel*","from":[11.15,-0.75,12.825],"to":[11.6,-0.3,13.3],"faces":{"north":{"uv":[2.00375,10.00375,2.02813,10.02812],"texture":"#main"},"east":{"uv":[2.00375,10.00375,2.24625,10.02812],"texture":"#main"},"south":{"uv":[2.00375,10.00375,2.02813,10.02812],"texture":"#main"},"west":{"uv":[2.00375,10.00375,2.24625,10.02812],"texture":"#main"},"up":{"uv":[2.00375,10.00375,2.02813,10.24625],"texture":"#main"},"down":{"uv":[2.00375,10.00375,2.02813,10.24625],"texture":"#main"}}},{"name":"stoel*","from":[11.15,-0.75,0],"to":[11.6,-0.3,0.475],"faces":{"north":{"uv":[2.02813,10.00375,2.00375,10.02812],"texture":"#main"},"east":{"uv":[2.24625,10.00375,2.00375,10.02812],"texture":"#main"},"south":{"uv":[2.02813,10.00375,2.00375,10.02812],"texture":"#main"},"west":{"uv":[2.24625,10.00375,2.00375,10.02812],"texture":"#main"},"up":{"uv":[2.00375,10.24625,2.02813,10.00375],"texture":"#main"},"down":{"uv":[2.00375,10.24625,2.02813,10.00375],"texture":"#main"}}},{"name":"stoel*","from":[11.15,3.55,0],"to":[11.6,4,0.475],"faces":{"north":{"uv":[2.02813,10.00375,2.00375,10.02812],"texture":"#main"},"east":{"uv":[2.24625,10.00375,2.00375,10.02812],"texture":"#main"},"south":{"uv":[2.02813,10.00375,2.00375,10.02812],"texture":"#main"},"west":{"uv":[2.24625,10.00375,2.00375,10.02812],"texture":"#main"},"up":{"uv":[2.00375,10.24625,2.02813,10.00375],"texture":"#main"},"down":{"uv":[2.00375,10.24625,2.02813,10.00375],"texture":"#main"}}},{"name":"stoel*","from":[11.15,-8.8,9.35],"to":[11.6,-6.1,9.8],"rotation":{"angle":22.5,"axis":"x","origin":[11.15,-6.1,9.35]},"faces":{"north":{"uv":[2.00375,10.00375,2.02813,10.16875],"texture":"#main"},"east":{"uv":[2.00375,10.00375,2.02813,10.16875],"texture":"#main"},"south":{"uv":[2.00375,10.00375,2.02813,10.16875],"texture":"#main"},"west":{"uv":[2.00375,10.00375,2.02813,10.16875],"texture":"#main"},"up":{"uv":[2.00375,10.00375,2.02813,10.02812],"texture":"#main"},"down":{"uv":[2.00375,10.00375,2.02813,10.02812],"texture":"#main"}}},{"name":"stoel*","from":[4.4,-8.8,9.35],"to":[4.85,-6.1,9.8],"rotation":{"angle":22.5,"axis":"x","origin":[4.4,-6.1,9.35]},"faces":{"north":{"uv":[2.00375,10.00375,2.02813,10.16875],"texture":"#main"},"east":{"uv":[2.00375,10.00375,2.02813,10.16875],"texture":"#main"},"south":{"uv":[2.00375,10.00375,2.02813,10.16875],"texture":"#main"},"west":{"uv":[2.00375,10.00375,2.02813,10.16875],"texture":"#main"},"up":{"uv":[2.00375,10.00375,2.02813,10.02812],"texture":"#main"},"down":{"uv":[2.00375,10.00375,2.02813,10.02812],"texture":"#main"}}},{"name":"stoel*","from":[4.40183,-6.30201,12.50017],"to":[4.85183,-4.20201,12.95017],"rotation":{"angle":22.5,"axis":"x","origin":[4.40183,-4.20201,12.50017]},"faces":{"north":{"uv":[2.00375,10.00375,2.02813,10.16875],"texture":"#main"},"east":{"uv":[2.00375,10.00375,2.02813,10.16875],"texture":"#main"},"south":{"uv":[2.00375,10.00375,2.02813,10.16875],"texture":"#main"},"west":{"uv":[2.00375,10.00375,2.02813,10.16875],"texture":"#main"},"up":{"uv":[2.00375,10.00375,2.02813,10.02812],"texture":"#main"},"down":{"uv":[2.00375,10.00375,2.02813,10.02812],"texture":"#main"}}},{"name":"stoel*","from":[11.14817,-6.30201,12.50017],"to":[11.59817,-4.20201,12.95017],"rotation":{"angle":22.5,"axis":"x","origin":[11.59817,-4.20201,12.50017]},"faces":{"north":{"uv":[2.02813,10.00375,2.00375,10.16875],"texture":"#main"},"east":{"uv":[2.02813,10.00375,2.00375,10.16875],"texture":"#main"},"south":{"uv":[2.02813,10.00375,2.00375,10.16875],"texture":"#main"},"west":{"uv":[2.02813,10.00375,2.00375,10.16875],"texture":"#main"},"up":{"uv":[2.02813,10.00375,2.00375,10.02812],"texture":"#main"},"down":{"uv":[2.02813,10.00375,2.00375,10.02812],"texture":"#main"}}},{"name":"stoel*","from":[4.4,-6.55,9.35],"to":[4.85,-6.1,13.4],"faces":{"north":{"uv":[2.00375,10.00375,2.02813,10.02812],"texture":"#main"},"east":{"uv":[2.00375,10.00375,2.24625,10.02812],"texture":"#main"},"south":{"uv":[2.00375,10.00375,2.02813,10.02812],"texture":"#main"},"west":{"uv":[2.00375,10.00375,2.24625,10.02812],"texture":"#main"},"up":{"uv":[2.00375,10.00375,2.02813,10.24625],"texture":"#main"},"down":{"uv":[2.00375,10.00375,2.02813,10.24625],"texture":"#main"}}},{"name":"stoel*","from":[4.4,-4.65,12.5],"to":[4.85,-4.2,13.4],"faces":{"north":{"uv":[2.00375,10.00375,2.02813,10.02812],"texture":"#main"},"east":{"uv":[2.00375,10.00375,2.24625,10.02812],"texture":"#main"},"south":{"uv":[2.00375,10.00375,2.02813,10.02812],"texture":"#main"},"west":{"uv":[2.00375,10.00375,2.24625,10.02812],"texture":"#main"},"up":{"uv":[2.00375,10.00375,2.02813,10.24625],"texture":"#main"},"down":{"uv":[2.00375,10.00375,2.02813,10.24625],"texture":"#main"}}},{"name":"stoel*","from":[4.4,-0.75,12.825],"to":[4.85,-0.3,13.3],"faces":{"north":{"uv":[2.00375,10.00375,2.02813,10.02812],"texture":"#main"},"east":{"uv":[2.00375,10.00375,2.24625,10.02812],"texture":"#main"},"south":{"uv":[2.00375,10.00375,2.02813,10.02812],"texture":"#main"},"west":{"uv":[2.00375,10.00375,2.24625,10.02812],"texture":"#main"},"up":{"uv":[2.00375,10.00375,2.02813,10.24625],"texture":"#main"},"down":{"uv":[2.00375,10.00375,2.02813,10.24625],"texture":"#main"}}},{"name":"stoel*","from":[4.4,-0.75,0],"to":[4.85,-0.3,0.475],"faces":{"north":{"uv":[2.02813,10.00375,2.00375,10.02812],"texture":"#main"},"east":{"uv":[2.24625,10.00375,2.00375,10.02812],"texture":"#main"},"south":{"uv":[2.02813,10.00375,2.00375,10.02812],"texture":"#main"},"west":{"uv":[2.24625,10.00375,2.00375,10.02812],"texture":"#main"},"up":{"uv":[2.00375,10.24625,2.02813,10.00375],"texture":"#main"},"down":{"uv":[2.00375,10.24625,2.02813,10.00375],"texture":"#main"}}},{"name":"stoel*","from":[4.4,3.55,0],"to":[4.85,4,0.475],"faces":{"north":{"uv":[2.02813,10.00375,2.00375,10.02812],"texture":"#main"},"east":{"uv":[2.24625,10.00375,2.00375,10.02812],"texture":"#main"},"south":{"uv":[2.02813,10.00375,2.00375,10.02812],"texture":"#main"},"west":{"uv":[2.24625,10.00375,2.00375,10.02812],"texture":"#main"},"up":{"uv":[2.00375,10.24625,2.02813,10.00375],"texture":"#main"},"down":{"uv":[2.00375,10.24625,2.02813,10.00375],"texture":"#main"}}},{"name":"stoel*","from":[4.4,-8.8,1.1],"to":[4.85,-8.35,8.9],"faces":{"north":{"uv":[2.00375,10.00375,2.02813,10.02812],"texture":"#main"},"east":{"uv":[2.00375,10.00375,2.4875,10.02812],"texture":"#main"},"south":{"uv":[2.00375,10.00375,2.02813,10.02812],"texture":"#main"},"west":{"uv":[2.00375,10.00375,2.4875,10.02812],"texture":"#main"},"up":{"uv":[2.00375,10.00375,2.02813,10.4875],"texture":"#main"},"down":{"uv":[2.00375,10.00375,2.02813,10.4875],"texture":"#main"}}},{"name":"stoel*","from":[4.4,-10.79321,1.85],"to":[4.85,-10.35,11.41748],"faces":{"north":{"uv":[2.00375,10.00375,2.02813,10.02812],"texture":"#main"},"east":{"uv":[2.00375,10.00375,2.4875,10.02812],"texture":"#main"},"south":{"uv":[2.00375,10.00375,2.02813,10.02812],"texture":"#main"},"west":{"uv":[2.00375,10.00375,2.4875,10.02812],"texture":"#main"},"up":{"uv":[2.00375,10.00375,2.02813,10.4875],"texture":"#main"},"down":{"uv":[2.00375,10.00375,2.02813,10.4875],"texture":"#main"}}},{"name":"stoel*","from":[11.15,-10.79321,1.85],"to":[11.6,-10.35,11.41748],"faces":{"north":{"uv":[2.02813,10.00375,2.00375,10.02812],"texture":"#main"},"east":{"uv":[2.4875,10.00375,2.00375,10.02812],"texture":"#main"},"south":{"uv":[2.02813,10.00375,2.00375,10.02812],"texture":"#main"},"west":{"uv":[2.4875,10.00375,2.00375,10.02812],"texture":"#main"},"up":{"uv":[2.02813,10.00375,2.00375,10.4875],"texture":"#main"},"down":{"uv":[2.02813,10.00375,2.00375,10.4875],"texture":"#main"}}},{"name":"stoel*","from":[4.85,-7.95,5.2],"to":[11.15,-5.8,5.6],"faces":{"north":{"uv":[2.00375,10.00375,2.39375,10.13438],"texture":"#main"},"east":{"uv":[2.00375,10.00375,2.025,10.13438],"texture":"#main"},"south":{"uv":[2.00375,10.00375,2.39375,10.13438],"texture":"#main"},"west":{"uv":[2.00375,10.00375,2.025,10.13438],"texture":"#main"},"up":{"uv":[2.00375,10.00375,2.39375,10.025],"texture":"#main"},"down":{"uv":[2.00375,10.00375,2.39375,10.025],"texture":"#main"}}},{"name":"stoel*","from":[11.15,-8.375,5.15],"to":[11.6,-5.7,5.6],"faces":{"north":{"uv":[2.00375,10.00375,2.02813,10.16719],"texture":"#main"},"east":{"uv":[2.00375,10.00375,2.02813,10.16719],"texture":"#main"},"south":{"uv":[2.00375,10.00375,2.02813,10.16719],"texture":"#main"},"west":{"uv":[2.00375,10.00375,2.02813,10.16719],"texture":"#main"},"up":{"uv":[2.00375,10.00375,2.02813,10.02812],"texture":"#main"},"down":{"uv":[2.00375,10.00375,2.02813,10.02812],"texture":"#main"}}},{"name":"stoel*","from":[4.85,-6.55,-0.1],"to":[11.15,-6.1,0.8],"faces":{"north":{"uv":[2.00375,10.00375,2.39375,10.02812],"texture":"#main"},"east":{"uv":[2.00375,10.00375,2.05625,10.02812],"texture":"#main"},"south":{"uv":[2.00375,10.00375,2.39375,10.02812],"texture":"#main"},"west":{"uv":[2.00375,10.00375,2.05625,10.02812],"texture":"#main"},"up":{"uv":[2.00375,10.00375,2.39375,10.05625],"texture":"#main"},"down":{"uv":[2.00375,10.00375,2.39375,10.05625],"texture":"#main"}}},{"name":"stoel*","from":[4.4,-6.55,-0.1],"to":[4.85,-6.1,5.15],"faces":{"north":{"uv":[2.00375,10.00375,2.02813,10.02812],"texture":"#main"},"east":{"uv":[2.00375,10.00375,2.32813,10.02812],"texture":"#main"},"south":{"uv":[2.00375,10.00375,2.02813,10.02812],"texture":"#main"},"west":{"uv":[2.00375,10.00375,2.32813,10.02812],"texture":"#main"},"up":{"uv":[2.00375,10.00375,2.02813,10.32813],"texture":"#main"},"down":{"uv":[2.00375,10.00375,2.02813,10.32813],"texture":"#main"}}},{"name":"stoel*","from":[4.4,-8.375,5.15],"to":[4.85,-5.7,5.6],"faces":{"north":{"uv":[2.00375,10.00375,2.02813,10.16719],"texture":"#main"},"east":{"uv":[2.00375,10.00375,2.02813,10.16719],"texture":"#main"},"south":{"uv":[2.00375,10.00375,2.02813,10.16719],"texture":"#main"},"west":{"uv":[2.00375,10.00375,2.02813,10.16719],"texture":"#main"},"up":{"uv":[2.00375,10.00375,2.02813,10.02812],"texture":"#main"},"down":{"uv":[2.00375,10.00375,2.02813,10.02812],"texture":"#main"}}},{"name":"stoel*","from":[4.4,-9.65,-0.1],"to":[4.85,-6.55,0.35],"rotation":{"angle":-22.5,"axis":"x","origin":[4.4,-6.55,-0.1]},"faces":{"north":{"uv":[2.00375,10.12875,2.02438,10.30875],"texture":"#main"},"east":{"uv":[2.00375,10.12875,2.02438,10.30875],"texture":"#main"},"south":{"uv":[2.00375,10.12875,2.02438,10.30875],"texture":"#main"},"west":{"uv":[2.00375,10.12875,2.02438,10.30875],"texture":"#main"},"up":{"uv":[2.00375,10.00375,2.02813,10.02812],"texture":"#main"},"down":{"uv":[2.00375,10.00375,2.02813,10.02812],"texture":"#main"}}},{"name":"zitvlak","from":[4.85,-10.3,1.65],"to":[11.15,-9.2,4.85],"faces":{"north":{"uv":[4.00375,10.00375,4.39375,10.1125],"texture":"#main"},"east":{"uv":[4.00375,10.00375,4.16875,10.1125],"texture":"#main"},"south":{"uv":[4.00375,10.00375,4.39375,10.1125],"texture":"#main"},"west":{"uv":[4.00375,10.00375,4.16875,10.1125],"texture":"#main"},"up":{"uv":[4.00375,10.00375,4.39375,10.16875],"texture":"#main"},"down":{"uv":[4.00375,10.00375,4.39375,10.16875],"texture":"#main"}}},{"name":"zitvlak*","from":[4.85,-10.3,8.45],"to":[11.15,-9.2,11.55],"faces":{"north":{"uv":[4.00375,10.00375,4.39375,10.1125],"texture":"#main"},"east":{"uv":[4.00375,10.00375,4.16875,10.1125],"texture":"#main"},"south":{"uv":[4.00375,10.00375,4.39375,10.1125],"texture":"#main"},"west":{"uv":[4.00375,10.00375,4.16875,10.1125],"texture":"#main"},"up":{"uv":[4.00375,10.00375,4.39375,10.16875],"texture":"#main"},"down":{"uv":[4.00375,10.00375,4.39375,10.16875],"texture":"#main"}}},{"name":"lead*","from":[4.85,-6.65,0.175],"to":[11.175,-6,0.3],"faces":{"north":{"uv":[12.32875,0.00375,6.00375,0.65375],"texture":"#2"},"east":{"uv":[6.12875,0.00375,6.00375,0.65375],"texture":"#2"},"south":{"uv":[12.32875,0.00375,6.00375,0.65375],"texture":"#2"},"west":{"uv":[6.12875,0.00375,6.00375,0.65375],"texture":"#2"},"up":{"uv":[6.00375,0.12875,12.32875,0.00375],"texture":"#2"},"down":{"uv":[6.00375,0.12875,12.32875,0.00375],"texture":"#2"}}},{"name":"lead*","from":[4.625,-6.1,0.125],"to":[4.85,7.4,0.35],"faces":{"north":{"uv":[6.44125,0.00375,6.66625,13.50375],"texture":"#2"},"east":{"uv":[6.75375,0.00375,6.97875,13.50375],"texture":"#2"},"south":{"uv":[6.44125,0.00375,6.66625,13.50375],"texture":"#2"},"west":{"uv":[6.75375,0.00375,6.97875,13.50375],"texture":"#2"},"up":{"uv":[6.12875,0.00375,6.35375,0.22875],"texture":"#2"},"down":{"uv":[6.12875,0.00375,6.35375,0.22875],"texture":"#2"}}},{"name":"lead*","from":[4.85,-0.85,0.175],"to":[11.175,-0.2,0.3],"faces":{"north":{"uv":[12.32875,0.00375,6.00375,0.65375],"texture":"#2"},"east":{"uv":[6.12875,0.00375,6.00375,0.65375],"texture":"#2"},"south":{"uv":[12.32875,0.00375,6.00375,0.65375],"texture":"#2"},"west":{"uv":[6.12875,0.00375,6.00375,0.65375],"texture":"#2"},"up":{"uv":[6.00375,0.12875,12.32875,0.00375],"texture":"#2"},"down":{"uv":[6.00375,0.12875,12.32875,0.00375],"texture":"#2"}}},{"name":"lead*","from":[11.15,-6.1,0.125],"to":[11.375,7.4,0.35],"faces":{"north":{"uv":[6.44125,0.00375,6.66625,13.50375],"texture":"#2"},"east":{"uv":[6.75375,0.00375,6.97875,13.50375],"texture":"#2"},"south":{"uv":[6.44125,0.00375,6.66625,13.50375],"texture":"#2"},"west":{"uv":[6.75375,0.00375,6.97875,13.50375],"texture":"#2"},"up":{"uv":[6.12875,0.00375,6.35375,0.22875],"texture":"#2"},"down":{"uv":[6.12875,0.00375,6.35375,0.22875],"texture":"#2"}}},{"name":"lead*","from":[4.85,-0.85,13],"to":[11.175,-0.2,13.125],"faces":{"north":{"uv":[6.00375,0.00375,12.32875,0.65375],"texture":"#2"},"east":{"uv":[6.00375,0.00375,6.12875,0.65375],"texture":"#2"},"south":{"uv":[6.00375,0.00375,12.32875,0.65375],"texture":"#2"},"west":{"uv":[6.00375,0.00375,6.12875,0.65375],"texture":"#2"},"up":{"uv":[6.00375,0.00375,12.32875,0.12875],"texture":"#2"},"down":{"uv":[6.00375,0.00375,12.32875,0.12875],"texture":"#2"}}},{"name":"lead*","from":[11.15,-6.1,12.95],"to":[11.375,7.4,13.175],"faces":{"north":{"uv":[6.44125,0.00375,6.66625,13.50375],"texture":"#2"},"east":{"uv":[6.75375,0.00375,6.97875,13.50375],"texture":"#2"},"south":{"uv":[6.44125,0.00375,6.66625,13.50375],"texture":"#2"},"west":{"uv":[6.75375,0.00375,6.97875,13.50375],"texture":"#2"},"up":{"uv":[6.12875,0.00375,6.35375,0.22875],"texture":"#2"},"down":{"uv":[6.12875,0.00375,6.35375,0.22875],"texture":"#2"}}},{"name":"lead","from":[4.625,-6.1,12.95],"to":[4.85,7.4,13.175],"faces":{"north":{"uv":[6.44125,0.00375,6.66625,13.50375],"texture":"#2"},"east":{"uv":[6.75375,0.00375,6.97875,13.50375],"texture":"#2"},"south":{"uv":[6.44125,0.00375,6.66625,13.50375],"texture":"#2"},"west":{"uv":[6.75375,0.00375,6.97875,13.50375],"texture":"#2"},"up":{"uv":[6.12875,0.00375,6.35375,0.22875],"texture":"#2"},"down":{"uv":[6.12875,0.00375,6.35375,0.22875],"texture":"#2"}}},{"name":"lead*","from":[4.85,-4.75,13],"to":[11.175,-4.1,13.125],"faces":{"north":{"uv":[6.00375,0.00375,12.32875,0.65375],"texture":"#2"},"east":{"uv":[6.00375,0.00375,6.12875,0.65375],"texture":"#2"},"south":{"uv":[6.00375,0.00375,12.32875,0.65375],"texture":"#2"},"west":{"uv":[6.00375,0.00375,6.12875,0.65375],"texture":"#2"},"up":{"uv":[6.00375,0.00375,12.32875,0.12875],"texture":"#2"},"down":{"uv":[6.00375,0.00375,12.32875,0.12875],"texture":"#2"}}},{"name":"lead*","from":[4.85,3.45,0.175],"to":[11.175,4.1,0.3],"faces":{"north":{"uv":[6.39531,0.00375,6.00375,0.0125],"texture":"#main"},"east":{"uv":[6.01406,0.00375,6.00375,0.0125],"texture":"#main"},"south":{"uv":[6.39531,0.00375,6.00375,0.0125],"texture":"#main"},"west":{"uv":[6.01406,0.00375,6.00375,0.0125],"texture":"#main"},"up":{"uv":[6.00375,0.01406,6.39531,0.00375],"texture":"#main"},"down":{"uv":[6.00375,0.01406,6.39531,0.00375],"texture":"#main"}}},{"name":"zitvlak","from":[5.25,-7.75,5.05],"to":[10.75,-5.95,5.45],"faces":{"north":{"uv":[4.00375,2.00375,4.95625,2.3],"texture":"#main"},"east":{"uv":[4.00375,2.00375,4.025,2.1125],"texture":"#main"},"south":{"uv":[4.00375,2.00375,4.95625,2.3],"texture":"#main"},"west":{"uv":[4.00375,2.00375,4.025,2.1125],"texture":"#main"},"up":{"uv":[4.00375,2.00375,4.39375,2.025],"texture":"#main"},"down":{"uv":[4.00375,2.00375,4.39375,2.025],"texture":"#main"}}},{"name":"stoel*","from":[7.775,-10.325,5.85],"to":[8.225,-6.2,6.3],"faces":{"north":{"uv":[4.00375,2.00375,4.02813,2.30469],"texture":"#main"},"east":{"uv":[4.00375,2.00375,4.02813,2.30469],"texture":"#main"},"south":{"uv":[4.00375,2.00375,4.02813,2.30469],"texture":"#main"},"west":{"uv":[4.00375,2.00375,4.02813,2.30469],"texture":"#main"},"up":{"uv":[4.00375,2.00375,4.02813,2.02813],"texture":"#main"},"down":{"uv":[4.00375,2.00375,4.02813,2.02813],"texture":"#main"}}},{"name":"octagon","from":[7.37868,-8,6.325],"to":[8.62132,-7.6,6.625],"rotation":{"angle":45,"axis":"z","origin":[8,-6.5,6.425]},"faces":{"north":{"uv":[0.00375,0.00375,0.07767,0.025],"texture":"#main"},"east":{"uv":[0.00375,0.00375,0.01875,0.025],"texture":"#main"},"south":{"uv":[0.00375,0.00375,0.07767,0.025],"texture":"#main"},"west":{"uv":[0.00375,0.00375,0.01875,0.025],"texture":"#main"},"up":{"uv":[0.00375,0.00375,0.07767,0.01875],"texture":"#main"},"down":{"uv":[0.00375,0.00375,0.07767,0.01875],"texture":"#main"}}},{"name":"octagon","from":[7.37868,-8,6.325],"to":[8.62132,-7.6,6.625],"faces":{"north":{"uv":[0.00375,0.00375,0.07767,0.025],"texture":"#main"},"east":{"uv":[0.00375,0.00375,0.01875,0.025],"texture":"#main"},"south":{"uv":[0.00375,0.00375,0.07767,0.025],"texture":"#main"},"west":{"uv":[0.00375,0.00375,0.01875,0.025],"texture":"#main"},"up":{"uv":[0.00375,0.00375,0.07767,0.01875],"texture":"#main"},"down":{"uv":[0.00375,0.00375,0.07767,0.01875],"texture":"#main"}}},{"name":"octagon","from":[7.37868,-5.4,6.325],"to":[8.62132,-5,6.625],"rotation":{"angle":45,"axis":"z","origin":[8,-6.5,6.425]},"faces":{"north":{"uv":[0.00375,0.00375,0.07767,0.025],"texture":"#main"},"east":{"uv":[0.00375,0.00375,0.01875,0.025],"texture":"#main"},"south":{"uv":[0.00375,0.00375,0.07767,0.025],"texture":"#main"},"west":{"uv":[0.00375,0.00375,0.01875,0.025],"texture":"#main"},"up":{"uv":[0.00375,0.00375,0.07767,0.01875],"texture":"#main"},"down":{"uv":[0.00375,0.00375,0.07767,0.01875],"texture":"#main"}}},{"name":"octagon","from":[7.37868,-5.4,6.325],"to":[8.62132,-5,6.625],"faces":{"north":{"uv":[0.00375,0.00375,0.07767,0.025],"texture":"#main"},"east":{"uv":[0.00375,0.00375,0.01875,0.025],"texture":"#main"},"south":{"uv":[0.00375,0.00375,0.07767,0.025],"texture":"#main"},"west":{"uv":[0.00375,0.00375,0.01875,0.025],"texture":"#main"},"up":{"uv":[0.00375,0.00375,0.07767,0.01875],"texture":"#main"},"down":{"uv":[0.00375,0.00375,0.07767,0.01875],"texture":"#main"}}},{"name":"octagon","from":[6.5,-7.12132,6.325],"to":[6.9,-5.87868,6.625],"rotation":{"angle":45,"axis":"z","origin":[8,-6.5,6.425]},"faces":{"north":{"uv":[0.00375,0.00375,0.025,0.07767],"texture":"#main"},"east":{"uv":[0.00375,0.00375,0.01875,0.07767],"texture":"#main"},"south":{"uv":[0.00375,0.00375,0.025,0.07767],"texture":"#main"},"west":{"uv":[0.00375,0.00375,0.01875,0.07767],"texture":"#main"},"up":{"uv":[0.00375,0.00375,0.025,0.01875],"texture":"#main"},"down":{"uv":[0.00375,0.00375,0.025,0.01875],"texture":"#main"}}},{"name":"octagon","from":[6.5,-7.12132,6.325],"to":[6.9,-5.87868,6.625],"faces":{"north":{"uv":[0.00375,0.00375,0.025,0.07767],"texture":"#main"},"east":{"uv":[0.00375,0.00375,0.01875,0.07767],"texture":"#main"},"south":{"uv":[0.00375,0.00375,0.025,0.07767],"texture":"#main"},"west":{"uv":[0.00375,0.00375,0.01875,0.07767],"texture":"#main"},"up":{"uv":[0.00375,0.00375,0.025,0.01875],"texture":"#main"},"down":{"uv":[0.00375,0.00375,0.025,0.01875],"texture":"#main"}}},{"name":"octagon","from":[9.1,-7.12132,6.325],"to":[9.5,-5.87868,6.625],"rotation":{"angle":45,"axis":"z","origin":[8,-6.5,6.425]},"faces":{"north":{"uv":[0.00375,0.00375,0.025,0.07767],"texture":"#main"},"east":{"uv":[0.00375,0.00375,0.01875,0.07767],"texture":"#main"},"south":{"uv":[0.00375,0.00375,0.025,0.07767],"texture":"#main"},"west":{"uv":[0.00375,0.00375,0.01875,0.07767],"texture":"#main"},"up":{"uv":[0.00375,0.00375,0.025,0.01875],"texture":"#main"},"down":{"uv":[0.00375,0.00375,0.025,0.01875],"texture":"#main"}}},{"name":"octagon","from":[9.1,-7.12132,6.325],"to":[9.5,-5.87868,6.625],"faces":{"north":{"uv":[0.00375,0.00375,0.025,0.07767],"texture":"#main"},"east":{"uv":[0.00375,0.00375,0.01875,0.07767],"texture":"#main"},"south":{"uv":[0.00375,0.00375,0.025,0.07767],"texture":"#main"},"west":{"uv":[0.00375,0.00375,0.01875,0.07767],"texture":"#main"},"up":{"uv":[0.00375,0.00375,0.025,0.01875],"texture":"#main"},"down":{"uv":[0.00375,0.00375,0.025,0.01875],"texture":"#main"}}},{"name":"octagon","from":[6.8,-6.62132,6.425],"to":[9.2,-6.42868,6.525],"faces":{"north":{"uv":[2.00375,2.00375,2.025,2.07767],"texture":"#main"},"east":{"uv":[2.00375,2.00375,2.025,2.07767],"texture":"#main"},"south":{"uv":[2.00375,2.00375,2.025,2.07767],"texture":"#main"},"west":{"uv":[2.00375,2.00375,2.025,2.07767],"texture":"#main"},"up":{"uv":[2.00375,2.00375,2.025,2.07767],"texture":"#main"},"down":{"uv":[2.00375,2.00375,2.025,2.07767],"texture":"#main"}}},{"name":"octagon","from":[7.90368,-6.45,6.425],"to":[8.09632,-5.375,6.525],"faces":{"north":{"uv":[2.00375,2.00375,2.025,2.07767],"rotation":90,"texture":"#main"},"east":{"uv":[2.00375,2.00375,2.025,2.07767],"rotation":90,"texture":"#main"},"south":{"uv":[2.00375,2.00375,2.025,2.07767],"rotation":90,"texture":"#main"},"west":{"uv":[2.00375,2.00375,2.025,2.07767],"rotation":90,"texture":"#main"},"up":{"uv":[2.00375,2.00375,2.025,2.07767],"rotation":90,"texture":"#main"},"down":{"uv":[2.00375,2.00375,2.025,2.07767],"rotation":90,"texture":"#main"}}},{"name":"octagon","from":[7.90368,-7.675,6.425],"to":[8.09632,-6.6,6.525],"faces":{"north":{"uv":[2.00375,2.00375,2.025,2.07767],"rotation":90,"texture":"#main"},"east":{"uv":[2.00375,2.00375,2.025,2.07767],"rotation":90,"texture":"#main"},"south":{"uv":[2.00375,2.00375,2.025,2.07767],"rotation":90,"texture":"#main"},"west":{"uv":[2.00375,2.00375,2.025,2.07767],"rotation":90,"texture":"#main"},"up":{"uv":[2.00375,2.00375,2.025,2.07767],"rotation":90,"texture":"#main"},"down":{"uv":[2.00375,2.00375,2.025,2.07767],"rotation":90,"texture":"#main"}}},{"name":"octagon","from":[7.92868,-6.6,6.25],"to":[8.07132,-6.45,6.6],"faces":{"north":{"uv":[0.00375,0.00375,0.025,0.07767],"rotation":270,"texture":"#main"},"east":{"uv":[0.00375,0.00375,0.025,0.01875],"rotation":90,"texture":"#main"},"south":{"uv":[0.00375,0.00375,0.025,0.07767],"rotation":90,"texture":"#main"},"west":{"uv":[0.00375,0.00375,0.025,0.01875],"rotation":90,"texture":"#main"},"up":{"uv":[0.00375,0.00375,0.01875,0.07767],"rotation":90,"texture":"#main"},"down":{"uv":[0.00375,0.00375,0.01875,0.07767],"rotation":90,"texture":"#main"}}},{"name":"stoel*","from":[7.475,-8.7,6.025],"to":[7.8,-8.6,6.1],"faces":{"north":{"uv":[4.00375,2.00375,4.02813,2.30469],"texture":"#main"},"east":{"uv":[4.00375,2.00375,4.02813,2.30469],"texture":"#main"},"south":{"uv":[4.00375,2.00375,4.02813,2.30469],"texture":"#main"},"west":{"uv":[4.00375,2.00375,4.02813,2.30469],"texture":"#main"},"up":{"uv":[4.00375,2.00375,4.02813,2.02813],"texture":"#main"},"down":{"uv":[4.00375,2.00375,4.02813,2.02813],"texture":"#main"}}},{"name":"stoel*","from":[7.475,-8.6,6.025],"to":[7.55,-8.475,6.1],"faces":{"north":{"uv":[4.00375,2.00375,4.02813,2.30469],"texture":"#main"},"east":{"uv":[4.00375,2.00375,4.02813,2.30469],"texture":"#main"},"south":{"uv":[4.00375,2.00375,4.02813,2.30469],"texture":"#main"},"west":{"uv":[4.00375,2.00375,4.02813,2.30469],"texture":"#main"},"up":{"uv":[4.00375,2.00375,4.02813,2.02813],"texture":"#main"},"down":{"uv":[4.00375,2.00375,4.02813,2.02813],"texture":"#main"}}},{"name":"stoel*","from":[11.15,-6.55,-0.1],"to":[11.6,-6.1,5.15],"faces":{"north":{"uv":[2.00375,2.00375,2.02813,2.02813],"texture":"#main"},"east":{"uv":[2.00375,2.00375,2.32813,2.02813],"texture":"#main"},"south":{"uv":[2.00375,2.00375,2.02813,2.02813],"texture":"#main"},"west":{"uv":[2.00375,2.00375,2.32813,2.02813],"texture":"#main"},"up":{"uv":[2.00375,2.00375,2.02813,2.32813],"texture":"#main"},"down":{"uv":[2.00375,2.00375,2.02813,2.32813],"texture":"#main"}}},{"name":"stoel*","from":[11.15,-9.65,-0.1],"to":[11.6,-6.55,0.35],"rotation":{"angle":-22.5,"axis":"x","origin":[11.15,-6.55,-0.1]},"faces":{"north":{"uv":[2.00375,2.12875,2.02438,2.30875],"texture":"#main"},"east":{"uv":[2.00375,2.12875,2.02438,2.30875],"texture":"#main"},"south":{"uv":[2.00375,2.12875,2.02438,2.30875],"texture":"#main"},"west":{"uv":[2.00375,2.12875,2.02438,2.30875],"texture":"#main"},"up":{"uv":[2.00375,2.00375,2.02813,2.02813],"texture":"#main"},"down":{"uv":[2.00375,2.00375,2.02813,2.02813],"texture":"#main"}}},{"name":"stoel*","from":[11.15,-8.8,1.1],"to":[11.6,-8.35,8.9],"faces":{"north":{"uv":[2.00375,2.00375,2.02813,2.02813],"texture":"#main"},"east":{"uv":[2.00375,2.00375,2.4875,2.02813],"texture":"#main"},"south":{"uv":[2.00375,2.00375,2.02813,2.02813],"texture":"#main"},"west":{"uv":[2.00375,2.00375,2.4875,2.02813],"texture":"#main"},"up":{"uv":[2.00375,2.00375,2.02813,2.4875],"texture":"#main"},"down":{"uv":[2.00375,2.00375,2.02813,2.4875],"texture":"#main"}}},{"name":"stoel*","from":[4.4,-11.14375,0.06875],"to":[11.6,-9.68173,0.53159],"rotation":{"angle":-22.5,"axis":"x","origin":[4.4,-6.49375,0.06875]},"faces":{"north":{"uv":[2.00375,2.00375,2.45,2.13825],"texture":"#main"},"east":{"uv":[2.00375,2.00375,2.02893,2.13825],"texture":"#main"},"south":{"uv":[2.00375,2.00375,2.45,2.13825],"texture":"#main"},"west":{"uv":[2.00375,2.00375,2.02893,2.13825],"texture":"#main"},"up":{"uv":[2.00375,2.00375,2.45,2.02893],"texture":"#main"},"down":{"uv":[2.00375,2.00375,2.45,2.02893],"texture":"#main"}}},{"name":"stoel*","from":[4.4,-9.43906,1.08874],"to":[11.6,-9.23694,1.71634],"faces":{"north":{"uv":[2.00375,2.00375,2.45,2.01107],"texture":"#main"},"east":{"uv":[2.00375,2.00375,2.03923,2.01107],"texture":"#main"},"south":{"uv":[2.00375,2.00375,2.45,2.01107],"texture":"#main"},"west":{"uv":[2.00375,2.00375,2.03923,2.01107],"texture":"#main"},"up":{"uv":[2.00375,2.00375,2.45,2.03923],"texture":"#main"},"down":{"uv":[2.00375,2.00375,2.45,2.03923],"texture":"#main"}}},{"name":"stoel*","from":[4.4,-10.975,12.7813],"to":[11.6,-6.325,13.2312],"rotation":{"angle":22.5,"axis":"x","origin":[4.4,-6.325,12.7813]},"faces":{"north":{"uv":[2.00375,2.00375,2.45,2.3375],"texture":"#main"},"east":{"uv":[2.00375,2.00375,2.02812,2.3375],"texture":"#main"},"south":{"uv":[2.00375,2.00375,2.45,2.3375],"texture":"#main"},"west":{"uv":[2.00375,2.00375,2.02812,2.3375],"texture":"#main"},"up":{"uv":[2.00375,2.00375,2.45,2.02812],"texture":"#main"},"down":{"uv":[2.00375,2.00375,2.45,2.02812],"texture":"#main"}}},{"name":"stoel*","from":[4.85,-6.55,12.5],"to":[11.15,-6.1,13.4],"faces":{"north":{"uv":[2.00375,2.00375,2.39375,2.02813],"texture":"#main"},"east":{"uv":[2.00375,2.00375,2.05625,2.02813],"texture":"#main"},"south":{"uv":[2.00375,2.00375,2.39375,2.02813],"texture":"#main"},"west":{"uv":[2.00375,2.00375,2.05625,2.02813],"texture":"#main"},"up":{"uv":[2.00375,2.00375,2.39375,2.05625],"texture":"#main"},"down":{"uv":[2.00375,2.00375,2.39375,2.05625],"texture":"#main"}}},{"name":"stoel*","from":[4.85,-4.65,12.5],"to":[11.15,-4.2,13.4],"faces":{"north":{"uv":[2.00375,2.00375,2.39375,2.02813],"texture":"#main"},"east":{"uv":[2.00375,2.00375,2.05625,2.02813],"texture":"#main"},"south":{"uv":[2.00375,2.00375,2.39375,2.02813],"texture":"#main"},"west":{"uv":[2.00375,2.00375,2.05625,2.02813],"texture":"#main"},"up":{"uv":[2.00375,2.00375,2.39375,2.05625],"texture":"#main"},"down":{"uv":[2.00375,2.00375,2.39375,2.05625],"texture":"#main"}}},{"name":"stoel*","from":[4.85,-0.75,12.825],"to":[11.15,-0.3,13.3],"faces":{"north":{"uv":[2.00375,2.00375,2.39375,2.02813],"texture":"#main"},"east":{"uv":[2.00375,2.00375,2.05625,2.02813],"texture":"#main"},"south":{"uv":[2.00375,2.00375,2.39375,2.02813],"texture":"#main"},"west":{"uv":[2.00375,2.00375,2.05625,2.02813],"texture":"#main"},"up":{"uv":[2.00375,2.00375,2.39375,2.05625],"texture":"#main"},"down":{"uv":[2.00375,2.00375,2.39375,2.05625],"texture":"#main"}}},{"name":"stoel*","from":[4.85,-0.75,0],"to":[11.15,-0.3,0.475],"faces":{"north":{"uv":[2.39375,2.00375,2.00375,2.02813],"texture":"#main"},"east":{"uv":[2.05625,2.00375,2.00375,2.02813],"texture":"#main"},"south":{"uv":[2.39375,2.00375,2.00375,2.02813],"texture":"#main"},"west":{"uv":[2.05625,2.00375,2.00375,2.02813],"texture":"#main"},"up":{"uv":[2.00375,2.05625,2.39375,2.00375],"texture":"#main"},"down":{"uv":[2.00375,2.05625,2.39375,2.00375],"texture":"#main"}}},{"name":"stoel*","from":[4.85,3.55,0],"to":[11.15,4,0.475],"faces":{"north":{"uv":[2.39375,2.00375,2.00375,2.02813],"texture":"#main"},"east":{"uv":[2.05625,2.00375,2.00375,2.02813],"texture":"#main"},"south":{"uv":[2.39375,2.00375,2.00375,2.02813],"texture":"#main"},"west":{"uv":[2.05625,2.00375,2.00375,2.02813],"texture":"#main"},"up":{"uv":[2.00375,2.05625,2.39375,2.00375],"texture":"#main"},"down":{"uv":[2.00375,2.05625,2.39375,2.00375],"texture":"#main"}}},{"name":"stoel*","from":[11.15,-6.55,9.35],"to":[11.6,-6.1,13.4],"faces":{"north":{"uv":[2.00375,2.00375,2.02813,2.02813],"texture":"#main"},"east":{"uv":[2.00375,2.00375,2.24625,2.02813],"texture":"#main"},"south":{"uv":[2.00375,2.00375,2.02813,2.02813],"texture":"#main"},"west":{"uv":[2.00375,2.00375,2.24625,2.02813],"texture":"#main"},"up":{"uv":[2.00375,2.00375,2.02813,2.24625],"texture":"#main"},"down":{"uv":[2.00375,2.00375,2.02813,2.24625],"texture":"#main"}}},{"name":"stoel*","from":[11.15,-4.65,12.5],"to":[11.6,-4.2,13.4],"faces":{"north":{"uv":[2.00375,2.00375,2.02813,2.02813],"texture":"#main"},"east":{"uv":[2.00375,2.00375,2.24625,2.02813],"texture":"#main"},"south":{"uv":[2.00375,2.00375,2.02813,2.02813],"texture":"#main"},"west":{"uv":[2.00375,2.00375,2.24625,2.02813],"texture":"#main"},"up":{"uv":[2.00375,2.00375,2.02813,2.24625],"texture":"#main"},"down":{"uv":[2.00375,2.00375,2.02813,2.24625],"texture":"#main"}}},{"name":"stoel*","from":[11.15,-0.75,12.825],"to":[11.6,-0.3,13.3],"faces":{"north":{"uv":[2.00375,2.00375,2.02813,2.02813],"texture":"#main"},"east":{"uv":[2.00375,2.00375,2.24625,2.02813],"texture":"#main"},"south":{"uv":[2.00375,2.00375,2.02813,2.02813],"texture":"#main"},"west":{"uv":[2.00375,2.00375,2.24625,2.02813],"texture":"#main"},"up":{"uv":[2.00375,2.00375,2.02813,2.24625],"texture":"#main"},"down":{"uv":[2.00375,2.00375,2.02813,2.24625],"texture":"#main"}}},{"name":"stoel*","from":[11.15,-0.75,0],"to":[11.6,-0.3,0.475],"faces":{"north":{"uv":[2.02813,2.00375,2.00375,2.02813],"texture":"#main"},"east":{"uv":[2.24625,2.00375,2.00375,2.02813],"texture":"#main"},"south":{"uv":[2.02813,2.00375,2.00375,2.02813],"texture":"#main"},"west":{"uv":[2.24625,2.00375,2.00375,2.02813],"texture":"#main"},"up":{"uv":[2.00375,2.24625,2.02813,2.00375],"texture":"#main"},"down":{"uv":[2.00375,2.24625,2.02813,2.00375],"texture":"#main"}}},{"name":"stoel*","from":[11.15,3.55,0],"to":[11.6,4,0.475],"faces":{"north":{"uv":[2.02813,2.00375,2.00375,2.02813],"texture":"#main"},"east":{"uv":[2.24625,2.00375,2.00375,2.02813],"texture":"#main"},"south":{"uv":[2.02813,2.00375,2.00375,2.02813],"texture":"#main"},"west":{"uv":[2.24625,2.00375,2.00375,2.02813],"texture":"#main"},"up":{"uv":[2.00375,2.24625,2.02813,2.00375],"texture":"#main"},"down":{"uv":[2.00375,2.24625,2.02813,2.00375],"texture":"#main"}}},{"name":"stoel*","from":[11.15,-8.8,9.35],"to":[11.6,-6.1,9.8],"rotation":{"angle":22.5,"axis":"x","origin":[11.15,-6.1,9.35]},"faces":{"north":{"uv":[2.00375,2.00375,2.02813,2.16875],"texture":"#main"},"east":{"uv":[2.00375,2.00375,2.02813,2.16875],"texture":"#main"},"south":{"uv":[2.00375,2.00375,2.02813,2.16875],"texture":"#main"},"west":{"uv":[2.00375,2.00375,2.02813,2.16875],"texture":"#main"},"up":{"uv":[2.00375,2.00375,2.02813,2.02813],"texture":"#main"},"down":{"uv":[2.00375,2.00375,2.02813,2.02813],"texture":"#main"}}},{"name":"stoel*","from":[4.4,-8.8,9.35],"to":[4.85,-6.1,9.8],"rotation":{"angle":22.5,"axis":"x","origin":[4.4,-6.1,9.35]},"faces":{"north":{"uv":[2.00375,2.00375,2.02813,2.16875],"texture":"#main"},"east":{"uv":[2.00375,2.00375,2.02813,2.16875],"texture":"#main"},"south":{"uv":[2.00375,2.00375,2.02813,2.16875],"texture":"#main"},"west":{"uv":[2.00375,2.00375,2.02813,2.16875],"texture":"#main"},"up":{"uv":[2.00375,2.00375,2.02813,2.02813],"texture":"#main"},"down":{"uv":[2.00375,2.00375,2.02813,2.02813],"texture":"#main"}}},{"name":"stoel*","from":[4.40183,-6.30201,12.50017],"to":[4.85183,-4.20201,12.95017],"rotation":{"angle":22.5,"axis":"x","origin":[4.40183,-4.20201,12.50017]},"faces":{"north":{"uv":[2.00375,2.00375,2.02813,2.16875],"texture":"#main"},"east":{"uv":[2.00375,2.00375,2.02813,2.16875],"texture":"#main"},"south":{"uv":[2.00375,2.00375,2.02813,2.16875],"texture":"#main"},"west":{"uv":[2.00375,2.00375,2.02813,2.16875],"texture":"#main"},"up":{"uv":[2.00375,2.00375,2.02813,2.02813],"texture":"#main"},"down":{"uv":[2.00375,2.00375,2.02813,2.02813],"texture":"#main"}}},{"name":"stoel*","from":[11.14817,-6.30201,12.50017],"to":[11.59817,-4.20201,12.95017],"rotation":{"angle":22.5,"axis":"x","origin":[11.59817,-4.20201,12.50017]},"faces":{"north":{"uv":[2.02813,2.00375,2.00375,2.16875],"texture":"#main"},"east":{"uv":[2.02813,2.00375,2.00375,2.16875],"texture":"#main"},"south":{"uv":[2.02813,2.00375,2.00375,2.16875],"texture":"#main"},"west":{"uv":[2.02813,2.00375,2.00375,2.16875],"texture":"#main"},"up":{"uv":[2.02813,2.00375,2.00375,2.02813],"texture":"#main"},"down":{"uv":[2.02813,2.00375,2.00375,2.02813],"texture":"#main"}}},{"name":"stoel*","from":[4.4,-6.55,9.35],"to":[4.85,-6.1,13.4],"faces":{"north":{"uv":[2.00375,2.00375,2.02813,2.02813],"texture":"#main"},"east":{"uv":[2.00375,2.00375,2.24625,2.02813],"texture":"#main"},"south":{"uv":[2.00375,2.00375,2.02813,2.02813],"texture":"#main"},"west":{"uv":[2.00375,2.00375,2.24625,2.02813],"texture":"#main"},"up":{"uv":[2.00375,2.00375,2.02813,2.24625],"texture":"#main"},"down":{"uv":[2.00375,2.00375,2.02813,2.24625],"texture":"#main"}}},{"name":"stoel*","from":[4.4,-4.65,12.5],"to":[4.85,-4.2,13.4],"faces":{"north":{"uv":[2.00375,2.00375,2.02813,2.02813],"texture":"#main"},"east":{"uv":[2.00375,2.00375,2.24625,2.02813],"texture":"#main"},"south":{"uv":[2.00375,2.00375,2.02813,2.02813],"texture":"#main"},"west":{"uv":[2.00375,2.00375,2.24625,2.02813],"texture":"#main"},"up":{"uv":[2.00375,2.00375,2.02813,2.24625],"texture":"#main"},"down":{"uv":[2.00375,2.00375,2.02813,2.24625],"texture":"#main"}}},{"name":"stoel*","from":[4.4,-0.75,12.825],"to":[4.85,-0.3,13.3],"faces":{"north":{"uv":[2.00375,2.00375,2.02813,2.02813],"texture":"#main"},"east":{"uv":[2.00375,2.00375,2.24625,2.02813],"texture":"#main"},"south":{"uv":[2.00375,2.00375,2.02813,2.02813],"texture":"#main"},"west":{"uv":[2.00375,2.00375,2.24625,2.02813],"texture":"#main"},"up":{"uv":[2.00375,2.00375,2.02813,2.24625],"texture":"#main"},"down":{"uv":[2.00375,2.00375,2.02813,2.24625],"texture":"#main"}}},{"name":"stoel*","from":[4.4,-0.75,0],"to":[4.85,-0.3,0.475],"faces":{"north":{"uv":[2.02813,2.00375,2.00375,2.02813],"texture":"#main"},"east":{"uv":[2.24625,2.00375,2.00375,2.02813],"texture":"#main"},"south":{"uv":[2.02813,2.00375,2.00375,2.02813],"texture":"#main"},"west":{"uv":[2.24625,2.00375,2.00375,2.02813],"texture":"#main"},"up":{"uv":[2.00375,2.24625,2.02813,2.00375],"texture":"#main"},"down":{"uv":[2.00375,2.24625,2.02813,2.00375],"texture":"#main"}}},{"name":"stoel*","from":[4.4,3.55,0],"to":[4.85,4,0.475],"faces":{"north":{"uv":[2.02813,2.00375,2.00375,2.02813],"texture":"#main"},"east":{"uv":[2.24625,2.00375,2.00375,2.02813],"texture":"#main"},"south":{"uv":[2.02813,2.00375,2.00375,2.02813],"texture":"#main"},"west":{"uv":[2.24625,2.00375,2.00375,2.02813],"texture":"#main"},"up":{"uv":[2.00375,2.24625,2.02813,2.00375],"texture":"#main"},"down":{"uv":[2.00375,2.24625,2.02813,2.00375],"texture":"#main"}}},{"name":"stoel*","from":[4.4,-8.8,1.1],"to":[4.85,-8.35,8.9],"faces":{"north":{"uv":[2.00375,2.00375,2.02813,2.02813],"texture":"#main"},"east":{"uv":[2.00375,2.00375,2.4875,2.02813],"texture":"#main"},"south":{"uv":[2.00375,2.00375,2.02813,2.02813],"texture":"#main"},"west":{"uv":[2.00375,2.00375,2.4875,2.02813],"texture":"#main"},"up":{"uv":[2.00375,2.00375,2.02813,2.4875],"texture":"#main"},"down":{"uv":[2.00375,2.00375,2.02813,2.4875],"texture":"#main"}}},{"name":"stoel*","from":[4.4,-10.79321,1.85],"to":[4.85,-10.35,11.41748],"faces":{"north":{"uv":[2.00375,2.00375,2.02813,2.02813],"texture":"#main"},"east":{"uv":[2.00375,2.00375,2.4875,2.02813],"texture":"#main"},"south":{"uv":[2.00375,2.00375,2.02813,2.02813],"texture":"#main"},"west":{"uv":[2.00375,2.00375,2.4875,2.02813],"texture":"#main"},"up":{"uv":[2.00375,2.00375,2.02813,2.4875],"texture":"#main"},"down":{"uv":[2.00375,2.00375,2.02813,2.4875],"texture":"#main"}}},{"name":"stoel*","from":[4.8,-10.71821,1.95],"to":[11.175,-10.35,11.31748],"faces":{"up":{"uv":[3,0,13,15],"texture":"#2"},"down":{"uv":[3,0,13,15],"rotation":180,"texture":"#2"}}},{"name":"stoel*","from":[11.15,-10.79321,1.85],"to":[11.6,-10.35,11.41748],"faces":{"north":{"uv":[2.02813,2.00375,2.00375,2.02813],"texture":"#main"},"east":{"uv":[2.4875,2.00375,2.00375,2.02813],"texture":"#main"},"south":{"uv":[2.02813,2.00375,2.00375,2.02813],"texture":"#main"},"west":{"uv":[2.4875,2.00375,2.00375,2.02813],"texture":"#main"},"up":{"uv":[2.02813,2.00375,2.00375,2.4875],"texture":"#main"},"down":{"uv":[2.02813,2.00375,2.00375,2.4875],"texture":"#main"}}},{"name":"stoel*","from":[4.85,-7.95,5.2],"to":[11.15,-5.8,5.6],"faces":{"north":{"uv":[2.00375,2.00375,2.39375,2.13438],"texture":"#main"},"east":{"uv":[2.00375,2.00375,2.025,2.13438],"texture":"#main"},"south":{"uv":[2.00375,2.00375,2.39375,2.13438],"texture":"#main"},"west":{"uv":[2.00375,2.00375,2.025,2.13438],"texture":"#main"},"up":{"uv":[2.00375,2.00375,2.39375,2.025],"texture":"#main"},"down":{"uv":[2.00375,2.00375,2.39375,2.025],"texture":"#main"}}},{"name":"stoel*","from":[11.15,-8.375,5.15],"to":[11.6,-5.7,5.6],"faces":{"north":{"uv":[2.00375,2.00375,2.02813,2.16719],"texture":"#main"},"east":{"uv":[2.00375,2.00375,2.02813,2.16719],"texture":"#main"},"south":{"uv":[2.00375,2.00375,2.02813,2.16719],"texture":"#main"},"west":{"uv":[2.00375,2.00375,2.02813,2.16719],"texture":"#main"},"up":{"uv":[2.00375,2.00375,2.02813,2.02813],"texture":"#main"},"down":{"uv":[2.00375,2.00375,2.02813,2.02813],"texture":"#main"}}},{"name":"stoel*","from":[4.85,-6.55,-0.1],"to":[11.15,-6.1,0.8],"faces":{"north":{"uv":[2.00375,2.00375,2.39375,2.02813],"texture":"#main"},"east":{"uv":[2.00375,2.00375,2.05625,2.02813],"texture":"#main"},"south":{"uv":[2.00375,2.00375,2.39375,2.02813],"texture":"#main"},"west":{"uv":[2.00375,2.00375,2.05625,2.02813],"texture":"#main"},"up":{"uv":[2.00375,2.00375,2.39375,2.05625],"texture":"#main"},"down":{"uv":[2.00375,2.00375,2.39375,2.05625],"texture":"#main"}}},{"name":"stoel*","from":[4.4,-6.55,-0.1],"to":[4.85,-6.1,5.15],"faces":{"north":{"uv":[2.00375,2.00375,2.02813,2.02813],"texture":"#main"},"east":{"uv":[2.00375,2.00375,2.32813,2.02813],"texture":"#main"},"south":{"uv":[2.00375,2.00375,2.02813,2.02813],"texture":"#main"},"west":{"uv":[2.00375,2.00375,2.32813,2.02813],"texture":"#main"},"up":{"uv":[2.00375,2.00375,2.02813,2.32813],"texture":"#main"},"down":{"uv":[2.00375,2.00375,2.02813,2.32813],"texture":"#main"}}},{"name":"stoel*","from":[4.4,-8.375,5.15],"to":[4.85,-5.7,5.6],"faces":{"north":{"uv":[2.00375,2.00375,2.02813,2.16719],"texture":"#main"},"east":{"uv":[2.00375,2.00375,2.02813,2.16719],"texture":"#main"},"south":{"uv":[2.00375,2.00375,2.02813,2.16719],"texture":"#main"},"west":{"uv":[2.00375,2.00375,2.02813,2.16719],"texture":"#main"},"up":{"uv":[2.00375,2.00375,2.02813,2.02813],"texture":"#main"},"down":{"uv":[2.00375,2.00375,2.02813,2.02813],"texture":"#main"}}},{"name":"stoel*","from":[4.4,-9.65,-0.1],"to":[4.85,-6.55,0.35],"rotation":{"angle":-22.5,"axis":"x","origin":[4.4,-6.55,-0.1]},"faces":{"north":{"uv":[2.00375,2.12875,2.02438,2.30875],"texture":"#main"},"east":{"uv":[2.00375,2.12875,2.02438,2.30875],"texture":"#main"},"south":{"uv":[2.00375,2.12875,2.02438,2.30875],"texture":"#main"},"west":{"uv":[2.00375,2.12875,2.02438,2.30875],"texture":"#main"},"up":{"uv":[2.00375,2.00375,2.02813,2.02813],"texture":"#main"},"down":{"uv":[2.00375,2.00375,2.02813,2.02813],"texture":"#main"}}},{"name":"zitvlak","from":[4.85,-10.3,1.65],"to":[11.15,-9.2,4.85],"faces":{"north":{"uv":[4.00375,2.00375,4.39375,2.1125],"texture":"#main"},"east":{"uv":[4.00375,2.00375,4.16875,2.1125],"texture":"#main"},"south":{"uv":[4.00375,2.00375,4.39375,2.1125],"texture":"#main"},"west":{"uv":[4.00375,2.00375,4.16875,2.1125],"texture":"#main"},"up":{"uv":[4.00375,2.00375,4.39375,2.16875],"texture":"#main"},"down":{"uv":[4.00375,2.00375,4.39375,2.16875],"texture":"#main"}}},{"name":"zitvlak*","from":[4.85,-10.3,8.45],"to":[11.15,-9.2,11.55],"faces":{"north":{"uv":[4.00375,2.00375,4.39375,2.1125],"texture":"#main"},"east":{"uv":[4.00375,2.00375,4.16875,2.1125],"texture":"#main"},"south":{"uv":[4.00375,2.00375,4.39375,2.1125],"texture":"#main"},"west":{"uv":[4.00375,2.00375,4.16875,2.1125],"texture":"#main"},"up":{"uv":[4.00375,2.00375,4.39375,2.16875],"texture":"#main"},"down":{"uv":[4.00375,2.00375,4.39375,2.16875],"texture":"#main"}}},{"from":[5.375,10.625,-7.25],"to":[10.625,14.125,-2],"rotation":{"angle":0,"axis":"y","origin":[15.875,15.875,13.25]},"faces":{"east":{"uv":[0.5,0.75,1.249,1.249],"texture":"#1"},"west":{"uv":[1.5,1.5,2.25,2],"texture":"#1"}}},{"from":[7.9475,7.125,15.5],"to":[8.0525,8.875,19],"rotation":{"angle":0,"axis":"y","origin":[8.1575,12.125,36]},"faces":{"west":{"uv":[1.5,1.5,2,1.75],"texture":"#1"}}},{"from":[5.375,-4.49276,4.46006],"to":[10.625,-0.99276,4.71006],"rotation":{"angle":-22.5,"axis":"x","origin":[7.9928,-2.72641,-3.51635]},"faces":{"north":{"uv":[7,0.25,7.749,0.75],"texture":"#1"}}},{"from":[3.375,-1.02121,7.91086],"to":[12.375,2.47879,8.16086],"rotation":{"angle":-45,"axis":"x","origin":[7.88742,0.73448,8.02399]},"faces":{"north":{"uv":[6.75,0.75,7.999,1.25],"texture":"#1"}}},{"from":[3.375,-1.02121,11.41086],"to":[12.375,2.47879,11.66086],"rotation":{"angle":-45,"axis":"x","origin":[7.88742,0.73448,11.52399]},"faces":{"north":{"uv":[6.75,0.75,7.999,1.25],"texture":"#1"}}},{"from":[1.875,1.875,-2],"to":[14.125,14.125,15.5],"rotation":{"angle":0,"axis":"y","origin":[15.875,15.875,13.25]},"faces":{"north":{"uv":[2.5,2.5,4.25,4.25],"texture":"#1"},"east":{"uv":[0,2.5,2.5,4.25],"texture":"#1"},"south":{"uv":[6.75,2.5,8.5,4.25],"texture":"#1"},"west":{"uv":[4.25,2.5,6.75,4.25],"texture":"#1"},"up":{"uv":[2.5,0,4.249,2.5],"rotation":180,"texture":"#1"},"down":{"uv":[4.249,0,5.999,2.5],"texture":"#1"}}},{"from":[-6.875,14.125,1.5],"to":[5.375,14.145,12],"rotation":{"angle":22.5,"axis":"z","origin":[5.375,14.11186,6.77596]},"faces":{"up":{"uv":[3.75,14,5.499,15.499],"rotation":180,"texture":"#1"},"down":{"uv":[5.499,14,3.75,15.499],"texture":"#1"}}},{"from":[-6.875,14.125,1.5],"to":[5.375,14.145,12],"rotation":{"angle":0,"axis":"z","origin":[5.375,14.11186,6.77596]},"faces":{"up":{"uv":[3.75,6,5.499,7.499],"rotation":180,"texture":"#1"},"down":{"uv":[5.499,6,3.75,7.499],"texture":"#1"}}},{"from":[-6.875,14.125,1.5],"to":[5.375,14.145,12],"rotation":{"angle":-22.5,"axis":"z","origin":[5.375,14.11186,6.77596]},"faces":{"up":{"uv":[11.75,6,13.499,7.499],"rotation":180,"texture":"#1"},"down":{"uv":[13.499,6,11.75,7.499],"texture":"#1"}}},{"from":[10.625,14.125,1.5],"to":[22.875,14.145,12],"rotation":{"angle":-22.5,"axis":"z","origin":[10.625,14.11186,6.77596]},"faces":{"up":{"uv":[5.499,14,3.75,15.499],"rotation":180,"texture":"#1"},"down":{"uv":[3.75,14,5.499,15.499],"texture":"#1"}}},{"from":[10.625,14.125,1.5],"to":[22.875,14.145,12],"rotation":{"angle":0,"axis":"z","origin":[10.625,14.11186,6.77596]},"faces":{"up":{"uv":[5.499,6,3.75,7.499],"rotation":180,"texture":"#1"},"down":{"uv":[3.75,6,5.499,7.499],"texture":"#1"}}},{"from":[10.625,14.125,1.5],"to":[22.875,14.145,12],"rotation":{"angle":22.5,"axis":"z","origin":[10.625,14.11186,6.77596]},"faces":{"up":{"uv":[13.499,6,11.75,7.499],"rotation":180,"texture":"#1"},"down":{"uv":[11.75,6,13.499,7.499],"texture":"#1"}}},{"name":"stoel*","from":[4.45,-7.215,9.375],"to":[4.825,-6.24679,12.71748],"faces":{"east":{"uv":[10,0,16,2],"texture":"#2"},"west":{"uv":[10,0,16,2],"texture":"#2"},"down":{"uv":[10,0,16,2],"texture":"#2"}}},{"name":"stoel*","from":[4.45,-8.8,8.9],"to":[4.825,-7.20679,12.24248],"faces":{"east":{"uv":[11,2,15.998,4.499],"texture":"#2"},"west":{"uv":[11,2,15.998,4.499],"texture":"#2"}}},{"name":"stoel*","from":[4.45,-10.36821,1.7],"to":[4.825,-8.8,11.56748],"faces":{"east":{"uv":[0.002,4.5,15.999,7.499],"texture":"#2"},"west":{"uv":[0.002,4.5,15.999,7.499],"texture":"#2"}}},{"name":"stoel*","from":[4.45,-7.84321,12.225],"to":[4.825,-7.2,12.61748],"faces":{"east":{"uv":[13.02,3,13,3.036],"texture":"#2"},"west":{"uv":[13.02,3,13,3.036],"texture":"#2"}}},{"name":"stoel*","from":[4.45,-9.25571,11.55],"to":[4.825,-8.8,11.94248],"faces":{"east":{"uv":[16,4.5,15.999,5.4],"texture":"#2"},"west":{"uv":[16,4.5,15.999,5.4],"texture":"#2"},"down":{"uv":[16,4.5,15.999,5.4],"texture":"#2"}}},{"name":"stoel*","from":[4.45,-9.31821,1.30752],"to":[4.825,-8.7375,1.7],"rotation":{"angle":0,"axis":"y","origin":[8,8.0625,5.25]},"faces":{"east":{"uv":[15.999,4.5,16,5.4],"texture":"#2"},"west":{"uv":[15.999,4.5,16,5.4],"texture":"#2"},"down":{"uv":[16,5.4,15.999,4.5],"texture":"#2"}}},{"name":"lead*","from":[4.525,-8.475,3.425],"to":[4.75,-6.4,3.65],"rotation":{"angle":22.5,"axis":"x","origin":[4.62043,-7.33419,3.50465]},"faces":{"north":{"uv":[5,0,6,12],"texture":"#2"},"east":{"uv":[5,0,6,12],"texture":"#2"},"south":{"uv":[5,0,6,12],"texture":"#2"},"west":{"uv":[5,0,6,12],"texture":"#2"},"up":{"uv":[5,0,6,12],"texture":"#2"},"down":{"uv":[5,0,6,12],"texture":"#2"}}},{"name":"lead*","from":[4.525,-8.525,2.325],"to":[4.75,-6.4,2.55],"rotation":{"angle":-22.5,"axis":"x","origin":[4.62043,-7.33419,2.40465]},"faces":{"north":{"uv":[5,0,6,12],"texture":"#2"},"east":{"uv":[5,0,6,12],"texture":"#2"},"south":{"uv":[5,0,6,12],"texture":"#2"},"west":{"uv":[5,0,6,12],"texture":"#2"},"up":{"uv":[5,0,6,12],"texture":"#2"},"down":{"uv":[5,0,6,12],"texture":"#2"}}},{"name":"lead*","from":[4.525,-8.45,1.425],"to":[4.75,-6.4,1.65],"rotation":{"angle":22.5,"axis":"x","origin":[4.62043,-7.33419,1.50465]},"faces":{"north":{"uv":[5,0,6,12],"texture":"#2"},"east":{"uv":[5,0,6,12],"texture":"#2"},"south":{"uv":[5,0,6,12],"texture":"#2"},"west":{"uv":[5,0,6,12],"texture":"#2"},"up":{"uv":[5,0,6,12],"texture":"#2"},"down":{"uv":[5,0,6,12],"texture":"#2"}}},{"name":"lead*","from":[4.525,-8.525,4.325],"to":[4.75,-6.4,4.55],"rotation":{"angle":-22.5,"axis":"x","origin":[4.62043,-7.33419,4.40465]},"faces":{"north":{"uv":[5,0,6,12],"texture":"#2"},"east":{"uv":[5,0,6,12],"texture":"#2"},"south":{"uv":[5,0,6,12],"texture":"#2"},"west":{"uv":[5,0,6,12],"texture":"#2"},"up":{"uv":[5,0,6,12],"texture":"#2"},"down":{"uv":[5,0,6,12],"texture":"#2"}}},{"name":"stoel*","from":[11.175,-7.215,9.375],"to":[11.55,-6.24679,12.71748],"faces":{"east":{"uv":[16,0,10,2],"texture":"#2"},"west":{"uv":[16,0,10,2],"texture":"#2"},"down":{"uv":[16,0,10,2],"texture":"#2"}}},{"name":"stoel*","from":[11.175,-8.8,8.9],"to":[11.55,-7.20679,12.24248],"faces":{"east":{"uv":[15.998,2,11,4.499],"texture":"#2"},"west":{"uv":[15.998,2,11,4.499],"texture":"#2"}}},{"name":"stoel*","from":[11.175,-10.36821,1.7],"to":[11.55,-8.8,11.56748],"faces":{"east":{"uv":[15.999,4.5,0.002,7.499],"texture":"#2"},"west":{"uv":[15.999,4.5,0.002,7.499],"texture":"#2"}}},{"name":"stoel*","from":[11.175,-7.84321,12.225],"to":[11.55,-7.2,12.61748],"faces":{"east":{"uv":[13,3,13.02,3.036],"texture":"#2"},"west":{"uv":[13,3,13.02,3.036],"texture":"#2"}}},{"name":"stoel*","from":[11.175,-9.25571,11.55],"to":[11.55,-8.8,11.94248],"faces":{"east":{"uv":[15.999,4.5,16,5.4],"texture":"#2"},"west":{"uv":[15.999,4.5,16,5.4],"texture":"#2"},"down":{"uv":[15.999,4.5,16,5.4],"texture":"#2"}}},{"name":"stoel*","from":[11.175,-9.31821,1.30752],"to":[11.55,-8.7375,1.7],"rotation":{"angle":0,"axis":"y","origin":[8,8.0625,5.25]},"faces":{"east":{"uv":[16,4.5,15.999,5.4],"texture":"#2"},"west":{"uv":[16,4.5,15.999,5.4],"texture":"#2"},"down":{"uv":[15.999,5.4,16,4.5],"texture":"#2"}}},{"name":"lead*","from":[11.25,-8.475,3.425],"to":[11.475,-6.4,3.65],"rotation":{"angle":22.5,"axis":"x","origin":[11.37957,-7.33419,3.50465]},"faces":{"north":{"uv":[6,0,5,12],"texture":"#2"},"east":{"uv":[6,0,5,12],"texture":"#2"},"south":{"uv":[6,0,5,12],"texture":"#2"},"west":{"uv":[6,0,5,12],"texture":"#2"},"up":{"uv":[6,0,5,12],"texture":"#2"},"down":{"uv":[6,0,5,12],"texture":"#2"}}},{"name":"lead*","from":[11.25,-8.525,2.325],"to":[11.475,-6.4,2.55],"rotation":{"angle":-22.5,"axis":"x","origin":[11.37957,-7.33419,2.40465]},"faces":{"north":{"uv":[6,0,5,12],"texture":"#2"},"east":{"uv":[6,0,5,12],"texture":"#2"},"south":{"uv":[6,0,5,12],"texture":"#2"},"west":{"uv":[6,0,5,12],"texture":"#2"},"up":{"uv":[6,0,5,12],"texture":"#2"},"down":{"uv":[6,0,5,12],"texture":"#2"}}},{"name":"lead*","from":[11.25,-8.45,1.425],"to":[11.475,-6.4,1.65],"rotation":{"angle":22.5,"axis":"x","origin":[11.37957,-7.33419,1.50465]},"faces":{"north":{"uv":[6,0,5,12],"texture":"#2"},"east":{"uv":[6,0,5,12],"texture":"#2"},"south":{"uv":[6,0,5,12],"texture":"#2"},"west":{"uv":[6,0,5,12],"texture":"#2"},"up":{"uv":[6,0,5,12],"texture":"#2"},"down":{"uv":[6,0,5,12],"texture":"#2"}}},{"name":"lead*","from":[11.25,-8.525,4.325],"to":[11.475,-6.4,4.55],"rotation":{"angle":-22.5,"axis":"x","origin":[11.37957,-7.33419,4.40465]},"faces":{"north":{"uv":[6,0,5,12],"texture":"#2"},"east":{"uv":[6,0,5,12],"texture":"#2"},"south":{"uv":[6,0,5,12],"texture":"#2"},"west":{"uv":[6,0,5,12],"texture":"#2"},"up":{"uv":[6,0,5,12],"texture":"#2"},"down":{"uv":[6,0,5,12],"texture":"#2"}}}],"display":{"gui":{"rotation":[26,124,0],"translation":[1,1.5,0],"scale":[0.5,0.5,0.5]},"head":{"translation":[0,60,5.5],"scale":[4,4,4]}},"groups":[{"name":"parrot","origin":[8,8,8],"children":[0,1,2,3,4,5,6,7,8,9,10,11,12,13,14,15,16,17,18,19,20,21,22,23,24,25,26,27,28,29,30,31,32,33,34,35,36,37,38,39,40,41,42,43,44,45,46,47,48,49,50,51,52,53,54,55,56,57,58,59,60,61,62,63,64,65,66,67,68,69,70,71,72,73,74,75,76,77,78,79,80,81,82,83,84,85,86,87,88,89,90,91,92,93,94,95,96,97,98,99,100,101,102,103,104,105,{"name":"group","origin":[8,8,8],"children":[106,107,108,109]},{"name":"group","origin":[8,8,8],"children":[110,111,112,113]},114,115,116,{"name":"octagon","origin":[8,8,8],"children":[117,118,119,120,121,122,123,124,125,126,127,128]},129,130,{"name":"group","origin":[8,8,8],"children":[131,132,133,134,135,136,137,138,139,140,141,142,143,144,145,146,147,148,149,150,151,152,153,154,155,156,157,158,159,160,161,162,163,164,165,166,167,{"name":"group","origin":[19.92098,1.79569,0.5],"children":[]},{"name":"group","origin":[19.92098,1.79569,0.5],"children":[]}]},{"name":"group","origin":[15.875,15.875,13.25],"children":[168,169,170,171,172,173,{"name":"group","origin":[5.375,14.11186,6.77596],"children":[174,175,176]},{"name":"group","origin":[5.375,14.11186,6.77596],"children":[177,178,179]}]}]},{"name":"group","origin":[8,8,8],"children":[180,181,182,183,184,185,{"name":"group","origin":[4.62043,-7.33419,4.40465],"children":[186,187,188,189]}]},{"name":"group","origin":[8,8,8],"children":[190,191,192,193,194,195,{"name":"group","origin":[4.62043,-7.33419,4.40465],"children":[196,197,198,199]}]}],"credit":"Model by Craftventure"}