{"textures":{"0":"block/spruce_planks","1":"block/stone","2":"block/stone","3":"block/brown_terracotta","4":"block/cauldron_inner","5":"block/cauldron_inner","6":"block/dark_oak_planks","7":"block/gray_concrete","8":"block/red_wool"},"elements":[{"name":"Cube","from":[5.0,0.0,7.0],"to":[13.0,6.0,16.0],"faces":{"north":{"texture":"#0","uv":[0.0,0.0,8.0,16.0]},"east":{"texture":"#0","uv":[0.0,0.0,8.0,16.0]},"south":{"texture":"#0","uv":[0.0,0.0,8.0,16.0]},"west":{"texture":"#0","uv":[0.0,0.0,7.0,16.0]},"up":{"texture":"#0","uv":[0.0,0.0,8.0,7.0]},"down":{"texture":"#0","uv":[0.0,0.0,8.0,7.0]}}},{"name":"Cube","from":[5.0,0.0,-2.0],"to":[13.0,6.0,-1.0],"faces":{"north":{"texture":"#0","uv":[0.0,0.0,8.0,16.0]},"east":{"texture":"#0","uv":[0.0,0.0,3.0,16.0]},"south":{"texture":"#0","uv":[0.0,0.0,8.0,16.0]},"west":{"texture":"#0","uv":[0.0,0.0,3.0,16.0]},"up":{"texture":"#0","uv":[0.0,0.0,8.0,1.0]},"down":{"texture":"#0","uv":[0.0,0.0,8.0,1.0]}}},{"name":"Cube","from":[5.0,0.0,-1.0],"to":[13.0,1.0,7.0],"faces":{"north":{"texture":"#0","uv":[0.0,13.0,8.0,16.0]},"east":{"texture":"#0","uv":[0.0,13.0,8.0,16.0]},"south":{"texture":"#0","uv":[0.0,13.0,8.0,16.0]},"west":{"texture":"#0","uv":[0.0,13.0,8.0,16.0]},"up":{"texture":"#0","uv":[0.0,0.0,8.0,8.0]},"down":{"texture":"#0","uv":[0.0,0.0,8.0,8.0]}}},{"name":"Cube","from":[5.0,1.0,-1.0],"to":[6.0,6.0,7.0],"faces":{"north":{"texture":"#0","uv":[0.0,0.0,8.0,13.0]},"east":{"texture":"#0","uv":[0.0,0.0,8.0,13.0]},"south":{"texture":"#0","uv":[0.0,0.0,8.0,13.0]},"west":{"texture":"#0","uv":[0.0,0.0,8.0,13.0]},"up":{"texture":"#0","uv":[0.0,0.0,1.0,8.0]},"down":{"texture":"#0","uv":[0.0,0.0,1.0,8.0]}}},{"name":"Cube","from":[12.0,1.0,-1.0],"to":[13.0,6.0,7.0],"faces":{"north":{"texture":"#0","uv":[0.0,0.0,8.0,13.0]},"east":{"texture":"#0","uv":[0.0,0.0,8.0,13.0]},"south":{"texture":"#0","uv":[0.0,0.0,8.0,13.0]},"west":{"texture":"#0","uv":[0.0,0.0,8.0,13.0]},"up":{"texture":"#0","uv":[0.0,0.0,1.0,7.0]},"down":{"texture":"#0","uv":[0.0,0.0,1.0,8.0]}}},{"name":"Cube","from":[6.0,6.0,7.0],"to":[12.0,6.3999999910593033,15.399999991059303],"faces":{"north":{"texture":"#0","uv":[2.0,7.0,8.0,7.3999999910593033]},"east":{"texture":"#0","uv":[2.0,7.0,8.0999999865889549,7.3999999910593033]},"south":{"texture":"#0","uv":[2.0,7.0,8.0,7.3999999910593033]},"west":{"texture":"#0","uv":[3.0,7.0,9.0999999865889549,7.3999999910593033]},"up":{"texture":"#0","uv":[5.0,4.0,9.0,10.099999986588955]},"down":{"texture":"#0","uv":[0.0,0.0,6.0,6.0999999865889549]}}},{"name":"Cube","from":[7.0,6.4000000059604645,7.0],"to":[11.0,6.6999999955296516,14.300000004470348],"faces":{"north":{"texture":"#0","uv":[5.0,7.0,9.0,7.2999999895691872]},"east":{"texture":"#0","uv":[3.0,3.0,7.5999999940395355,3.2999999895691872]},"south":{"texture":"#0","uv":[3.0,3.0,7.0,3.2999999895691872]},"west":{"texture":"#0","uv":[3.0,7.0,7.5999999940395355,7.2999999895691872]},"up":{"texture":"#0","uv":[5.0,4.0,8.0,10.599999994039536]},"down":{"texture":"#0","uv":[4.0,2.0,8.0,6.5999999940395355]}}},{"name":"Cube","from":[6.2000000029802322,1.5999999940395355,-1.0],"to":[11.799999997019768,2.5999999940395355,4.0],"faces":{"north":{"texture":"#1","uv":[0.0,0.0,6.0,1.0]},"east":{"texture":"#1","uv":[0.0,0.0,5.0,1.0]},"south":{"texture":"#1","uv":[0.0,0.0,6.0,1.0]},"west":{"texture":"#1","uv":[0.0,0.0,5.0,1.0]},"up":{"texture":"#1","uv":[0.0,0.0,6.0,5.0]},"down":{"texture":"#1","uv":[0.0,0.0,6.0,5.0]}}},{"name":"Cube","from":[6.2000000029802322,2.5999999940395355,-1.0],"to":[11.799999997019768,7.6999999955296516,0.0],"faces":{"north":{"texture":"#2","uv":[0.0,0.0,6.0,5.1000000014901161]},"east":{"texture":"#2","uv":[0.0,0.0,1.0,5.1000000014901161]},"south":{"texture":"#2","uv":[0.0,0.0,6.0,5.1000000014901161]},"west":{"texture":"#2","uv":[0.0,0.0,1.0,5.1000000014901161]},"up":{"texture":"#2","uv":[0.0,0.0,6.0,1.0]},"down":{"texture":"#2","uv":[0.0,0.0,6.0,1.0]}}},{"name":"Cube","from":[9.199999988079071,9.5000000223517418,-0.98],"to":[10.899999983608723,10.500000022351742,-0.010000000000000009],"rotation":{"origin":[8.0,8.0,8.0],"axis":"z","angle":-45.0},"faces":{"north":{"texture":"#2","uv":[0.0,0.0,2.0,1.0]},"east":{"texture":"#2","uv":[0.0,0.0,1.0,1.0]},"south":{"texture":"#2","uv":[0.0,0.0,2.0,1.0]},"west":{"texture":"#2","uv":[0.0,0.0,1.0,1.0]},"up":{"texture":"#2","uv":[0.0,0.0,2.0,1.0]},"down":{"texture":"#2","uv":[0.0,0.0,2.0,1.0]}}},{"name":"Cube","from":[6.8999999985098839,6.5000000074505806,-0.98],"to":[7.8999999985098839,8.2000000029802322,-0.010000000000000009],"rotation":{"origin":[8.0,8.0,8.0],"axis":"z","angle":-45.0},"faces":{"north":{"texture":"#2","uv":[0.0,0.0,1.0,2.0]},"east":{"texture":"#2","uv":[0.0,0.0,1.0,2.0]},"south":{"texture":"#2","uv":[0.0,0.0,1.0,2.0]},"west":{"texture":"#2","uv":[0.0,0.0,1.0,2.0]},"up":{"texture":"#2","uv":[0.0,0.0,1.0,1.0]},"down":{"texture":"#2","uv":[0.0,0.0,1.0,1.0]}}},{"name":"Cube","from":[7.3999999910593033,7.7000000104308128,-1.0],"to":[10.600000008940697,8.8999999985098839,0.0],"faces":{"north":{"texture":"#2","uv":[0.0,0.0,3.2000000178813934,1.3999999910593033]},"east":{"texture":"#2","uv":[0.0,0.0,1.0,1.3999999910593033]},"south":{"texture":"#2","uv":[0.0,0.0,3.2000000178813934,1.3999999910593033]},"west":{"texture":"#2","uv":[0.0,0.0,1.0,1.3999999910593033]},"up":{"texture":"#2","uv":[0.0,0.0,3.2000000178813934,1.0]},"down":{"texture":"#2","uv":[0.0,0.0,3.2000000178813934,1.0]}}},{"name":"Cube","from":[8.49999999254942,6.6999999955296516,8.0],"to":[9.49999999254942,6.9999999850988388,13.300000004470348],"faces":{"north":{"texture":"#3","uv":[5.0,7.0,9.0,7.2999999895691872]},"east":{"texture":"#3","uv":[3.0,3.0,7.5999999940395355,3.2999999895691872]},"south":{"texture":"#3","uv":[3.0,3.0,7.0,3.2999999895691872]},"west":{"texture":"#3","uv":[3.0,7.0,7.5999999940395355,7.2999999895691872]},"up":{"texture":"#3","uv":[5.0,4.0,8.0,10.599999994039536]},"down":{"texture":"#3","uv":[4.0,2.0,8.0,6.5999999940395355]}}},{"name":"Cube","from":[9.49999999254942,6.6999999955296516,9.2000000029802322],"to":[10.699999995529652,6.9999999850988388,10.200000002980232],"faces":{"north":{"texture":"#3","uv":[5.0,7.0,9.0,7.2999999895691872]},"east":{"texture":"#3","uv":[3.0,3.0,7.5999999940395355,3.2999999895691872]},"south":{"texture":"#3","uv":[3.0,3.0,7.0,3.2999999895691872]},"west":{"texture":"#3","uv":[3.0,7.0,7.5999999940395355,7.2999999895691872]},"up":{"texture":"#3","uv":[5.0,4.0,8.0,10.599999994039536]},"down":{"texture":"#3","uv":[4.0,2.0,8.0,6.5999999940395355]}}},{"name":"Cube","from":[7.2999999895691872,6.6999999955296516,9.2000000029802322],"to":[8.49999999254942,6.9999999850988388,10.200000002980232],"faces":{"north":{"texture":"#3","uv":[5.0,7.0,9.0,7.2999999895691872]},"east":{"texture":"#3","uv":[3.0,3.0,7.5999999940395355,3.2999999895691872]},"south":{"texture":"#3","uv":[3.0,3.0,7.0,3.2999999895691872]},"west":{"texture":"#3","uv":[3.0,7.0,7.5999999940395355,7.2999999895691872]},"up":{"texture":"#3","uv":[5.0,4.0,8.0,10.599999994039536]},"down":{"texture":"#3","uv":[4.0,2.0,8.0,6.5999999940395355]}}},{"name":"Cube","from":[13.0,3.6999999955296516,10.200000002980232],"to":[13.299999989569187,4.4999999925494194,12.500000007450581],"faces":{"north":{"texture":"#4","uv":[5.0,7.0,9.0,7.2999999895691872]},"east":{"texture":"#4","uv":[3.0,3.0,7.5999999940395355,3.2999999895691872]},"south":{"texture":"#4","uv":[3.0,3.0,7.0,3.2999999895691872]},"west":{"texture":"#4","uv":[3.0,7.0,7.5999999940395355,7.2999999895691872]},"up":{"texture":"#4","uv":[5.0,4.0,8.0,10.599999994039536]},"down":{"texture":"#4","uv":[4.0,2.0,8.0,6.5999999940395355]}}},{"name":"Cube","from":[13.0,3.6999999955296516,1.2000000029802322],"to":[13.299999989569187,4.4999999925494194,3.5000000074505806],"faces":{"north":{"texture":"#4","uv":[5.0,7.0,9.0,7.2999999895691872]},"east":{"texture":"#4","uv":[3.0,3.0,7.5999999940395355,3.2999999895691872]},"south":{"texture":"#4","uv":[3.0,3.0,7.0,3.2999999895691872]},"west":{"texture":"#4","uv":[3.0,7.0,7.5999999940395355,7.2999999895691872]},"up":{"texture":"#4","uv":[5.0,4.0,8.0,10.599999994039536]},"down":{"texture":"#4","uv":[4.0,2.0,8.0,6.5999999940395355]}}},{"name":"Cube","from":[4.6999999955296516,3.6999999955296516,1.2000000029802322],"to":[4.9999999850988388,4.4999999925494194,3.5000000074505806],"faces":{"north":{"texture":"#4","uv":[5.0,7.0,9.0,7.2999999895691872]},"east":{"texture":"#4","uv":[3.0,3.0,7.5999999940395355,3.2999999895691872]},"south":{"texture":"#4","uv":[3.0,3.0,7.0,3.2999999895691872]},"west":{"texture":"#4","uv":[3.0,7.0,7.5999999940395355,7.2999999895691872]},"up":{"texture":"#4","uv":[5.0,4.0,8.0,10.599999994039536]},"down":{"texture":"#4","uv":[4.0,2.0,8.0,6.5999999940395355]}}},{"name":"Cube","from":[4.6999999955296516,3.6999999955296516,10.200000002980232],"to":[4.9999999850988388,4.4999999925494194,12.500000007450581],"faces":{"north":{"texture":"#4","uv":[5.0,7.0,9.0,7.2999999895691872]},"east":{"texture":"#4","uv":[3.0,3.0,7.5999999940395355,3.2999999895691872]},"south":{"texture":"#4","uv":[3.0,3.0,7.0,3.2999999895691872]},"west":{"texture":"#4","uv":[3.0,7.0,7.5999999940395355,7.2999999895691872]},"up":{"texture":"#4","uv":[5.0,4.0,8.0,10.599999994039536]},"down":{"texture":"#4","uv":[4.0,2.0,8.0,6.5999999940395355]}}},{"name":"Cube","from":[8.7999999970197678,1.1000000014901161,10.500000007450581],"to":[9.0999999865889549,1.6999999955296516,12.200000002980232],"rotation":{"origin":[8.0,8.0,8.0],"axis":"z","angle":45.0},"faces":{"north":{"texture":"#4","uv":[5.0,7.0,9.0,7.2999999895691872]},"east":{"texture":"#4","uv":[3.0,3.0,7.5999999940395355,3.2999999895691872]},"south":{"texture":"#4","uv":[3.0,3.0,7.0,3.2999999895691872]},"west":{"texture":"#4","uv":[3.0,7.0,7.5999999940395355,7.2999999895691872]},"up":{"texture":"#4","uv":[5.0,4.0,8.0,10.599999994039536]},"down":{"texture":"#4","uv":[4.0,2.0,8.0,6.5999999940395355]}}},{"name":"Cube","from":[8.7999999970197678,1.1000000014901161,1.5000000074505806],"to":[9.0999999865889549,1.6999999955296516,3.2000000029802322],"rotation":{"origin":[8.0,8.0,8.0],"axis":"z","angle":45.0},"faces":{"north":{"texture":"#4","uv":[5.0,7.0,9.0,7.2999999895691872]},"east":{"texture":"#4","uv":[3.0,3.0,7.5999999940395355,3.2999999895691872]},"south":{"texture":"#4","uv":[3.0,3.0,7.0,3.2999999895691872]},"west":{"texture":"#4","uv":[3.0,7.0,7.5999999940395355,7.2999999895691872]},"up":{"texture":"#4","uv":[5.0,4.0,8.0,10.599999994039536]},"down":{"texture":"#4","uv":[4.0,2.0,8.0,6.5999999940395355]}}},{"name":"Cube","from":[8.2999999895691872,2.5000000223517418,1.5000000074505806],"to":[8.5999999791383743,3.1000000163912773,3.2000000029802322],"rotation":{"origin":[8.0,8.0,8.0],"axis":"z","angle":-45.0},"faces":{"north":{"texture":"#4","uv":[5.0,7.0,9.0,7.2999999895691872]},"east":{"texture":"#4","uv":[3.0,3.0,7.5999999940395355,3.2999999895691872]},"south":{"texture":"#4","uv":[3.0,3.0,7.0,3.2999999895691872]},"west":{"texture":"#4","uv":[3.0,7.0,7.5999999940395355,7.2999999895691872]},"up":{"texture":"#4","uv":[5.0,4.0,8.0,10.599999994039536]},"down":{"texture":"#4","uv":[4.0,2.0,8.0,6.5999999940395355]}}},{"name":"Cube","from":[8.2999999895691872,2.5000000223517418,10.500000007450581],"to":[8.5999999791383743,3.1000000163912773,12.200000002980232],"rotation":{"origin":[8.0,8.0,8.0],"axis":"z","angle":-45.0},"faces":{"north":{"texture":"#4","uv":[5.0,7.0,9.0,7.2999999895691872]},"east":{"texture":"#4","uv":[3.0,3.0,7.5999999940395355,3.2999999895691872]},"south":{"texture":"#4","uv":[3.0,3.0,7.0,3.2999999895691872]},"west":{"texture":"#4","uv":[3.0,7.0,7.5999999940395355,7.2999999895691872]},"up":{"texture":"#4","uv":[5.0,4.0,8.0,10.599999994039536]},"down":{"texture":"#4","uv":[4.0,2.0,8.0,6.5999999940395355]}}},{"name":"Cube","from":[5.5000000074505806,-0.59999999403953552,-1.4999999925494194],"to":[12.500000007450581,0.0,15.500000022351742],"faces":{"north":{"texture":"#4","uv":[0.0,13.0,8.0,16.0]},"east":{"texture":"#4","uv":[0.0,13.0,8.0,16.0]},"south":{"texture":"#4","uv":[0.0,13.0,8.0,16.0]},"west":{"texture":"#4","uv":[0.0,13.0,8.0,16.0]},"up":{"texture":"#4","uv":[0.0,0.0,8.0,8.0]},"down":{"texture":"#4","uv":[0.0,0.0,8.0,8.0]}}},{"name":"Cube","from":[4.3999999761581421,-0.40000000596046448,15.300000004470348],"to":[13.499999992549419,0.59999999403953552,16.300000004470348],"faces":{"north":{"texture":"#5","uv":[0.0,0.0,8.7999999970197678,1.0]},"east":{"texture":"#5","uv":[0.0,0.0,1.0,1.0]},"south":{"texture":"#5","uv":[0.0,0.0,8.7999999970197678,1.0]},"west":{"texture":"#5","uv":[0.0,0.0,1.0,1.0]},"up":{"texture":"#5","uv":[0.0,0.0,8.7999999970197678,1.0]},"down":{"texture":"#5","uv":[0.0,0.0,8.7999999970197678,1.0]}}},{"name":"Cube","from":[4.5999999940395355,-0.5000000074505806,-2.1000000014901161],"to":[13.399999991059303,0.4999999925494194,-1.1000000014901161],"faces":{"north":{"texture":"#5","uv":[0.0,0.0,8.7999999970197678,1.0]},"east":{"texture":"#5","uv":[0.0,0.0,1.0,1.0]},"south":{"texture":"#5","uv":[0.0,0.0,8.7999999970197678,1.0]},"west":{"texture":"#5","uv":[0.0,0.0,1.0,1.0]},"up":{"texture":"#5","uv":[0.0,0.0,8.7999999970197678,1.0]},"down":{"texture":"#5","uv":[0.0,0.0,8.7999999970197678,1.0]}}},{"name":"Cube","from":[4.2000000029802322,-0.4999999925494194,4.0],"to":[4.7999999970197678,12.500000007450581,4.5999999940395355],"faces":{"north":{"texture":"#5","uv":[0.0,0.0,0.59999999403953552,13.0]},"east":{"texture":"#5","uv":[0.0,0.0,0.59999999403953552,13.0]},"south":{"texture":"#5","uv":[0.0,0.0,0.59999999403953552,13.0]},"west":{"texture":"#5","uv":[0.0,0.0,0.59999999403953552,13.0]},"up":{"texture":"#5","uv":[0.0,0.0,0.59999999403953552,0.59999999403953552]},"down":{"texture":"#5","uv":[0.0,0.0,0.59999999403953552,0.59999999403953552]}}},{"name":"Cube","from":[4.3000000044703484,-0.4999999925494194,5.3999999910593033],"to":[4.8999999985098839,11.500000007450581,5.9999999850988388],"faces":{"north":{"texture":"#5","uv":[0.0,0.0,0.59999999403953552,12.0]},"east":{"texture":"#5","uv":[0.0,0.0,0.59999999403953552,12.0]},"south":{"texture":"#5","uv":[0.0,0.0,0.59999999403953552,12.0]},"west":{"texture":"#5","uv":[0.0,0.0,0.59999999403953552,12.0]},"up":{"texture":"#5","uv":[0.0,0.0,0.59999999403953552,0.59999999403953552]},"down":{"texture":"#5","uv":[0.0,0.0,0.59999999403953552,0.59999999403953552]}}},{"name":"Cube","from":[4.3000000044703484,-0.5000000074505806,6.6999999955296516],"to":[4.8999999985098839,10.499999992549419,7.2999999895691872],"faces":{"north":{"texture":"#5","uv":[0.0,0.0,0.59999999403953552,11.0]},"east":{"texture":"#5","uv":[0.0,0.0,0.59999999403953552,11.0]},"south":{"texture":"#5","uv":[0.0,0.0,0.59999999403953552,11.0]},"west":{"texture":"#5","uv":[0.0,0.0,0.59999999403953552,11.0]},"up":{"texture":"#5","uv":[0.0,0.0,0.59999999403953552,0.59999999403953552]},"down":{"texture":"#5","uv":[0.0,0.0,0.59999999403953552,0.59999999403953552]}}},{"name":"Cube","from":[4.3000000044703484,-0.4999999925494194,8.0],"to":[4.8999999985098839,9.50000000745058,8.5999999940395355],"faces":{"north":{"texture":"#5","uv":[0.0,0.0,0.59999999403953552,10.0]},"east":{"texture":"#5","uv":[0.0,0.0,0.59999999403953552,10.0]},"south":{"texture":"#5","uv":[0.0,0.0,0.59999999403953552,10.0]},"west":{"texture":"#5","uv":[0.0,0.0,0.59999999403953552,10.0]},"up":{"texture":"#5","uv":[0.0,0.0,0.59999999403953552,0.59999999403953552]},"down":{"texture":"#5","uv":[0.0,0.0,0.59999999403953552,0.59999999403953552]}}},{"name":"Cube","from":[4.0,-0.19999998807907105,14.000000014901161],"to":[4.3999999910593033,0.20000000298023224,17.700000010430813],"faces":{"north":{"texture":"#6","uv":[1.0,1.0,3.0,6.0]},"east":{"texture":"#6","uv":[1.0,1.0,5.0,5.0]},"south":{"texture":"#6","uv":[0.0,0.0,0.79999999701976776,4.0]},"west":{"texture":"#6","uv":[1.0,1.0,14.0,4.0]},"up":{"texture":"#6","uv":[0.0,0.0,0.79999999701976776,4.0]},"down":{"texture":"#6","uv":[0.0,0.0,0.79999999701976776,4.0]}}},{"name":"Cube","from":[3.7999999970197678,1.7000000104308128,14.800000011920929],"to":[4.5999999940395355,2.3500000104308127,16.800000011920929],"faces":{"north":{"texture":"#7","uv":[7.0,7.0,8.0,8.0]},"east":{"texture":"#7","uv":[7.0,7.0,8.0,8.0]},"south":{"texture":"#7","uv":[7.0,6.0,7.7999999970197678,7.0]},"west":{"texture":"#7","uv":[7.0,7.0,8.0,8.0]},"up":{"texture":"#7","uv":[7.0,7.0,7.7999999970197678,8.0]},"down":{"texture":"#7","uv":[7.0,6.0,7.7999999970197678,7.0]}}},{"name":"Cube","from":[3.7999999970197678,-1.46,6.800000011920929],"to":[4.5999999940395355,-0.80999999999999994,8.800000011920929],"rotation":{"origin":[8.0,8.0,8.0],"axis":"x","angle":-45.0},"faces":{"north":{"texture":"#7","uv":[7.0,7.0,8.0,8.0]},"east":{"texture":"#7","uv":[7.0,7.0,8.0,8.0]},"south":{"texture":"#7","uv":[7.0,6.0,7.7999999970197678,7.0]},"west":{"texture":"#7","uv":[7.0,7.0,8.0,8.0]},"up":{"texture":"#7","uv":[7.0,7.0,7.7999999970197678,8.0]},"down":{"texture":"#7","uv":[7.0,6.0,7.7999999970197678,7.0]}}},{"name":"Cube","from":[3.7999999970197678,-1.02,13.39],"to":[4.5999999940395355,0.93000000447034825,14.089999995529652],"faces":{"north":{"texture":"#7","uv":[7.0,7.0,8.0,8.0]},"east":{"texture":"#7","uv":[7.0,7.0,8.0,8.0]},"south":{"texture":"#7","uv":[7.0,6.0,7.7999999970197678,7.0]},"west":{"texture":"#7","uv":[7.0,7.0,8.0,8.0]},"up":{"texture":"#7","uv":[7.0,7.0,7.7999999970197678,8.0]},"down":{"texture":"#7","uv":[7.0,6.0,7.7999999970197678,7.0]}}},{"name":"Cube","from":[3.7999999970197678,5.4399999985098839,18.200000002980232],"to":[4.5999999940395355,6.0899999985098843,20.200000002980232],"rotation":{"origin":[8.0,8.0,8.0],"axis":"x","angle":45.0},"faces":{"north":{"texture":"#7","uv":[7.0,7.0,8.0,8.0]},"east":{"texture":"#7","uv":[7.0,7.0,8.0,8.0]},"south":{"texture":"#7","uv":[7.0,6.0,7.7999999970197678,7.0]},"west":{"texture":"#7","uv":[7.0,7.0,8.0,8.0]},"up":{"texture":"#7","uv":[7.0,7.0,7.7999999970197678,8.0]},"down":{"texture":"#7","uv":[7.0,6.0,7.7999999970197678,7.0]}}},{"name":"Cube","from":[3.7999999970197678,-2.43,14.800000011920929],"to":[4.5999999940395355,-1.7800000000000003,16.800000011920929],"faces":{"north":{"texture":"#7","uv":[7.0,7.0,8.0,8.0]},"east":{"texture":"#7","uv":[7.0,7.0,8.0,8.0]},"south":{"texture":"#7","uv":[7.0,6.0,7.7999999970197678,7.0]},"west":{"texture":"#7","uv":[7.0,7.0,8.0,8.0]},"up":{"texture":"#7","uv":[7.0,7.0,7.7999999970197678,8.0]},"down":{"texture":"#7","uv":[7.0,6.0,7.7999999970197678,7.0]}}},{"name":"Cube","from":[3.7999999970197678,-5.61,6.85],"to":[4.5999999940395355,-4.96,8.85],"rotation":{"origin":[8.0,8.0,8.0],"axis":"x","angle":-45.0},"faces":{"north":{"texture":"#7","uv":[7.0,7.0,8.0,8.0]},"east":{"texture":"#7","uv":[7.0,7.0,8.0,8.0]},"south":{"texture":"#7","uv":[7.0,6.0,7.7999999970197678,7.0]},"west":{"texture":"#7","uv":[7.0,7.0,8.0,8.0]},"up":{"texture":"#7","uv":[7.0,7.0,7.7999999970197678,8.0]},"down":{"texture":"#7","uv":[7.0,6.0,7.7999999970197678,7.0]}}},{"name":"Cube","from":[3.7999999970197678,-1.02,17.55],"to":[4.5999999940395355,0.93000000447034825,18.249999995529652],"faces":{"north":{"texture":"#7","uv":[7.0,7.0,8.0,8.0]},"east":{"texture":"#7","uv":[7.0,7.0,8.0,8.0]},"south":{"texture":"#7","uv":[7.0,6.0,7.7999999970197678,7.0]},"west":{"texture":"#7","uv":[7.0,7.0,8.0,8.0]},"up":{"texture":"#7","uv":[7.0,7.0,7.7999999970197678,8.0]},"down":{"texture":"#7","uv":[7.0,6.0,7.7999999970197678,7.0]}}},{"name":"Cube","from":[3.7999999970197678,9.59,18.22],"to":[4.5999999940395355,10.24,20.22],"rotation":{"origin":[8.0,8.0,8.0],"axis":"x","angle":45.0},"faces":{"north":{"texture":"#7","uv":[7.0,7.0,8.0,8.0]},"east":{"texture":"#7","uv":[7.0,7.0,8.0,8.0]},"south":{"texture":"#7","uv":[7.0,6.0,7.7999999970197678,7.0]},"west":{"texture":"#7","uv":[7.0,7.0,8.0,8.0]},"up":{"texture":"#7","uv":[7.0,7.0,7.7999999970197678,8.0]},"down":{"texture":"#7","uv":[7.0,6.0,7.7999999970197678,7.0]}}},{"name":"Cube","from":[13.3,1.7000000104308128,14.800000011920929],"to":[14.099999997019769,2.3500000104308127,16.800000011920929],"faces":{"north":{"texture":"#7","uv":[7.0,7.0,8.0,8.0]},"east":{"texture":"#7","uv":[7.0,7.0,8.0,8.0]},"south":{"texture":"#7","uv":[7.0,6.0,7.7999999970197678,7.0]},"west":{"texture":"#7","uv":[7.0,7.0,8.0,8.0]},"up":{"texture":"#7","uv":[7.0,7.0,7.7999999970197678,8.0]},"down":{"texture":"#7","uv":[7.0,6.0,7.7999999970197678,7.0]}}},{"name":"Cube","from":[13.3,9.59,18.22],"to":[14.099999997019769,10.24,20.22],"rotation":{"origin":[8.0,8.0,8.0],"axis":"x","angle":45.0},"faces":{"north":{"texture":"#7","uv":[7.0,7.0,8.0,8.0]},"east":{"texture":"#7","uv":[7.0,7.0,8.0,8.0]},"south":{"texture":"#7","uv":[7.0,6.0,7.7999999970197678,7.0]},"west":{"texture":"#7","uv":[7.0,7.0,8.0,8.0]},"up":{"texture":"#7","uv":[7.0,7.0,7.7999999970197678,8.0]},"down":{"texture":"#7","uv":[7.0,6.0,7.7999999970197678,7.0]}}},{"name":"Cube","from":[13.3,-1.02,17.55],"to":[14.099999997019769,0.93000000447034825,18.249999995529652],"faces":{"north":{"texture":"#7","uv":[7.0,7.0,8.0,8.0]},"east":{"texture":"#7","uv":[7.0,7.0,8.0,8.0]},"south":{"texture":"#7","uv":[7.0,6.0,7.7999999970197678,7.0]},"west":{"texture":"#7","uv":[7.0,7.0,8.0,8.0]},"up":{"texture":"#7","uv":[7.0,7.0,7.7999999970197678,8.0]},"down":{"texture":"#7","uv":[7.0,6.0,7.7999999970197678,7.0]}}},{"name":"Cube","from":[13.3,-5.61,6.85],"to":[14.099999997019769,-4.96,8.85],"rotation":{"origin":[8.0,8.0,8.0],"axis":"x","angle":-45.0},"faces":{"north":{"texture":"#7","uv":[7.0,7.0,8.0,8.0]},"east":{"texture":"#7","uv":[7.0,7.0,8.0,8.0]},"south":{"texture":"#7","uv":[7.0,6.0,7.7999999970197678,7.0]},"west":{"texture":"#7","uv":[7.0,7.0,8.0,8.0]},"up":{"texture":"#7","uv":[7.0,7.0,7.7999999970197678,8.0]},"down":{"texture":"#7","uv":[7.0,6.0,7.7999999970197678,7.0]}}},{"name":"Cube","from":[13.3,-2.43,14.800000011920929],"to":[14.099999997019769,-1.7800000000000003,16.800000011920929],"faces":{"north":{"texture":"#7","uv":[7.0,7.0,8.0,8.0]},"east":{"texture":"#7","uv":[7.0,7.0,8.0,8.0]},"south":{"texture":"#7","uv":[7.0,6.0,7.7999999970197678,7.0]},"west":{"texture":"#7","uv":[7.0,7.0,8.0,8.0]},"up":{"texture":"#7","uv":[7.0,7.0,7.7999999970197678,8.0]},"down":{"texture":"#7","uv":[7.0,6.0,7.7999999970197678,7.0]}}},{"name":"Cube","from":[13.3,5.4399999985098839,18.200000002980232],"to":[14.099999997019769,6.0899999985098843,20.200000002980232],"rotation":{"origin":[8.0,8.0,8.0],"axis":"x","angle":45.0},"faces":{"north":{"texture":"#7","uv":[7.0,7.0,8.0,8.0]},"east":{"texture":"#7","uv":[7.0,7.0,8.0,8.0]},"south":{"texture":"#7","uv":[7.0,6.0,7.7999999970197678,7.0]},"west":{"texture":"#7","uv":[7.0,7.0,8.0,8.0]},"up":{"texture":"#7","uv":[7.0,7.0,7.7999999970197678,8.0]},"down":{"texture":"#7","uv":[7.0,6.0,7.7999999970197678,7.0]}}},{"name":"Cube","from":[13.3,-1.02,13.39],"to":[14.099999997019769,0.93000000447034825,14.089999995529652],"faces":{"north":{"texture":"#7","uv":[7.0,7.0,8.0,8.0]},"east":{"texture":"#7","uv":[7.0,7.0,8.0,8.0]},"south":{"texture":"#7","uv":[7.0,6.0,7.7999999970197678,7.0]},"west":{"texture":"#7","uv":[7.0,7.0,8.0,8.0]},"up":{"texture":"#7","uv":[7.0,7.0,7.7999999970197678,8.0]},"down":{"texture":"#7","uv":[7.0,6.0,7.7999999970197678,7.0]}}},{"name":"Cube","from":[13.3,-1.46,6.800000011920929],"to":[14.099999997019769,-0.80999999999999994,8.800000011920929],"rotation":{"origin":[8.0,8.0,8.0],"axis":"x","angle":-45.0},"faces":{"north":{"texture":"#7","uv":[7.0,7.0,8.0,8.0]},"east":{"texture":"#7","uv":[7.0,7.0,8.0,8.0]},"south":{"texture":"#7","uv":[7.0,6.0,7.7999999970197678,7.0]},"west":{"texture":"#7","uv":[7.0,7.0,8.0,8.0]},"up":{"texture":"#7","uv":[7.0,7.0,7.7999999970197678,8.0]},"down":{"texture":"#7","uv":[7.0,6.0,7.7999999970197678,7.0]}}},{"name":"Cube","from":[4.0,-3.3999999910593033,6.0000000149011612],"to":[4.3999999910593033,-3.0,9.7000000104308128],"rotation":{"origin":[8.0,8.0,8.0],"axis":"x","angle":-45.0},"faces":{"north":{"texture":"#6","uv":[1.0,1.0,3.0,6.0]},"east":{"texture":"#6","uv":[1.0,1.0,5.0,5.0]},"south":{"texture":"#6","uv":[0.0,0.0,0.79999999701976776,4.0]},"west":{"texture":"#6","uv":[1.0,1.0,14.0,4.0]},"up":{"texture":"#6","uv":[0.0,0.0,0.79999999701976776,4.0]},"down":{"texture":"#6","uv":[0.0,0.0,0.79999999701976776,4.0]}}},{"name":"Cube","from":[4.0,7.6000000089406967,17.400000020861626],"to":[4.3999999910593033,8.0,21.100000016391277],"rotation":{"origin":[8.0,8.0,8.0],"axis":"x","angle":45.0},"faces":{"north":{"texture":"#6","uv":[1.0,1.0,3.0,6.0]},"east":{"texture":"#6","uv":[1.0,1.0,5.0,5.0]},"south":{"texture":"#6","uv":[0.0,0.0,0.79999999701976776,4.0]},"west":{"texture":"#6","uv":[1.0,1.0,14.0,4.0]},"up":{"texture":"#6","uv":[0.0,0.0,0.79999999701976776,4.0]},"down":{"texture":"#6","uv":[0.0,0.0,0.79999999701976776,4.0]}}},{"name":"Cube","from":[4.0,-1.8999999836087227,15.600000023841858],"to":[4.3999999910593033,1.800000011920929,16.000000014901161],"faces":{"north":{"texture":"#6","uv":[1.0,1.0,3.0,6.0]},"east":{"texture":"#6","uv":[1.0,1.0,3.0,14.0]},"south":{"texture":"#6","uv":[0.0,0.0,0.79999999701976776,4.0]},"west":{"texture":"#6","uv":[1.0,1.0,4.0,14.0]},"up":{"texture":"#6","uv":[0.0,0.0,0.79999999701976776,4.0]},"down":{"texture":"#6","uv":[0.0,0.0,0.79999999701976776,4.0]}}},{"name":"Cube","from":[13.5,-0.19999998807907105,14.000000014901161],"to":[13.899999991059303,0.20000000298023224,17.700000010430813],"faces":{"north":{"texture":"#6","uv":[1.0,1.0,3.0,6.0]},"east":{"texture":"#6","uv":[1.0,1.0,5.0,5.0]},"south":{"texture":"#6","uv":[0.0,0.0,0.79999999701976776,4.0]},"west":{"texture":"#6","uv":[1.0,1.0,14.0,4.0]},"up":{"texture":"#6","uv":[0.0,0.0,0.79999999701976776,4.0]},"down":{"texture":"#6","uv":[0.0,0.0,0.79999999701976776,4.0]}}},{"name":"Cube","from":[13.5,-3.3999999910593033,6.0000000149011612],"to":[13.899999991059303,-3.0,9.7000000104308128],"rotation":{"origin":[8.0,8.0,8.0],"axis":"x","angle":-45.0},"faces":{"north":{"texture":"#6","uv":[1.0,1.0,3.0,6.0]},"east":{"texture":"#6","uv":[1.0,1.0,5.0,5.0]},"south":{"texture":"#6","uv":[0.0,0.0,0.79999999701976776,4.0]},"west":{"texture":"#6","uv":[1.0,1.0,14.0,4.0]},"up":{"texture":"#6","uv":[0.0,0.0,0.79999999701976776,4.0]},"down":{"texture":"#6","uv":[0.0,0.0,0.79999999701976776,4.0]}}},{"name":"Cube","from":[13.5,7.6000000089406967,17.400000020861626],"to":[13.899999991059303,8.0,21.100000016391277],"rotation":{"origin":[8.0,8.0,8.0],"axis":"x","angle":45.0},"faces":{"north":{"texture":"#6","uv":[1.0,1.0,3.0,6.0]},"east":{"texture":"#6","uv":[1.0,1.0,5.0,5.0]},"south":{"texture":"#6","uv":[0.0,0.0,0.79999999701976776,4.0]},"west":{"texture":"#6","uv":[1.0,1.0,14.0,4.0]},"up":{"texture":"#6","uv":[0.0,0.0,0.79999999701976776,4.0]},"down":{"texture":"#6","uv":[0.0,0.0,0.79999999701976776,4.0]}}},{"name":"Cube","from":[13.5,-1.8999999836087227,15.600000023841858],"to":[13.899999991059303,1.800000011920929,16.000000014901161],"faces":{"north":{"texture":"#6","uv":[1.0,1.0,3.0,6.0]},"east":{"texture":"#6","uv":[1.0,1.0,3.0,14.0]},"south":{"texture":"#6","uv":[0.0,0.0,0.79999999701976776,4.0]},"west":{"texture":"#6","uv":[1.0,1.0,4.0,14.0]},"up":{"texture":"#6","uv":[0.0,0.0,0.79999999701976776,4.0]},"down":{"texture":"#6","uv":[0.0,0.0,0.79999999701976776,4.0]}}},{"name":"Cube","from":[13.3,-1.02,0.08999999552965221],"to":[14.099999997019769,0.93000000447034825,0.78999999105930385],"faces":{"north":{"texture":"#7","uv":[7.0,7.0,8.0,8.0]},"east":{"texture":"#7","uv":[7.0,7.0,8.0,8.0]},"south":{"texture":"#7","uv":[7.0,6.0,7.7999999970197678,7.0]},"west":{"texture":"#7","uv":[7.0,7.0,8.0,8.0]},"up":{"texture":"#7","uv":[7.0,7.0,7.7999999970197678,8.0]},"down":{"texture":"#7","uv":[7.0,6.0,7.7999999970197678,7.0]}}},{"name":"Cube","from":[13.3,8.0800000014901165,-2.8100000178813929],"to":[14.099999997019769,10.030000005960465,-2.1100000223517412],"rotation":{"origin":[8.0,8.0,8.0],"axis":"x","angle":-45.0},"faces":{"north":{"texture":"#7","uv":[7.0,7.0,8.0,8.0]},"east":{"texture":"#7","uv":[7.0,7.0,8.0,8.0]},"south":{"texture":"#7","uv":[7.0,6.0,7.7999999970197678,7.0]},"west":{"texture":"#7","uv":[7.0,7.0,8.0,8.0]},"up":{"texture":"#7","uv":[7.0,7.0,7.7999999970197678,8.0]},"down":{"texture":"#7","uv":[7.0,6.0,7.7999999970197678,7.0]}}},{"name":"Cube","from":[13.3,1.65,-2.5999999791383743],"to":[14.099999997019769,2.3,-0.59999997913837433],"faces":{"north":{"texture":"#7","uv":[7.0,7.0,8.0,8.0]},"east":{"texture":"#7","uv":[7.0,7.0,8.0,8.0]},"south":{"texture":"#7","uv":[7.0,6.0,7.7999999970197678,7.0]},"west":{"texture":"#7","uv":[7.0,7.0,8.0,8.0]},"up":{"texture":"#7","uv":[7.0,7.0,7.7999999970197678,8.0]},"down":{"texture":"#7","uv":[7.0,6.0,7.7999999970197678,7.0]}}},{"name":"Cube","from":[13.3,-5.47,4.54],"to":[14.099999997019769,-3.5199999955296515,5.2399999955296517],"rotation":{"origin":[8.0,8.0,8.0],"axis":"x","angle":45.0},"faces":{"north":{"texture":"#7","uv":[7.0,7.0,8.0,8.0]},"east":{"texture":"#7","uv":[7.0,7.0,8.0,8.0]},"south":{"texture":"#7","uv":[7.0,6.0,7.7999999970197678,7.0]},"west":{"texture":"#7","uv":[7.0,7.0,8.0,8.0]},"up":{"texture":"#7","uv":[7.0,7.0,7.7999999970197678,8.0]},"down":{"texture":"#7","uv":[7.0,6.0,7.7999999970197678,7.0]}}},{"name":"Cube","from":[13.3,-1.05,-3.97],"to":[14.099999997019769,0.90000000447034822,-3.2700000044703486],"faces":{"north":{"texture":"#7","uv":[7.0,7.0,8.0,8.0]},"east":{"texture":"#7","uv":[7.0,7.0,8.0,8.0]},"south":{"texture":"#7","uv":[7.0,6.0,7.7999999970197678,7.0]},"west":{"texture":"#7","uv":[7.0,7.0,8.0,8.0]},"up":{"texture":"#7","uv":[7.0,7.0,7.7999999970197678,8.0]},"down":{"texture":"#7","uv":[7.0,6.0,7.7999999970197678,7.0]}}},{"name":"Cube","from":[13.3,-5.44,8.6000000014901161],"to":[14.099999997019769,-3.4899999955296521,9.2999999970197678],"rotation":{"origin":[8.0,8.0,8.0],"axis":"x","angle":45.0},"faces":{"north":{"texture":"#7","uv":[7.0,7.0,8.0,8.0]},"east":{"texture":"#7","uv":[7.0,7.0,8.0,8.0]},"south":{"texture":"#7","uv":[7.0,6.0,7.7999999970197678,7.0]},"west":{"texture":"#7","uv":[7.0,7.0,8.0,8.0]},"up":{"texture":"#7","uv":[7.0,7.0,7.7999999970197678,8.0]},"down":{"texture":"#7","uv":[7.0,6.0,7.7999999970197678,7.0]}}},{"name":"Cube","from":[13.3,-2.4500000014901162,-2.5999999791383743],"to":[14.099999997019769,-1.8000000014901163,-0.59999997913837433],"faces":{"north":{"texture":"#7","uv":[7.0,7.0,8.0,8.0]},"east":{"texture":"#7","uv":[7.0,7.0,8.0,8.0]},"south":{"texture":"#7","uv":[7.0,6.0,7.7999999970197678,7.0]},"west":{"texture":"#7","uv":[7.0,7.0,8.0,8.0]},"up":{"texture":"#7","uv":[7.0,7.0,7.7999999970197678,8.0]},"down":{"texture":"#7","uv":[7.0,6.0,7.7999999970197678,7.0]}}},{"name":"Cube","from":[13.3,8.1,-6.88],"to":[14.099999997019769,10.050000004470348,-6.1800000044703483],"rotation":{"origin":[8.0,8.0,8.0],"axis":"x","angle":-45.0},"faces":{"north":{"texture":"#7","uv":[7.0,7.0,8.0,8.0]},"east":{"texture":"#7","uv":[7.0,7.0,8.0,8.0]},"south":{"texture":"#7","uv":[7.0,6.0,7.7999999970197678,7.0]},"west":{"texture":"#7","uv":[7.0,7.0,8.0,8.0]},"up":{"texture":"#7","uv":[7.0,7.0,7.7999999970197678,8.0]},"down":{"texture":"#7","uv":[7.0,6.0,7.7999999970197678,7.0]}}},{"name":"Cube","from":[13.5,-0.19999998807907105,-3.3999999910593033],"to":[13.899999991059303,0.20000000298023224,0.30000000447034836],"faces":{"north":{"texture":"#6","uv":[1.0,1.0,3.0,6.0]},"east":{"texture":"#6","uv":[1.0,1.0,5.0,5.0]},"south":{"texture":"#6","uv":[0.0,0.0,0.79999999701976776,4.0]},"west":{"texture":"#6","uv":[1.0,1.0,14.0,4.0]},"up":{"texture":"#6","uv":[0.0,0.0,0.79999999701976776,4.0]},"down":{"texture":"#6","uv":[0.0,0.0,0.79999999701976776,4.0]}}},{"name":"Cube","from":[13.5,-4.7000000104308128,4.9000000134110451],"to":[13.899999991059303,-4.3000000193715096,8.6000000089406967],"rotation":{"origin":[8.0,8.0,8.0],"axis":"x","angle":45.0},"faces":{"north":{"texture":"#6","uv":[1.0,1.0,3.0,6.0]},"east":{"texture":"#6","uv":[1.0,1.0,5.0,5.0]},"south":{"texture":"#6","uv":[0.0,0.0,0.79999999701976776,4.0]},"west":{"texture":"#6","uv":[1.0,1.0,14.0,4.0]},"up":{"texture":"#6","uv":[0.0,0.0,0.79999999701976776,4.0]},"down":{"texture":"#6","uv":[0.0,0.0,0.79999999701976776,4.0]}}},{"name":"Cube","from":[13.5,8.8999999836087227,-6.199999988079071],"to":[13.899999991059303,9.299999974668026,-2.2999999895691872],"rotation":{"origin":[8.0,8.0,8.0],"axis":"x","angle":-45.0},"faces":{"north":{"texture":"#6","uv":[1.0,1.0,3.0,6.0]},"east":{"texture":"#6","uv":[1.0,1.0,5.0,5.0]},"south":{"texture":"#6","uv":[0.0,0.0,0.79999999701976776,4.0]},"west":{"texture":"#6","uv":[1.0,1.0,14.0,4.0]},"up":{"texture":"#6","uv":[0.0,0.0,0.79999999701976776,4.0]},"down":{"texture":"#6","uv":[0.0,0.0,0.79999999701976776,4.0]}}},{"name":"Cube","from":[13.5,-2.0000000298023224,-1.7999999821186066],"to":[13.899999991059303,1.6999999657273293,-1.3999999910593033],"faces":{"north":{"texture":"#6","uv":[1.0,1.0,3.0,6.0]},"east":{"texture":"#6","uv":[1.0,1.0,5.0,5.0]},"south":{"texture":"#6","uv":[0.0,0.0,0.79999999701976776,4.0]},"west":{"texture":"#6","uv":[1.0,1.0,14.0,4.0]},"up":{"texture":"#6","uv":[0.0,0.0,0.79999999701976776,4.0]},"down":{"texture":"#6","uv":[0.0,0.0,0.79999999701976776,4.0]}}},{"name":"Cube","from":[3.8,-2.4500000014901162,-2.5999999791383743],"to":[4.5999999970197676,-1.8000000014901163,-0.59999997913837433],"faces":{"north":{"texture":"#7","uv":[7.0,7.0,8.0,8.0]},"east":{"texture":"#7","uv":[7.0,7.0,8.0,8.0]},"south":{"texture":"#7","uv":[7.0,6.0,7.7999999970197678,7.0]},"west":{"texture":"#7","uv":[7.0,7.0,8.0,8.0]},"up":{"texture":"#7","uv":[7.0,7.0,7.7999999970197678,8.0]},"down":{"texture":"#7","uv":[7.0,6.0,7.7999999970197678,7.0]}}},{"name":"Cube","from":[3.8,-1.05,-3.97],"to":[4.5999999970197676,0.90000000447034822,-3.2700000044703486],"faces":{"north":{"texture":"#7","uv":[7.0,7.0,8.0,8.0]},"east":{"texture":"#7","uv":[7.0,7.0,8.0,8.0]},"south":{"texture":"#7","uv":[7.0,6.0,7.7999999970197678,7.0]},"west":{"texture":"#7","uv":[7.0,7.0,8.0,8.0]},"up":{"texture":"#7","uv":[7.0,7.0,7.7999999970197678,8.0]},"down":{"texture":"#7","uv":[7.0,6.0,7.7999999970197678,7.0]}}},{"name":"Cube","from":[3.8,8.1,-6.88],"to":[4.5999999970197676,10.050000004470348,-6.1800000044703483],"rotation":{"origin":[8.0,8.0,8.0],"axis":"x","angle":-45.0},"faces":{"north":{"texture":"#7","uv":[7.0,7.0,8.0,8.0]},"east":{"texture":"#7","uv":[7.0,7.0,8.0,8.0]},"south":{"texture":"#7","uv":[7.0,6.0,7.7999999970197678,7.0]},"west":{"texture":"#7","uv":[7.0,7.0,8.0,8.0]},"up":{"texture":"#7","uv":[7.0,7.0,7.7999999970197678,8.0]},"down":{"texture":"#7","uv":[7.0,6.0,7.7999999970197678,7.0]}}},{"name":"Cube","from":[3.8,-5.44,8.6000000014901161],"to":[4.5999999970197676,-3.4899999955296521,9.2999999970197678],"rotation":{"origin":[8.0,8.0,8.0],"axis":"x","angle":45.0},"faces":{"north":{"texture":"#7","uv":[7.0,7.0,8.0,8.0]},"east":{"texture":"#7","uv":[7.0,7.0,8.0,8.0]},"south":{"texture":"#7","uv":[7.0,6.0,7.7999999970197678,7.0]},"west":{"texture":"#7","uv":[7.0,7.0,8.0,8.0]},"up":{"texture":"#7","uv":[7.0,7.0,7.7999999970197678,8.0]},"down":{"texture":"#7","uv":[7.0,6.0,7.7999999970197678,7.0]}}},{"name":"Cube","from":[3.8,-1.02,0.08999999552965221],"to":[4.5999999970197676,0.93000000447034825,0.78999999105930385],"faces":{"north":{"texture":"#7","uv":[7.0,7.0,8.0,8.0]},"east":{"texture":"#7","uv":[7.0,7.0,8.0,8.0]},"south":{"texture":"#7","uv":[7.0,6.0,7.7999999970197678,7.0]},"west":{"texture":"#7","uv":[7.0,7.0,8.0,8.0]},"up":{"texture":"#7","uv":[7.0,7.0,7.7999999970197678,8.0]},"down":{"texture":"#7","uv":[7.0,6.0,7.7999999970197678,7.0]}}},{"name":"Cube","from":[3.8,8.0800000014901165,-2.8100000178813929],"to":[4.5999999970197676,10.030000005960465,-2.1100000223517412],"rotation":{"origin":[8.0,8.0,8.0],"axis":"x","angle":-45.0},"faces":{"north":{"texture":"#7","uv":[7.0,7.0,8.0,8.0]},"east":{"texture":"#7","uv":[7.0,7.0,8.0,8.0]},"south":{"texture":"#7","uv":[7.0,6.0,7.7999999970197678,7.0]},"west":{"texture":"#7","uv":[7.0,7.0,8.0,8.0]},"up":{"texture":"#7","uv":[7.0,7.0,7.7999999970197678,8.0]},"down":{"texture":"#7","uv":[7.0,6.0,7.7999999970197678,7.0]}}},{"name":"Cube","from":[3.8,1.65,-2.5999999791383743],"to":[4.5999999970197676,2.3,-0.59999997913837433],"faces":{"north":{"texture":"#7","uv":[7.0,7.0,8.0,8.0]},"east":{"texture":"#7","uv":[7.0,7.0,8.0,8.0]},"south":{"texture":"#7","uv":[7.0,6.0,7.7999999970197678,7.0]},"west":{"texture":"#7","uv":[7.0,7.0,8.0,8.0]},"up":{"texture":"#7","uv":[7.0,7.0,7.7999999970197678,8.0]},"down":{"texture":"#7","uv":[7.0,6.0,7.7999999970197678,7.0]}}},{"name":"Cube","from":[3.8,-5.47,4.54],"to":[4.5999999970197676,-3.5199999955296515,5.2399999955296517],"rotation":{"origin":[8.0,8.0,8.0],"axis":"x","angle":45.0},"faces":{"north":{"texture":"#7","uv":[7.0,7.0,8.0,8.0]},"east":{"texture":"#7","uv":[7.0,7.0,8.0,8.0]},"south":{"texture":"#7","uv":[7.0,6.0,7.7999999970197678,7.0]},"west":{"texture":"#7","uv":[7.0,7.0,8.0,8.0]},"up":{"texture":"#7","uv":[7.0,7.0,7.7999999970197678,8.0]},"down":{"texture":"#7","uv":[7.0,6.0,7.7999999970197678,7.0]}}},{"name":"Cube","from":[13.1,-0.4999999925494194,4.0],"to":[13.699999994039535,12.500000007450581,4.5999999940395355],"faces":{"north":{"texture":"#5","uv":[0.0,0.0,0.59999999403953552,13.0]},"east":{"texture":"#5","uv":[0.0,0.0,0.59999999403953552,13.0]},"south":{"texture":"#5","uv":[0.0,0.0,0.59999999403953552,13.0]},"west":{"texture":"#5","uv":[0.0,0.0,0.59999999403953552,13.0]},"up":{"texture":"#5","uv":[0.0,0.0,0.59999999403953552,0.59999999403953552]},"down":{"texture":"#5","uv":[0.0,0.0,0.59999999403953552,0.59999999403953552]}}},{"name":"Cube","from":[13.1,-0.4999999925494194,5.3999999910593033],"to":[13.699999994039535,11.500000007450581,5.9999999850988388],"faces":{"north":{"texture":"#5","uv":[0.0,0.0,0.59999999403953552,12.0]},"east":{"texture":"#5","uv":[0.0,0.0,0.59999999403953552,12.0]},"south":{"texture":"#5","uv":[0.0,0.0,0.59999999403953552,12.0]},"west":{"texture":"#5","uv":[0.0,0.0,0.59999999403953552,12.0]},"up":{"texture":"#5","uv":[0.0,0.0,0.59999999403953552,0.59999999403953552]},"down":{"texture":"#5","uv":[0.0,0.0,0.59999999403953552,0.59999999403953552]}}},{"name":"Cube","from":[13.1,-0.5000000074505806,6.6999999955296516],"to":[13.699999994039535,10.499999992549419,7.2999999895691872],"faces":{"north":{"texture":"#5","uv":[0.0,0.0,0.59999999403953552,11.0]},"east":{"texture":"#5","uv":[0.0,0.0,0.59999999403953552,11.0]},"south":{"texture":"#5","uv":[0.0,0.0,0.59999999403953552,11.0]},"west":{"texture":"#5","uv":[0.0,0.0,0.59999999403953552,11.0]},"up":{"texture":"#5","uv":[0.0,0.0,0.59999999403953552,0.59999999403953552]},"down":{"texture":"#5","uv":[0.0,0.0,0.59999999403953552,0.59999999403953552]}}},{"name":"Cube","from":[13.1,-0.4999999925494194,8.0],"to":[13.699999994039535,9.50000000745058,8.5999999940395355],"faces":{"north":{"texture":"#5","uv":[0.0,0.0,0.59999999403953552,10.0]},"east":{"texture":"#5","uv":[0.0,0.0,0.59999999403953552,10.0]},"south":{"texture":"#5","uv":[0.0,0.0,0.59999999403953552,10.0]},"west":{"texture":"#5","uv":[0.0,0.0,0.59999999403953552,10.0]},"up":{"texture":"#5","uv":[0.0,0.0,0.59999999403953552,0.59999999403953552]},"down":{"texture":"#5","uv":[0.0,0.0,0.59999999403953552,0.59999999403953552]}}},{"name":"Cube","from":[4.0,-2.0000000298023224,-1.7999999821186066],"to":[4.3999999910593033,1.6999999657273293,-1.3999999910593033],"faces":{"north":{"texture":"#6","uv":[1.0,1.0,3.0,6.0]},"east":{"texture":"#6","uv":[1.0,1.0,5.0,5.0]},"south":{"texture":"#6","uv":[0.0,0.0,0.79999999701976776,4.0]},"west":{"texture":"#6","uv":[1.0,1.0,14.0,4.0]},"up":{"texture":"#6","uv":[0.0,0.0,0.79999999701976776,4.0]},"down":{"texture":"#6","uv":[0.0,0.0,0.79999999701976776,4.0]}}},{"name":"Cube","from":[4.0,-0.19999998807907105,-3.3999999910593033],"to":[4.3999999910593033,0.20000000298023224,0.30000000447034836],"faces":{"north":{"texture":"#6","uv":[1.0,1.0,3.0,6.0]},"east":{"texture":"#6","uv":[1.0,1.0,5.0,5.0]},"south":{"texture":"#6","uv":[0.0,0.0,0.79999999701976776,4.0]},"west":{"texture":"#6","uv":[1.0,1.0,14.0,4.0]},"up":{"texture":"#6","uv":[0.0,0.0,0.79999999701976776,4.0]},"down":{"texture":"#6","uv":[0.0,0.0,0.79999999701976776,4.0]}}},{"name":"Cube","from":[4.0,-4.7000000104308128,4.9000000134110451],"to":[4.3999999910593033,-4.3000000193715096,8.6000000089406967],"rotation":{"origin":[8.0,8.0,8.0],"axis":"x","angle":45.0},"faces":{"north":{"texture":"#6","uv":[1.0,1.0,3.0,6.0]},"east":{"texture":"#6","uv":[1.0,1.0,5.0,5.0]},"south":{"texture":"#6","uv":[0.0,0.0,0.79999999701976776,4.0]},"west":{"texture":"#6","uv":[1.0,1.0,14.0,4.0]},"up":{"texture":"#6","uv":[0.0,0.0,0.79999999701976776,4.0]},"down":{"texture":"#6","uv":[0.0,0.0,0.79999999701976776,4.0]}}},{"name":"Cube","from":[4.0,8.8999999836087227,-6.199999988079071],"to":[4.3999999910593033,9.299999974668026,-2.2999999895691872],"rotation":{"origin":[8.0,8.0,8.0],"axis":"x","angle":-45.0},"faces":{"north":{"texture":"#6","uv":[1.0,1.0,3.0,6.0]},"east":{"texture":"#6","uv":[1.0,1.0,5.0,5.0]},"south":{"texture":"#6","uv":[0.0,0.0,0.79999999701976776,4.0]},"west":{"texture":"#6","uv":[1.0,1.0,14.0,4.0]},"up":{"texture":"#6","uv":[0.0,0.0,0.79999999701976776,4.0]},"down":{"texture":"#6","uv":[0.0,0.0,0.79999999701976776,4.0]}}},{"name":"Cube","from":[11.800000011920929,1.0,-1.0],"to":[12.0,5.7999999970197678,7.0],"faces":{"north":{"texture":"#8","uv":[0.0,0.0,8.0,9.0]},"east":{"texture":"#8","uv":[0.0,0.0,8.0,9.0]},"south":{"texture":"#8","uv":[0.0,0.0,8.0,7.0]},"west":{"texture":"#8","uv":[0.0,0.0,8.0,9.0]},"up":{"texture":"#8","uv":[0.0,0.0,1.0,7.0]},"down":{"texture":"#8","uv":[0.0,0.0,1.0,8.0]}}},{"name":"Cube","from":[6.0,1.0,-1.0],"to":[6.199999988079071,5.7999999970197678,7.0],"faces":{"north":{"texture":"#8","uv":[0.0,0.0,8.0,9.0]},"east":{"texture":"#8","uv":[0.0,0.0,8.0,9.0]},"south":{"texture":"#8","uv":[0.0,0.0,8.0,7.0]},"west":{"texture":"#8","uv":[0.0,0.0,8.0,9.0]},"up":{"texture":"#8","uv":[0.0,0.0,1.0,7.0]},"down":{"texture":"#8","uv":[0.0,0.0,1.0,8.0]}}},{"name":"Cube","from":[6.2000000029802322,1.0,6.7999999970197678],"to":[11.800000011920929,5.7999999970197678,6.9999999850988388],"faces":{"north":{"texture":"#8","uv":[0.0,0.0,8.0,9.0]},"east":{"texture":"#8","uv":[0.0,0.0,8.0,9.0]},"south":{"texture":"#8","uv":[0.0,0.0,8.0,7.0]},"west":{"texture":"#8","uv":[0.0,0.0,7.0,9.0]},"up":{"texture":"#8","uv":[0.0,0.0,10.0,1.0]},"down":{"texture":"#8","uv":[0.0,0.0,11.0,1.0]}}},{"name":"Cube","from":[6.2000000029802322,1.0,-1.0],"to":[11.800000011920929,1.199999988079071,6.7999999970197678],"faces":{"north":{"texture":"#8","uv":[0.0,0.0,8.0,9.0]},"east":{"texture":"#8","uv":[0.0,0.0,8.0,9.0]},"south":{"texture":"#8","uv":[0.0,0.0,8.0,7.0]},"west":{"texture":"#8","uv":[0.0,0.0,8.0,9.0]},"up":{"texture":"#8","uv":[0.0,0.0,1.0,7.0]},"down":{"texture":"#8","uv":[0.0,0.0,1.0,8.0]}}},{"name":"Cube","from":[12.499999976158142,-0.4999999925494194,4.0],"to":[13.099999970197677,0.10000000149011612,4.5999999940395355],"faces":{"north":{"texture":"#5","uv":[0.0,0.0,0.59999999403953552,13.0]},"east":{"texture":"#5","uv":[0.0,0.0,0.59999999403953552,13.0]},"south":{"texture":"#5","uv":[0.0,0.0,0.59999999403953552,13.0]},"west":{"texture":"#5","uv":[0.0,0.0,0.59999999403953552,13.0]},"up":{"texture":"#5","uv":[0.0,0.0,0.59999999403953552,0.59999999403953552]},"down":{"texture":"#5","uv":[0.0,0.0,0.59999999403953552,0.59999999403953552]}}},{"name":"Cube","from":[4.79999998062849,-0.4999999925494194,4.0],"to":[5.4999999761581417,0.10000000149011612,4.5999999940395355],"faces":{"north":{"texture":"#5","uv":[0.0,0.0,0.59999999403953552,13.0]},"east":{"texture":"#5","uv":[0.0,0.0,0.59999999403953552,13.0]},"south":{"texture":"#5","uv":[0.0,0.0,0.59999999403953552,13.0]},"west":{"texture":"#5","uv":[0.0,0.0,0.59999999403953552,13.0]},"up":{"texture":"#5","uv":[0.0,0.0,0.59999999403953552,0.59999999403953552]},"down":{"texture":"#5","uv":[0.0,0.0,0.59999999403953552,0.59999999403953552]}}},{"name":"Cube","from":[4.79999998062849,-0.4999999925494194,5.4000000059604645],"to":[5.4999999761581417,0.10000000149011612,6.0],"faces":{"north":{"texture":"#5","uv":[0.0,0.0,0.59999999403953552,13.0]},"east":{"texture":"#5","uv":[0.0,0.0,0.59999999403953552,13.0]},"south":{"texture":"#5","uv":[0.0,0.0,0.59999999403953552,13.0]},"west":{"texture":"#5","uv":[0.0,0.0,0.59999999403953552,13.0]},"up":{"texture":"#5","uv":[0.0,0.0,0.59999999403953552,0.59999999403953552]},"down":{"texture":"#5","uv":[0.0,0.0,0.59999999403953552,0.59999999403953552]}}},{"name":"Cube","from":[4.79999998062849,-0.4999999925494194,6.7000000104308128],"to":[5.4999999761581417,0.10000000149011612,7.3000000044703484],"faces":{"north":{"texture":"#5","uv":[0.0,0.0,0.59999999403953552,13.0]},"east":{"texture":"#5","uv":[0.0,0.0,0.59999999403953552,13.0]},"south":{"texture":"#5","uv":[0.0,0.0,0.59999999403953552,13.0]},"west":{"texture":"#5","uv":[0.0,0.0,0.59999999403953552,13.0]},"up":{"texture":"#5","uv":[0.0,0.0,0.59999999403953552,0.59999999403953552]},"down":{"texture":"#5","uv":[0.0,0.0,0.59999999403953552,0.59999999403953552]}}},{"name":"Cube","from":[4.79999998062849,-0.4999999925494194,8.0000000149011612],"to":[5.4999999761581417,0.10000000149011612,8.6000000089406967],"faces":{"north":{"texture":"#5","uv":[0.0,0.0,0.59999999403953552,13.0]},"east":{"texture":"#5","uv":[0.0,0.0,0.59999999403953552,13.0]},"south":{"texture":"#5","uv":[0.0,0.0,0.59999999403953552,13.0]},"west":{"texture":"#5","uv":[0.0,0.0,0.59999999403953552,13.0]},"up":{"texture":"#5","uv":[0.0,0.0,0.59999999403953552,0.59999999403953552]},"down":{"texture":"#5","uv":[0.0,0.0,0.59999999403953552,0.59999999403953552]}}},{"name":"Cube","from":[12.499999976158142,-0.4999999925494194,5.4000000059604645],"to":[13.099999970197677,0.10000000149011612,6.0],"faces":{"north":{"texture":"#5","uv":[0.0,0.0,0.59999999403953552,13.0]},"east":{"texture":"#5","uv":[0.0,0.0,0.59999999403953552,13.0]},"south":{"texture":"#5","uv":[0.0,0.0,0.59999999403953552,13.0]},"west":{"texture":"#5","uv":[0.0,0.0,0.59999999403953552,13.0]},"up":{"texture":"#5","uv":[0.0,0.0,0.59999999403953552,0.59999999403953552]},"down":{"texture":"#5","uv":[0.0,0.0,0.59999999403953552,0.59999999403953552]}}},{"name":"Cube","from":[12.499999976158142,-0.4999999925494194,6.7000000104308128],"to":[13.099999970197677,0.10000000149011612,7.3000000044703484],"faces":{"north":{"texture":"#5","uv":[0.0,0.0,0.59999999403953552,13.0]},"east":{"texture":"#5","uv":[0.0,0.0,0.59999999403953552,13.0]},"south":{"texture":"#5","uv":[0.0,0.0,0.59999999403953552,13.0]},"west":{"texture":"#5","uv":[0.0,0.0,0.59999999403953552,13.0]},"up":{"texture":"#5","uv":[0.0,0.0,0.59999999403953552,0.59999999403953552]},"down":{"texture":"#5","uv":[0.0,0.0,0.59999999403953552,0.59999999403953552]}}},{"name":"Cube","from":[12.499999976158142,-0.4999999925494194,8.0000000149011612],"to":[13.099999970197677,0.10000000149011612,8.6000000089406967],"faces":{"north":{"texture":"#5","uv":[0.0,0.0,0.59999999403953552,13.0]},"east":{"texture":"#5","uv":[0.0,0.0,0.59999999403953552,13.0]},"south":{"texture":"#5","uv":[0.0,0.0,0.59999999403953552,13.0]},"west":{"texture":"#5","uv":[0.0,0.0,0.59999999403953552,13.0]},"up":{"texture":"#5","uv":[0.0,0.0,0.59999999403953552,0.59999999403953552]},"down":{"texture":"#5","uv":[0.0,0.0,0.59999999403953552,0.59999999403953552]}}},{"name":"Cube","from":[6.7999999970197678,5.3999999910593033,5.3999999910593033],"to":[11.0,5.9999999850988388,5.6999999806284904],"faces":{"north":{"texture":"#3","uv":[5.0,7.0,9.0,7.2999999895691872]},"east":{"texture":"#3","uv":[3.0,3.0,7.5999999940395355,3.2999999895691872]},"south":{"texture":"#3","uv":[3.0,3.0,7.0,3.2999999895691872]},"west":{"texture":"#3","uv":[3.0,7.0,7.5999999940395355,7.2999999895691872]},"up":{"texture":"#3","uv":[5.0,4.0,8.0,10.599999994039536]},"down":{"texture":"#3","uv":[4.0,2.0,8.0,6.5999999940395355]}}},{"name":"Cube","from":[7.5000000074505806,5.9999999850988388,5.3999999910593033],"to":[8.1000000014901161,6.4999999776482582,5.6999999806284904],"faces":{"north":{"texture":"#3","uv":[5.0,7.0,9.0,7.2999999895691872]},"east":{"texture":"#3","uv":[3.0,3.0,7.5999999940395355,3.2999999895691872]},"south":{"texture":"#3","uv":[3.0,3.0,7.0,3.2999999895691872]},"west":{"texture":"#3","uv":[3.0,7.0,7.5999999940395355,7.2999999895691872]},"up":{"texture":"#3","uv":[5.0,4.0,8.0,10.599999994039536]},"down":{"texture":"#3","uv":[4.0,2.0,8.0,6.5999999940395355]}}},{"name":"Cube","from":[7.5000000074505806,4.8999999836087227,5.3999999910593033],"to":[8.1000000014901161,5.3999999761581421,5.6999999806284904],"faces":{"north":{"texture":"#3","uv":[5.0,7.0,9.0,7.2999999895691872]},"east":{"texture":"#3","uv":[3.0,3.0,7.5999999940395355,3.2999999895691872]},"south":{"texture":"#3","uv":[3.0,3.0,7.0,3.2999999895691872]},"west":{"texture":"#3","uv":[3.0,7.0,7.5999999940395355,7.2999999895691872]},"up":{"texture":"#3","uv":[5.0,4.0,8.0,10.599999994039536]},"down":{"texture":"#3","uv":[4.0,2.0,8.0,6.5999999940395355]}}},{"name":"Cube","from":[9.7000000104308128,4.8999999836087227,5.3999999910593033],"to":[10.300000004470348,5.3999999761581421,5.6999999806284904],"faces":{"north":{"texture":"#3","uv":[5.0,7.0,9.0,7.2999999895691872]},"east":{"texture":"#3","uv":[3.0,3.0,7.5999999940395355,3.2999999895691872]},"south":{"texture":"#3","uv":[3.0,3.0,7.0,3.2999999895691872]},"west":{"texture":"#3","uv":[3.0,7.0,7.5999999940395355,7.2999999895691872]},"up":{"texture":"#3","uv":[5.0,4.0,8.0,10.599999994039536]},"down":{"texture":"#3","uv":[4.0,2.0,8.0,6.5999999940395355]}}},{"name":"Cube","from":[9.7000000104308128,5.9999999850988388,5.3999999910593033],"to":[10.300000004470348,6.4999999776482582,5.6999999806284904],"faces":{"north":{"texture":"#3","uv":[5.0,7.0,9.0,7.2999999895691872]},"east":{"texture":"#3","uv":[3.0,3.0,7.5999999940395355,3.2999999895691872]},"south":{"texture":"#3","uv":[3.0,3.0,7.0,3.2999999895691872]},"west":{"texture":"#3","uv":[3.0,7.0,7.5999999940395355,7.2999999895691872]},"up":{"texture":"#3","uv":[5.0,4.0,8.0,10.599999994039536]},"down":{"texture":"#3","uv":[4.0,2.0,8.0,6.5999999940395355]}}},{"name":"Cube","from":[8.6000000089406967,5.5999999642372131,4.4999999925494194],"to":[9.2000000029802322,8.0999999567866325,4.7999999821186066],"rotation":{"origin":[8.0,8.0,8.0],"axis":"x","angle":-45.0},"faces":{"north":{"texture":"#4","uv":[5.0,7.0,9.0,7.2999999895691872]},"east":{"texture":"#4","uv":[3.0,3.0,7.5999999940395355,3.2999999895691872]},"south":{"texture":"#4","uv":[3.0,3.0,7.0,3.2999999895691872]},"west":{"texture":"#4","uv":[3.0,7.0,7.5999999940395355,7.2999999895691872]},"up":{"texture":"#4","uv":[5.0,4.0,8.0,10.599999994039536]},"down":{"texture":"#4","uv":[4.0,2.0,8.0,6.5999999940395355]}}}],"display":{"head":{"rotation":[0,180,0],"translation":[3,17,-20],"scale":[3,3,3]},"gui":{"rotation":[10,-30,0],"translation":[-0.5,2,0],"scale":[0.75,0.75,0.75]}},"credit":"Model by Craftventure"}