{"textures":{"0":"block/anvil","1":"block/dark_oak_planks","2":"block/dark_oak_planks","3":"block/red_concrete","4":"block/brown_concrete","5":"block/red_concrete","6":"block/green_terracotta","7":"block/purple_terracotta","8":"block/blue_concrete","9":"block/orange_concrete","10":"block/yellow_terracotta","11":"block/purple_concrete","12":"block/gold_block","13":"block/yellow_terracotta","14":"block/yellow_stained_glass","15":"block/black_concrete","16":"block/red_concrete_powder","17":"block/cyan_concrete"},"elements":[{"name":"Cube","from":[-2,-2,14],"to":[19,-1.2,15],"faces":{"north":{"uv":[0,0,16,1],"texture":"#0"},"east":{"uv":[0,0,1,1],"texture":"#0"},"south":{"uv":[0,0,16,1],"texture":"#0"},"west":{"uv":[0,0,1,1],"texture":"#0"},"up":{"uv":[0,0,16,1],"texture":"#0"},"down":{"uv":[0,0,16,1],"texture":"#0"}}},{"name":"Cube","from":[-2,-2,1],"to":[19,-1.2,2],"faces":{"north":{"uv":[0,0,16,1],"texture":"#0"},"east":{"uv":[0,0,1,1],"texture":"#0"},"south":{"uv":[0,0,16,1],"texture":"#0"},"west":{"uv":[0,0,1,1],"texture":"#0"},"up":{"uv":[0,0,16,1],"texture":"#0"},"down":{"uv":[0,0,16,1],"texture":"#0"}}},{"name":"Cube","from":[14.3,-5.44,14],"to":[16.3,-4.64,15],"rotation":{"angle":22.5,"axis":"z","origin":[8,8,8]},"faces":{"north":{"uv":[0,0,6,1],"texture":"#0"},"east":{"uv":[0,0,1,1],"texture":"#0"},"south":{"uv":[0,0,4,1],"texture":"#0"},"west":{"uv":[0,0,1,1],"texture":"#0"},"up":{"uv":[0,0,5,1],"texture":"#0"},"down":{"uv":[0,0,3,1],"texture":"#0"}}},{"name":"Cube","from":[14.3,-5.44,1],"to":[16.3,-4.64,2],"rotation":{"angle":22.5,"axis":"z","origin":[8,8,8]},"faces":{"north":{"uv":[0,0,16,1],"texture":"#0"},"east":{"uv":[0,0,1,1],"texture":"#0"},"south":{"uv":[0,0,16,1],"texture":"#0"},"west":{"uv":[0,0,1,1],"texture":"#0"},"up":{"uv":[0,0,16,1],"texture":"#0"},"down":{"uv":[0,0,16,1],"texture":"#0"}}},{"name":"Cube","from":[0.6,-5.06,14],"to":[2.6,-4.26,15],"rotation":{"angle":-22.5,"axis":"z","origin":[8,8,8]},"faces":{"north":{"uv":[0,0,6,1],"texture":"#0"},"east":{"uv":[0,0,1,1],"texture":"#0"},"south":{"uv":[0,0,6,1],"texture":"#0"},"west":{"uv":[0,0,1,1],"texture":"#0"},"up":{"uv":[0,0,6,1],"texture":"#0"},"down":{"uv":[0,0,6,1],"texture":"#0"}}},{"name":"Cube","from":[4.2,-6.89,14],"to":[6.2,-6.09,15],"rotation":{"angle":-45,"axis":"z","origin":[8,8,8]},"faces":{"north":{"uv":[0,0,9,1],"texture":"#0"},"east":{"uv":[0,0,1,1],"texture":"#0"},"south":{"uv":[0,0,6,1],"texture":"#0"},"west":{"uv":[0,0,1,1],"texture":"#0"},"up":{"uv":[0,0,7,1],"texture":"#0"},"down":{"uv":[0,0,5,1],"texture":"#0"}}},{"name":"Cube","from":[-7.2,5.79,14],"to":[-6.4,7.79,15],"rotation":{"angle":22.5,"axis":"z","origin":[8,8,8]},"faces":{"north":{"uv":[0,0,5,1],"texture":"#0"},"east":{"uv":[0,0,1,1],"texture":"#0"},"south":{"uv":[0,0,2,1],"texture":"#0"},"west":{"uv":[0,0,1,1],"texture":"#0"},"up":{"uv":[0,0,3,1],"texture":"#0"},"down":{"uv":[0,0,5,1],"texture":"#0"}}},{"name":"Cube","from":[-5.96,1.99,14],"to":[-5.16,3.99,15],"faces":{"north":{"uv":[0,0,6,1],"texture":"#0"},"east":{"uv":[0,0,1,1],"texture":"#0"},"south":{"uv":[0,0,5,1],"texture":"#0"},"west":{"uv":[0,0,1,1],"texture":"#0"},"up":{"uv":[0,0,3,1],"texture":"#0"},"down":{"uv":[0,0,5,1],"texture":"#0"}}},{"name":"Cube","from":[-3.36,-1.05,14],"to":[-2.56,0.95,15],"rotation":{"angle":-22.5,"axis":"z","origin":[8,8,8]},"faces":{"north":{"uv":[0,0,4,1],"texture":"#0"},"east":{"uv":[0,0,1,1],"texture":"#0"},"south":{"uv":[0,0,7,1],"texture":"#0"},"west":{"uv":[0,0,1,1],"texture":"#0"},"up":{"uv":[0,0,3,1],"texture":"#0"},"down":{"uv":[0,0,5,1],"texture":"#0"}}},{"name":"Cube","from":[0.2,-2.86,14],"to":[1,-0.86,15],"rotation":{"angle":-45,"axis":"z","origin":[8,8,8]},"faces":{"north":{"uv":[0,0,4,1],"texture":"#0"},"east":{"uv":[0,0,1,1],"texture":"#0"},"south":{"uv":[0,0,5,1],"texture":"#0"},"west":{"uv":[0,0,1,1],"texture":"#0"},"up":{"uv":[0,0,4,1],"texture":"#0"},"down":{"uv":[0,0,5,1],"texture":"#0"}}},{"name":"Cube","from":[1,2,12],"to":[15,2.8,13],"faces":{"north":{"uv":[0,0,16,1],"texture":"#1"},"east":{"uv":[0,0,1,1],"texture":"#1"},"south":{"uv":[0,2,16,3],"texture":"#1"},"west":{"uv":[0,0,1,1],"texture":"#1"},"up":{"uv":[0,0,16,1],"texture":"#1"},"down":{"uv":[0,0,16,1],"texture":"#1"}}},{"name":"Cube","from":[1.33,-0.22,12],"to":[3.83,0.58,13],"rotation":{"angle":-22.5,"axis":"z","origin":[8,8,8]},"faces":{"north":{"uv":[0,0,5,1],"texture":"#1"},"east":{"uv":[0,0,1,1],"texture":"#1"},"south":{"uv":[0,0,5,1],"texture":"#1"},"west":{"uv":[0,0,1,1],"texture":"#1"},"up":{"uv":[0,0,16,1],"texture":"#1"},"down":{"uv":[0,0,6,0],"texture":"#1"}}},{"name":"Cube","from":[11.5,-2.3,12],"to":[14.5,-1.5,13],"rotation":{"angle":45,"axis":"z","origin":[8,8,8]},"faces":{"north":{"uv":[0,0,16,1],"texture":"#1"},"east":{"uv":[0,0,3,9],"texture":"#1"},"south":{"uv":[1,2,9,1],"texture":"#1"},"west":{"uv":[0,0,1,1],"texture":"#1"},"up":{"uv":[0,0,16,1],"texture":"#1"},"down":{"uv":[0,0,16,1],"texture":"#1"}}},{"name":"Cube","from":[19.2,10,12],"to":[20,16,13],"rotation":{"angle":-22.5,"axis":"z","origin":[8,8,8]},"faces":{"north":{"uv":[0,0,3,12],"texture":"#2"},"east":{"uv":[0,0,3,8],"texture":"#2"},"south":{"uv":[2,2,5,9],"texture":"#2"},"west":{"uv":[0,0,4,9],"texture":"#2"},"up":{"uv":[0,0,11,6],"texture":"#2"},"down":{"uv":[0,0,13,4],"texture":"#2"}}},{"name":"Cube","from":[12.2,-0.2,12],"to":[15.2,0.6,13],"rotation":{"angle":22.5,"axis":"z","origin":[8,8,8]},"faces":{"north":{"uv":[0,0,16,1],"texture":"#1"},"east":{"uv":[0,0,1,1],"texture":"#1"},"south":{"uv":[0,1,5,2],"texture":"#1"},"west":{"uv":[0,0,1,1],"texture":"#1"},"up":{"uv":[0,0,16,1],"texture":"#1"},"down":{"uv":[0,0,16,1],"texture":"#1"}}},{"name":"Cube","from":[2.5,-2.145,12],"to":[5,-1.345,13],"rotation":{"angle":-45,"axis":"z","origin":[8,8,8]},"faces":{"north":{"uv":[0,0,5,1],"texture":"#1"},"east":{"uv":[0,0,1,1],"texture":"#1"},"south":{"uv":[0,1,5,2],"texture":"#1"},"west":{"uv":[0,0,1,1],"texture":"#1"},"up":{"uv":[0,0,6,1],"texture":"#1"},"down":{"uv":[0,0,5,1],"texture":"#1"}}},{"name":"Cube","from":[19.68,-0.09,12],"to":[20.78,0.71,13],"rotation":{"angle":45,"axis":"z","origin":[8,8,8]},"faces":{"north":{"uv":[0,0,16,1],"texture":"#1"},"east":{"uv":[0,0,1,1],"texture":"#1"},"south":{"uv":[9,2,12,3],"texture":"#1"},"west":{"uv":[0,0,1,1],"texture":"#1"},"up":{"uv":[0,0,16,1],"texture":"#1"},"down":{"uv":[0,0,16,1],"texture":"#1"}}},{"name":"Cube","from":[22.6,5.356,12],"to":[23.7,6.156,13],"rotation":{"angle":22.5,"axis":"z","origin":[8,8,8]},"faces":{"north":{"uv":[0,0,16,1],"texture":"#1"},"east":{"uv":[0,0,1,1],"texture":"#1"},"south":{"uv":[7,2,11,3],"texture":"#1"},"west":{"uv":[0,0,1,1],"texture":"#1"},"up":{"uv":[0,0,16,1],"texture":"#1"},"down":{"uv":[0,0,16,1],"texture":"#1"}}},{"name":"Cube","from":[23.2,11.5,12],"to":[24.3,12.3,13],"faces":{"north":{"uv":[0,0,16,1],"texture":"#1"},"east":{"uv":[0,0,1,1],"texture":"#1"},"south":{"uv":[9,2,12,3],"texture":"#1"},"west":{"uv":[0,0,1,1],"texture":"#1"},"up":{"uv":[0,0,16,1],"texture":"#1"},"down":{"uv":[0,0,16,1],"texture":"#1"}}},{"name":"Cube","from":[21.4,17.41,12],"to":[22.8,18.21,13],"rotation":{"angle":-22.5,"axis":"z","origin":[8,8,8]},"faces":{"north":{"uv":[9,2,12,3],"texture":"#1"},"east":{"uv":[0,0,1,1],"texture":"#1"},"south":{"uv":[10,2,11,3],"texture":"#1"},"west":{"uv":[0,0,1,1],"texture":"#1"},"up":{"uv":[0,0,16,1],"texture":"#1"},"down":{"uv":[0,0,16,1],"texture":"#1"}}},{"name":"Cube","from":[-3.48,9.2,12],"to":[-2.68,11,13],"rotation":{"angle":22.5,"axis":"z","origin":[8,8,8]},"faces":{"north":{"uv":[0,0,6,1],"texture":"#1"},"east":{"uv":[0,0,1,1],"texture":"#1"},"south":{"uv":[0,0,5,1],"texture":"#1"},"west":{"uv":[0,0,1,1],"texture":"#1"},"up":{"uv":[0,0,7,1],"texture":"#1"},"down":{"uv":[0,0,5,1],"texture":"#1"}}},{"name":"Cube","from":[-3.75,6.37,12],"to":[-2.95,7.87,13],"faces":{"north":{"uv":[0,0,5,1],"texture":"#1"},"east":{"uv":[0,0,1,1],"texture":"#1"},"south":{"uv":[0,0,5,1],"texture":"#1"},"west":{"uv":[0,0,1,1],"texture":"#1"},"up":{"uv":[0,0,16,1],"texture":"#1"},"down":{"uv":[0,0,16,1],"texture":"#1"}}},{"name":"Cube","from":[-2.97,12.05,12],"to":[-2.17,13.35,13],"rotation":{"angle":22.5,"axis":"z","origin":[8,8,8]},"faces":{"north":{"uv":[0,0,5,1],"texture":"#1"},"east":{"uv":[0,0,1,1],"texture":"#1"},"south":{"uv":[0,0,5,1],"texture":"#1"},"west":{"uv":[0,0,1,1],"texture":"#1"},"up":{"uv":[0,0,16,1],"texture":"#1"},"down":{"uv":[0,0,16,1],"texture":"#1"}}},{"name":"Cube","from":[-0.15,16.835,12],"to":[0.65,17.735,13],"rotation":{"angle":45,"axis":"z","origin":[8,8,8]},"faces":{"north":{"uv":[0,0,5,1],"texture":"#1"},"east":{"uv":[0,0,1,1],"texture":"#1"},"south":{"uv":[0,0,4,1],"texture":"#1"},"west":{"uv":[0,0,1,1],"texture":"#1"},"up":{"uv":[0,0,16,1],"texture":"#1"},"down":{"uv":[0,0,16,1],"texture":"#1"}}},{"name":"Cube","from":[2,-3.5,9.8],"to":[2.8,1.2,10.6],"rotation":{"angle":-22.5,"axis":"x","origin":[8,8,8]},"faces":{"north":{"uv":[0,0,3,8],"texture":"#1"},"east":{"uv":[0,0,3,10],"texture":"#1"},"south":{"uv":[0,0,3,8],"texture":"#1"},"west":{"uv":[0,0,3,11],"texture":"#1"},"up":{"uv":[0,0,16,1],"texture":"#1"},"down":{"uv":[0,0,16,1],"texture":"#1"}}},{"name":"Cube","from":[13.5,-3.4,9.8],"to":[14.3,1.2,10.6],"rotation":{"angle":-22.5,"axis":"x","origin":[8,8,8]},"faces":{"north":{"uv":[0,0,2,11],"texture":"#1"},"east":{"uv":[0,0,2,8],"texture":"#1"},"south":{"uv":[0,0,2,10],"texture":"#1"},"west":{"uv":[0,0,3,11],"texture":"#1"},"up":{"uv":[0,0,16,1],"texture":"#1"},"down":{"uv":[0,0,16,1],"texture":"#1"}}},{"name":"Cube","from":[6,2.8,12.2],"to":[14,6.8,12.8],"faces":{"north":{"uv":[0,0,16,3],"texture":"#3"},"east":{"uv":[0,0,1,1],"texture":"#3"},"south":{"uv":[0,0,15,4],"texture":"#3"},"west":{"uv":[0,0,1,1],"texture":"#3"},"up":{"uv":[0,0,16,1],"texture":"#3"},"down":{"uv":[0,0,16,1],"texture":"#3"}}},{"name":"Cube","from":[5.2,6.7,12],"to":[13.2,7.5,13],"faces":{"north":{"uv":[0,0,16,1],"texture":"#1"},"east":{"uv":[0,0,1,1],"texture":"#1"},"south":{"uv":[0,5,11,6],"texture":"#1"},"west":{"uv":[0,0,1,1],"texture":"#1"},"up":{"uv":[0,0,16,1],"texture":"#1"},"down":{"uv":[0,0,16,1],"texture":"#1"}}},{"name":"Cube","from":[5.2,2.8,12],"to":[6,6.7,13],"faces":{"north":{"uv":[0,0,2,7],"texture":"#1"},"east":{"uv":[0,0,1,1],"texture":"#1"},"south":{"uv":[0,0,2,7],"texture":"#1"},"west":{"uv":[0,0,1,1],"texture":"#1"},"up":{"uv":[0,0,16,1],"texture":"#1"},"down":{"uv":[0,0,16,1],"texture":"#1"}}},{"name":"Cube","from":[12.3,4.8,12],"to":[14.3,5.6,13],"rotation":{"angle":22.5,"axis":"z","origin":[8,8,8]},"faces":{"north":{"uv":[0,0,16,1],"texture":"#1"},"east":{"uv":[0,0,1,1],"texture":"#1"},"south":{"uv":[0,1,5,2],"texture":"#1"},"west":{"uv":[0,0,1,1],"texture":"#1"},"up":{"uv":[0,0,8,1],"texture":"#1"},"down":{"uv":[0,0,16,1],"texture":"#1"}}},{"name":"Cube","from":[12.6,2.64,12],"to":[13.8,3.44,13],"rotation":{"angle":45,"axis":"z","origin":[8,8,8]},"faces":{"north":{"uv":[0,0,16,1],"texture":"#1"},"east":{"uv":[0,0,1,1],"texture":"#1"},"south":{"uv":[2,1,6,2],"texture":"#1"},"west":{"uv":[0,0,1,1],"texture":"#1"},"up":{"uv":[0,0,7,1],"texture":"#1"},"down":{"uv":[0,0,16,1],"texture":"#1"}}},{"name":"Cube","from":[15.1,5.21,12],"to":[16.7,6.01,13],"rotation":{"angle":22.5,"axis":"z","origin":[8,8,8]},"faces":{"north":{"uv":[0,0,16,1],"texture":"#1"},"east":{"uv":[0,0,1,-1],"texture":"#1"},"south":{"uv":[1,2,5,1],"texture":"#1"},"west":{"uv":[0,0,1,1],"texture":"#1"},"up":{"uv":[0,0,7,1],"texture":"#1"},"down":{"uv":[0,0,16,1],"texture":"#1"}}},{"name":"Cube","from":[15.56,11.95,12],"to":[19.26,12.75,13],"rotation":{"angle":-22.5,"axis":"z","origin":[8,8,8]},"faces":{"north":{"uv":[0,0,16,1],"texture":"#1"},"east":{"uv":[0,0,2,9],"texture":"#1"},"south":{"uv":[4,2,11,3],"texture":"#1"},"west":{"uv":[0,0,1,1],"texture":"#1"},"up":{"uv":[0,0,16,1],"texture":"#1"},"down":{"uv":[0,0,16,1],"texture":"#1"}}},{"name":"Cube","from":[11.5,0.5,12.2],"to":[16.5,5.3,12.795],"rotation":{"angle":22.5,"axis":"z","origin":[8,8,8]},"faces":{"north":{"uv":[0,0,16,1],"texture":"#3"},"east":{"uv":[0,0,1,1],"texture":"#3"},"south":{"uv":[0,0,12,5],"texture":"#3"},"west":{"uv":[0,0,1,1],"texture":"#3"},"up":{"uv":[0,0,16,1],"texture":"#3"},"down":{"uv":[0,0,16,1],"texture":"#3"}}},{"name":"Cube","from":[15.5,9.2,12.2],"to":[19.5,12,12.8],"rotation":{"angle":-22.5,"axis":"z","origin":[8,8,8]},"faces":{"north":{"uv":[0,0,16,1],"texture":"#3"},"east":{"uv":[0,0,1,1],"texture":"#3"},"south":{"uv":[0,0,11,4],"texture":"#3"},"west":{"uv":[0,0,1,1],"texture":"#3"},"up":{"uv":[0,0,16,1],"texture":"#3"},"down":{"uv":[0,0,16,1],"texture":"#3"}}},{"name":"Cube","from":[13.9,15.6,12],"to":[14.7,20.2,13],"rotation":{"angle":-45,"axis":"z","origin":[8,8,8]},"faces":{"north":{"uv":[0,0,3,12],"texture":"#1"},"east":{"uv":[0,0,3,8],"texture":"#1"},"south":{"uv":[2,2,5,9],"texture":"#1"},"west":{"uv":[0,0,4,9],"texture":"#1"},"up":{"uv":[0,0,11,6],"texture":"#1"},"down":{"uv":[0,0,13,4],"texture":"#1"}}},{"name":"Cube","from":[21.5,6.4,12],"to":[23.27,7.2,13],"rotation":{"angle":22.5,"axis":"z","origin":[8,8,8]},"faces":{"north":{"uv":[7,2,11,3],"texture":"#1"},"east":{"uv":[0,0,9,5],"texture":"#1"},"south":{"uv":[7,2,10,3],"texture":"#1"},"west":{"uv":[0,0,4,7],"texture":"#1"},"up":{"uv":[7,2,11,3],"texture":"#1"},"down":{"uv":[0,0,13,4],"texture":"#1"}}},{"name":"Cube","from":[22.4,12.3,12],"to":[23.7,13.1,13],"faces":{"north":{"uv":[7,2,10,3],"texture":"#1"},"east":{"uv":[0,0,9,5],"texture":"#1"},"south":{"uv":[6,2,11,3],"texture":"#1"},"west":{"uv":[0,0,4,9],"texture":"#1"},"up":{"uv":[7,2,10,3],"texture":"#1"},"down":{"uv":[0,0,13,4],"texture":"#1"}}},{"name":"Cube","from":[21.5,6.4,12],"to":[23.27,7.2,13],"rotation":{"angle":22.5,"axis":"z","origin":[8,8,8]},"faces":{"north":{"uv":[0,0,3,12],"texture":"#1"},"east":{"uv":[0,0,9,5],"texture":"#1"},"south":{"uv":[7,2,10,3],"texture":"#1"},"west":{"uv":[0,0,4,9],"texture":"#1"},"up":{"uv":[0,0,11,6],"texture":"#1"},"down":{"uv":[0,0,13,4],"texture":"#1"}}},{"name":"Cube","from":[20.5,17.9,12],"to":[21.8,18.7,13],"rotation":{"angle":-22.5,"axis":"z","origin":[8,8,8]},"faces":{"north":{"uv":[7,2,10,3],"texture":"#1"},"east":{"uv":[0,0,9,5],"texture":"#1"},"south":{"uv":[10,2,11,3],"texture":"#1"},"west":{"uv":[0,0,4,9],"texture":"#1"},"up":{"uv":[7,2,11,3],"texture":"#1"},"down":{"uv":[0,0,13,4],"texture":"#1"}}},{"name":"Cube","from":[16.6,22.35,12],"to":[18,23.15,13],"rotation":{"angle":-45,"axis":"z","origin":[8,8,8]},"faces":{"north":{"uv":[10,2,12,3],"texture":"#1"},"east":{"uv":[5,0,10,3],"texture":"#1"},"south":{"uv":[11,2,12,3],"texture":"#1"},"west":{"uv":[0,0,4,9],"texture":"#1"},"up":{"uv":[7,2,11,3],"texture":"#1"},"down":{"uv":[2,1,15,5],"texture":"#1"}}},{"name":"Cube","from":[25.02,3.35,12],"to":[25.82,4.55,13],"rotation":{"angle":22.5,"axis":"z","origin":[8,8,8]},"faces":{"north":{"uv":[10,2,13,3],"texture":"#1"},"east":{"uv":[2,4,3,7],"texture":"#1"},"south":{"uv":[11,2,12,1],"texture":"#1"},"west":{"uv":[11,8,12,11],"texture":"#1"},"up":{"uv":[5,2,11,3],"texture":"#1"},"down":{"uv":[0,0,13,4],"texture":"#1"}}},{"name":"Cube","from":[25.42,9.75,12],"to":[26.22,10.55,13],"faces":{"north":{"uv":[10,2,13,3],"texture":"#1"},"east":{"uv":[5,3,6,7],"texture":"#1"},"south":{"uv":[11,2,12,3],"texture":"#1"},"west":{"uv":[10,4,11,6],"texture":"#1"},"up":{"uv":[0,0,11,6],"texture":"#1"},"down":{"uv":[0,0,13,4],"texture":"#1"}}},{"name":"Cube","from":[23.36,15.81,12],"to":[24.16,16.61,13],"rotation":{"angle":-22.5,"axis":"z","origin":[8,8,8]},"faces":{"north":{"uv":[8,5,9,3],"texture":"#1"},"east":{"uv":[2,4,3,7],"texture":"#1"},"south":{"uv":[8,1,9,3],"texture":"#1"},"west":{"uv":[2,4,3,6],"texture":"#1"},"up":{"uv":[0,0,11,6],"texture":"#1"},"down":{"uv":[0,0,13,4],"texture":"#1"}}},{"name":"Cube","from":[18.5,12.6,12.2],"to":[19.7,17.3,12.8],"rotation":{"angle":-22.5,"axis":"z","origin":[8,8,8]},"faces":{"north":{"uv":[0,0,16,1],"texture":"#4"},"east":{"uv":[0,0,1,1],"texture":"#4"},"south":{"uv":[0,0,16,1],"texture":"#4"},"west":{"uv":[0,0,1,1],"texture":"#4"},"up":{"uv":[0,0,16,1],"texture":"#4"},"down":{"uv":[0,0,16,1],"texture":"#4"}}},{"name":"Cube","from":[17.7,12.6,12.2],"to":[18.5,15.9,12.8],"rotation":{"angle":-22.5,"axis":"z","origin":[8,8,8]},"faces":{"north":{"uv":[0,0,16,1],"texture":"#4"},"east":{"uv":[0,0,1,1],"texture":"#4"},"south":{"uv":[0,0,16,1],"texture":"#4"},"west":{"uv":[0,0,1,1],"texture":"#4"},"up":{"uv":[0,0,16,1],"texture":"#4"},"down":{"uv":[0,0,16,1],"texture":"#4"}}},{"name":"Cube","from":[17.2,12.6,12.2],"to":[17.7,14.7,12.8],"rotation":{"angle":-22.5,"axis":"z","origin":[8,8,8]},"faces":{"north":{"uv":[0,0,16,1],"texture":"#4"},"east":{"uv":[0,0,1,1],"texture":"#4"},"south":{"uv":[0,0,16,1],"texture":"#4"},"west":{"uv":[0,0,1,1],"texture":"#4"},"up":{"uv":[0,0,16,1],"texture":"#4"},"down":{"uv":[0,0,16,1],"texture":"#4"}}},{"name":"Cube","from":[22.3,11.9,12.2],"to":[23.6,12.4,12.8],"faces":{"north":{"uv":[0,0,16,1],"texture":"#4"},"east":{"uv":[0,0,1,1],"texture":"#4"},"south":{"uv":[0,0,16,1],"texture":"#4"},"west":{"uv":[0,0,1,1],"texture":"#4"},"up":{"uv":[0,0,16,1],"texture":"#4"},"down":{"uv":[0,0,16,1],"texture":"#4"}}},{"name":"Cube","from":[1.2,2.2,4],"to":[15.07,2.6,12],"faces":{"north":{"uv":[0,0,16,1],"texture":"#5"},"east":{"uv":[0,0,1,1],"texture":"#5"},"south":{"uv":[0,0,16,1],"texture":"#5"},"west":{"uv":[0,0,1,1],"texture":"#5"},"up":{"uv":[0,0,16,1],"texture":"#5"},"down":{"uv":[0,0,16,1],"texture":"#4"}}},{"name":"Cube","from":[1.24,0.04,4],"to":[3.94,0.44,12],"rotation":{"angle":-22.5,"axis":"z","origin":[8,8,8]},"faces":{"north":{"uv":[0,0,16,1],"texture":"#5"},"east":{"uv":[0,0,1,1],"texture":"#5"},"south":{"uv":[0,0,16,1],"texture":"#5"},"west":{"uv":[0,0,1,1],"texture":"#5"},"up":{"uv":[0,0,7,1],"texture":"#5"},"down":{"uv":[0,0,16,1],"texture":"#4"}}},{"name":"Cube","from":[19.16,20.61,12],"to":[19.96,21.41,13],"rotation":{"angle":-45,"axis":"z","origin":[8,8,8]},"faces":{"north":{"uv":[8,5,9,3],"texture":"#1"},"east":{"uv":[5,4,6,7],"texture":"#1"},"south":{"uv":[8,1,9,3],"texture":"#1"},"west":{"uv":[0,0,4,9],"texture":"#1"},"up":{"uv":[0,0,11,6],"texture":"#1"},"down":{"uv":[0,0,13,4],"texture":"#1"}}},{"name":"Cube","from":[2.5,-1.94,4],"to":[4.8,-1.54,12],"rotation":{"angle":-45,"axis":"z","origin":[8,8,8]},"faces":{"north":{"uv":[0,0,16,1],"texture":"#5"},"east":{"uv":[0,0,1,1],"texture":"#5"},"south":{"uv":[0,0,16,1],"texture":"#5"},"west":{"uv":[0,0,1,1],"texture":"#5"},"up":{"uv":[0,0,7,1],"texture":"#5"},"down":{"uv":[0,0,16,1],"texture":"#4"}}},{"name":"Cube","from":[-3.285,9.26,4],"to":[-2.885,10.16,12],"rotation":{"angle":22.5,"axis":"z","origin":[8,8,8]},"faces":{"north":{"uv":[0,0,16,1],"texture":"#5"},"east":{"uv":[0,0,1,1],"texture":"#5"},"south":{"uv":[0,0,16,1],"texture":"#5"},"west":{"uv":[0,0,1,1],"texture":"#4"},"up":{"uv":[0,0,7,1],"texture":"#5"},"down":{"uv":[0,0,16,1],"texture":"#5"}}},{"name":"Cube","from":[-3.48,10.1,4],"to":[-2.68,10.9,12],"rotation":{"angle":22.5,"axis":"z","origin":[8,8,8]},"faces":{"north":{"uv":[0,0,6,1],"texture":"#1"},"east":{"uv":[0,0,1,1],"texture":"#1"},"south":{"uv":[0,0,5,1],"texture":"#1"},"west":{"uv":[0,0,1,1],"texture":"#1"},"up":{"uv":[0,0,7,1],"texture":"#1"},"down":{"uv":[0,0,5,1],"texture":"#1"}}},{"name":"Cube","from":[12.3,-0.06,4],"to":[14.88,0.34,12],"rotation":{"angle":22.5,"axis":"z","origin":[8,8,8]},"faces":{"north":{"uv":[0,0,16,1],"texture":"#5"},"east":{"uv":[0,0,1,1],"texture":"#4"},"south":{"uv":[0,0,16,1],"texture":"#5"},"west":{"uv":[0,0,1,1],"texture":"#5"},"up":{"uv":[0,0,7,1],"texture":"#5"},"down":{"uv":[0,0,16,1],"texture":"#4"}}},{"name":"Cube","from":[11.28,-2.06,4],"to":[14.58,-1.66,12],"rotation":{"angle":45,"axis":"z","origin":[8,8,8]},"faces":{"north":{"uv":[0,0,16,1],"texture":"#5"},"east":{"uv":[0,0,1,1],"texture":"#5"},"south":{"uv":[0,0,16,1],"texture":"#5"},"west":{"uv":[0,0,1,1],"texture":"#5"},"up":{"uv":[0,0,7,1],"texture":"#5"},"down":{"uv":[0,0,16,1],"texture":"#4"}}},{"name":"Cube","from":[1,2,3],"to":[15,2.8,4],"faces":{"north":{"uv":[0,0,16,1],"texture":"#1"},"east":{"uv":[0,0,1,1],"texture":"#1"},"south":{"uv":[0,2,16,3],"texture":"#1"},"west":{"uv":[0,0,1,1],"texture":"#1"},"up":{"uv":[0,0,16,1],"texture":"#1"},"down":{"uv":[0,0,16,1],"texture":"#1"}}},{"name":"Cube","from":[1.33,-0.22,3],"to":[3.83,0.58,4],"rotation":{"angle":-22.5,"axis":"z","origin":[8,8,8]},"faces":{"north":{"uv":[0,0,5,1],"texture":"#1"},"east":{"uv":[0,0,1,1],"texture":"#1"},"south":{"uv":[0,0,5,1],"texture":"#1"},"west":{"uv":[0,0,1,1],"texture":"#1"},"up":{"uv":[0,0,16,1],"texture":"#1"},"down":{"uv":[0,0,6,0],"texture":"#1"}}},{"name":"Cube","from":[2.5,-2.145,3],"to":[5,-1.345,4],"rotation":{"angle":-45,"axis":"z","origin":[8,8,8]},"faces":{"north":{"uv":[0,0,5,1],"texture":"#1"},"east":{"uv":[0,0,1,1],"texture":"#1"},"south":{"uv":[0,1,5,2],"texture":"#1"},"west":{"uv":[0,0,1,1],"texture":"#1"},"up":{"uv":[0,0,6,1],"texture":"#1"},"down":{"uv":[0,0,5,1],"texture":"#1"}}},{"name":"Cube","from":[-3.48,9.2,3],"to":[-2.68,11,4],"rotation":{"angle":22.5,"axis":"z","origin":[8,8,8]},"faces":{"north":{"uv":[0,0,6,1],"texture":"#1"},"east":{"uv":[0,0,1,1],"texture":"#1"},"south":{"uv":[0,0,5,1],"texture":"#1"},"west":{"uv":[0,0,1,1],"texture":"#1"},"up":{"uv":[0,0,7,1],"texture":"#1"},"down":{"uv":[0,0,5,1],"texture":"#1"}}},{"name":"Cube","from":[12.2,-0.2,3],"to":[15.2,0.6,4],"rotation":{"angle":22.5,"axis":"z","origin":[8,8,8]},"faces":{"north":{"uv":[0,0,16,1],"texture":"#1"},"east":{"uv":[0,0,1,1],"texture":"#1"},"south":{"uv":[0,1,5,2],"texture":"#1"},"west":{"uv":[0,0,1,1],"texture":"#1"},"up":{"uv":[0,0,16,1],"texture":"#1"},"down":{"uv":[0,0,16,1],"texture":"#1"}}},{"name":"Cube","from":[11.5,-2.3,3],"to":[14.5,-1.5,4],"rotation":{"angle":45,"axis":"z","origin":[8,8,8]},"faces":{"north":{"uv":[0,0,16,1],"texture":"#1"},"east":{"uv":[0,0,3,9],"texture":"#1"},"south":{"uv":[1,2,9,1],"texture":"#1"},"west":{"uv":[0,0,1,1],"texture":"#1"},"up":{"uv":[0,0,16,1],"texture":"#1"},"down":{"uv":[0,0,16,1],"texture":"#1"}}},{"name":"Cube","from":[19.2,10,3],"to":[20,16,4],"rotation":{"angle":-22.5,"axis":"z","origin":[8,8,8]},"faces":{"north":{"uv":[0,0,3,12],"texture":"#1"},"east":{"uv":[0,0,3,8],"texture":"#1"},"south":{"uv":[2,2,5,9],"texture":"#1"},"west":{"uv":[0,0,4,9],"texture":"#1"},"up":{"uv":[0,0,11,6],"texture":"#1"},"down":{"uv":[0,0,13,4],"texture":"#1"}}},{"name":"Cube","from":[19.68,-0.09,3],"to":[20.78,0.71,4],"rotation":{"angle":45,"axis":"z","origin":[8,8,8]},"faces":{"north":{"uv":[0,0,16,1],"texture":"#1"},"east":{"uv":[0,0,1,1],"texture":"#1"},"south":{"uv":[9,2,12,3],"texture":"#1"},"west":{"uv":[0,0,1,1],"texture":"#1"},"up":{"uv":[0,0,16,1],"texture":"#1"},"down":{"uv":[0,0,16,1],"texture":"#1"}}},{"name":"Cube","from":[22.6,5.356,3],"to":[23.7,6.156,4],"rotation":{"angle":22.5,"axis":"z","origin":[8,8,8]},"faces":{"north":{"uv":[0,0,16,1],"texture":"#1"},"east":{"uv":[0,0,1,1],"texture":"#1"},"south":{"uv":[7,2,11,3],"texture":"#1"},"west":{"uv":[0,0,1,1],"texture":"#1"},"up":{"uv":[0,0,16,1],"texture":"#1"},"down":{"uv":[0,0,16,1],"texture":"#1"}}},{"name":"Cube","from":[23.2,11.5,3],"to":[24.3,12.3,4],"faces":{"north":{"uv":[0,0,16,1],"texture":"#1"},"east":{"uv":[0,0,1,1],"texture":"#1"},"south":{"uv":[9,2,12,3],"texture":"#1"},"west":{"uv":[0,0,1,1],"texture":"#1"},"up":{"uv":[0,0,16,1],"texture":"#1"},"down":{"uv":[0,0,16,1],"texture":"#1"}}},{"name":"Cube","from":[21.4,17.41,3],"to":[22.8,18.21,4],"rotation":{"angle":-22.5,"axis":"z","origin":[8,8,8]},"faces":{"north":{"uv":[9,2,12,3],"texture":"#1"},"east":{"uv":[0,0,1,1],"texture":"#1"},"south":{"uv":[10,2,11,3],"texture":"#1"},"west":{"uv":[0,0,1,1],"texture":"#1"},"up":{"uv":[0,0,16,1],"texture":"#1"},"down":{"uv":[0,0,16,1],"texture":"#1"}}},{"name":"Cube","from":[15.56,11.95,3],"to":[19.26,12.75,4],"rotation":{"angle":-22.5,"axis":"z","origin":[8,8,8]},"faces":{"north":{"uv":[7,2,13,3],"texture":"#1"},"east":{"uv":[0,0,2,9],"texture":"#1"},"south":{"uv":[4,2,11,3],"texture":"#1"},"west":{"uv":[0,0,1,1],"texture":"#1"},"up":{"uv":[0,0,9,1],"texture":"#1"},"down":{"uv":[0,0,8,1],"texture":"#1"}}},{"name":"Cube","from":[15.1,5.21,3],"to":[16.7,6.01,4],"rotation":{"angle":22.5,"axis":"z","origin":[8,8,8]},"faces":{"north":{"uv":[5,5,9,6],"texture":"#1"},"east":{"uv":[0,0,1,-1],"texture":"#1"},"south":{"uv":[1,2,5,1],"texture":"#1"},"west":{"uv":[0,0,1,1],"texture":"#1"},"up":{"uv":[0,1,5,2],"texture":"#1"},"down":{"uv":[0,0,16,1],"texture":"#1"}}},{"name":"Cube","from":[12.6,2.64,3],"to":[13.8,3.44,4],"rotation":{"angle":45,"axis":"z","origin":[8,8,8]},"faces":{"north":{"uv":[4,8,8,9],"texture":"#1"},"east":{"uv":[0,0,1,1],"texture":"#1"},"south":{"uv":[2,1,6,2],"texture":"#1"},"west":{"uv":[0,0,1,1],"texture":"#1"},"up":{"uv":[6,0,10,1],"texture":"#1"},"down":{"uv":[0,0,16,1],"texture":"#1"}}},{"name":"Cube","from":[12.3,4.8,3],"to":[14.3,5.6,4],"rotation":{"angle":22.5,"axis":"z","origin":[8,8,8]},"faces":{"north":{"uv":[0,1,5,2],"texture":"#1"},"east":{"uv":[0,0,1,1],"texture":"#1"},"south":{"uv":[0,1,5,2],"texture":"#1"},"west":{"uv":[0,0,1,1],"texture":"#1"},"up":{"uv":[7,2,12,3],"texture":"#1"},"down":{"uv":[0,0,16,1],"texture":"#1"}}},{"name":"Cube","from":[5.2,6.7,3],"to":[13.2,7.5,4],"faces":{"north":{"uv":[0,2,11,3],"texture":"#1"},"east":{"uv":[0,0,1,1],"texture":"#1"},"south":{"uv":[0,5,8,6],"texture":"#1"},"west":{"uv":[0,0,1,1],"texture":"#1"},"up":{"uv":[0,0,16,1],"texture":"#1"},"down":{"uv":[0,0,16,1],"texture":"#1"}}},{"name":"Cube","from":[5.2,2.8,3],"to":[6,6.7,4],"faces":{"north":{"uv":[0,0,2,7],"texture":"#1"},"east":{"uv":[0,0,1,1],"texture":"#1"},"south":{"uv":[0,0,2,7],"texture":"#1"},"west":{"uv":[0,0,1,1],"texture":"#1"},"up":{"uv":[0,0,16,1],"texture":"#1"},"down":{"uv":[0,0,16,1],"texture":"#1"}}},{"name":"Cube","from":[6,2.8,3.2],"to":[14,6.8,3.8],"faces":{"north":{"uv":[0,0,16,1],"texture":"#5"},"east":{"uv":[0,0,1,1],"texture":"#5"},"south":{"uv":[0,0,16,1],"texture":"#5"},"west":{"uv":[0,0,1,1],"texture":"#5"},"up":{"uv":[0,0,16,1],"texture":"#5"},"down":{"uv":[0,0,16,1],"texture":"#5"}}},{"name":"Cube","from":[11.5,0.5,3.2],"to":[16.5,5.3,3.8],"rotation":{"angle":22.5,"axis":"z","origin":[8,8,8]},"faces":{"north":{"uv":[0,0,16,1],"texture":"#5"},"east":{"uv":[0,0,1,1],"texture":"#5"},"south":{"uv":[0,0,16,1],"texture":"#5"},"west":{"uv":[0,0,1,1],"texture":"#5"},"up":{"uv":[0,0,16,1],"texture":"#5"},"down":{"uv":[0,0,16,1],"texture":"#5"}}},{"name":"Cube","from":[15.5,9.2,3.2],"to":[19.5,12,3.8],"rotation":{"angle":-22.5,"axis":"z","origin":[8,8,8]},"faces":{"north":{"uv":[0,0,16,1],"texture":"#5"},"east":{"uv":[0,0,1,1],"texture":"#5"},"south":{"uv":[0,0,16,1],"texture":"#5"},"west":{"uv":[0,0,1,1],"texture":"#5"},"up":{"uv":[0,0,16,1],"texture":"#5"},"down":{"uv":[0,0,16,1],"texture":"#5"}}},{"name":"Cube","from":[17.7,12.6,3.2],"to":[18.5,15.9,3.8],"rotation":{"angle":-22.5,"axis":"z","origin":[8,8,8]},"faces":{"north":{"uv":[0,0,16,1],"texture":"#4"},"east":{"uv":[0,0,1,1],"texture":"#4"},"south":{"uv":[0,0,16,1],"texture":"#4"},"west":{"uv":[0,0,1,1],"texture":"#4"},"up":{"uv":[0,0,16,1],"texture":"#4"},"down":{"uv":[0,0,16,1],"texture":"#4"}}},{"name":"Cube","from":[17.2,12.6,3.2],"to":[17.7,14.7,3.8],"rotation":{"angle":-22.5,"axis":"z","origin":[8,8,8]},"faces":{"north":{"uv":[0,0,16,1],"texture":"#4"},"east":{"uv":[0,0,1,1],"texture":"#4"},"south":{"uv":[0,0,16,1],"texture":"#4"},"west":{"uv":[0,0,1,1],"texture":"#4"},"up":{"uv":[0,0,16,1],"texture":"#4"},"down":{"uv":[0,0,16,1],"texture":"#4"}}},{"name":"Cube","from":[18.5,12.6,3.2],"to":[19.7,17.3,3.8],"rotation":{"angle":-22.5,"axis":"z","origin":[8,8,8]},"faces":{"north":{"uv":[0,0,16,1],"texture":"#4"},"east":{"uv":[0,0,1,1],"texture":"#4"},"south":{"uv":[0,0,16,1],"texture":"#4"},"west":{"uv":[0,0,1,1],"texture":"#4"},"up":{"uv":[0,0,16,1],"texture":"#4"},"down":{"uv":[0,0,16,1],"texture":"#4"}}},{"name":"Cube","from":[22.3,11.9,3.2],"to":[23.6,12.4,3.8],"faces":{"north":{"uv":[0,0,16,1],"texture":"#4"},"east":{"uv":[0,0,1,1],"texture":"#4"},"south":{"uv":[0,0,16,1],"texture":"#4"},"west":{"uv":[0,0,1,1],"texture":"#4"},"up":{"uv":[0,0,16,1],"texture":"#4"},"down":{"uv":[0,0,16,1],"texture":"#4"}}},{"name":"Cube","from":[13.9,15.6,3],"to":[14.7,20.2,4],"rotation":{"angle":-45,"axis":"z","origin":[8,8,8]},"faces":{"north":{"uv":[0,0,3,13],"texture":"#1"},"east":{"uv":[0,0,3,8],"texture":"#1"},"south":{"uv":[2,2,5,9],"texture":"#1"},"west":{"uv":[0,0,4,9],"texture":"#1"},"up":{"uv":[0,0,11,6],"texture":"#1"},"down":{"uv":[0,0,13,4],"texture":"#1"}}},{"name":"Cube","from":[19.41,10.23,4],"to":[19.81,14.53,12],"rotation":{"angle":-22.5,"axis":"z","origin":[8,8,8]},"faces":{"north":{"uv":[0,0,16,1],"texture":"#5"},"east":{"uv":[0,0,1,1],"texture":"#4"},"south":{"uv":[0,0,16,1],"texture":"#5"},"west":{"uv":[0,0,1,1],"texture":"#5"},"up":{"uv":[0,0,7,1],"texture":"#5"},"down":{"uv":[0,0,16,1],"texture":"#4"}}},{"name":"Cube","from":[19.22,14.4,4],"to":[20.02,15.2,12],"rotation":{"angle":-22.5,"axis":"z","origin":[8,8,8]},"faces":{"north":{"uv":[0,0,6,1],"texture":"#1"},"east":{"uv":[0,0,1,1],"texture":"#1"},"south":{"uv":[0,0,5,1],"texture":"#1"},"west":{"uv":[0,0,1,1],"texture":"#1"},"up":{"uv":[0,0,7,1],"texture":"#1"},"down":{"uv":[0,0,5,1],"texture":"#1"}}},{"name":"Cube","from":[4.2,-6.89,1],"to":[6.2,-6.09,2],"rotation":{"angle":-45,"axis":"z","origin":[8,8,8]},"faces":{"north":{"uv":[0,0,9,1],"texture":"#0"},"east":{"uv":[0,0,1,1],"texture":"#0"},"south":{"uv":[0,0,6,1],"texture":"#0"},"west":{"uv":[0,0,1,1],"texture":"#0"},"up":{"uv":[0,0,7,1],"texture":"#0"},"down":{"uv":[0,0,5,1],"texture":"#0"}}},{"name":"Cube","from":[0.6,-5.06,1],"to":[2.6,-4.26,2],"rotation":{"angle":-22.5,"axis":"z","origin":[8,8,8]},"faces":{"north":{"uv":[0,0,6,1],"texture":"#0"},"east":{"uv":[0,0,1,1],"texture":"#0"},"south":{"uv":[0,0,6,1],"texture":"#0"},"west":{"uv":[0,0,1,1],"texture":"#0"},"up":{"uv":[0,0,6,1],"texture":"#0"},"down":{"uv":[0,0,6,1],"texture":"#0"}}},{"name":"Cube","from":[-7.2,5.79,1],"to":[-6.4,7.79,2],"rotation":{"angle":22.5,"axis":"z","origin":[8,8,8]},"faces":{"north":{"uv":[0,0,5,1],"texture":"#0"},"east":{"uv":[0,0,1,1],"texture":"#0"},"south":{"uv":[0,0,2,1],"texture":"#0"},"west":{"uv":[0,0,1,1],"texture":"#0"},"up":{"uv":[0,0,3,1],"texture":"#0"},"down":{"uv":[0,0,5,1],"texture":"#0"}}},{"name":"Cube","from":[-5.96,1.99,1],"to":[-5.16,3.99,2],"faces":{"north":{"uv":[0,0,6,1],"texture":"#0"},"east":{"uv":[0,0,1,1],"texture":"#0"},"south":{"uv":[0,0,5,1],"texture":"#0"},"west":{"uv":[0,0,1,1],"texture":"#0"},"up":{"uv":[0,0,3,1],"texture":"#0"},"down":{"uv":[0,0,5,1],"texture":"#0"}}},{"name":"Cube","from":[-3.36,-1.05,1],"to":[-2.56,0.95,2],"rotation":{"angle":-22.5,"axis":"z","origin":[8,8,8]},"faces":{"north":{"uv":[0,0,4,1],"texture":"#0"},"east":{"uv":[0,0,1,1],"texture":"#0"},"south":{"uv":[0,0,7,1],"texture":"#0"},"west":{"uv":[0,0,1,1],"texture":"#0"},"up":{"uv":[0,0,3,1],"texture":"#0"},"down":{"uv":[0,0,5,1],"texture":"#0"}}},{"name":"Cube","from":[0.2,-2.86,1],"to":[1,-0.86,2],"rotation":{"angle":-45,"axis":"z","origin":[8,8,8]},"faces":{"north":{"uv":[0,0,4,1],"texture":"#0"},"east":{"uv":[0,0,1,1],"texture":"#0"},"south":{"uv":[0,0,5,1],"texture":"#0"},"west":{"uv":[0,0,1,1],"texture":"#0"},"up":{"uv":[0,0,4,1],"texture":"#0"},"down":{"uv":[0,0,5,1],"texture":"#0"}}},{"name":"Cube","from":[12.1,2.6,4],"to":[12.8,8.6,12],"faces":{"north":{"uv":[0,0,6,1],"texture":"#1"},"east":{"uv":[0,0,4,8],"texture":"#1"},"south":{"uv":[0,5,11,6],"texture":"#1"},"west":{"uv":[0,0,4,7],"texture":"#1"},"up":{"uv":[4,2,6,9],"texture":"#1"},"down":{"uv":[0,0,16,1],"texture":"#1"}}},{"name":"Cube","from":[12.68,5.04,3.8],"to":[19.18,5.44,12.2],"faces":{"north":{"uv":[0,0,16,1],"texture":"#3"},"east":{"uv":[0,0,1,1],"texture":"#3"},"south":{"uv":[0,0,16,1],"texture":"#3"},"west":{"uv":[0,0,1,1],"texture":"#3"},"up":{"uv":[0,0,7,1],"texture":"#3"},"down":{"uv":[0,0,16,1],"texture":"#3"}}},{"name":"Cube","from":[11.8,5.2,4.2],"to":[12.2,8.4,11.8],"faces":{"north":{"uv":[0,0,6,1],"texture":"#6"},"east":{"uv":[0,0,4,8],"texture":"#6"},"south":{"uv":[0,5,11,6],"texture":"#6"},"west":{"uv":[0,0,4,7],"texture":"#6"},"up":{"uv":[4,2,6,9],"texture":"#6"},"down":{"uv":[0,0,16,1],"texture":"#6"}}},{"name":"Cube","from":[6.5,2.6,4],"to":[12.2,4.8,12],"faces":{"north":{"uv":[0,0,6,1],"texture":"#1"},"east":{"uv":[0,0,4,8],"texture":"#1"},"south":{"uv":[0,5,11,6],"texture":"#1"},"west":{"uv":[4,1,10,5],"texture":"#1"},"up":{"uv":[4,2,6,9],"texture":"#1"},"down":{"uv":[0,0,16,1],"texture":"#1"}}},{"name":"Cube","from":[6.7,2.4,4.2],"to":[12.1,5.2,11.8],"faces":{"north":{"uv":[0,0,6,1],"texture":"#6"},"east":{"uv":[0,0,4,8],"texture":"#6"},"south":{"uv":[0,5,11,6],"texture":"#6"},"west":{"uv":[0,0,4,7],"texture":"#6"},"up":{"uv":[4,2,6,9],"texture":"#6"},"down":{"uv":[0,0,16,1],"texture":"#6"}}},{"name":"Cube","from":[16,4.8,4.8],"to":[19,7.8,7.8],"faces":{"north":{"uv":[0,0,3,3],"texture":"#7"},"east":{"uv":[0,0,3,3],"texture":"#7"},"south":{"uv":[0,0,3,3],"texture":"#7"},"west":{"uv":[0,0,3,3],"texture":"#7"},"up":{"uv":[0,0,3,3],"texture":"#7"},"down":{"uv":[0,0,3,3],"texture":"#7"}}},{"name":"Cube","from":[17,4.8,4.7],"to":[18,7.9,7.9],"faces":{"north":{"uv":[0,0,1,3.1],"texture":"#8"},"east":{"uv":[0,0,3.2,3.1],"texture":"#8"},"south":{"uv":[0,0,1,3.1],"texture":"#8"},"west":{"uv":[0,0,3.2,3.1],"texture":"#8"},"up":{"uv":[0,0,1,3.2],"texture":"#8"},"down":{"uv":[0,0,1,3.2],"texture":"#8"}}},{"name":"Cube","from":[18,4.9,5.8],"to":[19.1,7.9,6.8],"faces":{"north":{"uv":[0,0,1.1,3.1],"texture":"#8"},"east":{"uv":[0,0,1,3.1],"texture":"#8"},"south":{"uv":[0,0,1.1,3.1],"texture":"#8"},"west":{"uv":[0,0,1,3.1],"texture":"#8"},"up":{"uv":[0,0,1.1,1],"texture":"#8"},"down":{"uv":[0,0,1.1,1],"texture":"#8"}}},{"name":"Cube","from":[15.9,4.8,5.8],"to":[17,7.9,6.8],"faces":{"north":{"uv":[0,0,1.1,3.1],"texture":"#8"},"east":{"uv":[0,0,1,3.1],"texture":"#8"},"south":{"uv":[0,0,1.1,3.1],"texture":"#8"},"west":{"uv":[0,0,1,3.1],"texture":"#8"},"up":{"uv":[0,0,1.1,1],"texture":"#8"},"down":{"uv":[0,0,1.1,1],"texture":"#8"}}},{"name":"Cube","from":[16.3,6.5,4.4],"to":[19.3,9.5,7.4],"rotation":{"angle":-22.5,"axis":"y","origin":[8,8,8]},"faces":{"north":{"uv":[0,0,3,3],"texture":"#9"},"east":{"uv":[0,0,3,3],"texture":"#9"},"south":{"uv":[0,0,3,3],"texture":"#9"},"west":{"uv":[0,0,3,3],"texture":"#9"},"up":{"uv":[0,0,3,3],"texture":"#9"},"down":{"uv":[0,0,3,3],"texture":"#9"}}},{"name":"Cube","from":[16,5.3,8.1],"to":[19,6.5,12],"faces":{"north":{"uv":[0,0,3,1.2],"texture":"#10"},"east":{"uv":[0,0,3.9,1.2],"texture":"#10"},"south":{"uv":[0,0,3,1.2],"texture":"#10"},"west":{"uv":[0,0,3.9,1.2],"texture":"#10"},"up":{"uv":[0,0,3,3.9],"texture":"#10"},"down":{"uv":[0,0,3,3.9],"texture":"#10"}}},{"name":"Cube","from":[17.3,6.5,4.3],"to":[18.3,9.6,7.5],"rotation":{"angle":-22.5,"axis":"y","origin":[8,8,8]},"faces":{"north":{"uv":[0,0,1,3.1],"texture":"#11"},"east":{"uv":[0,0,3.2,3.1],"texture":"#11"},"south":{"uv":[0,0,1,3.1],"texture":"#11"},"west":{"uv":[0,0,3.2,3.1],"texture":"#11"},"up":{"uv":[0,0,1,3.2],"texture":"#11"},"down":{"uv":[0,0,1,3.2],"texture":"#11"}}},{"name":"Cube","from":[18.3,6.5,5.3],"to":[19.4,9.6,6.3],"rotation":{"angle":-22.5,"axis":"y","origin":[8,8,8]},"faces":{"north":{"uv":[0,0,1.1,3.1],"texture":"#11"},"east":{"uv":[0,0,1,3.1],"texture":"#11"},"south":{"uv":[0,0,1.1,3.1],"texture":"#11"},"west":{"uv":[0,0,1,3.1],"texture":"#11"},"up":{"uv":[0,0,1.1,1],"texture":"#11"},"down":{"uv":[0,0,1.1,1],"texture":"#11"}}},{"name":"Cube","from":[16.2,6.5,5.3],"to":[17.3,9.6,6.3],"rotation":{"angle":-22.5,"axis":"y","origin":[8,8,8]},"faces":{"north":{"uv":[0,0,1.1,3.1],"texture":"#11"},"east":{"uv":[0,0,1,3.1],"texture":"#11"},"south":{"uv":[0,0,1.1,3.1],"texture":"#11"},"west":{"uv":[0,0,1,3.1],"texture":"#11"},"up":{"uv":[0,0,1.1,1],"texture":"#11"},"down":{"uv":[0,0,1.1,1],"texture":"#11"}}},{"name":"Cube","from":[24.76,9.11,11.6],"to":[25.16,9.51,13.4],"faces":{"north":{"uv":[8,5,9,3],"texture":"#12"},"east":{"uv":[5,0,10,3],"texture":"#12"},"south":{"uv":[8,1,9,3],"texture":"#12"},"west":{"uv":[0,0,4,9],"texture":"#12"},"up":{"uv":[0,0,11,6],"texture":"#12"},"down":{"uv":[0,0,13,4],"texture":"#12"}}},{"name":"Cube","from":[24.56,8.41,12],"to":[25.36,9.21,13],"faces":{"north":{"uv":[8,5,9,3],"texture":"#1"},"east":{"uv":[5,0,10,3],"texture":"#1"},"south":{"uv":[8,1,9,3],"texture":"#1"},"west":{"uv":[2,4,3,6],"texture":"#1"},"up":{"uv":[8,2,11,3],"texture":"#1"},"down":{"uv":[0,0,13,4],"texture":"#1"}}},{"name":"Cube","from":[24.76,7.91,13.2],"to":[25.16,9.11,13.4],"faces":{"north":{"uv":[8,5,9,3],"texture":"#12"},"east":{"uv":[5,0,10,3],"texture":"#12"},"south":{"uv":[8,1,9,3],"texture":"#12"},"west":{"uv":[0,0,4,9],"texture":"#12"},"up":{"uv":[0,0,11,6],"texture":"#12"},"down":{"uv":[0,0,13,4],"texture":"#12"}}},{"name":"Cube","from":[24.76,7.91,11.6],"to":[25.16,9.11,11.8],"faces":{"north":{"uv":[8,5,9,3],"texture":"#12"},"east":{"uv":[5,0,10,3],"texture":"#12"},"south":{"uv":[8,1,9,3],"texture":"#12"},"west":{"uv":[0,0,4,9],"texture":"#12"},"up":{"uv":[0,0,11,6],"texture":"#12"},"down":{"uv":[0,0,13,4],"texture":"#12"}}},{"name":"Cube","from":[23.86,7.71,11.3],"to":[26.06,8.01,13.5],"faces":{"north":{"uv":[8,5,9,3],"texture":"#12"},"east":{"uv":[5,0,10,3],"texture":"#12"},"south":{"uv":[8,1,9,3],"texture":"#12"},"west":{"uv":[0,0,4,9],"texture":"#12"},"up":{"uv":[0,0,11,6],"texture":"#12"},"down":{"uv":[0,0,13,4],"texture":"#12"}}},{"name":"Cube","from":[23.86,5.91,11.3],"to":[26.06,6.21,13.5],"faces":{"north":{"uv":[8,5,9,3],"texture":"#12"},"east":{"uv":[5,0,10,3],"texture":"#12"},"south":{"uv":[8,1,9,3],"texture":"#12"},"west":{"uv":[0,0,4,9],"texture":"#12"},"up":{"uv":[0,0,11,6],"texture":"#12"},"down":{"uv":[0,0,13,4],"texture":"#12"}}},{"name":"Cube","from":[23.96,5.21,11.4],"to":[25.96,5.91,13.4],"faces":{"north":{"uv":[8,5,9,3],"texture":"#13"},"east":{"uv":[5,0,10,3],"texture":"#13"},"south":{"uv":[8,1,9,3],"texture":"#13"},"west":{"uv":[0,0,4,9],"texture":"#13"},"up":{"uv":[0,0,11,6],"texture":"#13"},"down":{"uv":[0,0,13,4],"texture":"#13"}}},{"name":"Cube","from":[23.86,4.71,11.3],"to":[26.06,5.21,13.5],"faces":{"north":{"uv":[8,5,9,3],"texture":"#12"},"east":{"uv":[5,0,10,3],"texture":"#12"},"south":{"uv":[8,1,9,3],"texture":"#12"},"west":{"uv":[0,0,4,9],"texture":"#12"},"up":{"uv":[0,0,11,6],"texture":"#12"},"down":{"uv":[0,0,13,4],"texture":"#12"}}},{"name":"Cube","from":[21.5,6.4,3],"to":[23.27,7.2,4],"rotation":{"angle":22.5,"axis":"z","origin":[8,8,8]},"faces":{"north":{"uv":[7,2,11,3],"texture":"#1"},"east":{"uv":[0,0,9,5],"texture":"#1"},"south":{"uv":[7,2,10,3],"texture":"#1"},"west":{"uv":[0,0,4,7],"texture":"#1"},"up":{"uv":[7,2,11,3],"texture":"#1"},"down":{"uv":[0,0,13,4],"texture":"#1"}}},{"name":"Cube","from":[22.4,12.3,3],"to":[23.7,13.1,4],"faces":{"north":{"uv":[7,2,10,3],"texture":"#1"},"east":{"uv":[0,0,9,5],"texture":"#1"},"south":{"uv":[6,2,11,3],"texture":"#1"},"west":{"uv":[0,0,4,9],"texture":"#1"},"up":{"uv":[7,2,10,3],"texture":"#1"},"down":{"uv":[0,0,13,4],"texture":"#1"}}},{"name":"Cube","from":[20.5,17.9,3],"to":[21.8,18.7,4],"rotation":{"angle":-22.5,"axis":"z","origin":[8,8,8]},"faces":{"north":{"uv":[7,2,10,3],"texture":"#1"},"east":{"uv":[0,0,9,5],"texture":"#1"},"south":{"uv":[10,2,11,3],"texture":"#1"},"west":{"uv":[0,0,4,9],"texture":"#1"},"up":{"uv":[7,2,11,3],"texture":"#1"},"down":{"uv":[0,0,13,4],"texture":"#1"}}},{"name":"Cube","from":[16.6,22.35,3],"to":[18,23.15,4],"rotation":{"angle":-45,"axis":"z","origin":[8,8,8]},"faces":{"north":{"uv":[10,2,12,3],"texture":"#1"},"east":{"uv":[5,0,10,3],"texture":"#1"},"south":{"uv":[11,2,12,3],"texture":"#1"},"west":{"uv":[0,0,4,9],"texture":"#1"},"up":{"uv":[7,2,11,3],"texture":"#1"},"down":{"uv":[2,1,15,5],"texture":"#1"}}},{"name":"Cube","from":[25.02,3.35,3],"to":[25.82,4.55,4],"rotation":{"angle":22.5,"axis":"z","origin":[8,8,8]},"faces":{"north":{"uv":[10,2,13,3],"texture":"#1"},"east":{"uv":[2,4,3,7],"texture":"#1"},"south":{"uv":[11,2,12,1],"texture":"#1"},"west":{"uv":[11,8,12,11],"texture":"#1"},"up":{"uv":[5,2,11,3],"texture":"#1"},"down":{"uv":[0,0,13,4],"texture":"#1"}}},{"name":"Cube","from":[25.42,9.75,3],"to":[26.22,10.55,4],"faces":{"north":{"uv":[10,2,13,3],"texture":"#1"},"east":{"uv":[5,3,6,7],"texture":"#1"},"south":{"uv":[11,2,12,3],"texture":"#1"},"west":{"uv":[10,4,11,6],"texture":"#1"},"up":{"uv":[0,0,11,6],"texture":"#1"},"down":{"uv":[0,0,13,4],"texture":"#1"}}},{"name":"Cube","from":[23.36,15.81,3],"to":[24.16,16.61,4],"rotation":{"angle":-22.5,"axis":"z","origin":[8,8,8]},"faces":{"north":{"uv":[8,5,9,3],"texture":"#1"},"east":{"uv":[2,4,3,7],"texture":"#1"},"south":{"uv":[8,1,9,3],"texture":"#1"},"west":{"uv":[2,4,3,6],"texture":"#1"},"up":{"uv":[0,0,11,6],"texture":"#1"},"down":{"uv":[0,0,13,4],"texture":"#1"}}},{"name":"Cube","from":[19.16,20.61,3],"to":[19.96,21.41,4],"rotation":{"angle":-45,"axis":"z","origin":[8,8,8]},"faces":{"north":{"uv":[8,5,9,3],"texture":"#1"},"east":{"uv":[5,4,6,7],"texture":"#1"},"south":{"uv":[8,1,9,3],"texture":"#1"},"west":{"uv":[0,0,4,9],"texture":"#1"},"up":{"uv":[0,0,11,6],"texture":"#1"},"down":{"uv":[0,0,13,4],"texture":"#1"}}},{"name":"Cube","from":[24.56,8.41,3],"to":[25.36,9.21,4],"faces":{"north":{"uv":[8,5,9,3],"texture":"#1"},"east":{"uv":[5,0,10,3],"texture":"#1"},"south":{"uv":[8,1,9,3],"texture":"#1"},"west":{"uv":[2,4,3,6],"texture":"#1"},"up":{"uv":[8,2,11,3],"texture":"#1"},"down":{"uv":[0,0,13,4],"texture":"#1"}}},{"name":"Cube","from":[24.76,9.11,2.6],"to":[25.16,9.51,4.4],"faces":{"north":{"uv":[8,5,9,3],"texture":"#12"},"east":{"uv":[5,0,10,3],"texture":"#12"},"south":{"uv":[8,1,9,3],"texture":"#12"},"west":{"uv":[0,0,4,9],"texture":"#12"},"up":{"uv":[0,0,11,6],"texture":"#12"},"down":{"uv":[0,0,13,4],"texture":"#12"}}},{"name":"Cube","from":[24.76,7.91,2.6],"to":[25.16,9.11,2.8],"faces":{"north":{"uv":[8,5,9,3],"texture":"#12"},"east":{"uv":[5,0,10,3],"texture":"#12"},"south":{"uv":[8,1,9,3],"texture":"#12"},"west":{"uv":[0,0,4,9],"texture":"#12"},"up":{"uv":[0,0,11,6],"texture":"#12"},"down":{"uv":[0,0,13,4],"texture":"#12"}}},{"name":"Cube","from":[24.76,7.91,4.2],"to":[25.16,9.11,4.4],"faces":{"north":{"uv":[8,5,9,3],"texture":"#12"},"east":{"uv":[5,0,10,3],"texture":"#12"},"south":{"uv":[8,1,9,3],"texture":"#12"},"west":{"uv":[0,0,4,9],"texture":"#12"},"up":{"uv":[0,0,11,6],"texture":"#12"},"down":{"uv":[0,0,13,4],"texture":"#12"}}},{"name":"Cube","from":[23.86,7.71,2.3],"to":[26.06,8.01,4.5],"faces":{"north":{"uv":[8,5,9,3],"texture":"#12"},"east":{"uv":[5,0,10,3],"texture":"#12"},"south":{"uv":[8,1,9,3],"texture":"#12"},"west":{"uv":[0,0,4,9],"texture":"#12"},"up":{"uv":[0,0,11,6],"texture":"#12"},"down":{"uv":[0,0,13,4],"texture":"#12"}}},{"name":"Cube","from":[23.86,5.91,2.3],"to":[26.06,6.21,4.5],"faces":{"north":{"uv":[8,5,9,3],"texture":"#12"},"east":{"uv":[5,0,10,3],"texture":"#12"},"south":{"uv":[8,1,9,3],"texture":"#12"},"west":{"uv":[0,0,4,9],"texture":"#12"},"up":{"uv":[0,0,11,6],"texture":"#12"},"down":{"uv":[0,0,13,4],"texture":"#12"}}},{"name":"Cube","from":[23.96,5.21,2.4],"to":[25.96,5.91,4.4],"faces":{"north":{"uv":[8,5,9,3],"texture":"#13"},"east":{"uv":[5,0,10,3],"texture":"#13"},"south":{"uv":[8,1,9,3],"texture":"#13"},"west":{"uv":[0,0,4,9],"texture":"#13"},"up":{"uv":[0,0,11,6],"texture":"#13"},"down":{"uv":[0,0,13,4],"texture":"#13"}}},{"name":"Cube","from":[23.86,4.71,2.3],"to":[26.06,5.21,4.5],"faces":{"north":{"uv":[8,5,9,3],"texture":"#12"},"east":{"uv":[5,0,10,3],"texture":"#12"},"south":{"uv":[8,1,9,3],"texture":"#12"},"west":{"uv":[0,0,4,9],"texture":"#12"},"up":{"uv":[0,0,11,6],"texture":"#12"},"down":{"uv":[0,0,13,4],"texture":"#12"}}},{"name":"Cube","from":[2,-3.5,5.4],"to":[2.8,1.2,6.2],"rotation":{"angle":22.5,"axis":"x","origin":[8,8,8]},"faces":{"north":{"uv":[0,0,3,8],"texture":"#1"},"east":{"uv":[0,0,3,10],"texture":"#1"},"south":{"uv":[0,0,3,8],"texture":"#1"},"west":{"uv":[0,0,3,11],"texture":"#1"},"up":{"uv":[0,0,16,1],"texture":"#1"},"down":{"uv":[0,0,16,1],"texture":"#1"}}},{"name":"Cube","from":[13.5,-3.4,5.4],"to":[14.3,1.2,6.2],"rotation":{"angle":22.5,"axis":"x","origin":[8,8,8]},"faces":{"north":{"uv":[0,0,2,11],"texture":"#1"},"east":{"uv":[0,0,2,8],"texture":"#1"},"south":{"uv":[0,0,2,10],"texture":"#1"},"west":{"uv":[0,0,3,11],"texture":"#1"},"up":{"uv":[0,0,16,1],"texture":"#1"},"down":{"uv":[0,0,16,1],"texture":"#1"}}},{"name":"Cube","from":[-3.75,6.37,3],"to":[-2.95,7.87,4],"faces":{"north":{"uv":[0,0,5,1],"texture":"#1"},"east":{"uv":[0,0,1,1],"texture":"#1"},"south":{"uv":[0,0,5,1],"texture":"#1"},"west":{"uv":[0,0,1,1],"texture":"#1"},"up":{"uv":[0,0,16,1],"texture":"#1"},"down":{"uv":[0,0,16,1],"texture":"#1"}}},{"name":"Cube","from":[-2.97,12.05,3],"to":[-2.17,13.35,4],"rotation":{"angle":22.5,"axis":"z","origin":[8,8,8]},"faces":{"north":{"uv":[0,0,5,1],"texture":"#1"},"east":{"uv":[0,0,1,1],"texture":"#1"},"south":{"uv":[0,0,5,1],"texture":"#1"},"west":{"uv":[0,0,1,1],"texture":"#1"},"up":{"uv":[0,0,16,1],"texture":"#1"},"down":{"uv":[0,0,16,1],"texture":"#1"}}},{"name":"Cube","from":[-0.15,16.835,3],"to":[0.65,17.735,4],"rotation":{"angle":45,"axis":"z","origin":[8,8,8]},"faces":{"north":{"uv":[0,0,5,1],"texture":"#1"},"east":{"uv":[0,0,1,1],"texture":"#1"},"south":{"uv":[0,0,4,1],"texture":"#1"},"west":{"uv":[0,0,1,1],"texture":"#1"},"up":{"uv":[0,0,16,1],"texture":"#1"},"down":{"uv":[0,0,16,1],"texture":"#1"}}},{"name":"Cube","from":[5.5,6.9,12.9],"to":[5.8,7.2,13.3],"faces":{"north":{"uv":[0,0,16,1],"texture":"#0"},"east":{"uv":[0,0,1,1],"texture":"#0"},"south":{"uv":[0,5,11,6],"texture":"#0"},"west":{"uv":[0,0,1,1],"texture":"#0"},"up":{"uv":[0,0,16,1],"texture":"#0"},"down":{"uv":[0,0,16,1],"texture":"#0"}}},{"name":"Cube","from":[11.5,6.9,12.9],"to":[11.8,7.2,13.3],"faces":{"north":{"uv":[0,0,16,1],"texture":"#0"},"east":{"uv":[0,0,1,1],"texture":"#0"},"south":{"uv":[0,5,11,6],"texture":"#0"},"west":{"uv":[0,0,1,1],"texture":"#0"},"up":{"uv":[0,0,16,1],"texture":"#0"},"down":{"uv":[0,0,16,1],"texture":"#0"}}},{"name":"Cube","from":[5.3,7.2,13],"to":[6.02,7.4,13.2],"faces":{"north":{"uv":[0,0,16,1],"texture":"#15"},"east":{"uv":[0,0,1,1],"texture":"#15"},"south":{"uv":[0,5,11,6],"texture":"#15"},"west":{"uv":[0,0,1,1],"texture":"#15"},"up":{"uv":[0,0,16,1],"texture":"#15"},"down":{"uv":[0,0,16,1],"texture":"#15"}}},{"name":"Cube","from":[6.4,6.5,13],"to":[7.1,6.7,13.2],"rotation":{"angle":-22.5,"axis":"z","origin":[8,8,8]},"faces":{"north":{"uv":[0,0,16,1],"texture":"#15"},"east":{"uv":[0,0,1,1],"texture":"#15"},"south":{"uv":[0,5,11,6],"texture":"#15"},"west":{"uv":[0,0,1,1],"texture":"#15"},"up":{"uv":[0,0,16,1],"texture":"#15"},"down":{"uv":[0,0,16,1],"texture":"#15"}}},{"name":"Cube","from":[7.65,6.25,13],"to":[8.95,6.45,13.2],"rotation":{"angle":-45,"axis":"z","origin":[8,8,8]},"faces":{"north":{"uv":[0,0,16,1],"texture":"#15"},"east":{"uv":[0,0,1,1],"texture":"#15"},"south":{"uv":[0,5,11,6],"texture":"#15"},"west":{"uv":[0,0,1,1],"texture":"#15"},"up":{"uv":[0,0,16,1],"texture":"#15"},"down":{"uv":[0,0,16,1],"texture":"#15"}}},{"name":"Cube","from":[8.19,6.02,13],"to":[8.99,6.22,13.2],"rotation":{"angle":-22.5,"axis":"z","origin":[8,8,8]},"faces":{"north":{"uv":[0,0,16,1],"texture":"#15"},"east":{"uv":[0,0,1,1],"texture":"#15"},"south":{"uv":[0,5,11,6],"texture":"#15"},"west":{"uv":[0,0,1,1],"texture":"#15"},"up":{"uv":[0,0,16,1],"texture":"#15"},"down":{"uv":[0,0,16,1],"texture":"#15"}}},{"name":"Cube","from":[8.16,5.79,13],"to":[9.16,5.99,13.2],"faces":{"north":{"uv":[0,0,16,1],"texture":"#15"},"east":{"uv":[0,0,1,1],"texture":"#15"},"south":{"uv":[0,5,11,6],"texture":"#15"},"west":{"uv":[0,0,1,1],"texture":"#15"},"up":{"uv":[0,0,16,1],"texture":"#15"},"down":{"uv":[0,0,16,1],"texture":"#15"}}},{"name":"Cube","from":[11.3,7.2,13],"to":[12.08,7.4,13.2],"faces":{"north":{"uv":[0,0,16,1],"texture":"#15"},"east":{"uv":[0,0,1,1],"texture":"#15"},"south":{"uv":[0,5,11,6],"texture":"#15"},"west":{"uv":[0,0,1,1],"texture":"#15"},"up":{"uv":[0,0,16,1],"texture":"#15"},"down":{"uv":[0,0,16,1],"texture":"#15"}}},{"name":"Cube","from":[10.1,6,13],"to":[10.82,6.2,13.2],"rotation":{"angle":22.5,"axis":"z","origin":[8,8,8]},"faces":{"north":{"uv":[0,0,16,1],"texture":"#15"},"east":{"uv":[0,0,1,1],"texture":"#15"},"south":{"uv":[0,5,11,6],"texture":"#15"},"west":{"uv":[0,0,1,1],"texture":"#15"},"up":{"uv":[0,0,16,1],"texture":"#15"},"down":{"uv":[0,0,16,1],"texture":"#15"}}},{"name":"Cube","from":[7.95,5.35,13],"to":[9.25,5.55,13.2],"rotation":{"angle":45,"axis":"z","origin":[8,8,8]},"faces":{"north":{"uv":[0,0,16,1],"texture":"#15"},"east":{"uv":[0,0,1,1],"texture":"#15"},"south":{"uv":[0,5,11,6],"texture":"#15"},"west":{"uv":[0,0,1,1],"texture":"#15"},"up":{"uv":[0,0,16,1],"texture":"#15"},"down":{"uv":[0,0,16,1],"texture":"#15"}}},{"name":"Cube","from":[8.19,5.52,13],"to":[8.99,5.72,13.2],"rotation":{"angle":22.5,"axis":"z","origin":[8,8,8]},"faces":{"north":{"uv":[0,0,16,1],"texture":"#15"},"east":{"uv":[0,0,1,1],"texture":"#15"},"south":{"uv":[0,5,11,6],"texture":"#15"},"west":{"uv":[0,0,1,1],"texture":"#15"},"up":{"uv":[0,0,16,1],"texture":"#15"},"down":{"uv":[0,0,16,1],"texture":"#15"}}},{"name":"Cube","from":[8.66,5.69,13.1],"to":[8.76,5.79,13.2],"faces":{"north":{"uv":[0,0,16,1],"texture":"#15"},"east":{"uv":[0,0,1,1],"texture":"#15"},"south":{"uv":[0,5,11,6],"texture":"#15"},"west":{"uv":[0,0,1,1],"texture":"#15"},"up":{"uv":[0,0,16,1],"texture":"#15"},"down":{"uv":[0,0,16,1],"texture":"#15"}}},{"name":"Cube","from":[8.56,5.39,13],"to":[8.86,5.69,13.3],"faces":{"north":{"uv":[0,0,16,1],"texture":"#12"},"east":{"uv":[0,0,1,1],"texture":"#12"},"south":{"uv":[0,5,11,6],"texture":"#12"},"west":{"uv":[0,0,1,1],"texture":"#12"},"up":{"uv":[0,0,16,1],"texture":"#12"},"down":{"uv":[0,0,16,1],"texture":"#12"}}},{"name":"Cube","from":[9.96,6.09,13.1],"to":[10.06,6.39,13.2],"faces":{"north":{"uv":[0,0,16,1],"texture":"#15"},"east":{"uv":[0,0,1,1],"texture":"#15"},"south":{"uv":[0,5,11,6],"texture":"#15"},"west":{"uv":[0,0,1,1],"texture":"#15"},"up":{"uv":[0,0,16,1],"texture":"#15"},"down":{"uv":[0,0,16,1],"texture":"#15"}}},{"name":"Cube","from":[7.16,6.09,13.1],"to":[7.26,6.39,13.2],"faces":{"north":{"uv":[0,0,16,1],"texture":"#15"},"east":{"uv":[0,0,1,1],"texture":"#15"},"south":{"uv":[0,5,11,6],"texture":"#15"},"west":{"uv":[0,0,1,1],"texture":"#15"},"up":{"uv":[0,0,16,1],"texture":"#15"},"down":{"uv":[0,0,16,1],"texture":"#15"}}},{"name":"Cube","from":[6.16,6.89,13.1],"to":[6.26,7.19,13.2],"faces":{"north":{"uv":[0,0,16,1],"texture":"#15"},"east":{"uv":[0,0,1,1],"texture":"#15"},"south":{"uv":[0,5,11,6],"texture":"#15"},"west":{"uv":[0,0,1,1],"texture":"#15"},"up":{"uv":[0,0,16,1],"texture":"#15"},"down":{"uv":[0,0,16,1],"texture":"#15"}}},{"name":"Cube","from":[11.06,6.89,13.1],"to":[11.16,7.19,13.2],"faces":{"north":{"uv":[0,0,16,1],"texture":"#15"},"east":{"uv":[0,0,1,1],"texture":"#15"},"south":{"uv":[0,5,11,6],"texture":"#15"},"west":{"uv":[0,0,1,1],"texture":"#15"},"up":{"uv":[0,0,16,1],"texture":"#15"},"down":{"uv":[0,0,16,1],"texture":"#15"}}},{"name":"Cube","from":[9.86,5.79,13],"to":[10.16,6.09,13.3],"faces":{"north":{"uv":[0,0,16,1],"texture":"#12"},"east":{"uv":[0,0,1,1],"texture":"#12"},"south":{"uv":[0,5,11,6],"texture":"#12"},"west":{"uv":[0,0,1,1],"texture":"#12"},"up":{"uv":[0,0,16,1],"texture":"#12"},"down":{"uv":[0,0,16,1],"texture":"#12"}}},{"name":"Cube","from":[10.96,6.59,13],"to":[11.26,6.89,13.3],"faces":{"north":{"uv":[0,0,16,1],"texture":"#12"},"east":{"uv":[0,0,1,1],"texture":"#12"},"south":{"uv":[0,5,11,6],"texture":"#12"},"west":{"uv":[0,0,1,1],"texture":"#12"},"up":{"uv":[0,0,16,1],"texture":"#12"},"down":{"uv":[0,0,16,1],"texture":"#12"}}},{"name":"Cube","from":[7.06,5.79,13],"to":[7.36,6.09,13.3],"faces":{"north":{"uv":[0,0,16,1],"texture":"#12"},"east":{"uv":[0,0,1,1],"texture":"#12"},"south":{"uv":[0,5,11,6],"texture":"#12"},"west":{"uv":[0,0,1,1],"texture":"#12"},"up":{"uv":[0,0,16,1],"texture":"#12"},"down":{"uv":[0,0,16,1],"texture":"#12"}}},{"name":"Cube","from":[6.06,6.59,13],"to":[6.36,6.89,13.3],"faces":{"north":{"uv":[0,0,16,1],"texture":"#12"},"east":{"uv":[0,0,1,1],"texture":"#12"},"south":{"uv":[0,5,11,6],"texture":"#12"},"west":{"uv":[0,0,1,1],"texture":"#12"},"up":{"uv":[0,0,16,1],"texture":"#12"},"down":{"uv":[0,0,16,1],"texture":"#12"}}},{"name":"Cube","from":[12,8.8,13],"to":[12.92,9,13.2],"rotation":{"angle":-22.5,"axis":"z","origin":[8,8,8]},"faces":{"north":{"uv":[0,0,16,1],"texture":"#15"},"east":{"uv":[0,0,1,1],"texture":"#15"},"south":{"uv":[0,5,11,6],"texture":"#15"},"west":{"uv":[0,0,1,1],"texture":"#15"},"up":{"uv":[0,0,16,1],"texture":"#15"},"down":{"uv":[0,0,16,1],"texture":"#15"}}},{"name":"Cube","from":[12.1,10.6,13],"to":[13.02,10.8,13.2],"rotation":{"angle":-45,"axis":"z","origin":[8,8,8]},"faces":{"north":{"uv":[0,0,16,1],"texture":"#15"},"east":{"uv":[0,0,1,1],"texture":"#15"},"south":{"uv":[0,5,11,6],"texture":"#15"},"west":{"uv":[0,0,1,1],"texture":"#15"},"up":{"uv":[0,0,16,1],"texture":"#15"},"down":{"uv":[0,0,16,1],"texture":"#15"}}},{"name":"Cube","from":[13.6,8.5,13],"to":[14.92,8.7,13.2],"rotation":{"angle":-22.5,"axis":"z","origin":[8,8,8]},"faces":{"north":{"uv":[0,0,16,1],"texture":"#15"},"east":{"uv":[0,0,1,1],"texture":"#15"},"south":{"uv":[0,5,11,6],"texture":"#15"},"west":{"uv":[0,0,1,1],"texture":"#15"},"up":{"uv":[0,0,16,1],"texture":"#15"},"down":{"uv":[0,0,16,1],"texture":"#15"}}},{"name":"Cube","from":[14.6,5.8,13],"to":[15.72,6,13.2],"faces":{"north":{"uv":[0,0,16,1],"texture":"#15"},"east":{"uv":[0,0,1,1],"texture":"#15"},"south":{"uv":[0,5,11,6],"texture":"#15"},"west":{"uv":[0,0,1,1],"texture":"#15"},"up":{"uv":[0,0,16,1],"texture":"#15"},"down":{"uv":[0,0,16,1],"texture":"#15"}}},{"name":"Cube","from":[14.3,3,13],"to":[16.32,3.2,13.2],"rotation":{"angle":22.5,"axis":"z","origin":[8,8,8]},"faces":{"north":{"uv":[0,0,16,1],"texture":"#15"},"east":{"uv":[0,0,1,1],"texture":"#15"},"south":{"uv":[0,5,11,6],"texture":"#15"},"west":{"uv":[0,0,1,1],"texture":"#15"},"up":{"uv":[0,0,16,1],"texture":"#15"},"down":{"uv":[0,0,16,1],"texture":"#15"}}},{"name":"Cube","from":[13.7,0.2,13],"to":[15.62,0.4,13.2],"rotation":{"angle":45,"axis":"z","origin":[8,8,8]},"faces":{"north":{"uv":[0,0,16,1],"texture":"#15"},"east":{"uv":[0,0,1,1],"texture":"#15"},"south":{"uv":[0,5,11,6],"texture":"#15"},"west":{"uv":[0,0,1,1],"texture":"#15"},"up":{"uv":[0,0,16,1],"texture":"#15"},"down":{"uv":[0,0,16,1],"texture":"#15"}}},{"name":"Cube","from":[17.9,3.7,13],"to":[18.52,3.9,13.2],"rotation":{"angle":22.5,"axis":"z","origin":[8,8,8]},"faces":{"north":{"uv":[0,0,16,1],"texture":"#15"},"east":{"uv":[0,0,1,1],"texture":"#15"},"south":{"uv":[0,5,11,6],"texture":"#15"},"west":{"uv":[0,0,1,1],"texture":"#15"},"up":{"uv":[0,0,16,1],"texture":"#15"},"down":{"uv":[0,0,16,1],"texture":"#15"}}},{"name":"Cube","from":[19.3,8.04,13],"to":[20.12,8.24,13.2],"faces":{"north":{"uv":[0,0,16,1],"texture":"#15"},"east":{"uv":[0,0,1,1],"texture":"#15"},"south":{"uv":[0,5,11,6],"texture":"#15"},"west":{"uv":[0,0,1,1],"texture":"#15"},"up":{"uv":[0,0,16,1],"texture":"#15"},"down":{"uv":[0,0,16,1],"texture":"#15"}}},{"name":"Cube","from":[19.6,7.8,12.9],"to":[19.9,8.1,13.3],"faces":{"north":{"uv":[0,0,16,1],"texture":"#0"},"east":{"uv":[0,0,1,1],"texture":"#0"},"south":{"uv":[0,5,11,6],"texture":"#0"},"west":{"uv":[0,0,1,1],"texture":"#0"},"up":{"uv":[0,0,16,1],"texture":"#0"},"down":{"uv":[0,0,16,1],"texture":"#0"}}},{"name":"Cube","from":[12.16,6.89,13.1],"to":[12.26,7.19,13.2],"faces":{"north":{"uv":[0,0,16,1],"texture":"#15"},"east":{"uv":[0,0,1,1],"texture":"#15"},"south":{"uv":[0,5,11,6],"texture":"#15"},"west":{"uv":[0,0,1,1],"texture":"#15"},"up":{"uv":[0,0,16,1],"texture":"#15"},"down":{"uv":[0,0,16,1],"texture":"#15"}}},{"name":"Cube","from":[13.16,6.29,13.1],"to":[13.26,6.59,13.2],"faces":{"north":{"uv":[0,0,16,1],"texture":"#15"},"east":{"uv":[0,0,1,1],"texture":"#15"},"south":{"uv":[0,5,11,6],"texture":"#15"},"west":{"uv":[0,0,1,1],"texture":"#15"},"up":{"uv":[0,0,16,1],"texture":"#15"},"down":{"uv":[0,0,16,1],"texture":"#15"}}},{"name":"Cube","from":[14.16,5.79,13.1],"to":[14.26,6.09,13.2],"faces":{"north":{"uv":[0,0,16,1],"texture":"#15"},"east":{"uv":[0,0,1,1],"texture":"#15"},"south":{"uv":[0,5,11,6],"texture":"#15"},"west":{"uv":[0,0,1,1],"texture":"#15"},"up":{"uv":[0,0,16,1],"texture":"#15"},"down":{"uv":[0,0,16,1],"texture":"#15"}}},{"name":"Cube","from":[15.36,5.69,13.1],"to":[15.46,5.99,13.2],"faces":{"north":{"uv":[0,0,16,1],"texture":"#15"},"east":{"uv":[0,0,1,1],"texture":"#15"},"south":{"uv":[0,5,11,6],"texture":"#15"},"west":{"uv":[0,0,1,1],"texture":"#15"},"up":{"uv":[0,0,16,1],"texture":"#15"},"down":{"uv":[0,0,16,1],"texture":"#15"}}},{"name":"Cube","from":[16.66,6.09,13.1],"to":[16.76,6.39,13.2],"faces":{"north":{"uv":[0,0,16,1],"texture":"#15"},"east":{"uv":[0,0,1,1],"texture":"#15"},"south":{"uv":[0,5,11,6],"texture":"#15"},"west":{"uv":[0,0,1,1],"texture":"#15"},"up":{"uv":[0,0,16,1],"texture":"#15"},"down":{"uv":[0,0,16,1],"texture":"#15"}}},{"name":"Cube","from":[17.86,6.69,13.1],"to":[17.96,6.99,13.2],"faces":{"north":{"uv":[0,0,16,1],"texture":"#15"},"east":{"uv":[0,0,1,1],"texture":"#15"},"south":{"uv":[0,5,11,6],"texture":"#15"},"west":{"uv":[0,0,1,1],"texture":"#15"},"up":{"uv":[0,0,16,1],"texture":"#15"},"down":{"uv":[0,0,16,1],"texture":"#15"}}},{"name":"Cube","from":[18.86,7.69,13.1],"to":[18.96,7.99,13.2],"faces":{"north":{"uv":[0,0,16,1],"texture":"#15"},"east":{"uv":[0,0,1,1],"texture":"#15"},"south":{"uv":[0,5,11,6],"texture":"#15"},"west":{"uv":[0,0,1,1],"texture":"#15"},"up":{"uv":[0,0,16,1],"texture":"#15"},"down":{"uv":[0,0,16,1],"texture":"#15"}}},{"name":"Cube","from":[12.06,6.59,2.7],"to":[12.36,6.89,3],"faces":{"north":{"uv":[0,0,16,1],"texture":"#12"},"east":{"uv":[0,0,1,1],"texture":"#12"},"south":{"uv":[0,5,11,6],"texture":"#12"},"west":{"uv":[0,0,1,1],"texture":"#12"},"up":{"uv":[0,0,16,1],"texture":"#12"},"down":{"uv":[0,0,16,1],"texture":"#12"}}},{"name":"Cube","from":[13.06,5.99,13],"to":[13.36,6.29,13.3],"faces":{"north":{"uv":[0,0,16,1],"texture":"#12"},"east":{"uv":[0,0,1,1],"texture":"#12"},"south":{"uv":[0,5,11,6],"texture":"#12"},"west":{"uv":[0,0,1,1],"texture":"#12"},"up":{"uv":[0,0,16,1],"texture":"#12"},"down":{"uv":[0,0,16,1],"texture":"#12"}}},{"name":"Cube","from":[14.06,5.49,13],"to":[14.36,5.79,13.3],"faces":{"north":{"uv":[0,0,16,1],"texture":"#12"},"east":{"uv":[0,0,1,1],"texture":"#12"},"south":{"uv":[0,5,11,6],"texture":"#12"},"west":{"uv":[0,0,1,1],"texture":"#12"},"up":{"uv":[0,0,16,1],"texture":"#12"},"down":{"uv":[0,0,16,1],"texture":"#12"}}},{"name":"Cube","from":[15.26,5.39,13],"to":[15.56,5.69,13.3],"faces":{"north":{"uv":[0,0,16,1],"texture":"#12"},"east":{"uv":[0,0,1,1],"texture":"#12"},"south":{"uv":[0,5,11,6],"texture":"#12"},"west":{"uv":[0,0,1,1],"texture":"#12"},"up":{"uv":[0,0,16,1],"texture":"#12"},"down":{"uv":[0,0,16,1],"texture":"#12"}}},{"name":"Cube","from":[16.56,5.79,13],"to":[16.86,6.09,13.3],"faces":{"north":{"uv":[0,0,16,1],"texture":"#12"},"east":{"uv":[0,0,1,1],"texture":"#12"},"south":{"uv":[0,5,11,6],"texture":"#12"},"west":{"uv":[0,0,1,1],"texture":"#12"},"up":{"uv":[0,0,16,1],"texture":"#12"},"down":{"uv":[0,0,16,1],"texture":"#12"}}},{"name":"Cube","from":[17.76,6.39,13],"to":[18.06,6.69,13.3],"faces":{"north":{"uv":[0,0,16,1],"texture":"#12"},"east":{"uv":[0,0,1,1],"texture":"#12"},"south":{"uv":[0,5,11,6],"texture":"#12"},"west":{"uv":[0,0,1,1],"texture":"#12"},"up":{"uv":[0,0,16,1],"texture":"#12"},"down":{"uv":[0,0,16,1],"texture":"#12"}}},{"name":"Cube","from":[18.76,7.39,13],"to":[19.06,7.69,13.3],"faces":{"north":{"uv":[0,0,16,1],"texture":"#12"},"east":{"uv":[0,0,1,1],"texture":"#12"},"south":{"uv":[0,5,11,6],"texture":"#12"},"west":{"uv":[0,0,1,1],"texture":"#12"},"up":{"uv":[0,0,16,1],"texture":"#12"},"down":{"uv":[0,0,16,1],"texture":"#12"}}},{"name":"Cube","from":[5.5,6.9,2.7],"to":[5.8,7.2,3.1],"faces":{"north":{"uv":[0,0,16,1],"texture":"#0"},"east":{"uv":[0,0,1,1],"texture":"#0"},"south":{"uv":[0,5,11,6],"texture":"#0"},"west":{"uv":[0,0,1,1],"texture":"#0"},"up":{"uv":[0,0,16,1],"texture":"#0"},"down":{"uv":[0,0,16,1],"texture":"#0"}}},{"name":"Cube","from":[5.3,7.2,2.8],"to":[6.02,7.4,3],"faces":{"north":{"uv":[0,0,16,1],"texture":"#15"},"east":{"uv":[0,0,1,1],"texture":"#15"},"south":{"uv":[0,5,11,6],"texture":"#15"},"west":{"uv":[0,0,1,1],"texture":"#15"},"up":{"uv":[0,0,16,1],"texture":"#15"},"down":{"uv":[0,0,16,1],"texture":"#15"}}},{"name":"Cube","from":[6.4,6.5,2.8],"to":[7.1,6.7,3],"rotation":{"angle":-22.5,"axis":"z","origin":[8,8,8]},"faces":{"north":{"uv":[0,0,16,1],"texture":"#15"},"east":{"uv":[0,0,1,1],"texture":"#15"},"south":{"uv":[0,5,11,6],"texture":"#15"},"west":{"uv":[0,0,1,1],"texture":"#15"},"up":{"uv":[0,0,16,1],"texture":"#15"},"down":{"uv":[0,0,16,1],"texture":"#15"}}},{"name":"Cube","from":[7.65,6.25,2.8],"to":[8.95,6.45,3],"rotation":{"angle":-45,"axis":"z","origin":[8,8,8]},"faces":{"north":{"uv":[0,0,16,1],"texture":"#15"},"east":{"uv":[0,0,1,1],"texture":"#15"},"south":{"uv":[0,5,11,6],"texture":"#15"},"west":{"uv":[0,0,1,1],"texture":"#15"},"up":{"uv":[0,0,16,1],"texture":"#15"},"down":{"uv":[0,0,16,1],"texture":"#15"}}},{"name":"Cube","from":[8.19,6.02,2.8],"to":[8.99,6.22,3],"rotation":{"angle":-22.5,"axis":"z","origin":[8,8,8]},"faces":{"north":{"uv":[0,0,16,1],"texture":"#15"},"east":{"uv":[0,0,1,1],"texture":"#15"},"south":{"uv":[0,5,11,6],"texture":"#15"},"west":{"uv":[0,0,1,1],"texture":"#15"},"up":{"uv":[0,0,16,1],"texture":"#15"},"down":{"uv":[0,0,16,1],"texture":"#15"}}},{"name":"Cube","from":[8.16,5.79,2.8],"to":[9.16,5.99,3],"faces":{"north":{"uv":[0,0,16,1],"texture":"#15"},"east":{"uv":[0,0,1,1],"texture":"#15"},"south":{"uv":[0,5,11,6],"texture":"#15"},"west":{"uv":[0,0,1,1],"texture":"#15"},"up":{"uv":[0,0,16,1],"texture":"#15"},"down":{"uv":[0,0,16,1],"texture":"#15"}}},{"name":"Cube","from":[8.19,5.52,2.8],"to":[8.99,5.72,3],"rotation":{"angle":22.5,"axis":"z","origin":[8,8,8]},"faces":{"north":{"uv":[0,0,16,1],"texture":"#15"},"east":{"uv":[0,0,1,1],"texture":"#15"},"south":{"uv":[0,5,11,6],"texture":"#15"},"west":{"uv":[0,0,1,1],"texture":"#15"},"up":{"uv":[0,0,16,1],"texture":"#15"},"down":{"uv":[0,0,16,1],"texture":"#15"}}},{"name":"Cube","from":[7.95,5.35,2.8],"to":[9.25,5.55,3],"rotation":{"angle":45,"axis":"z","origin":[8,8,8]},"faces":{"north":{"uv":[0,0,16,1],"texture":"#15"},"east":{"uv":[0,0,1,1],"texture":"#15"},"south":{"uv":[0,5,11,6],"texture":"#15"},"west":{"uv":[0,0,1,1],"texture":"#15"},"up":{"uv":[0,0,16,1],"texture":"#15"},"down":{"uv":[0,0,16,1],"texture":"#15"}}},{"name":"Cube","from":[10.1,6,2.8],"to":[10.82,6.2,3],"rotation":{"angle":22.5,"axis":"z","origin":[8,8,8]},"faces":{"north":{"uv":[0,0,16,1],"texture":"#15"},"east":{"uv":[0,0,1,1],"texture":"#15"},"south":{"uv":[0,5,11,6],"texture":"#15"},"west":{"uv":[0,0,1,1],"texture":"#15"},"up":{"uv":[0,0,16,1],"texture":"#15"},"down":{"uv":[0,0,16,1],"texture":"#15"}}},{"name":"Cube","from":[11.3,7.2,2.8],"to":[12.08,7.4,3],"faces":{"north":{"uv":[0,0,16,1],"texture":"#15"},"east":{"uv":[0,0,1,1],"texture":"#15"},"south":{"uv":[0,5,11,6],"texture":"#15"},"west":{"uv":[0,0,1,1],"texture":"#15"},"up":{"uv":[0,0,16,1],"texture":"#15"},"down":{"uv":[0,0,16,1],"texture":"#15"}}},{"name":"Cube","from":[12,8.8,2.8],"to":[12.92,9,3],"rotation":{"angle":-22.5,"axis":"z","origin":[8,8,8]},"faces":{"north":{"uv":[0,0,16,1],"texture":"#15"},"east":{"uv":[0,0,1,1],"texture":"#15"},"south":{"uv":[0,5,11,6],"texture":"#15"},"west":{"uv":[0,0,1,1],"texture":"#15"},"up":{"uv":[0,0,16,1],"texture":"#15"},"down":{"uv":[0,0,16,1],"texture":"#15"}}},{"name":"Cube","from":[11.5,6.9,2.7],"to":[11.8,7.2,3.1],"faces":{"north":{"uv":[0,0,16,1],"texture":"#0"},"east":{"uv":[0,0,1,1],"texture":"#0"},"south":{"uv":[0,5,11,6],"texture":"#0"},"west":{"uv":[0,0,1,1],"texture":"#0"},"up":{"uv":[0,0,16,1],"texture":"#0"},"down":{"uv":[0,0,16,1],"texture":"#0"}}},{"name":"Cube","from":[6.16,6.89,2.81],"to":[6.26,7.19,2.91],"faces":{"north":{"uv":[0,0,16,1],"texture":"#15"},"east":{"uv":[0,0,1,1],"texture":"#15"},"south":{"uv":[0,5,11,6],"texture":"#15"},"west":{"uv":[0,0,1,1],"texture":"#15"},"up":{"uv":[0,0,16,1],"texture":"#15"},"down":{"uv":[0,0,16,1],"texture":"#15"}}},{"name":"Cube","from":[7.16,6.09,2.81],"to":[7.26,6.39,2.91],"faces":{"north":{"uv":[0,0,16,1],"texture":"#15"},"east":{"uv":[0,0,1,1],"texture":"#15"},"south":{"uv":[0,5,11,6],"texture":"#15"},"west":{"uv":[0,0,1,1],"texture":"#15"},"up":{"uv":[0,0,16,1],"texture":"#15"},"down":{"uv":[0,0,16,1],"texture":"#15"}}},{"name":"Cube","from":[8.66,5.69,2.81],"to":[8.76,5.79,2.91],"faces":{"north":{"uv":[0,0,16,1],"texture":"#15"},"east":{"uv":[0,0,1,1],"texture":"#15"},"south":{"uv":[0,5,11,6],"texture":"#15"},"west":{"uv":[0,0,1,1],"texture":"#15"},"up":{"uv":[0,0,16,1],"texture":"#15"},"down":{"uv":[0,0,16,1],"texture":"#15"}}},{"name":"Cube","from":[9.96,6.09,2.81],"to":[10.06,6.39,2.91],"faces":{"north":{"uv":[0,0,16,1],"texture":"#15"},"east":{"uv":[0,0,1,1],"texture":"#15"},"south":{"uv":[0,5,11,6],"texture":"#15"},"west":{"uv":[0,0,1,1],"texture":"#15"},"up":{"uv":[0,0,16,1],"texture":"#15"},"down":{"uv":[0,0,16,1],"texture":"#15"}}},{"name":"Cube","from":[11.06,6.89,2.81],"to":[11.16,7.19,2.91],"faces":{"north":{"uv":[0,0,16,1],"texture":"#15"},"east":{"uv":[0,0,1,1],"texture":"#15"},"south":{"uv":[0,5,11,6],"texture":"#15"},"west":{"uv":[0,0,1,1],"texture":"#15"},"up":{"uv":[0,0,16,1],"texture":"#15"},"down":{"uv":[0,0,16,1],"texture":"#15"}}},{"name":"Cube","from":[6.06,6.59,2.7],"to":[6.36,6.89,3],"faces":{"north":{"uv":[0,0,16,1],"texture":"#12"},"east":{"uv":[0,0,1,1],"texture":"#12"},"south":{"uv":[0,5,11,6],"texture":"#12"},"west":{"uv":[0,0,1,1],"texture":"#12"},"up":{"uv":[0,0,16,1],"texture":"#12"},"down":{"uv":[0,0,16,1],"texture":"#12"}}},{"name":"Cube","from":[5.96,6.49,2.6],"to":[6.46,6.64,3.1],"faces":{"north":{"uv":[0,0,16,1],"texture":"#13"},"east":{"uv":[0,0,1,1],"texture":"#13"},"south":{"uv":[0,5,11,6],"texture":"#13"},"west":{"uv":[0,0,1,1],"texture":"#13"},"up":{"uv":[0,0,16,1],"texture":"#13"},"down":{"uv":[0,0,16,1],"texture":"#13"}}},{"name":"Cube","from":[7.06,5.79,2.7],"to":[7.36,6.09,3],"faces":{"north":{"uv":[0,0,16,1],"texture":"#12"},"east":{"uv":[0,0,1,1],"texture":"#12"},"south":{"uv":[0,5,11,6],"texture":"#12"},"west":{"uv":[0,0,1,1],"texture":"#12"},"up":{"uv":[0,0,16,1],"texture":"#12"},"down":{"uv":[0,0,16,1],"texture":"#12"}}},{"name":"Cube","from":[6.96,5.69,2.6],"to":[7.46,5.84,3.1],"faces":{"north":{"uv":[0,0,16,1],"texture":"#13"},"east":{"uv":[0,0,1,1],"texture":"#13"},"south":{"uv":[0,5,11,6],"texture":"#13"},"west":{"uv":[0,0,1,1],"texture":"#13"},"up":{"uv":[0,0,16,1],"texture":"#13"},"down":{"uv":[0,0,16,1],"texture":"#13"}}},{"name":"Cube","from":[8.56,5.39,2.7],"to":[8.86,5.69,3],"faces":{"north":{"uv":[0,0,16,1],"texture":"#12"},"east":{"uv":[0,0,1,1],"texture":"#12"},"south":{"uv":[0,5,11,6],"texture":"#12"},"west":{"uv":[0,0,1,1],"texture":"#12"},"up":{"uv":[0,0,16,1],"texture":"#12"},"down":{"uv":[0,0,16,1],"texture":"#12"}}},{"name":"Cube","from":[8.46,5.29,2.6],"to":[8.96,5.44,3.1],"faces":{"north":{"uv":[0,0,16,1],"texture":"#13"},"east":{"uv":[0,0,1,1],"texture":"#13"},"south":{"uv":[0,5,11,6],"texture":"#13"},"west":{"uv":[0,0,1,1],"texture":"#13"},"up":{"uv":[0,0,16,1],"texture":"#13"},"down":{"uv":[0,0,16,1],"texture":"#13"}}},{"name":"Cube","from":[9.86,5.79,2.7],"to":[10.16,6.09,3],"faces":{"north":{"uv":[0,0,16,1],"texture":"#12"},"east":{"uv":[0,0,1,1],"texture":"#12"},"south":{"uv":[0,5,11,6],"texture":"#12"},"west":{"uv":[0,0,1,1],"texture":"#12"},"up":{"uv":[0,0,16,1],"texture":"#12"},"down":{"uv":[0,0,16,1],"texture":"#12"}}},{"name":"Cube","from":[9.76,5.69,2.6],"to":[10.26,5.84,3.1],"faces":{"north":{"uv":[0,0,16,1],"texture":"#13"},"east":{"uv":[0,0,1,1],"texture":"#13"},"south":{"uv":[0,5,11,6],"texture":"#13"},"west":{"uv":[0,0,1,1],"texture":"#13"},"up":{"uv":[0,0,16,1],"texture":"#13"},"down":{"uv":[0,0,16,1],"texture":"#13"}}},{"name":"Cube","from":[10.96,6.59,2.7],"to":[11.26,6.89,3],"faces":{"north":{"uv":[0,0,16,1],"texture":"#12"},"east":{"uv":[0,0,1,1],"texture":"#12"},"south":{"uv":[0,5,11,6],"texture":"#12"},"west":{"uv":[0,3,1,4],"texture":"#12"},"up":{"uv":[0,0,16,1],"texture":"#12"},"down":{"uv":[0,0,16,1],"texture":"#12"}}},{"name":"Cube","from":[10.86,6.49,2.6],"to":[11.36,6.64,3.1],"faces":{"north":{"uv":[0,0,16,1],"texture":"#13"},"east":{"uv":[0,0,1,1],"texture":"#13"},"south":{"uv":[0,5,11,6],"texture":"#13"},"west":{"uv":[0,0,1,1],"texture":"#13"},"up":{"uv":[0,0,16,1],"texture":"#13"},"down":{"uv":[0,0,16,1],"texture":"#13"}}},{"name":"Cube","from":[12.1,10.6,2.8],"to":[13.02,10.8,3],"rotation":{"angle":-45,"axis":"z","origin":[8,8,8]},"faces":{"north":{"uv":[0,0,16,1],"texture":"#15"},"east":{"uv":[0,0,1,1],"texture":"#15"},"south":{"uv":[0,5,11,6],"texture":"#15"},"west":{"uv":[0,0,1,1],"texture":"#15"},"up":{"uv":[0,0,16,1],"texture":"#15"},"down":{"uv":[0,0,16,1],"texture":"#15"}}},{"name":"Cube","from":[13.6,8.5,2.8],"to":[14.92,8.7,3],"rotation":{"angle":-22.5,"axis":"z","origin":[8,8,8]},"faces":{"north":{"uv":[0,0,16,1],"texture":"#15"},"east":{"uv":[0,0,1,1],"texture":"#15"},"south":{"uv":[0,5,11,6],"texture":"#15"},"west":{"uv":[0,0,1,1],"texture":"#15"},"up":{"uv":[0,0,16,1],"texture":"#15"},"down":{"uv":[0,0,16,1],"texture":"#15"}}},{"name":"Cube","from":[14.6,5.8,2.8],"to":[15.72,6,3],"faces":{"north":{"uv":[0,0,16,1],"texture":"#15"},"east":{"uv":[0,0,1,1],"texture":"#15"},"south":{"uv":[0,5,11,6],"texture":"#15"},"west":{"uv":[0,0,1,1],"texture":"#15"},"up":{"uv":[0,0,16,1],"texture":"#15"},"down":{"uv":[0,0,16,1],"texture":"#15"}}},{"name":"Cube","from":[14.3,3,2.8],"to":[16.32,3.2,3],"rotation":{"angle":22.5,"axis":"z","origin":[8,8,8]},"faces":{"north":{"uv":[0,0,16,1],"texture":"#15"},"east":{"uv":[0,0,1,1],"texture":"#15"},"south":{"uv":[0,5,11,6],"texture":"#15"},"west":{"uv":[0,0,1,1],"texture":"#15"},"up":{"uv":[0,0,16,1],"texture":"#15"},"down":{"uv":[0,0,16,1],"texture":"#15"}}},{"name":"Cube","from":[13.7,0.2,2.8],"to":[15.62,0.4,3],"rotation":{"angle":45,"axis":"z","origin":[8,8,8]},"faces":{"north":{"uv":[0,0,16,1],"texture":"#15"},"east":{"uv":[0,0,1,1],"texture":"#15"},"south":{"uv":[0,5,11,6],"texture":"#15"},"west":{"uv":[0,0,1,1],"texture":"#15"},"up":{"uv":[0,0,16,1],"texture":"#15"},"down":{"uv":[0,0,16,1],"texture":"#15"}}},{"name":"Cube","from":[17.9,3.7,2.8],"to":[18.52,3.9,3],"rotation":{"angle":22.5,"axis":"z","origin":[8,8,8]},"faces":{"north":{"uv":[0,0,16,1],"texture":"#15"},"east":{"uv":[0,0,1,1],"texture":"#15"},"south":{"uv":[0,5,11,6],"texture":"#15"},"west":{"uv":[0,0,1,1],"texture":"#15"},"up":{"uv":[0,0,16,1],"texture":"#15"},"down":{"uv":[0,0,16,1],"texture":"#15"}}},{"name":"Cube","from":[19.3,8.04,2.8],"to":[20.12,8.24,3],"faces":{"north":{"uv":[0,0,16,1],"texture":"#15"},"east":{"uv":[0,0,1,1],"texture":"#15"},"south":{"uv":[0,5,11,6],"texture":"#15"},"west":{"uv":[0,0,1,1],"texture":"#15"},"up":{"uv":[0,0,16,1],"texture":"#15"},"down":{"uv":[0,0,16,1],"texture":"#15"}}},{"name":"Cube","from":[19.6,7.8,2.7],"to":[19.9,8.1,3.1],"faces":{"north":{"uv":[0,0,16,1],"texture":"#0"},"east":{"uv":[0,0,1,1],"texture":"#0"},"south":{"uv":[0,5,11,6],"texture":"#0"},"west":{"uv":[0,0,1,1],"texture":"#0"},"up":{"uv":[0,0,16,1],"texture":"#0"},"down":{"uv":[0,0,16,1],"texture":"#0"}}},{"name":"Cube","from":[12.16,6.89,2.8],"to":[12.26,7.19,2.9],"faces":{"north":{"uv":[0,0,16,1],"texture":"#15"},"east":{"uv":[0,0,1,1],"texture":"#15"},"south":{"uv":[0,5,11,6],"texture":"#15"},"west":{"uv":[0,0,1,1],"texture":"#15"},"up":{"uv":[0,0,16,1],"texture":"#15"},"down":{"uv":[0,0,16,1],"texture":"#15"}}},{"name":"Cube","from":[13.16,6.29,2.8],"to":[13.26,6.59,2.9],"faces":{"north":{"uv":[0,0,16,1],"texture":"#15"},"east":{"uv":[0,0,1,1],"texture":"#15"},"south":{"uv":[0,5,11,6],"texture":"#15"},"west":{"uv":[0,0,1,1],"texture":"#15"},"up":{"uv":[0,0,16,1],"texture":"#15"},"down":{"uv":[0,0,16,1],"texture":"#15"}}},{"name":"Cube","from":[14.16,5.79,2.8],"to":[14.26,6.09,2.9],"faces":{"north":{"uv":[0,0,16,1],"texture":"#15"},"east":{"uv":[0,0,1,1],"texture":"#15"},"south":{"uv":[0,5,11,6],"texture":"#15"},"west":{"uv":[0,0,1,1],"texture":"#15"},"up":{"uv":[0,0,16,1],"texture":"#15"},"down":{"uv":[0,0,16,1],"texture":"#15"}}},{"name":"Cube","from":[15.36,5.69,2.8],"to":[15.46,5.99,2.9],"faces":{"north":{"uv":[0,0,16,1],"texture":"#15"},"east":{"uv":[0,0,1,1],"texture":"#15"},"south":{"uv":[0,5,11,6],"texture":"#15"},"west":{"uv":[0,0,1,1],"texture":"#15"},"up":{"uv":[0,0,16,1],"texture":"#15"},"down":{"uv":[0,0,16,1],"texture":"#15"}}},{"name":"Cube","from":[16.66,6.09,2.8],"to":[16.76,6.39,2.9],"faces":{"north":{"uv":[0,0,16,1],"texture":"#15"},"east":{"uv":[0,0,1,1],"texture":"#15"},"south":{"uv":[0,5,11,6],"texture":"#15"},"west":{"uv":[0,0,1,1],"texture":"#15"},"up":{"uv":[0,0,16,1],"texture":"#15"},"down":{"uv":[0,0,16,1],"texture":"#15"}}},{"name":"Cube","from":[17.86,6.69,2.8],"to":[17.96,6.99,2.9],"faces":{"north":{"uv":[0,0,16,1],"texture":"#15"},"east":{"uv":[0,0,1,1],"texture":"#15"},"south":{"uv":[0,5,11,6],"texture":"#15"},"west":{"uv":[0,0,1,1],"texture":"#15"},"up":{"uv":[0,0,16,1],"texture":"#15"},"down":{"uv":[0,0,16,1],"texture":"#15"}}},{"name":"Cube","from":[18.86,7.69,2.8],"to":[18.96,7.99,2.9],"faces":{"north":{"uv":[0,0,16,1],"texture":"#15"},"east":{"uv":[0,0,1,1],"texture":"#15"},"south":{"uv":[0,5,11,6],"texture":"#15"},"west":{"uv":[0,0,1,1],"texture":"#15"},"up":{"uv":[0,0,16,1],"texture":"#15"},"down":{"uv":[0,0,16,1],"texture":"#15"}}},{"name":"Cube","from":[12.06,6.59,13],"to":[12.36,6.89,13.3],"faces":{"north":{"uv":[0,0,16,1],"texture":"#12"},"east":{"uv":[0,0,1,1],"texture":"#12"},"south":{"uv":[0,5,11,6],"texture":"#12"},"west":{"uv":[0,0,1,1],"texture":"#12"},"up":{"uv":[0,0,16,1],"texture":"#12"},"down":{"uv":[0,0,16,1],"texture":"#12"}}},{"name":"Cube","from":[13.06,5.99,2.7],"to":[13.36,6.29,3],"faces":{"north":{"uv":[0,0,16,1],"texture":"#12"},"east":{"uv":[0,0,1,1],"texture":"#12"},"south":{"uv":[0,5,11,6],"texture":"#12"},"west":{"uv":[0,0,1,1],"texture":"#12"},"up":{"uv":[0,0,16,1],"texture":"#12"},"down":{"uv":[0,0,16,1],"texture":"#12"}}},{"name":"Cube","from":[14.06,5.59,2.7],"to":[14.36,5.89,3],"faces":{"north":{"uv":[0,0,16,1],"texture":"#12"},"east":{"uv":[0,0,1,1],"texture":"#12"},"south":{"uv":[0,5,11,6],"texture":"#12"},"west":{"uv":[0,0,1,1],"texture":"#12"},"up":{"uv":[0,0,16,1],"texture":"#12"},"down":{"uv":[0,0,16,1],"texture":"#12"}}},{"name":"Cube","from":[15.26,5.39,2.7],"to":[15.56,5.69,3],"faces":{"north":{"uv":[0,0,16,1],"texture":"#12"},"east":{"uv":[0,0,1,1],"texture":"#12"},"south":{"uv":[0,5,11,6],"texture":"#12"},"west":{"uv":[0,0,1,1],"texture":"#12"},"up":{"uv":[0,0,16,1],"texture":"#12"},"down":{"uv":[0,0,16,1],"texture":"#12"}}},{"name":"Cube","from":[16.56,5.79,2.7],"to":[16.86,6.09,3],"faces":{"north":{"uv":[0,0,16,1],"texture":"#12"},"east":{"uv":[0,0,1,1],"texture":"#12"},"south":{"uv":[0,5,11,6],"texture":"#12"},"west":{"uv":[0,0,1,1],"texture":"#12"},"up":{"uv":[0,0,16,1],"texture":"#12"},"down":{"uv":[0,0,16,1],"texture":"#12"}}},{"name":"Cube","from":[17.76,6.39,2.7],"to":[18.06,6.69,3],"faces":{"north":{"uv":[0,0,16,1],"texture":"#12"},"east":{"uv":[0,0,1,1],"texture":"#12"},"south":{"uv":[0,5,11,6],"texture":"#12"},"west":{"uv":[0,0,1,1],"texture":"#12"},"up":{"uv":[0,0,16,1],"texture":"#12"},"down":{"uv":[0,0,16,1],"texture":"#12"}}},{"name":"Cube","from":[18.76,7.39,2.7],"to":[19.06,7.69,3],"faces":{"north":{"uv":[0,0,16,1],"texture":"#12"},"east":{"uv":[0,0,1,1],"texture":"#12"},"south":{"uv":[0,5,11,6],"texture":"#12"},"west":{"uv":[0,0,1,1],"texture":"#12"},"up":{"uv":[0,0,16,1],"texture":"#12"},"down":{"uv":[0,0,16,1],"texture":"#12"}}},{"name":"Cube","from":[11.96,6.49,2.6],"to":[12.46,6.64,3.1],"faces":{"north":{"uv":[0,0,16,1],"texture":"#13"},"east":{"uv":[0,0,1,1],"texture":"#13"},"south":{"uv":[0,5,11,6],"texture":"#13"},"west":{"uv":[0,0,1,1],"texture":"#13"},"up":{"uv":[0,0,16,1],"texture":"#13"},"down":{"uv":[0,0,16,1],"texture":"#13"}}},{"name":"Cube","from":[12.96,5.89,2.6],"to":[13.46,6.04,3.1],"faces":{"north":{"uv":[0,0,16,1],"texture":"#13"},"east":{"uv":[0,0,1,1],"texture":"#13"},"south":{"uv":[0,5,11,6],"texture":"#13"},"west":{"uv":[0,0,1,1],"texture":"#13"},"up":{"uv":[0,0,16,1],"texture":"#13"},"down":{"uv":[0,0,16,1],"texture":"#13"}}},{"name":"Cube","from":[13.96,5.49,2.6],"to":[14.46,5.64,3.1],"faces":{"north":{"uv":[0,0,16,1],"texture":"#13"},"east":{"uv":[0,0,1,1],"texture":"#13"},"south":{"uv":[0,5,11,6],"texture":"#13"},"west":{"uv":[0,0,1,1],"texture":"#13"},"up":{"uv":[0,0,16,1],"texture":"#13"},"down":{"uv":[0,0,16,1],"texture":"#13"}}},{"name":"Cube","from":[15.16,5.29,2.6],"to":[15.66,5.44,3.1],"faces":{"north":{"uv":[0,0,16,1],"texture":"#13"},"east":{"uv":[0,0,1,1],"texture":"#13"},"south":{"uv":[0,5,11,6],"texture":"#13"},"west":{"uv":[0,0,1,1],"texture":"#13"},"up":{"uv":[0,0,16,1],"texture":"#13"},"down":{"uv":[0,0,16,1],"texture":"#13"}}},{"name":"Cube","from":[16.46,5.69,2.6],"to":[16.96,5.84,3.1],"faces":{"north":{"uv":[0,0,16,1],"texture":"#13"},"east":{"uv":[0,0,1,1],"texture":"#13"},"south":{"uv":[0,5,11,6],"texture":"#13"},"west":{"uv":[0,0,1,1],"texture":"#13"},"up":{"uv":[0,0,16,1],"texture":"#13"},"down":{"uv":[0,0,16,1],"texture":"#13"}}},{"name":"Cube","from":[17.66,6.29,2.6],"to":[18.16,6.44,3.1],"faces":{"north":{"uv":[0,0,16,1],"texture":"#13"},"east":{"uv":[0,0,1,1],"texture":"#13"},"south":{"uv":[0,5,11,6],"texture":"#13"},"west":{"uv":[0,0,1,1],"texture":"#13"},"up":{"uv":[0,0,16,1],"texture":"#13"},"down":{"uv":[0,0,16,1],"texture":"#13"}}},{"name":"Cube","from":[18.66,7.29,2.6],"to":[19.16,7.44,3.1],"faces":{"north":{"uv":[0,0,16,1],"texture":"#13"},"east":{"uv":[0,0,1,1],"texture":"#13"},"south":{"uv":[0,5,11,6],"texture":"#13"},"west":{"uv":[0,0,1,1],"texture":"#13"},"up":{"uv":[0,0,16,1],"texture":"#13"},"down":{"uv":[0,0,16,1],"texture":"#13"}}},{"name":"Cube","from":[12.1,5.7,4.1],"to":[12.8,7,5.1],"rotation":{"angle":22.5,"axis":"x","origin":[8,8,8]},"faces":{"north":{"uv":[0,0,6,2],"texture":"#1"},"east":{"uv":[0,0,5,4],"texture":"#1"},"south":{"uv":[0,5,3,8],"texture":"#1"},"west":{"uv":[0,0,5,2],"texture":"#1"},"up":{"uv":[4,2,6,9],"texture":"#1"},"down":{"uv":[0,0,16,1],"texture":"#1"}}},{"name":"Cube","from":[12.1,5.7,10.9],"to":[12.8,7,11.9],"rotation":{"angle":-22.5,"axis":"x","origin":[8,8,8]},"faces":{"north":{"uv":[0,0,6,2],"texture":"#1"},"east":{"uv":[0,0,5,4],"texture":"#1"},"south":{"uv":[0,5,3,8],"texture":"#1"},"west":{"uv":[0,0,5,2],"texture":"#1"},"up":{"uv":[4,2,6,9],"texture":"#1"},"down":{"uv":[0,0,16,1],"texture":"#1"}}},{"name":"Cube","from":[13.2,4.6,5.7],"to":[15.6,7,8.1],"faces":{"north":{"uv":[0,0,3,3],"texture":"#13"},"east":{"uv":[0,0,3,3],"texture":"#13"},"south":{"uv":[0,0,3,3],"texture":"#13"},"west":{"uv":[0,0,3,3],"texture":"#13"},"up":{"uv":[0,0,3,3],"texture":"#13"},"down":{"uv":[0,0,3,3],"texture":"#13"}}},{"name":"Cube","from":[13.4,4.6,6],"to":[15.8,7,8.4],"rotation":{"angle":-22.5,"axis":"y","origin":[8,8,8]},"faces":{"north":{"uv":[0,0,3,3],"texture":"#16"},"east":{"uv":[0,0,3,3],"texture":"#16"},"south":{"uv":[0,0,3,3],"texture":"#16"},"west":{"uv":[0,0,3,3],"texture":"#16"},"up":{"uv":[0,0,3,3],"texture":"#16"},"down":{"uv":[0,0,3,3],"texture":"#16"}}},{"name":"Cube","from":[14,5,5.6],"to":[14.8,7.1,8.2],"faces":{"north":{"uv":[0,0,1.1,3.1],"texture":"#6"},"east":{"uv":[0,0,1,3.1],"texture":"#6"},"south":{"uv":[0,0,1.1,3.1],"texture":"#6"},"west":{"uv":[0,0,1,3.1],"texture":"#6"},"up":{"uv":[0,0,1.1,1],"texture":"#6"},"down":{"uv":[0,0,1.1,1],"texture":"#6"}}},{"name":"Cube","from":[14.2,5,5.9],"to":[15,7.1,8.5],"rotation":{"angle":-22.5,"axis":"y","origin":[8,8,8]},"faces":{"north":{"uv":[0,0,1.1,3.1],"texture":"#17"},"east":{"uv":[0,0,1,3.1],"texture":"#17"},"south":{"uv":[0,0,1.1,3.1],"texture":"#17"},"west":{"uv":[0,0,1,3.1],"texture":"#17"},"up":{"uv":[0,0,1.1,1],"texture":"#17"},"down":{"uv":[0,0,1.1,1],"texture":"#17"}}},{"name":"Cube","from":[15,5,6.8],"to":[15.9,7.1,7.6],"rotation":{"angle":-22.5,"axis":"y","origin":[8,8,8]},"faces":{"north":{"uv":[0,0,1.1,3.1],"texture":"#17"},"east":{"uv":[0,0,1,3.1],"texture":"#17"},"south":{"uv":[0,0,1.1,3.1],"texture":"#17"},"west":{"uv":[0,0,1,3.1],"texture":"#17"},"up":{"uv":[0,0,1.1,1],"texture":"#17"},"down":{"uv":[0,0,1.1,1],"texture":"#17"}}},{"name":"Cube","from":[13.3,5,6.8],"to":[14.2,7.1,7.6],"rotation":{"angle":-22.5,"axis":"y","origin":[8,8,8]},"faces":{"north":{"uv":[0,0,1.1,3.1],"texture":"#17"},"east":{"uv":[0,0,1,3.1],"texture":"#17"},"south":{"uv":[0,0,1.1,3.1],"texture":"#17"},"west":{"uv":[0,0,1,3.1],"texture":"#17"},"up":{"uv":[0,0,1.1,1],"texture":"#17"},"down":{"uv":[0,0,1.1,1],"texture":"#17"}}},{"name":"Cube","from":[14.8,5,6.5],"to":[15.7,7.1,7.3],"faces":{"north":{"uv":[0,0,1.1,3.1],"texture":"#6"},"east":{"uv":[0,0,1,3.1],"texture":"#6"},"south":{"uv":[0,0,1.1,3.1],"texture":"#6"},"west":{"uv":[0,0,1,3.1],"texture":"#6"},"up":{"uv":[0,0,1.1,1],"texture":"#6"},"down":{"uv":[0,0,1.1,1],"texture":"#6"}}},{"name":"Cube","from":[13.1,5,6.5],"to":[14,7.1,7.3],"faces":{"north":{"uv":[0,0,1.1,3.1],"texture":"#6"},"east":{"uv":[0,0,1,3.1],"texture":"#6"},"south":{"uv":[0,0,1.1,3.1],"texture":"#6"},"west":{"uv":[0,0,1,3.1],"texture":"#6"},"up":{"uv":[0,0,1.1,1],"texture":"#6"},"down":{"uv":[0,0,1.1,1],"texture":"#6"}}},{"name":"Cube","from":[5.96,6.49,12.9],"to":[6.46,6.64,13.4],"faces":{"north":{"uv":[0,0,16,1],"texture":"#13"},"east":{"uv":[0,0,1,1],"texture":"#13"},"south":{"uv":[0,5,11,6],"texture":"#13"},"west":{"uv":[0,0,1,1],"texture":"#13"},"up":{"uv":[0,0,16,1],"texture":"#13"},"down":{"uv":[0,0,16,1],"texture":"#13"}}},{"name":"Cube","from":[6.96,5.69,12.9],"to":[7.46,5.84,13.4],"faces":{"north":{"uv":[0,0,16,1],"texture":"#13"},"east":{"uv":[0,0,1,1],"texture":"#13"},"south":{"uv":[0,5,11,6],"texture":"#13"},"west":{"uv":[0,0,1,1],"texture":"#13"},"up":{"uv":[0,0,16,1],"texture":"#13"},"down":{"uv":[0,0,16,1],"texture":"#13"}}},{"name":"Cube","from":[8.46,5.29,12.9],"to":[8.96,5.44,13.4],"faces":{"north":{"uv":[0,0,16,1],"texture":"#13"},"east":{"uv":[0,0,1,1],"texture":"#13"},"south":{"uv":[0,5,11,6],"texture":"#13"},"west":{"uv":[0,0,1,1],"texture":"#13"},"up":{"uv":[0,0,16,1],"texture":"#13"},"down":{"uv":[0,0,16,1],"texture":"#13"}}},{"name":"Cube","from":[9.76,5.69,12.9],"to":[10.26,5.84,13.4],"faces":{"north":{"uv":[0,0,16,1],"texture":"#13"},"east":{"uv":[0,0,1,1],"texture":"#13"},"south":{"uv":[0,5,11,6],"texture":"#13"},"west":{"uv":[0,0,1,1],"texture":"#13"},"up":{"uv":[0,0,16,1],"texture":"#13"},"down":{"uv":[0,0,16,1],"texture":"#13"}}},{"name":"Cube","from":[10.86,6.49,12.9],"to":[11.36,6.64,13.4],"faces":{"north":{"uv":[0,0,16,1],"texture":"#13"},"east":{"uv":[0,0,1,1],"texture":"#13"},"south":{"uv":[0,5,11,6],"texture":"#13"},"west":{"uv":[0,0,1,1],"texture":"#13"},"up":{"uv":[0,0,16,1],"texture":"#13"},"down":{"uv":[0,0,16,1],"texture":"#13"}}},{"name":"Cube","from":[11.96,6.49,12.9],"to":[12.46,6.64,13.4],"faces":{"north":{"uv":[0,0,16,1],"texture":"#13"},"east":{"uv":[0,0,1,1],"texture":"#13"},"south":{"uv":[0,5,11,6],"texture":"#13"},"west":{"uv":[0,0,1,1],"texture":"#13"},"up":{"uv":[0,0,16,1],"texture":"#13"},"down":{"uv":[0,0,16,1],"texture":"#13"}}},{"name":"Cube","from":[12.96,5.89,12.9],"to":[13.46,6.04,13.4],"faces":{"north":{"uv":[0,0,16,1],"texture":"#13"},"east":{"uv":[0,0,1,1],"texture":"#13"},"south":{"uv":[0,5,11,6],"texture":"#13"},"west":{"uv":[0,0,1,1],"texture":"#13"},"up":{"uv":[0,0,16,1],"texture":"#13"},"down":{"uv":[0,0,16,1],"texture":"#13"}}},{"name":"Cube","from":[13.96,5.39,12.9],"to":[14.46,5.54,13.4],"faces":{"north":{"uv":[0,0,16,1],"texture":"#13"},"east":{"uv":[0,0,1,1],"texture":"#13"},"south":{"uv":[0,5,11,6],"texture":"#13"},"west":{"uv":[0,0,1,1],"texture":"#13"},"up":{"uv":[0,0,16,1],"texture":"#13"},"down":{"uv":[0,0,16,1],"texture":"#13"}}},{"name":"Cube","from":[15.16,5.29,12.9],"to":[15.66,5.44,13.4],"faces":{"north":{"uv":[0,0,16,1],"texture":"#13"},"east":{"uv":[0,0,1,1],"texture":"#13"},"south":{"uv":[0,5,11,6],"texture":"#13"},"west":{"uv":[0,0,1,1],"texture":"#13"},"up":{"uv":[0,0,16,1],"texture":"#13"},"down":{"uv":[0,0,16,1],"texture":"#13"}}},{"name":"Cube","from":[16.46,5.69,12.9],"to":[16.96,5.84,13.4],"faces":{"north":{"uv":[0,0,16,1],"texture":"#13"},"east":{"uv":[0,0,1,1],"texture":"#13"},"south":{"uv":[0,5,11,6],"texture":"#13"},"west":{"uv":[0,0,1,1],"texture":"#13"},"up":{"uv":[0,0,16,1],"texture":"#13"},"down":{"uv":[0,0,16,1],"texture":"#13"}}},{"name":"Cube","from":[17.66,6.29,12.9],"to":[18.16,6.44,13.4],"faces":{"north":{"uv":[0,0,16,1],"texture":"#13"},"east":{"uv":[0,0,1,1],"texture":"#13"},"south":{"uv":[0,5,11,6],"texture":"#13"},"west":{"uv":[0,0,1,1],"texture":"#13"},"up":{"uv":[0,0,16,1],"texture":"#13"},"down":{"uv":[0,0,16,1],"texture":"#13"}}},{"name":"Cube","from":[18.66,7.29,12.9],"to":[19.16,7.44,13.4],"faces":{"north":{"uv":[0,0,16,1],"texture":"#13"},"east":{"uv":[0,0,1,1],"texture":"#13"},"south":{"uv":[0,5,11,6],"texture":"#13"},"west":{"uv":[0,0,1,1],"texture":"#13"},"up":{"uv":[0,0,16,1],"texture":"#13"},"down":{"uv":[0,0,16,1],"texture":"#13"}}},{"name":"Cube","from":[24.06,6.26,2.5],"to":[25.86,7.71,4.3],"faces":{"north":{"uv":[0,0,16,16],"texture":"#14"},"east":{"uv":[0,0,16,16],"texture":"#14"},"south":{"uv":[0,0,16,16],"texture":"#14"},"west":{"uv":[0,0,16,16],"texture":"#14"},"up":{"uv":[0,0,11,6],"texture":"#14"},"down":{"uv":[0,0,13,4],"texture":"#14"}}},{"name":"Cube","from":[24.06,6.26,11.5],"to":[25.86,7.71,13.3],"faces":{"north":{"uv":[0,0,16,16],"texture":"#14"},"east":{"uv":[0,0,16,16],"texture":"#14"},"south":{"uv":[0,0,16,16],"texture":"#14"},"west":{"uv":[0,0,16,16],"texture":"#14"},"up":{"uv":[0,0,11,6],"texture":"#14"},"down":{"uv":[0,0,13,4],"texture":"#14"}}}],"display":{"gui":{"rotation":[15,60,0],"translation":[-0.5,0,0],"scale":[0.4,0.4,0.4]},"head":{"rotation":[0,-90,0],"translation":[0,10,-5],"scale":[2.3,2.3,2.3]}},"credit":"Model by Craftventure"}