{"textures":{"0":"block/spongebob-brood","1":"block/bone_block_top","2":"block/brown_concrete_powder","3":"block/yellow_terracotta","4":"block/lime_terracotta","5":"block/spongebob-brood","6":"block/anvil","7":"block/yellow_terracotta","8":"block/red_terracotta","9":"block/white_stained_glass","10":"block/yellow_concrete","11":"block/iron_block","12":"block/red_terracotta","13":"block/anvil","14":"block/iron_block","15":"block/lime_terracotta","16":"block/green_terracotta"},"elements":[{"name":"Cube","from":[-6.0,-3.0,0.0],"to":[22.0,0.0,16.0],"faces":{"north":{"texture":"#0","uv":[0.0,5.0,16.0,8.0]},"east":{"texture":"#0","uv":[0.0,6.0,16.0,9.0]},"south":{"texture":"#0","uv":[0.0,0.0,15.0,7.0]},"west":{"texture":"#0","uv":[0.0,3.0,16.0,6.0]},"up":{"texture":"#0","uv":[0.0,0.0,16.0,16.0]},"down":{"texture":"#0","uv":[0.0,0.0,16.0,16.0]}}},{"name":"Cube","from":[0.0,-3.0,16.0],"to":[16.0,0.0,22.0],"faces":{"north":{"texture":"#0","uv":[0.0,5.0,16.0,8.0]},"east":{"texture":"#0","uv":[0.0,0.0,6.0,3.0]},"south":{"texture":"#0","uv":[0.0,6.0,16.0,9.0]},"west":{"texture":"#0","uv":[0.0,0.0,6.0,3.0]},"up":{"texture":"#0","uv":[0.0,0.0,16.0,6.0]},"down":{"texture":"#0","uv":[0.0,0.0,16.0,6.0]}}},{"name":"Cube","from":[0.0,-3.0,-6.0],"to":[16.0,0.0,0.0],"faces":{"north":{"texture":"#0","uv":[1.0,3.0,16.0,6.0]},"east":{"texture":"#0","uv":[0.0,0.0,6.0,3.0]},"south":{"texture":"#0","uv":[0.0,4.0,16.0,7.0]},"west":{"texture":"#0","uv":[4.0,6.0,10.0,9.0]},"up":{"texture":"#0","uv":[0.0,4.0,16.0,10.0]},"down":{"texture":"#0","uv":[0.0,0.0,16.0,6.0]}}},{"name":"Cube","from":[3.7999999821186066,-3.0,17.600000008940697],"to":[12.199999988079071,0.0,23.600000008940697],"rotation":{"origin":[8.0,8.0,8.0],"axis":"y","angle":-45.0},"faces":{"north":{"texture":"#0","uv":[0.0,0.0,8.4000000059604645,3.0]},"east":{"texture":"#0","uv":[0.0,0.0,6.0,3.0]},"south":{"texture":"#0","uv":[0.0,0.0,8.4000000059604645,3.0]},"west":{"texture":"#0","uv":[0.0,0.0,6.0,3.0]},"up":{"texture":"#0","uv":[0.0,0.0,8.4000000059604645,6.0]},"down":{"texture":"#0","uv":[0.0,0.0,8.4000000059604645,6.0]}}},{"name":"Cube","from":[3.7999999821186066,-3.0,-7.5999999940395355],"to":[12.199999988079071,0.0,-1.5999999940395355],"rotation":{"origin":[8.0,8.0,8.0],"axis":"y","angle":-45.0},"faces":{"north":{"texture":"#0","uv":[5.0,3.0,13.400000005960465,6.0]},"east":{"texture":"#0","uv":[8.0,3.0,14.0,6.0]},"south":{"texture":"#0","uv":[4.0,5.0,12.400000005960465,8.0]},"west":{"texture":"#0","uv":[8.0,3.0,14.0,6.0]},"up":{"texture":"#0","uv":[0.0,0.0,8.4000000059604645,6.0]},"down":{"texture":"#0","uv":[0.0,0.0,8.4000000059604645,6.0]}}},{"name":"Cube","from":[3.7999999821186066,-3.0,-7.5999999940395355],"to":[12.199999988079071,0.0,-1.5999999940395355],"rotation":{"origin":[8.0,8.0,8.0],"axis":"y","angle":45.0},"faces":{"north":{"texture":"#0","uv":[0.0,0.0,8.4000000059604645,3.0]},"east":{"texture":"#0","uv":[0.0,0.0,6.0,3.0]},"south":{"texture":"#0","uv":[0.0,0.0,8.4000000059604645,3.0]},"west":{"texture":"#0","uv":[0.0,0.0,6.0,3.0]},"up":{"texture":"#0","uv":[0.0,0.0,8.4000000059604645,6.0]},"down":{"texture":"#0","uv":[0.0,0.0,8.4000000059604645,6.0]}}},{"name":"Cube","from":[3.7999999821186066,-3.0,17.600000008940697],"to":[12.199999988079071,0.0,23.600000008940697],"rotation":{"origin":[8.0,8.0,8.0],"axis":"y","angle":45.0},"faces":{"north":{"texture":"#0","uv":[0.0,0.0,8.4000000059604645,3.0]},"east":{"texture":"#0","uv":[0.0,0.0,6.0,3.0]},"south":{"texture":"#0","uv":[0.0,0.0,8.4000000059604645,3.0]},"west":{"texture":"#0","uv":[0.0,0.0,6.0,3.0]},"up":{"texture":"#0","uv":[0.0,0.0,8.4000000059604645,6.0]},"down":{"texture":"#0","uv":[0.0,0.0,8.4000000059604645,6.0]}}},{"name":"Cube","from":[22.0,-2.6999999955296516,6.0],"to":[22.199999988079071,-0.69999999552965164,10.0],"faces":{"north":{"texture":"#1","uv":[0.0,0.0,0.19999998807907105,2.0]},"east":{"texture":"#1","uv":[0.0,0.0,4.0,2.0]},"south":{"texture":"#1","uv":[0.0,0.0,0.19999998807907105,2.0]},"west":{"texture":"#1","uv":[0.0,0.0,4.0,2.0]},"up":{"texture":"#1","uv":[0.0,0.0,0.19999998807907105,4.0]},"down":{"texture":"#1","uv":[0.0,0.0,0.19999998807907105,4.0]}}},{"name":"Cube","from":[-6.3000000044703484,0.0,0.0],"to":[22.300000004470348,2.0,16.0],"faces":{"north":{"texture":"#2","uv":[0.0,5.0,15.600000008940697,7.0]},"east":{"texture":"#2","uv":[0.0,6.0,16.0,8.0]},"south":{"texture":"#2","uv":[0.0,0.0,16.0,7.0]},"west":{"texture":"#2","uv":[0.0,3.0,16.0,5.0]},"up":{"texture":"#2","uv":[0.0,0.0,15.600000008940697,16.0]},"down":{"texture":"#2","uv":[0.0,0.0,15.600000008940697,16.0]}}},{"name":"Cube","from":[3.5999999791383743,0.0,17.600000008940697],"to":[12.299999989569187,2.0,23.800000011920929],"rotation":{"origin":[8.0,8.0,8.0],"axis":"y","angle":45.0},"faces":{"north":{"texture":"#2","uv":[0.0,0.0,8.7000000104308128,2.0]},"east":{"texture":"#2","uv":[0.0,0.0,6.2000000029802322,2.0]},"south":{"texture":"#2","uv":[0.0,0.0,8.7000000104308128,2.0]},"west":{"texture":"#2","uv":[0.0,0.0,6.2000000029802322,2.0]},"up":{"texture":"#2","uv":[0.0,0.0,8.7000000104308128,6.2000000029802322]},"down":{"texture":"#2","uv":[0.0,0.0,8.7000000104308128,6.2000000029802322]}}},{"name":"Cube","from":[0.0,0.0,16.0],"to":[16.0,2.0,22.300000004470348],"faces":{"north":{"texture":"#2","uv":[0.0,5.0,16.0,7.0]},"east":{"texture":"#2","uv":[0.0,0.0,6.3000000044703484,2.0]},"south":{"texture":"#2","uv":[0.0,6.0,16.0,8.0]},"west":{"texture":"#2","uv":[0.0,0.0,6.3000000044703484,2.0]},"up":{"texture":"#2","uv":[0.0,0.0,16.0,6.3000000044703484]},"down":{"texture":"#2","uv":[0.0,0.0,16.0,6.3000000044703484]}}},{"name":"Cube","from":[3.5999999791383743,0.0,17.600000008940697],"to":[12.399999991059303,2.0,23.800000011920929],"rotation":{"origin":[8.0,8.0,8.0],"axis":"y","angle":-45.0},"faces":{"north":{"texture":"#2","uv":[0.0,0.0,8.800000011920929,2.0]},"east":{"texture":"#2","uv":[0.0,0.0,6.2000000029802322,2.0]},"south":{"texture":"#2","uv":[0.0,0.0,8.800000011920929,2.0]},"west":{"texture":"#2","uv":[0.0,0.0,6.2000000029802322,2.0]},"up":{"texture":"#2","uv":[0.0,0.0,8.800000011920929,6.2000000029802322]},"down":{"texture":"#2","uv":[0.0,0.0,8.800000011920929,6.2000000029802322]}}},{"name":"Cube","from":[3.5999999791383743,0.0,-7.7999999970197678],"to":[12.399999991059303,2.0,-1.5999999940395355],"rotation":{"origin":[8.0,8.0,8.0],"axis":"y","angle":45.0},"faces":{"north":{"texture":"#2","uv":[0.0,0.0,8.800000011920929,2.0]},"east":{"texture":"#2","uv":[0.0,0.0,6.2000000029802322,2.0]},"south":{"texture":"#2","uv":[0.0,0.0,8.800000011920929,2.0]},"west":{"texture":"#2","uv":[0.0,0.0,6.2000000029802322,2.0]},"up":{"texture":"#2","uv":[0.0,0.0,8.800000011920929,6.2000000029802322]},"down":{"texture":"#2","uv":[0.0,0.0,8.800000011920929,6.2000000029802322]}}},{"name":"Cube","from":[0.0,0.0,-6.3000000044703484],"to":[16.0,2.0,0.0],"faces":{"north":{"texture":"#2","uv":[1.0,3.0,16.0,6.0]},"east":{"texture":"#2","uv":[0.0,0.0,6.3000000044703484,2.0]},"south":{"texture":"#2","uv":[0.0,4.0,16.0,6.0]},"west":{"texture":"#2","uv":[4.0,6.0,10.300000004470348,8.0]},"up":{"texture":"#2","uv":[0.0,4.0,16.0,10.300000004470348]},"down":{"texture":"#2","uv":[0.0,0.0,16.0,6.3000000044703484]}}},{"name":"Cube","from":[3.5999999791383743,0.0,-7.8999999985098839],"to":[12.399999991059303,2.0,-1.5999999940395355],"rotation":{"origin":[8.0,8.0,8.0],"axis":"y","angle":-45.0},"faces":{"north":{"texture":"#2","uv":[5.0,3.0,13.800000011920929,5.0]},"east":{"texture":"#2","uv":[8.0,3.0,14.300000004470348,5.0]},"south":{"texture":"#2","uv":[4.0,5.0,12.800000011920929,7.0]},"west":{"texture":"#2","uv":[8.0,3.0,14.300000004470348,5.0]},"up":{"texture":"#2","uv":[0.0,0.0,8.800000011920929,6.3000000044703484]},"down":{"texture":"#2","uv":[0.0,0.0,8.800000011920929,6.3000000044703484]}}},{"name":"Cube","from":[-6.0,2.0,0.0],"to":[22.0,3.199999988079071,16.0],"faces":{"north":{"texture":"#3","uv":[0.0,5.0,15.0,6.199999988079071]},"east":{"texture":"#3","uv":[0.0,6.0,16.0,7.199999988079071]},"south":{"texture":"#3","uv":[0.0,0.0,16.0,7.0]},"west":{"texture":"#3","uv":[0.0,3.0,16.0,4.199999988079071]},"up":{"texture":"#3","uv":[0.0,0.0,16.0,16.0]},"down":{"texture":"#3","uv":[0.0,0.0,16.0,16.0]}}},{"name":"Cube","from":[0.0,2.0,16.0],"to":[16.0,3.2000000029802322,22.0],"faces":{"north":{"texture":"#3","uv":[0.0,5.0,16.0,6.2000000029802322]},"east":{"texture":"#3","uv":[0.0,0.0,6.0,1.2000000029802322]},"south":{"texture":"#3","uv":[0.0,6.0,16.0,7.2000000029802322]},"west":{"texture":"#3","uv":[0.0,0.0,6.0,1.2000000029802322]},"up":{"texture":"#3","uv":[0.0,0.0,16.0,6.0]},"down":{"texture":"#3","uv":[0.0,0.0,16.0,6.0]}}},{"name":"Cube","from":[3.7999999821186066,2.0,17.600000008940697],"to":[12.199999988079071,3.2000000029802322,23.600000008940697],"rotation":{"origin":[8.0,8.0,8.0],"axis":"y","angle":45.0},"faces":{"north":{"texture":"#3","uv":[0.0,0.0,8.4000000059604645,1.2000000029802322]},"east":{"texture":"#3","uv":[0.0,0.0,6.0,1.2000000029802322]},"south":{"texture":"#3","uv":[0.0,0.0,8.4000000059604645,1.2000000029802322]},"west":{"texture":"#3","uv":[0.0,0.0,6.0,1.2000000029802322]},"up":{"texture":"#3","uv":[0.0,0.0,8.4000000059604645,6.0]},"down":{"texture":"#3","uv":[0.0,0.0,8.4000000059604645,6.0]}}},{"name":"Cube","from":[3.7999999821186066,2.0,-7.5999999940395355],"to":[12.199999988079071,3.2000000029802322,-1.5999999940395355],"rotation":{"origin":[8.0,8.0,8.0],"axis":"y","angle":-45.0},"faces":{"north":{"texture":"#3","uv":[5.0,3.0,13.400000005960465,4.2000000029802322]},"east":{"texture":"#3","uv":[8.0,3.0,14.0,4.2000000029802322]},"south":{"texture":"#3","uv":[4.0,5.0,12.400000005960465,6.2000000029802322]},"west":{"texture":"#3","uv":[8.0,3.0,14.0,4.2000000029802322]},"up":{"texture":"#3","uv":[0.0,0.0,8.4000000059604645,6.0]},"down":{"texture":"#3","uv":[0.0,0.0,8.4000000059604645,6.0]}}},{"name":"Cube","from":[0.0,2.0,-6.0],"to":[16.0,3.2000000029802322,0.0],"faces":{"north":{"texture":"#3","uv":[0.0,5.0,16.0,6.2000000029802322]},"east":{"texture":"#3","uv":[0.0,0.0,6.0,1.2000000029802322]},"south":{"texture":"#3","uv":[0.0,6.0,16.0,7.2000000029802322]},"west":{"texture":"#3","uv":[0.0,0.0,6.0,1.2000000029802322]},"up":{"texture":"#3","uv":[0.0,0.0,16.0,6.0]},"down":{"texture":"#3","uv":[0.0,0.0,16.0,6.0]}}},{"name":"Cube","from":[3.7999999821186066,2.0,-7.5999999940395355],"to":[12.199999988079071,3.2000000029802322,-1.5999999940395355],"rotation":{"origin":[8.0,8.0,8.0],"axis":"y","angle":45.0},"faces":{"north":{"texture":"#3","uv":[0.0,0.0,8.4000000059604645,1.2000000029802322]},"east":{"texture":"#3","uv":[0.0,0.0,6.0,1.2000000029802322]},"south":{"texture":"#3","uv":[0.0,0.0,8.4000000059604645,1.2000000029802322]},"west":{"texture":"#3","uv":[0.0,0.0,6.0,1.2000000029802322]},"up":{"texture":"#3","uv":[0.0,0.0,8.4000000059604645,6.0]},"down":{"texture":"#3","uv":[0.0,0.0,8.4000000059604645,6.0]}}},{"name":"Cube","from":[3.7999999821186066,2.0,17.600000008940697],"to":[12.199999988079071,3.2000000029802322,23.600000008940697],"rotation":{"origin":[8.0,8.0,8.0],"axis":"y","angle":-45.0},"faces":{"north":{"texture":"#3","uv":[0.0,0.0,8.4000000059604645,1.2000000029802322]},"east":{"texture":"#3","uv":[0.0,0.0,6.0,1.2000000029802322]},"south":{"texture":"#3","uv":[0.0,0.0,8.4000000059604645,1.2000000029802322]},"west":{"texture":"#3","uv":[0.0,0.0,6.0,1.2000000029802322]},"up":{"texture":"#3","uv":[0.0,0.0,8.4000000059604645,6.0]},"down":{"texture":"#3","uv":[0.0,0.0,8.4000000059604645,6.0]}}},{"name":"Cube","from":[-5.0,3.2000000029802322,-5.0],"to":[21.0,4.3999999910593033,21.0],"rotation":{"origin":[8.0,8.0,8.0],"axis":"y","angle":22.5},"faces":{"north":{"texture":"#4","uv":[0.0,5.0,15.0,6.199999988079071]},"east":{"texture":"#4","uv":[0.0,6.0,16.0,7.199999988079071]},"south":{"texture":"#4","uv":[0.0,0.0,16.0,7.0]},"west":{"texture":"#4","uv":[0.0,3.0,16.0,4.199999988079071]},"up":{"texture":"#4","uv":[0.0,0.0,16.0,16.0]},"down":{"texture":"#4","uv":[0.0,0.0,16.0,16.0]}}},{"name":"Cube","from":[0.0,4.4000000059604645,16.0],"to":[16.0,8.4000000059604645,22.0],"faces":{"north":{"texture":"#0","uv":[0.0,5.0,16.0,9.0]},"east":{"texture":"#0","uv":[0.0,0.0,6.0,4.0]},"south":{"texture":"#0","uv":[0.0,6.0,16.0,10.0]},"west":{"texture":"#0","uv":[0.0,0.0,6.0,4.0]},"up":{"texture":"#0","uv":[0.0,0.0,16.0,6.0]},"down":{"texture":"#0","uv":[0.0,0.0,16.0,6.0]}}},{"name":"Cube","from":[3.7999999821186066,4.4000000059604645,17.600000008940697],"to":[12.199999988079071,8.4000000059604645,23.600000008940697],"rotation":{"origin":[8.0,8.0,8.0],"axis":"y","angle":-45.0},"faces":{"north":{"texture":"#0","uv":[0.0,0.0,8.4000000059604645,3.0]},"east":{"texture":"#0","uv":[0.0,0.0,6.0,3.0]},"south":{"texture":"#0","uv":[0.0,0.0,8.4000000059604645,3.0]},"west":{"texture":"#0","uv":[0.0,0.0,6.0,3.0]},"up":{"texture":"#0","uv":[0.0,0.0,8.4000000059604645,6.0]},"down":{"texture":"#0","uv":[0.0,0.0,8.4000000059604645,6.0]}}},{"name":"Cube","from":[-6.0,4.4000000059604645,0.0],"to":[0.0,8.4000000059604645,16.0],"faces":{"north":{"texture":"#0","uv":[0.0,5.0,16.0,8.0]},"east":{"texture":"#0","uv":[0.0,6.0,16.0,10.0]},"south":{"texture":"#0","uv":[0.0,0.0,15.0,7.0]},"west":{"texture":"#0","uv":[0.0,3.0,16.0,7.0]},"up":{"texture":"#0","uv":[0.0,0.0,16.0,16.0]},"down":{"texture":"#0","uv":[0.0,0.0,16.0,16.0]}}},{"name":"Cube","from":[3.7999999821186066,4.4000000059604645,-7.5999999940395355],"to":[12.199999988079071,8.4000000059604645,-1.5999999940395355],"rotation":{"origin":[8.0,8.0,8.0],"axis":"y","angle":45.0},"faces":{"north":{"texture":"#0","uv":[0.0,0.0,8.4000000059604645,3.0]},"east":{"texture":"#0","uv":[0.0,0.0,6.0,3.0]},"south":{"texture":"#0","uv":[0.0,0.0,8.4000000059604645,3.0]},"west":{"texture":"#0","uv":[0.0,0.0,6.0,3.0]},"up":{"texture":"#0","uv":[0.0,0.0,8.4000000059604645,6.0]},"down":{"texture":"#0","uv":[0.0,0.0,8.4000000059604645,6.0]}}},{"name":"Cube","from":[0.0,4.4000000059604645,-6.0],"to":[16.0,8.4000000059604645,0.0],"faces":{"north":{"texture":"#0","uv":[1.0,3.0,16.0,6.0]},"east":{"texture":"#0","uv":[0.0,0.0,6.0,4.0]},"south":{"texture":"#0","uv":[0.0,4.0,16.0,8.0]},"west":{"texture":"#0","uv":[4.0,6.0,10.0,10.0]},"up":{"texture":"#0","uv":[0.0,4.0,16.0,10.0]},"down":{"texture":"#0","uv":[0.0,0.0,16.0,6.0]}}},{"name":"Cube","from":[3.7999999821186066,4.3000000044703484,-7.5999999940395355],"to":[12.199999988079071,8.3000000044703484,-1.5999999940395355],"rotation":{"origin":[8.0,8.0,8.0],"axis":"y","angle":-45.0},"faces":{"north":{"texture":"#0","uv":[5.0,3.0,13.400000005960465,7.0]},"east":{"texture":"#0","uv":[8.0,3.0,14.0,7.0]},"south":{"texture":"#0","uv":[4.0,5.0,12.400000005960465,9.0]},"west":{"texture":"#0","uv":[8.0,3.0,14.0,7.0]},"up":{"texture":"#0","uv":[0.0,0.0,8.4000000059604645,6.0]},"down":{"texture":"#0","uv":[0.0,0.0,8.4000000059604645,6.0]}}},{"name":"Cube","from":[3.7999999821186066,4.4000000059604645,17.600000008940697],"to":[12.199999988079071,8.4000000059604645,23.600000008940697],"rotation":{"origin":[8.0,8.0,8.0],"axis":"y","angle":45.0},"faces":{"north":{"texture":"#0","uv":[0.0,0.0,8.4000000059604645,4.0]},"east":{"texture":"#0","uv":[0.0,0.0,6.0,4.0]},"south":{"texture":"#0","uv":[0.0,0.0,8.4000000059604645,4.0]},"west":{"texture":"#0","uv":[0.0,0.0,6.0,4.0]},"up":{"texture":"#0","uv":[0.0,0.0,8.4000000059604645,6.0]},"down":{"texture":"#0","uv":[0.0,0.0,8.4000000059604645,6.0]}}},{"name":"Cube","from":[-4.0,8.4000000059604645,0.0],"to":[1.0,9.4000000059604645,16.0],"faces":{"north":{"texture":"#5","uv":[0.0,5.0,16.0,8.0]},"east":{"texture":"#5","uv":[0.0,6.0,16.0,7.0]},"south":{"texture":"#5","uv":[0.0,0.0,15.0,7.0]},"west":{"texture":"#5","uv":[0.0,3.0,16.0,4.0]},"up":{"texture":"#5","uv":[0.0,0.0,16.0,16.0]},"down":{"texture":"#5","uv":[0.0,0.0,16.0,16.0]}}},{"name":"Cube","from":[0.0,8.4000000059604645,16.0],"to":[16.0,9.4000000059604645,20.0],"faces":{"north":{"texture":"#5","uv":[0.0,5.0,16.0,6.0]},"east":{"texture":"#5","uv":[0.0,0.0,4.0,1.0]},"south":{"texture":"#5","uv":[0.0,6.0,16.0,7.0]},"west":{"texture":"#5","uv":[0.0,0.0,4.0,1.0]},"up":{"texture":"#5","uv":[0.0,0.0,16.0,4.0]},"down":{"texture":"#5","uv":[0.0,0.0,16.0,4.0]}}},{"name":"Cube","from":[5.199999988079071,8.4000000059604645,18.200000017881393],"to":[10.799999997019768,9.4000000059604645,22.200000017881393],"rotation":{"origin":[8.0,8.0,8.0],"axis":"y","angle":45.0},"faces":{"north":{"texture":"#5","uv":[0.0,0.0,5.6000000089406967,1.0]},"east":{"texture":"#5","uv":[0.0,0.0,4.0,1.0]},"south":{"texture":"#5","uv":[0.0,0.0,5.6000000089406967,1.0]},"west":{"texture":"#5","uv":[0.0,0.0,4.0,1.0]},"up":{"texture":"#5","uv":[0.0,0.0,5.6000000089406967,4.0]},"down":{"texture":"#5","uv":[0.0,0.0,5.6000000089406967,4.0]}}},{"name":"Cube","from":[0.0,8.4000000059604645,-4.0],"to":[16.0,9.4000000059604645,0.0],"faces":{"north":{"texture":"#5","uv":[0.0,5.0,16.0,6.0]},"east":{"texture":"#5","uv":[0.0,0.0,4.0,1.0]},"south":{"texture":"#5","uv":[0.0,6.0,16.0,7.0]},"west":{"texture":"#5","uv":[0.0,0.0,4.0,1.0]},"up":{"texture":"#5","uv":[0.0,0.0,16.0,4.0]},"down":{"texture":"#5","uv":[0.0,0.0,16.0,4.0]}}},{"name":"Cube","from":[5.199999988079071,8.4000000059604645,-6.19999997317791],"to":[10.799999997019768,9.4000000059604645,-2.19999997317791],"rotation":{"origin":[8.0,8.0,8.0],"axis":"y","angle":45.0},"faces":{"north":{"texture":"#5","uv":[0.0,0.0,5.6000000089406967,1.0]},"east":{"texture":"#5","uv":[0.0,0.0,4.0,1.0]},"south":{"texture":"#5","uv":[0.0,0.0,5.6000000089406967,1.0]},"west":{"texture":"#5","uv":[0.0,0.0,4.0,1.0]},"up":{"texture":"#5","uv":[0.0,0.0,5.6000000089406967,4.0]},"down":{"texture":"#5","uv":[0.0,0.0,5.6000000089406967,4.0]}}},{"name":"Cube","from":[5.199999988079071,8.4000000059604645,18.200000017881393],"to":[10.799999997019768,9.4000000059604645,22.200000017881393],"rotation":{"origin":[8.0,8.0,8.0],"axis":"y","angle":-45.0},"faces":{"north":{"texture":"#5","uv":[0.0,0.0,5.6000000089406967,1.0]},"east":{"texture":"#5","uv":[0.0,0.0,4.0,1.0]},"south":{"texture":"#5","uv":[0.0,0.0,5.6000000089406967,1.0]},"west":{"texture":"#5","uv":[0.0,0.0,4.0,1.0]},"up":{"texture":"#5","uv":[0.0,0.0,5.6000000089406967,4.0]},"down":{"texture":"#5","uv":[0.0,0.0,5.6000000089406967,4.0]}}},{"name":"Cube","from":[5.199999988079071,8.4000000059604645,-6.19999997317791],"to":[10.799999997019768,9.4000000059604645,-2.19999997317791],"rotation":{"origin":[8.0,8.0,8.0],"axis":"y","angle":-45.0},"faces":{"north":{"texture":"#5","uv":[0.0,0.0,5.6000000089406967,1.0]},"east":{"texture":"#5","uv":[0.0,0.0,4.0,1.0]},"south":{"texture":"#5","uv":[0.0,0.0,5.6000000089406967,1.0]},"west":{"texture":"#5","uv":[0.0,0.0,4.0,1.0]},"up":{"texture":"#5","uv":[0.0,0.0,5.6000000089406967,4.0]},"down":{"texture":"#5","uv":[0.0,0.0,5.6000000089406967,4.0]}}},{"name":"Cube","from":[17.0,8.4000000059604645,0.0],"to":[20.0,9.4000000059604645,16.0],"faces":{"north":{"texture":"#5","uv":[0.0,5.0,16.0,8.0]},"east":{"texture":"#5","uv":[0.0,6.0,16.0,7.0]},"south":{"texture":"#5","uv":[0.0,0.0,15.0,7.0]},"west":{"texture":"#5","uv":[0.0,3.0,16.0,4.0]},"up":{"texture":"#5","uv":[0.0,0.0,16.0,16.0]},"down":{"texture":"#5","uv":[0.0,0.0,16.0,16.0]}}},{"name":"Cube","from":[16.0,4.4000000059604645,0.0],"to":[22.0,8.4000000059604645,16.0],"faces":{"north":{"texture":"#0","uv":[0.0,5.0,16.0,8.0]},"east":{"texture":"#0","uv":[0.0,6.0,16.0,10.0]},"south":{"texture":"#0","uv":[0.0,0.0,15.0,7.0]},"west":{"texture":"#0","uv":[0.0,3.0,16.0,7.0]},"up":{"texture":"#0","uv":[0.0,0.0,16.0,16.0]},"down":{"texture":"#0","uv":[0.0,0.0,16.0,16.0]}}},{"name":"Cube","from":[21.500000007450581,6.0,2.0],"to":[22.500000007450581,7.0,3.0],"faces":{"north":{"texture":"#6","uv":[0.0,0.0,1.0,1.0]},"east":{"texture":"#6","uv":[0.0,0.0,1.0,1.0]},"south":{"texture":"#6","uv":[0.0,0.0,1.0,1.0]},"west":{"texture":"#6","uv":[0.0,0.0,1.0,1.0]},"up":{"texture":"#6","uv":[0.0,0.0,1.0,1.0]},"down":{"texture":"#6","uv":[0.0,0.0,1.0,1.0]}}},{"name":"Cube","from":[-1.0,4.2000000178813934,-1.0],"to":[17.0,4.6000000238418579,17.0],"faces":{"north":{"texture":"#7","uv":[0.0,5.0,16.0,5.4000000059604645]},"east":{"texture":"#7","uv":[0.0,0.0,16.0,0.40000000596046448]},"south":{"texture":"#7","uv":[0.0,6.0,16.0,6.4000000059604645]},"west":{"texture":"#7","uv":[0.0,0.0,16.0,0.40000000596046448]},"up":{"texture":"#7","uv":[0.0,0.0,16.0,16.0]},"down":{"texture":"#7","uv":[0.0,0.0,16.0,16.0]}}},{"name":"Cube","from":[21.500000007450581,6.0,13.0],"to":[22.500000007450581,7.0,14.0],"faces":{"north":{"texture":"#6","uv":[0.0,0.0,1.0,1.0]},"east":{"texture":"#6","uv":[0.0,0.0,1.0,1.0]},"south":{"texture":"#6","uv":[0.0,0.0,1.0,1.0]},"west":{"texture":"#6","uv":[0.0,0.0,1.0,1.0]},"up":{"texture":"#6","uv":[0.0,0.0,1.0,1.0]},"down":{"texture":"#6","uv":[0.0,0.0,1.0,1.0]}}},{"name":"Cube","from":[1.0,4.0,1.0],"to":[4.0,10.499999992549419,15.0],"faces":{"north":{"texture":"#8","uv":[0.0,0.0,3.0,7.0]},"east":{"texture":"#8","uv":[0.0,0.0,14.0,7.0]},"south":{"texture":"#8","uv":[0.0,0.0,3.0,7.0]},"west":{"texture":"#8","uv":[0.0,0.0,14.0,7.0]},"up":{"texture":"#8","uv":[0.0,0.0,3.0,14.0]},"down":{"texture":"#8","uv":[0.0,0.0,3.0,14.0]}}},{"name":"Cube","from":[4.0,4.0,0.0],"to":[9.0,6.0,16.0],"faces":{"north":{"texture":"#8","uv":[0.0,0.0,5.0,3.0]},"east":{"texture":"#8","uv":[0.0,0.0,16.0,3.0]},"south":{"texture":"#8","uv":[0.0,0.0,5.0,3.0]},"west":{"texture":"#8","uv":[0.0,0.0,16.0,3.0]},"up":{"texture":"#8","uv":[0.0,0.0,5.0,16.0]},"down":{"texture":"#8","uv":[0.0,0.0,5.0,16.0]}}},{"name":"Cube","from":[-1.2000000029802322,4.0,2.2000000178813934],"to":[1.7999999970197678,10.499999992549419,4.2000000029802322],"rotation":{"origin":[8.0,8.0,8.0],"axis":"y","angle":-22.5},"faces":{"north":{"texture":"#8","uv":[0.0,0.0,3.0,7.0]},"east":{"texture":"#8","uv":[0.0,0.0,1.9999999850988388,7.0]},"south":{"texture":"#8","uv":[0.0,0.0,3.0,7.0]},"west":{"texture":"#8","uv":[0.0,0.0,1.9999999850988388,7.0]},"up":{"texture":"#8","uv":[0.0,0.0,3.0,1.9999999850988388]},"down":{"texture":"#8","uv":[0.0,0.0,3.0,1.9999999850988388]}}},{"name":"Cube","from":[-1.2000000029802322,4.0,11.80000002682209],"to":[1.7999999970197678,10.499999992549419,13.800000011920929],"rotation":{"origin":[8.0,8.0,8.0],"axis":"y","angle":22.5},"faces":{"north":{"texture":"#8","uv":[0.0,0.0,3.0,7.0]},"east":{"texture":"#8","uv":[0.0,0.0,1.9999999850988388,7.0]},"south":{"texture":"#8","uv":[0.0,0.0,3.0,7.0]},"west":{"texture":"#8","uv":[0.0,0.0,1.9999999850988388,7.0]},"up":{"texture":"#8","uv":[0.0,0.0,3.0,1.9999999850988388]},"down":{"texture":"#8","uv":[0.0,0.0,3.0,1.9999999850988388]}}},{"name":"Cube","from":[17.30000001937151,9.4000000059604645,2.0],"to":[17.700000010430813,11.000000014901161,14.0],"faces":{"north":{"texture":"#9","uv":[2.0,5.0,14.0,8.0]},"east":{"texture":"#9","uv":[2.0,6.0,14.0,7.6000000089406967]},"south":{"texture":"#9","uv":[0.0,0.0,15.0,7.0]},"west":{"texture":"#9","uv":[0.0,3.0,12.0,4.6000000089406967]},"up":{"texture":"#9","uv":[0.0,0.0,16.0,16.0]},"down":{"texture":"#9","uv":[0.0,0.0,16.0,16.0]}}},{"name":"Cube","from":[18.700000010430813,9.4000000059604645,5.3999999910593033],"to":[19.100000001490116,11.000000014901161,8.3999999910593033],"rotation":{"origin":[8.0,8.0,8.0],"axis":"y","angle":-45.0},"faces":{"north":{"texture":"#9","uv":[2.0,5.0,14.0,8.0]},"east":{"texture":"#9","uv":[2.0,6.0,14.0,7.6000000089406967]},"south":{"texture":"#9","uv":[0.0,0.0,15.0,7.0]},"west":{"texture":"#9","uv":[0.0,3.0,3.0,4.6000000089406967]},"up":{"texture":"#9","uv":[0.0,0.0,16.0,16.0]},"down":{"texture":"#9","uv":[0.0,0.0,16.0,16.0]}}},{"name":"Cube","from":[18.700000010430813,9.4000000059604645,7.5999999940395355],"to":[19.100000001490116,11.000000014901161,10.599999994039536],"rotation":{"origin":[8.0,8.0,8.0],"axis":"y","angle":45.0},"faces":{"north":{"texture":"#9","uv":[2.0,5.0,14.0,8.0]},"east":{"texture":"#9","uv":[2.0,6.0,14.0,7.6000000089406967]},"south":{"texture":"#9","uv":[0.0,0.0,15.0,7.0]},"west":{"texture":"#9","uv":[0.0,3.0,3.0,4.6000000089406967]},"up":{"texture":"#9","uv":[0.0,0.0,16.0,16.0]},"down":{"texture":"#9","uv":[0.0,0.0,16.0,16.0]}}},{"name":"Cube","from":[13.0,4.0,0.0],"to":[16.0,8.0,16.0],"faces":{"north":{"texture":"#10","uv":[0.0,0.0,3.0,4.0]},"east":{"texture":"#10","uv":[0.0,0.0,16.0,4.0]},"south":{"texture":"#10","uv":[0.0,0.0,3.0,4.0]},"west":{"texture":"#10","uv":[0.0,0.0,16.0,4.0]},"up":{"texture":"#10","uv":[0.0,0.0,3.0,16.0]},"down":{"texture":"#10","uv":[0.0,0.0,3.0,16.0]}}},{"name":"Cube","from":[13.0,3.4999999776482582,0.0],"to":[16.299999989569187,5.4999999776482582,16.0],"rotation":{"origin":[8.0,8.0,8.0],"axis":"z","angle":22.5},"faces":{"north":{"texture":"#10","uv":[0.0,0.0,3.2999999895691872,2.0]},"east":{"texture":"#10","uv":[0.0,0.0,16.0,2.0]},"south":{"texture":"#10","uv":[0.0,0.0,3.2999999895691872,2.0]},"west":{"texture":"#10","uv":[0.0,0.0,16.0,2.0]},"up":{"texture":"#10","uv":[0.0,0.0,3.2999999895691872,16.0]},"down":{"texture":"#10","uv":[0.0,0.0,3.2999999895691872,16.0]}}},{"name":"Cube","from":[-2.0,9.0,0.0],"to":[-1.0,11.0,1.0],"faces":{"north":{"texture":"#6","uv":[0.0,0.0,1.0,2.0]},"east":{"texture":"#6","uv":[0.0,0.0,1.0,2.0]},"south":{"texture":"#6","uv":[0.0,0.0,1.0,2.0]},"west":{"texture":"#6","uv":[0.0,0.0,1.0,2.0]},"up":{"texture":"#6","uv":[0.0,0.0,1.0,1.0]},"down":{"texture":"#6","uv":[0.0,0.0,1.0,1.0]}}},{"name":"Cube","from":[-1.6999999955296516,11.0,0.30000000447034836],"to":[-1.2999999895691872,18.0,0.69999999552965164],"faces":{"north":{"texture":"#11","uv":[0.0,0.0,0.40000000596046448,7.0]},"east":{"texture":"#11","uv":[0.0,0.0,0.39999999105930328,7.0]},"south":{"texture":"#11","uv":[0.0,0.0,0.40000000596046448,7.0]},"west":{"texture":"#11","uv":[0.0,0.0,0.39999999105930328,7.0]},"up":{"texture":"#11","uv":[0.0,0.0,0.40000000596046448,0.39999999105930328]},"down":{"texture":"#11","uv":[0.0,0.0,0.40000000596046448,0.39999999105930328]}}},{"name":"Cube","from":[-2.0,18.0,0.0],"to":[-1.0,18.399999991059303,1.0],"faces":{"north":{"texture":"#6","uv":[0.0,0.0,1.0,0.39999999105930328]},"east":{"texture":"#6","uv":[0.0,0.0,1.0,0.39999999105930328]},"south":{"texture":"#6","uv":[0.0,0.0,1.0,0.39999999105930328]},"west":{"texture":"#6","uv":[0.0,0.0,1.0,0.39999999105930328]},"up":{"texture":"#6","uv":[0.0,0.0,1.0,1.0]},"down":{"texture":"#6","uv":[0.0,0.0,1.0,1.0]}}},{"name":"Cube","from":[-2.1000000014901161,14.800000011920929,0.30000000447034836],"to":[-1.6999999955296516,17.800000011920929,0.69999999552965164],"faces":{"north":{"texture":"#12","uv":[0.0,0.0,0.40000000596046448,3.0]},"east":{"texture":"#12","uv":[0.0,0.0,0.39999999105930328,3.0]},"south":{"texture":"#12","uv":[0.0,0.0,0.40000000596046448,3.0]},"west":{"texture":"#12","uv":[0.0,0.0,0.39999999105930328,3.0]},"up":{"texture":"#12","uv":[0.0,0.0,0.40000000596046448,0.39999999105930328]},"down":{"texture":"#12","uv":[0.0,0.0,0.40000000596046448,0.39999999105930328]}}},{"name":"Cube","from":[-2.5000000074505806,15.100000016391277,0.30000000447034836],"to":[-2.1000000014901161,17.500000007450581,0.69999999552965164],"faces":{"north":{"texture":"#12","uv":[0.0,0.0,0.40000000596046448,2.3999999910593033]},"east":{"texture":"#12","uv":[0.0,0.0,0.39999999105930328,2.3999999910593033]},"south":{"texture":"#12","uv":[0.0,0.0,0.40000000596046448,2.3999999910593033]},"west":{"texture":"#12","uv":[0.0,0.0,0.39999999105930328,2.3999999910593033]},"up":{"texture":"#12","uv":[0.0,0.0,0.40000000596046448,0.39999999105930328]},"down":{"texture":"#12","uv":[0.0,0.0,0.40000000596046448,0.39999999105930328]}}},{"name":"Cube","from":[-2.9000000134110451,15.500000022351742,0.30000000447034836],"to":[-2.5000000074505806,17.100000001490116,0.69999999552965164],"faces":{"north":{"texture":"#12","uv":[0.0,0.0,0.40000000596046448,1.5999999791383743]},"east":{"texture":"#12","uv":[0.0,0.0,0.39999999105930328,1.5999999791383743]},"south":{"texture":"#12","uv":[0.0,0.0,0.40000000596046448,1.5999999791383743]},"west":{"texture":"#12","uv":[0.0,0.0,0.39999999105930328,1.5999999791383743]},"up":{"texture":"#12","uv":[0.0,0.0,0.40000000596046448,0.39999999105930328]},"down":{"texture":"#12","uv":[0.0,0.0,0.40000000596046448,0.39999999105930328]}}},{"name":"Cube","from":[-3.3000000193715096,15.900000028312206,0.30000000447034836],"to":[-2.9000000134110451,16.699999995529652,0.69999999552965164],"faces":{"north":{"texture":"#12","uv":[0.0,0.0,0.40000000596046448,0.79999996721744537]},"east":{"texture":"#12","uv":[0.0,0.0,0.39999999105930328,0.79999996721744537]},"south":{"texture":"#12","uv":[0.0,0.0,0.40000000596046448,0.79999996721744537]},"west":{"texture":"#12","uv":[0.0,0.0,0.39999999105930328,0.79999996721744537]},"up":{"texture":"#12","uv":[0.0,0.0,0.40000000596046448,0.39999999105930328]},"down":{"texture":"#12","uv":[0.0,0.0,0.40000000596046448,0.39999999105930328]}}},{"name":"Cube","from":[13.599999994039536,5.8999999687075615,2.4000000059604645],"to":[15.399999991059303,6.2999999597668648,2.7999999970197678],"rotation":{"origin":[8.0,8.0,8.0],"axis":"z","angle":22.5},"faces":{"north":{"texture":"#13","uv":[0.0,0.0,1.7999999970197678,0.39999999105930328]},"east":{"texture":"#13","uv":[0.0,0.0,0.39999999105930328,0.39999999105930328]},"south":{"texture":"#13","uv":[0.0,0.0,1.7999999970197678,0.39999999105930328]},"west":{"texture":"#13","uv":[0.0,0.0,0.39999999105930328,0.39999999105930328]},"up":{"texture":"#13","uv":[0.0,0.0,1.7999999970197678,0.39999999105930328]},"down":{"texture":"#13","uv":[0.0,0.0,1.7999999970197678,0.39999999105930328]}}},{"name":"Cube","from":[13.599999994039536,5.8999999687075615,4.4000000059604645],"to":[15.399999991059303,6.2999999597668648,4.7999999970197678],"rotation":{"origin":[8.0,8.0,8.0],"axis":"z","angle":22.5},"faces":{"north":{"texture":"#13","uv":[0.0,0.0,1.7999999970197678,0.39999999105930328]},"east":{"texture":"#13","uv":[0.0,0.0,0.39999999105930328,0.39999999105930328]},"south":{"texture":"#13","uv":[0.0,0.0,1.7999999970197678,0.39999999105930328]},"west":{"texture":"#13","uv":[0.0,0.0,0.39999999105930328,0.39999999105930328]},"up":{"texture":"#13","uv":[0.0,0.0,1.7999999970197678,0.39999999105930328]},"down":{"texture":"#13","uv":[0.0,0.0,1.7999999970197678,0.39999999105930328]}}},{"name":"Cube","from":[13.599999994039536,5.8999999687075615,2.7999999970197678],"to":[13.999999985098839,6.2999999597668648,4.3999999910593033],"rotation":{"origin":[8.0,8.0,8.0],"axis":"z","angle":22.5},"faces":{"north":{"texture":"#13","uv":[0.0,0.0,0.39999999105930328,0.39999999105930328]},"east":{"texture":"#13","uv":[0.0,0.0,1.5999999940395355,0.39999999105930328]},"south":{"texture":"#13","uv":[0.0,0.0,0.39999999105930328,0.39999999105930328]},"west":{"texture":"#13","uv":[0.0,0.0,1.5999999940395355,0.39999999105930328]},"up":{"texture":"#13","uv":[0.0,0.0,0.39999999105930328,1.5999999940395355]},"down":{"texture":"#13","uv":[0.0,0.0,0.39999999105930328,1.5999999940395355]}}},{"name":"Cube","from":[15.400000005960465,5.8999999687075615,2.3999999910593033],"to":[15.799999997019768,6.2999999597668648,4.7999999970197678],"rotation":{"origin":[8.0,8.0,8.0],"axis":"z","angle":22.5},"faces":{"north":{"texture":"#13","uv":[0.0,0.0,0.39999999105930328,0.39999999105930328]},"east":{"texture":"#13","uv":[0.0,0.0,2.4000000059604645,0.39999999105930328]},"south":{"texture":"#13","uv":[0.0,0.0,0.39999999105930328,0.39999999105930328]},"west":{"texture":"#13","uv":[0.0,0.0,2.4000000059604645,0.39999999105930328]},"up":{"texture":"#13","uv":[0.0,0.0,0.39999999105930328,2.4000000059604645]},"down":{"texture":"#13","uv":[0.0,0.0,0.39999999105930328,2.4000000059604645]}}},{"name":"Cube","from":[13.599999994039536,5.8999999687075615,3.5000000074505806],"to":[15.399999991059303,6.0999999567866325,3.6999999955296516],"rotation":{"origin":[8.0,8.0,8.0],"axis":"z","angle":22.5},"faces":{"north":{"texture":"#13","uv":[0.0,0.0,1.7999999970197678,0.19999998807907105]},"east":{"texture":"#13","uv":[0.0,0.0,0.19999998807907105,0.19999998807907105]},"south":{"texture":"#13","uv":[0.0,0.0,1.7999999970197678,0.19999998807907105]},"west":{"texture":"#13","uv":[0.0,0.0,0.19999998807907105,0.19999998807907105]},"up":{"texture":"#13","uv":[0.0,0.0,1.7999999970197678,0.19999998807907105]},"down":{"texture":"#13","uv":[0.0,0.0,1.7999999970197678,0.19999998807907105]}}},{"name":"Cube","from":[14.599999994039536,5.8999999687075615,2.5000000074505806],"to":[14.799999982118607,6.0999999567866325,4.4999999925494194],"rotation":{"origin":[8.0,8.0,8.0],"axis":"z","angle":22.5},"faces":{"north":{"texture":"#13","uv":[0.0,0.0,0.19999998807907105,0.19999998807907105]},"east":{"texture":"#13","uv":[0.0,0.0,1.9999999850988388,0.19999998807907105]},"south":{"texture":"#13","uv":[0.0,0.0,0.19999998807907105,0.19999998807907105]},"west":{"texture":"#13","uv":[0.0,0.0,1.9999999850988388,0.19999998807907105]},"up":{"texture":"#13","uv":[0.0,0.0,0.19999998807907105,1.9999999850988388]},"down":{"texture":"#13","uv":[0.0,0.0,0.19999998807907105,1.9999999850988388]}}},{"name":"Cube","from":[14.599999994039536,5.3999999761581421,3.5000000223517418],"to":[14.799999982118607,6.19999997317791,3.6999999806284904],"rotation":{"origin":[8.0,8.0,8.0],"axis":"z","angle":22.5},"faces":{"north":{"texture":"#11","uv":[0.0,0.0,0.19999998807907105,0.79999999701976776]},"east":{"texture":"#11","uv":[0.0,0.0,0.19999995827674866,0.79999999701976776]},"south":{"texture":"#11","uv":[0.0,0.0,0.19999998807907105,0.79999999701976776]},"west":{"texture":"#11","uv":[0.0,0.0,0.19999995827674866,0.79999999701976776]},"up":{"texture":"#11","uv":[0.0,0.0,0.19999998807907105,0.19999995827674866]},"down":{"texture":"#11","uv":[0.0,0.0,0.19999998807907105,0.19999995827674866]}}},{"name":"Cube","from":[13.599999994039536,5.299999974668026,6.4000000059604645],"to":[14.899999983608723,5.6999999657273293,7.6999999955296516],"rotation":{"origin":[8.0,8.0,8.0],"axis":"z","angle":22.5},"faces":{"north":{"texture":"#11","uv":[0.0,0.0,1.2999999895691872,0.39999999105930328]},"east":{"texture":"#11","uv":[0.0,0.0,1.2999999895691872,0.39999999105930328]},"south":{"texture":"#11","uv":[0.0,0.0,1.2999999895691872,0.39999999105930328]},"west":{"texture":"#11","uv":[6.0,0.0,7.2999999895691872,0.39999999105930328]},"up":{"texture":"#11","uv":[14.0,0.0,15.299999989569187,0.29999998956918716]},"down":{"texture":"#11","uv":[0.0,0.0,1.2999999895691872,1.2999999895691872]}}},{"name":"Cube","from":[14.200000002980232,5.5999999642372131,6.6000000089406967],"to":[14.399999991059303,6.5999999642372131,7.4999999925494194],"rotation":{"origin":[8.0,8.0,8.0],"axis":"z","angle":22.5},"faces":{"north":{"texture":"#13","uv":[0.0,0.0,0.19999998807907105,1.0]},"east":{"texture":"#13","uv":[0.0,0.0,0.89999998360872269,1.0]},"south":{"texture":"#13","uv":[0.0,0.0,0.19999998807907105,1.0]},"west":{"texture":"#13","uv":[0.0,0.0,0.89999998360872269,1.0]},"up":{"texture":"#13","uv":[0.0,0.0,0.19999998807907105,0.89999998360872269]},"down":{"texture":"#13","uv":[0.0,0.0,0.19999998807907105,0.89999998360872269]}}},{"name":"Cube","from":[14.200000002980232,6.5999999642372131,6.9000000134110451],"to":[14.399999991059303,7.5999999642372131,7.199999988079071],"rotation":{"origin":[8.0,8.0,8.0],"axis":"z","angle":22.5},"faces":{"north":{"texture":"#13","uv":[0.0,0.0,0.19999998807907105,1.0]},"east":{"texture":"#13","uv":[0.0,0.0,0.29999997466802597,1.0]},"south":{"texture":"#13","uv":[0.0,0.0,0.19999998807907105,1.0]},"west":{"texture":"#13","uv":[0.0,0.0,0.29999997466802597,1.0]},"up":{"texture":"#13","uv":[0.0,0.0,0.19999998807907105,0.29999997466802597]},"down":{"texture":"#13","uv":[0.0,0.0,0.19999998807907105,0.29999997466802597]}}},{"name":"Cube","from":[14.100000001490116,7.5999999493360519,6.800000011920929],"to":[14.499999992549419,8.5999999493360519,7.2999999895691872],"rotation":{"origin":[8.0,8.0,8.0],"axis":"z","angle":22.5},"faces":{"north":{"texture":"#11","uv":[0.0,0.0,0.39999999105930328,1.0]},"east":{"texture":"#11","uv":[0.0,0.0,0.49999997764825821,1.0]},"south":{"texture":"#11","uv":[0.0,0.0,0.39999999105930328,1.0]},"west":{"texture":"#11","uv":[0.0,0.0,0.49999997764825821,1.0]},"up":{"texture":"#11","uv":[0.0,0.0,0.39999999105930328,0.49999997764825821]},"down":{"texture":"#11","uv":[0.0,0.0,0.39999999105930328,0.49999997764825821]}}},{"name":"Cube","from":[-6.2000000029802322,-2.6999999955296516,6.0],"to":[-6.0000000149011612,-0.69999999552965164,10.0],"faces":{"north":{"texture":"#1","uv":[0.0,0.0,0.19999998807907105,2.0]},"east":{"texture":"#1","uv":[0.0,0.0,4.0,2.0]},"south":{"texture":"#1","uv":[0.0,0.0,0.19999998807907105,2.0]},"west":{"texture":"#1","uv":[0.0,0.0,4.0,2.0]},"up":{"texture":"#1","uv":[0.0,0.0,0.19999998807907105,4.0]},"down":{"texture":"#1","uv":[0.0,0.0,0.19999998807907105,4.0]}}},{"name":"Cube","from":[21.700000010430813,6.0,1.4999999925494194],"to":[22.700000010430813,7.0,1.9999999850988388],"faces":{"north":{"texture":"#14","uv":[0.0,0.0,1.0,1.0]},"east":{"texture":"#14","uv":[0.0,0.0,1.0,1.0]},"south":{"texture":"#14","uv":[0.0,0.0,1.0,1.0]},"west":{"texture":"#14","uv":[0.0,0.0,1.0,1.0]},"up":{"texture":"#14","uv":[0.0,0.0,1.0,1.0]},"down":{"texture":"#14","uv":[0.0,0.0,1.0,1.0]}}},{"name":"Cube","from":[21.700000010430813,6.0,3.0],"to":[22.700000010430813,7.0,3.4999999925494194],"faces":{"north":{"texture":"#14","uv":[0.0,0.0,1.0,1.0]},"east":{"texture":"#14","uv":[0.0,0.0,1.0,1.0]},"south":{"texture":"#14","uv":[0.0,0.0,1.0,1.0]},"west":{"texture":"#14","uv":[0.0,0.0,1.0,1.0]},"up":{"texture":"#14","uv":[0.0,0.0,1.0,1.0]},"down":{"texture":"#14","uv":[0.0,0.0,1.0,1.0]}}},{"name":"Cube","from":[21.700000010430813,6.0,12.499999992549419],"to":[22.700000010430813,7.0,12.999999985098839],"faces":{"north":{"texture":"#14","uv":[0.0,0.0,1.0,1.0]},"east":{"texture":"#14","uv":[0.0,0.0,1.0,1.0]},"south":{"texture":"#14","uv":[0.0,0.0,1.0,1.0]},"west":{"texture":"#14","uv":[0.0,0.0,1.0,1.0]},"up":{"texture":"#14","uv":[0.0,0.0,1.0,1.0]},"down":{"texture":"#14","uv":[0.0,0.0,1.0,1.0]}}},{"name":"Cube","from":[21.700000010430813,6.0,14.0],"to":[22.700000010430813,7.0,14.499999992549419],"faces":{"north":{"texture":"#14","uv":[0.0,0.0,1.0,1.0]},"east":{"texture":"#14","uv":[0.0,0.0,1.0,1.0]},"south":{"texture":"#14","uv":[0.0,0.0,1.0,1.0]},"west":{"texture":"#14","uv":[0.0,0.0,1.0,1.0]},"up":{"texture":"#14","uv":[0.0,0.0,1.0,1.0]},"down":{"texture":"#14","uv":[0.0,0.0,1.0,1.0]}}},{"name":"Cube","from":[21.700000010430813,7.0,1.9999999850988388],"to":[22.700000010430813,7.4999999925494194,2.9999999850988388],"faces":{"north":{"texture":"#14","uv":[0.0,0.0,1.0,1.0]},"east":{"texture":"#14","uv":[0.0,0.0,1.0,1.0]},"south":{"texture":"#14","uv":[0.0,0.0,1.0,1.0]},"west":{"texture":"#14","uv":[0.0,0.0,1.0,1.0]},"up":{"texture":"#14","uv":[0.0,0.0,1.0,1.0]},"down":{"texture":"#14","uv":[0.0,0.0,1.0,1.0]}}},{"name":"Cube","from":[21.700000010430813,5.4999999925494194,1.9999999850988388],"to":[22.700000010430813,5.9999999850988388,2.9999999850988388],"faces":{"north":{"texture":"#14","uv":[0.0,0.0,1.0,1.0]},"east":{"texture":"#14","uv":[0.0,0.0,1.0,1.0]},"south":{"texture":"#14","uv":[0.0,0.0,1.0,1.0]},"west":{"texture":"#14","uv":[0.0,0.0,1.0,1.0]},"up":{"texture":"#14","uv":[0.0,0.0,1.0,1.0]},"down":{"texture":"#14","uv":[0.0,0.0,1.0,1.0]}}},{"name":"Cube","from":[21.700000010430813,5.4999999925494194,12.999999985098839],"to":[22.700000010430813,5.9999999850988388,13.999999985098839],"faces":{"north":{"texture":"#14","uv":[0.0,0.0,1.0,1.0]},"east":{"texture":"#14","uv":[0.0,0.0,1.0,1.0]},"south":{"texture":"#14","uv":[0.0,0.0,1.0,1.0]},"west":{"texture":"#14","uv":[0.0,0.0,1.0,1.0]},"up":{"texture":"#14","uv":[0.0,0.0,1.0,1.0]},"down":{"texture":"#14","uv":[0.0,0.0,1.0,1.0]}}},{"name":"Cube","from":[21.700000010430813,7.0,12.999999985098839],"to":[22.700000010430813,7.4999999925494194,13.999999985098839],"faces":{"north":{"texture":"#14","uv":[0.0,0.0,1.0,1.0]},"east":{"texture":"#14","uv":[0.0,0.0,1.0,1.0]},"south":{"texture":"#14","uv":[0.0,0.0,1.0,1.0]},"west":{"texture":"#14","uv":[0.0,0.0,1.0,1.0]},"up":{"texture":"#14","uv":[0.0,0.0,1.0,1.0]},"down":{"texture":"#14","uv":[0.0,0.0,1.0,1.0]}}},{"name":"Cube","from":[0.0,-1.3999999910593033,22.200000002980232],"to":[3.6000000387430191,-0.79999999701976776,22.799999997019768],"faces":{"north":{"texture":"#15","uv":[0.0,0.0,3.6000000387430191,0.59999999403953552]},"east":{"texture":"#15","uv":[0.0,0.0,0.59999999403953552,0.59999999403953552]},"south":{"texture":"#15","uv":[0.0,0.0,3.6000000387430191,0.59999999403953552]},"west":{"texture":"#15","uv":[0.0,0.0,0.59999999403953552,0.59999999403953552]},"up":{"texture":"#15","uv":[0.0,0.0,3.6000000387430191,0.59999999403953552]},"down":{"texture":"#15","uv":[0.0,0.0,3.6000000387430191,0.59999999403953552]}}},{"name":"Cube","from":[-0.60000000894069672,-2.0,22.200000002980232],"to":[4.2000000476837158,-1.4000000059604645,22.799999997019768],"faces":{"north":{"texture":"#15","uv":[0.0,0.0,4.8000000566244125,0.59999999403953552]},"east":{"texture":"#15","uv":[0.0,0.0,0.59999999403953552,0.59999999403953552]},"south":{"texture":"#15","uv":[0.0,0.0,4.8000000566244125,0.59999999403953552]},"west":{"texture":"#15","uv":[0.0,0.0,0.59999999403953552,0.59999999403953552]},"up":{"texture":"#15","uv":[0.0,0.0,4.8000000566244125,0.59999999403953552]},"down":{"texture":"#15","uv":[0.0,0.0,4.8000000566244125,0.59999999403953552]}}},{"name":"Cube","from":[-1.2000000178813934,-4.5999999940395355,22.200000002980232],"to":[4.8000000566244125,-2.0000000149011612,22.799999997019768],"faces":{"north":{"texture":"#15","uv":[0.0,0.0,6.000000074505806,2.3999999761581421]},"east":{"texture":"#15","uv":[0.0,0.0,0.59999999403953552,2.3999999761581421]},"south":{"texture":"#15","uv":[0.0,0.0,6.000000074505806,2.3999999761581421]},"west":{"texture":"#15","uv":[0.0,0.0,0.59999999403953552,2.3999999761581421]},"up":{"texture":"#15","uv":[0.0,0.0,6.000000074505806,0.59999999403953552]},"down":{"texture":"#15","uv":[0.0,0.0,6.000000074505806,0.59999999403953552]}}},{"name":"Cube","from":[-0.60000000894069672,-5.2000000029802322,22.2],"to":[4.2000000476837158,-4.6000000089406967,22.799999994039535],"faces":{"north":{"texture":"#15","uv":[0.0,0.0,4.8000000566244125,0.59999999403953552]},"east":{"texture":"#15","uv":[0.0,0.0,0.59999999403953552,0.59999999403953552]},"south":{"texture":"#15","uv":[0.0,0.0,4.8000000566244125,0.59999999403953552]},"west":{"texture":"#15","uv":[0.0,0.0,0.59999999403953552,0.59999999403953552]},"up":{"texture":"#15","uv":[0.0,0.0,4.8000000566244125,0.59999999403953552]},"down":{"texture":"#15","uv":[0.0,0.0,4.8000000566244125,0.59999999403953552]}}},{"name":"Cube","from":[0.0,-5.7999999970197678,22.200000002980232],"to":[3.6000000387430191,-5.2000000029802322,22.799999997019768],"faces":{"north":{"texture":"#15","uv":[0.0,0.0,3.6000000387430191,0.59999999403953552]},"east":{"texture":"#15","uv":[0.0,0.0,0.59999999403953552,0.59999999403953552]},"south":{"texture":"#15","uv":[0.0,0.0,3.6000000387430191,0.59999999403953552]},"west":{"texture":"#15","uv":[0.0,0.0,0.59999999403953552,0.59999999403953552]},"up":{"texture":"#15","uv":[0.0,0.0,3.6000000387430191,0.59999999403953552]},"down":{"texture":"#15","uv":[0.0,0.0,3.6000000387430191,0.59999999403953552]}}},{"name":"Cube","from":[12.399999991059303,-1.3999999910593033,22.200000002980232],"to":[16.000000029802322,-0.79999999701976776,22.799999997019768],"faces":{"north":{"texture":"#15","uv":[0.0,0.0,3.6000000387430191,0.59999999403953552]},"east":{"texture":"#15","uv":[0.0,0.0,0.59999999403953552,0.59999999403953552]},"south":{"texture":"#15","uv":[0.0,0.0,3.6000000387430191,0.59999999403953552]},"west":{"texture":"#15","uv":[0.0,0.0,0.59999999403953552,0.59999999403953552]},"up":{"texture":"#15","uv":[0.0,0.0,3.6000000387430191,0.59999999403953552]},"down":{"texture":"#15","uv":[0.0,0.0,3.6000000387430191,0.59999999403953552]}}},{"name":"Cube","from":[11.799999997019768,-2.0,22.200000002980232],"to":[16.60000005364418,-1.4000000059604645,22.799999997019768],"faces":{"north":{"texture":"#15","uv":[0.0,0.0,4.8000000566244125,0.59999999403953552]},"east":{"texture":"#15","uv":[0.0,0.0,0.59999999403953552,0.59999999403953552]},"south":{"texture":"#15","uv":[0.0,0.0,4.8000000566244125,0.59999999403953552]},"west":{"texture":"#15","uv":[0.0,0.0,0.59999999403953552,0.59999999403953552]},"up":{"texture":"#15","uv":[0.0,0.0,4.8000000566244125,0.59999999403953552]},"down":{"texture":"#15","uv":[0.0,0.0,4.8000000566244125,0.59999999403953552]}}},{"name":"Cube","from":[11.19999997317791,-4.5999999940395355,22.200000002980232],"to":[17.200000047683716,-2.0000000149011612,22.799999997019768],"faces":{"north":{"texture":"#15","uv":[0.0,0.0,6.000000074505806,2.3999999761581421]},"east":{"texture":"#15","uv":[0.0,0.0,0.59999999403953552,2.3999999761581421]},"south":{"texture":"#15","uv":[0.0,0.0,6.000000074505806,2.3999999761581421]},"west":{"texture":"#15","uv":[0.0,0.0,0.59999999403953552,2.3999999761581421]},"up":{"texture":"#15","uv":[0.0,0.0,6.000000074505806,0.59999999403953552]},"down":{"texture":"#15","uv":[0.0,0.0,6.000000074505806,0.59999999403953552]}}},{"name":"Cube","from":[11.799999997019768,-5.2000000029802322,22.200000002980232],"to":[16.60000005364418,-4.6000000089406967,22.799999997019768],"faces":{"north":{"texture":"#15","uv":[0.0,0.0,4.8000000566244125,0.59999999403953552]},"east":{"texture":"#15","uv":[0.0,0.0,0.59999999403953552,0.59999999403953552]},"south":{"texture":"#15","uv":[0.0,0.0,4.8000000566244125,0.59999999403953552]},"west":{"texture":"#15","uv":[0.0,0.0,0.59999999403953552,0.59999999403953552]},"up":{"texture":"#15","uv":[0.0,0.0,4.8000000566244125,0.59999999403953552]},"down":{"texture":"#15","uv":[0.0,0.0,4.8000000566244125,0.59999999403953552]}}},{"name":"Cube","from":[12.399999991059303,-5.5999999940395355,-6.8],"to":[16.000000029802322,-5.0,-6.2000000059604643],"faces":{"north":{"texture":"#15","uv":[0.0,0.0,3.6000000387430191,0.59999999403953552]},"east":{"texture":"#15","uv":[0.0,0.0,0.59999999403953552,0.59999999403953552]},"south":{"texture":"#15","uv":[0.0,0.0,3.6000000387430191,0.59999999403953552]},"west":{"texture":"#15","uv":[0.0,0.0,0.59999999403953552,0.59999999403953552]},"up":{"texture":"#15","uv":[0.0,0.0,3.6000000387430191,0.59999999403953552]},"down":{"texture":"#15","uv":[0.0,0.0,3.6000000387430191,0.59999999403953552]}}},{"name":"Cube","from":[11.19999997317791,-4.3999999910593033,-6.8],"to":[17.200000047683716,-2.0000000149011612,-6.2000000059604643],"faces":{"north":{"texture":"#15","uv":[0.0,0.0,6.000000074505806,2.3999999761581421]},"east":{"texture":"#15","uv":[0.0,0.0,0.59999999403953552,2.3999999761581421]},"south":{"texture":"#15","uv":[0.0,0.0,6.000000074505806,2.3999999761581421]},"west":{"texture":"#15","uv":[0.0,0.0,0.59999999403953552,2.3999999761581421]},"up":{"texture":"#15","uv":[0.0,0.0,6.000000074505806,0.59999999403953552]},"down":{"texture":"#15","uv":[0.0,0.0,6.000000074505806,0.59999999403953552]}}},{"name":"Cube","from":[11.799999997019768,-2.0,-6.8],"to":[16.60000005364418,-1.4000000059604645,-6.2000000059604643],"faces":{"north":{"texture":"#15","uv":[0.0,0.0,4.8000000566244125,0.59999999403953552]},"east":{"texture":"#15","uv":[0.0,0.0,0.59999999403953552,0.59999999403953552]},"south":{"texture":"#15","uv":[0.0,0.0,4.8000000566244125,0.59999999403953552]},"west":{"texture":"#15","uv":[0.0,0.0,0.59999999403953552,0.59999999403953552]},"up":{"texture":"#15","uv":[0.0,0.0,4.8000000566244125,0.59999999403953552]},"down":{"texture":"#15","uv":[0.0,0.0,4.8000000566244125,0.59999999403953552]}}},{"name":"Cube","from":[12.399999991059303,-1.3999999910593033,-6.8],"to":[16.000000029802322,-0.79999999701976776,-6.2000000059604643],"faces":{"north":{"texture":"#15","uv":[0.0,0.0,3.6000000387430191,0.59999999403953552]},"east":{"texture":"#15","uv":[0.0,0.0,0.59999999403953552,0.59999999403953552]},"south":{"texture":"#15","uv":[0.0,0.0,3.6000000387430191,0.59999999403953552]},"west":{"texture":"#15","uv":[0.0,0.0,0.59999999403953552,0.59999999403953552]},"up":{"texture":"#15","uv":[0.0,0.0,3.6000000387430191,0.59999999403953552]},"down":{"texture":"#15","uv":[0.0,0.0,3.6000000387430191,0.59999999403953552]}}},{"name":"Cube","from":[11.799999997019768,-5.0,-6.8],"to":[16.60000005364418,-4.4000000059604645,-6.2000000059604643],"faces":{"north":{"texture":"#15","uv":[0.0,0.0,4.8000000566244125,0.59999999403953552]},"east":{"texture":"#15","uv":[0.0,0.0,0.59999999403953552,0.59999999403953552]},"south":{"texture":"#15","uv":[0.0,0.0,4.8000000566244125,0.59999999403953552]},"west":{"texture":"#15","uv":[0.0,0.0,0.59999999403953552,0.59999999403953552]},"up":{"texture":"#15","uv":[0.0,0.0,4.8000000566244125,0.59999999403953552]},"down":{"texture":"#15","uv":[0.0,0.0,4.8000000566244125,0.59999999403953552]}}},{"name":"Cube","from":[12.399999991059303,-5.7999999970197678,22.2],"to":[16.000000029802322,-5.2000000029802322,22.799999994039535],"faces":{"north":{"texture":"#15","uv":[0.0,0.0,3.6000000387430191,0.59999999403953552]},"east":{"texture":"#15","uv":[0.0,0.0,0.59999999403953552,0.59999999403953552]},"south":{"texture":"#15","uv":[0.0,0.0,3.6000000387430191,0.59999999403953552]},"west":{"texture":"#15","uv":[0.0,0.0,0.59999999403953552,0.59999999403953552]},"up":{"texture":"#15","uv":[0.0,0.0,3.6000000387430191,0.59999999403953552]},"down":{"texture":"#15","uv":[0.0,0.0,3.6000000387430191,0.59999999403953552]}}},{"name":"Cube","from":[-1.2000000178813934,-4.3999999910593033,-6.8],"to":[4.8000000566244125,-2.0000000149011612,-6.2000000059604643],"faces":{"north":{"texture":"#15","uv":[0.0,0.0,6.000000074505806,2.3999999761581421]},"east":{"texture":"#15","uv":[0.0,0.0,0.59999999403953552,2.3999999761581421]},"south":{"texture":"#15","uv":[0.0,0.0,6.000000074505806,2.3999999761581421]},"west":{"texture":"#15","uv":[0.0,0.0,0.59999999403953552,2.3999999761581421]},"up":{"texture":"#15","uv":[0.0,0.0,6.000000074505806,0.59999999403953552]},"down":{"texture":"#15","uv":[0.0,0.0,6.000000074505806,0.59999999403953552]}}},{"name":"Cube","from":[-0.60000000894069672,-5.0,-6.8],"to":[4.2000000476837158,-4.4000000059604645,-6.2000000059604643],"faces":{"north":{"texture":"#15","uv":[0.0,0.0,4.8000000566244125,0.59999999403953552]},"east":{"texture":"#15","uv":[0.0,0.0,0.59999999403953552,0.59999999403953552]},"south":{"texture":"#15","uv":[0.0,0.0,4.8000000566244125,0.59999999403953552]},"west":{"texture":"#15","uv":[0.0,0.0,0.59999999403953552,0.59999999403953552]},"up":{"texture":"#15","uv":[0.0,0.0,4.8000000566244125,0.59999999403953552]},"down":{"texture":"#15","uv":[0.0,0.0,4.8000000566244125,0.59999999403953552]}}},{"name":"Cube","from":[0.0,-5.5999999940395355,-6.8],"to":[3.6000000387430191,-5.0,-6.2000000059604643],"faces":{"north":{"texture":"#15","uv":[0.0,0.0,3.6000000387430191,0.59999999403953552]},"east":{"texture":"#15","uv":[0.0,0.0,0.59999999403953552,0.59999999403953552]},"south":{"texture":"#15","uv":[0.0,0.0,3.6000000387430191,0.59999999403953552]},"west":{"texture":"#15","uv":[0.0,0.0,0.59999999403953552,0.59999999403953552]},"up":{"texture":"#15","uv":[0.0,0.0,3.6000000387430191,0.59999999403953552]},"down":{"texture":"#15","uv":[0.0,0.0,3.6000000387430191,0.59999999403953552]}}},{"name":"Cube","from":[-0.60000000894069672,-2.0,-6.8],"to":[4.2000000476837158,-1.4000000059604645,-6.2000000059604643],"faces":{"north":{"texture":"#15","uv":[0.0,0.0,4.8000000566244125,0.59999999403953552]},"east":{"texture":"#15","uv":[0.0,0.0,0.59999999403953552,0.59999999403953552]},"south":{"texture":"#15","uv":[0.0,0.0,4.8000000566244125,0.59999999403953552]},"west":{"texture":"#15","uv":[0.0,0.0,0.59999999403953552,0.59999999403953552]},"up":{"texture":"#15","uv":[0.0,0.0,4.8000000566244125,0.59999999403953552]},"down":{"texture":"#15","uv":[0.0,0.0,4.8000000566244125,0.59999999403953552]}}},{"name":"Cube","from":[0.0,-1.3999999910593033,-6.8],"to":[3.6000000387430191,-0.79999999701976776,-6.2000000059604643],"faces":{"north":{"texture":"#15","uv":[0.0,0.0,3.6000000387430191,0.59999999403953552]},"east":{"texture":"#15","uv":[0.0,0.0,0.59999999403953552,0.59999999403953552]},"south":{"texture":"#15","uv":[0.0,0.0,3.6000000387430191,0.59999999403953552]},"west":{"texture":"#15","uv":[0.0,0.0,0.59999999403953552,0.59999999403953552]},"up":{"texture":"#15","uv":[0.0,0.0,3.6000000387430191,0.59999999403953552]},"down":{"texture":"#15","uv":[0.0,0.0,3.6000000387430191,0.59999999403953552]}}},{"name":"Cube","from":[1.3999999910593033,-3.5999999940395355,-6.0],"to":[2.3999999910593033,-3.0,22.499999992549419],"faces":{"north":{"texture":"#6","uv":[0.0,0.0,1.0,0.59999999403953552]},"east":{"texture":"#6","uv":[0.0,0.0,28.499999992549419,0.59999999403953552]},"south":{"texture":"#6","uv":[0.0,0.0,1.0,0.59999999403953552]},"west":{"texture":"#6","uv":[0.0,0.0,28.499999992549419,0.59999999403953552]},"up":{"texture":"#6","uv":[0.0,0.0,1.0,28.499999992549419]},"down":{"texture":"#6","uv":[0.0,0.0,1.0,28.499999992549419]}}},{"name":"Cube","from":[13.799999997019768,-3.5999999940395355,-6.0],"to":[14.799999997019768,-3.0,22.499999992549419],"faces":{"north":{"texture":"#6","uv":[0.0,0.0,1.0,0.59999999403953552]},"east":{"texture":"#6","uv":[0.0,0.0,28.499999992549419,0.59999999403953552]},"south":{"texture":"#6","uv":[0.0,0.0,1.0,0.59999999403953552]},"west":{"texture":"#6","uv":[0.0,0.0,28.499999992549419,0.59999999403953552]},"up":{"texture":"#6","uv":[0.0,0.0,1.0,28.499999992549419]},"down":{"texture":"#6","uv":[0.0,0.0,1.0,28.499999992549419]}}},{"name":"Cube","from":[0.89999999850988388,-4.0,3.0],"to":[2.8999999985098839,-2.5999999940395355,13.499999992549419],"faces":{"north":{"texture":"#6","uv":[0.0,0.0,2.0,1.4000000059604645]},"east":{"texture":"#6","uv":[0.0,0.0,10.499999992549419,1.4000000059604645]},"south":{"texture":"#6","uv":[0.0,0.0,2.0,1.4000000059604645]},"west":{"texture":"#6","uv":[0.0,0.0,10.499999992549419,1.4000000059604645]},"up":{"texture":"#6","uv":[0.0,0.0,2.0,10.499999992549419]},"down":{"texture":"#6","uv":[0.0,0.0,2.0,10.499999992549419]}}},{"name":"Cube","from":[13.299999989569187,-4.0,3.0],"to":[15.299999989569187,-2.5999999940395355,13.499999992549419],"faces":{"north":{"texture":"#6","uv":[0.0,0.0,2.0,1.4000000059604645]},"east":{"texture":"#6","uv":[0.0,0.0,10.499999992549419,1.4000000059604645]},"south":{"texture":"#6","uv":[0.0,0.0,2.0,1.4000000059604645]},"west":{"texture":"#6","uv":[0.0,0.0,10.499999992549419,1.4000000059604645]},"up":{"texture":"#6","uv":[0.0,0.0,2.0,10.499999992549419]},"down":{"texture":"#6","uv":[0.0,0.0,2.0,10.499999992549419]}}},{"name":"Cube","from":[0.0,-1.2000000029802322,22.200000002980232],"to":[3.6000000387430191,-0.5000000074505806,23.0],"faces":{"north":{"texture":"#16","uv":[0.0,0.0,3.6000000387430191,0.59999999403953552]},"east":{"texture":"#16","uv":[0.0,0.0,0.59999999403953552,0.59999999403953552]},"south":{"texture":"#16","uv":[0.0,0.0,3.6000000387430191,0.59999999403953552]},"west":{"texture":"#16","uv":[0.0,0.0,0.59999999403953552,0.59999999403953552]},"up":{"texture":"#16","uv":[0.0,0.0,3.6000000387430191,0.59999999403953552]},"down":{"texture":"#16","uv":[0.0,0.0,3.6000000387430191,0.59999999403953552]}}},{"name":"Cube","from":[10.899999998509884,-1.800000011920929,22.200000002980232],"to":[13.30000001937151,-1.1000000163912773,23.0],"rotation":{"origin":[8.0,8.0,8.0],"axis":"z","angle":-45.0},"faces":{"north":{"texture":"#16","uv":[0.0,0.0,3.6000000387430191,0.59999999403953552]},"east":{"texture":"#16","uv":[0.0,0.0,0.59999999403953552,0.59999999403953552]},"south":{"texture":"#16","uv":[0.0,0.0,3.6000000387430191,0.59999999403953552]},"west":{"texture":"#16","uv":[0.0,0.0,0.59999999403953552,0.59999999403953552]},"up":{"texture":"#16","uv":[0.0,0.0,3.6000000387430191,0.59999999403953552]},"down":{"texture":"#16","uv":[0.0,0.0,3.6000000387430191,0.59999999403953552]}}},{"name":"Cube","from":[4.5000000074505806,-4.6000000089406967,22.200000002980232],"to":[5.3000000491738319,-2.2000000029802322,23.0],"faces":{"north":{"texture":"#16","uv":[0.0,0.0,3.6000000387430191,0.59999999403953552]},"east":{"texture":"#16","uv":[0.0,0.0,0.59999999403953552,0.59999999403953552]},"south":{"texture":"#16","uv":[0.0,0.0,3.6000000387430191,0.59999999403953552]},"west":{"texture":"#16","uv":[0.0,0.0,0.59999999403953552,0.59999999403953552]},"up":{"texture":"#16","uv":[0.0,0.0,3.6000000387430191,0.59999999403953552]},"down":{"texture":"#16","uv":[0.0,0.0,3.6000000387430191,0.59999999403953552]}}},{"name":"Cube","from":[10.099999986588955,-7.700000025331974,22.200000002980232],"to":[12.500000007450581,-7.0000000298023224,23.0],"rotation":{"origin":[8.0,8.0,8.0],"axis":"z","angle":-45.0},"faces":{"north":{"texture":"#16","uv":[0.0,0.0,3.6000000387430191,0.59999999403953552]},"east":{"texture":"#16","uv":[0.0,0.0,0.59999999403953552,0.59999999403953552]},"south":{"texture":"#16","uv":[0.0,0.0,3.6000000387430191,0.59999999403953552]},"west":{"texture":"#16","uv":[0.0,0.0,0.59999999403953552,0.59999999403953552]},"up":{"texture":"#16","uv":[0.0,0.0,3.6000000387430191,0.59999999403953552]},"down":{"texture":"#16","uv":[0.0,0.0,3.6000000387430191,0.59999999403953552]}}},{"name":"Cube","from":[0.0,-6.25,22.200000002980232],"to":[3.6000000387430191,-5.5500000044703484,23.0],"faces":{"north":{"texture":"#16","uv":[0.0,0.0,3.6000000387430191,0.59999999403953552]},"east":{"texture":"#16","uv":[0.0,0.0,0.59999999403953552,0.59999999403953552]},"south":{"texture":"#16","uv":[0.0,0.0,3.6000000387430191,0.59999999403953552]},"west":{"texture":"#16","uv":[0.0,0.0,0.59999999403953552,0.59999999403953552]},"up":{"texture":"#16","uv":[0.0,0.0,3.6000000387430191,0.59999999403953552]},"down":{"texture":"#16","uv":[0.0,0.0,3.6000000387430191,0.59999999403953552]}}},{"name":"Cube","from":[-6.1000000014901161,6.9999999850988388,22.200000002980232],"to":[-3.6999999806284904,7.6999999806284904,23.0],"rotation":{"origin":[8.0,8.0,8.0],"axis":"z","angle":45.0},"faces":{"north":{"texture":"#16","uv":[0.0,0.0,3.6000000387430191,0.59999999403953552]},"east":{"texture":"#16","uv":[0.0,0.0,0.59999999403953552,0.59999999403953552]},"south":{"texture":"#16","uv":[0.0,0.0,3.6000000387430191,0.59999999403953552]},"west":{"texture":"#16","uv":[0.0,0.0,0.59999999403953552,0.59999999403953552]},"up":{"texture":"#16","uv":[0.0,0.0,3.6000000387430191,0.59999999403953552]},"down":{"texture":"#16","uv":[0.0,0.0,3.6000000387430191,0.59999999403953552]}}},{"name":"Cube","from":[-1.6999999955296516,-4.6000000089406967,22.200000002980232],"to":[-0.8999999538064003,-2.2000000029802322,23.0],"faces":{"north":{"texture":"#16","uv":[0.0,0.0,3.6000000387430191,0.59999999403953552]},"east":{"texture":"#16","uv":[0.0,0.0,0.59999999403953552,0.59999999403953552]},"south":{"texture":"#16","uv":[0.0,0.0,3.6000000387430191,0.59999999403953552]},"west":{"texture":"#16","uv":[0.0,0.0,0.59999999403953552,0.59999999403953552]},"up":{"texture":"#16","uv":[0.0,0.0,3.6000000387430191,0.59999999403953552]},"down":{"texture":"#16","uv":[0.0,0.0,3.6000000387430191,0.59999999403953552]}}},{"name":"Cube","from":[-5.199999988079071,1.05,22.200000002980232],"to":[-2.7999999672174454,1.7499999955296517,23.0],"rotation":{"origin":[8.0,8.0,8.0],"axis":"z","angle":45.0},"faces":{"north":{"texture":"#16","uv":[0.0,0.0,3.6000000387430191,0.59999999403953552]},"east":{"texture":"#16","uv":[0.0,0.0,0.59999999403953552,0.59999999403953552]},"south":{"texture":"#16","uv":[0.0,0.0,3.6000000387430191,0.59999999403953552]},"west":{"texture":"#16","uv":[0.0,0.0,0.59999999403953552,0.59999999403953552]},"up":{"texture":"#16","uv":[0.0,0.0,3.6000000387430191,0.59999999403953552]},"down":{"texture":"#16","uv":[0.0,0.0,3.6000000387430191,0.59999999403953552]}}},{"name":"Cube","from":[16.800000011920929,-4.6000000089406967,22.200000002980232],"to":[17.60000005364418,-2.2000000029802322,23.0],"faces":{"north":{"texture":"#16","uv":[0.0,0.0,3.6000000387430191,0.59999999403953552]},"east":{"texture":"#16","uv":[0.0,0.0,0.59999999403953552,0.59999999403953552]},"south":{"texture":"#16","uv":[0.0,0.0,3.6000000387430191,0.59999999403953552]},"west":{"texture":"#16","uv":[0.0,0.0,0.59999999403953552,0.59999999403953552]},"up":{"texture":"#16","uv":[0.0,0.0,3.6000000387430191,0.59999999403953552]},"down":{"texture":"#16","uv":[0.0,0.0,3.6000000387430191,0.59999999403953552]}}},{"name":"Cube","from":[12.399999991059303,-1.2000000029802322,22.200000002980232],"to":[16.000000029802322,-0.5000000074505806,23.0],"faces":{"north":{"texture":"#16","uv":[0.0,0.0,3.6000000387430191,0.59999999403953552]},"east":{"texture":"#16","uv":[0.0,0.0,0.59999999403953552,0.59999999403953552]},"south":{"texture":"#16","uv":[0.0,0.0,3.6000000387430191,0.59999999403953552]},"west":{"texture":"#16","uv":[0.0,0.0,0.59999999403953552,0.59999999403953552]},"up":{"texture":"#16","uv":[0.0,0.0,3.6000000387430191,0.59999999403953552]},"down":{"texture":"#16","uv":[0.0,0.0,3.6000000387430191,0.59999999403953552]}}},{"name":"Cube","from":[12.400000005960465,-6.25,22.200000002980232],"to":[16.000000044703484,-5.5500000044703484,23.0],"faces":{"north":{"texture":"#16","uv":[0.0,0.0,3.6000000387430191,0.59999999403953552]},"east":{"texture":"#16","uv":[0.0,0.0,0.59999999403953552,0.59999999403953552]},"south":{"texture":"#16","uv":[0.0,0.0,3.6000000387430191,0.59999999403953552]},"west":{"texture":"#16","uv":[0.0,0.0,0.59999999403953552,0.59999999403953552]},"up":{"texture":"#16","uv":[0.0,0.0,3.6000000387430191,0.59999999403953552]},"down":{"texture":"#16","uv":[0.0,0.0,3.6000000387430191,0.59999999403953552]}}},{"name":"Cube","from":[10.700000010430813,-4.6000000089406967,22.200000002980232],"to":[11.500000052154064,-2.2000000029802322,23.0],"faces":{"north":{"texture":"#16","uv":[0.0,0.0,3.6000000387430191,0.59999999403953552]},"east":{"texture":"#16","uv":[0.0,0.0,0.59999999403953552,0.59999999403953552]},"south":{"texture":"#16","uv":[0.0,0.0,3.6000000387430191,0.59999999403953552]},"west":{"texture":"#16","uv":[0.0,0.0,0.59999999403953552,0.59999999403953552]},"up":{"texture":"#16","uv":[0.0,0.0,3.6000000387430191,0.59999999403953552]},"down":{"texture":"#16","uv":[0.0,0.0,3.6000000387430191,0.59999999403953552]}}},{"name":"Cube","from":[2.6999999955296516,-1.8000000268220902,22.200000002980232],"to":[5.1000000163912773,-1.1000000312924385,23.0],"rotation":{"origin":[8.0,8.0,8.0],"axis":"z","angle":45.0},"faces":{"north":{"texture":"#16","uv":[0.0,0.0,3.6000000387430191,0.59999999403953552]},"east":{"texture":"#16","uv":[0.0,0.0,0.59999999403953552,0.59999999403953552]},"south":{"texture":"#16","uv":[0.0,0.0,3.6000000387430191,0.59999999403953552]},"west":{"texture":"#16","uv":[0.0,0.0,0.59999999403953552,0.59999999403953552]},"up":{"texture":"#16","uv":[0.0,0.0,3.6000000387430191,0.59999999403953552]},"down":{"texture":"#16","uv":[0.0,0.0,3.6000000387430191,0.59999999403953552]}}},{"name":"Cube","from":[3.5000000074505806,-7.700000025331974,22.200000002980232],"to":[5.9000000283122063,-7.0000000298023224,23.0],"rotation":{"origin":[8.0,8.0,8.0],"axis":"z","angle":45.0},"faces":{"north":{"texture":"#16","uv":[0.0,0.0,3.6000000387430191,0.59999999403953552]},"east":{"texture":"#16","uv":[0.0,0.0,0.59999999403953552,0.59999999403953552]},"south":{"texture":"#16","uv":[0.0,0.0,3.6000000387430191,0.59999999403953552]},"west":{"texture":"#16","uv":[0.0,0.0,0.59999999403953552,0.59999999403953552]},"up":{"texture":"#16","uv":[0.0,0.0,3.6000000387430191,0.59999999403953552]},"down":{"texture":"#16","uv":[0.0,0.0,3.6000000387430191,0.59999999403953552]}}},{"name":"Cube","from":[18.800000011920929,0.99999998509883881,22.200000002980232],"to":[21.200000032782555,1.6999999806284905,23.0],"rotation":{"origin":[8.0,8.0,8.0],"axis":"z","angle":-45.0},"faces":{"north":{"texture":"#16","uv":[0.0,0.0,3.6000000387430191,0.59999999403953552]},"east":{"texture":"#16","uv":[0.0,0.0,0.59999999403953552,0.59999999403953552]},"south":{"texture":"#16","uv":[0.0,0.0,3.6000000387430191,0.59999999403953552]},"west":{"texture":"#16","uv":[0.0,0.0,0.59999999403953552,0.59999999403953552]},"up":{"texture":"#16","uv":[0.0,0.0,3.6000000387430191,0.59999999403953552]},"down":{"texture":"#16","uv":[0.0,0.0,3.6000000387430191,0.59999999403953552]}}},{"name":"Cube","from":[19.600000023841858,6.8999999836087227,22.200000002980232],"to":[22.000000044703484,7.5999999791383743,23.0],"rotation":{"origin":[8.0,8.0,8.0],"axis":"z","angle":-45.0},"faces":{"north":{"texture":"#16","uv":[0.0,0.0,3.6000000387430191,0.59999999403953552]},"east":{"texture":"#16","uv":[0.0,0.0,0.59999999403953552,0.59999999403953552]},"south":{"texture":"#16","uv":[0.0,0.0,3.6000000387430191,0.59999999403953552]},"west":{"texture":"#16","uv":[0.0,0.0,0.59999999403953552,0.59999999403953552]},"up":{"texture":"#16","uv":[0.0,0.0,3.6000000387430191,0.59999999403953552]},"down":{"texture":"#16","uv":[0.0,0.0,3.6000000387430191,0.59999999403953552]}}},{"name":"Cube","from":[16.800000011920929,-4.6000000089406967,-7.0],"to":[17.60000005364418,-2.2000000029802322,-6.2000000029802322],"faces":{"north":{"texture":"#16","uv":[0.0,0.0,3.6000000387430191,0.59999999403953552]},"east":{"texture":"#16","uv":[0.0,0.0,0.59999999403953552,0.59999999403953552]},"south":{"texture":"#16","uv":[0.0,0.0,3.6000000387430191,0.59999999403953552]},"west":{"texture":"#16","uv":[0.0,0.0,0.59999999403953552,0.59999999403953552]},"up":{"texture":"#16","uv":[0.0,0.0,3.6000000387430191,0.59999999403953552]},"down":{"texture":"#16","uv":[0.0,0.0,3.6000000387430191,0.59999999403953552]}}},{"name":"Cube","from":[19.600000023841858,6.8999999836087227,-7.0],"to":[22.000000044703484,7.5999999791383743,-6.2000000029802322],"rotation":{"origin":[8.0,8.0,8.0],"axis":"z","angle":-45.0},"faces":{"north":{"texture":"#16","uv":[0.0,0.0,3.6000000387430191,0.59999999403953552]},"east":{"texture":"#16","uv":[0.0,0.0,0.59999999403953552,0.59999999403953552]},"south":{"texture":"#16","uv":[0.0,0.0,3.6000000387430191,0.59999999403953552]},"west":{"texture":"#16","uv":[0.0,0.0,0.59999999403953552,0.59999999403953552]},"up":{"texture":"#16","uv":[0.0,0.0,3.6000000387430191,0.59999999403953552]},"down":{"texture":"#16","uv":[0.0,0.0,3.6000000387430191,0.59999999403953552]}}},{"name":"Cube","from":[12.399999991059303,-1.2000000029802322,-7.0],"to":[16.000000029802322,-0.5000000074505806,-6.2000000029802322],"faces":{"north":{"texture":"#16","uv":[0.0,0.0,3.6000000387430191,0.59999999403953552]},"east":{"texture":"#16","uv":[0.0,0.0,0.59999999403953552,0.59999999403953552]},"south":{"texture":"#16","uv":[0.0,0.0,3.6000000387430191,0.59999999403953552]},"west":{"texture":"#16","uv":[0.0,0.0,0.59999999403953552,0.59999999403953552]},"up":{"texture":"#16","uv":[0.0,0.0,3.6000000387430191,0.59999999403953552]},"down":{"texture":"#16","uv":[0.0,0.0,3.6000000387430191,0.59999999403953552]}}},{"name":"Cube","from":[2.6999999955296516,-1.8000000268220902,-7.0],"to":[5.1000000163912773,-1.1000000312924385,-6.2000000029802322],"rotation":{"origin":[8.0,8.0,8.0],"axis":"z","angle":45.0},"faces":{"north":{"texture":"#16","uv":[0.0,0.0,3.6000000387430191,0.59999999403953552]},"east":{"texture":"#16","uv":[0.0,0.0,0.59999999403953552,0.59999999403953552]},"south":{"texture":"#16","uv":[0.0,0.0,3.6000000387430191,0.59999999403953552]},"west":{"texture":"#16","uv":[0.0,0.0,0.59999999403953552,0.59999999403953552]},"up":{"texture":"#16","uv":[0.0,0.0,3.6000000387430191,0.59999999403953552]},"down":{"texture":"#16","uv":[0.0,0.0,3.6000000387430191,0.59999999403953552]}}},{"name":"Cube","from":[10.700000010430813,-4.6000000089406967,-7.0],"to":[11.500000052154064,-2.2000000029802322,-6.2000000029802322],"faces":{"north":{"texture":"#16","uv":[0.0,0.0,3.6000000387430191,0.59999999403953552]},"east":{"texture":"#16","uv":[0.0,0.0,0.59999999403953552,0.59999999403953552]},"south":{"texture":"#16","uv":[0.0,0.0,3.6000000387430191,0.59999999403953552]},"west":{"texture":"#16","uv":[0.0,0.0,0.59999999403953552,0.59999999403953552]},"up":{"texture":"#16","uv":[0.0,0.0,3.6000000387430191,0.59999999403953552]},"down":{"texture":"#16","uv":[0.0,0.0,3.6000000387430191,0.59999999403953552]}}},{"name":"Cube","from":[18.800000011920929,0.99999998509883881,-7.0],"to":[21.200000032782555,1.6999999806284905,-6.2000000029802322],"rotation":{"origin":[8.0,8.0,8.0],"axis":"z","angle":-45.0},"faces":{"north":{"texture":"#16","uv":[0.0,0.0,3.6000000387430191,0.59999999403953552]},"east":{"texture":"#16","uv":[0.0,0.0,0.59999999403953552,0.59999999403953552]},"south":{"texture":"#16","uv":[0.0,0.0,3.6000000387430191,0.59999999403953552]},"west":{"texture":"#16","uv":[0.0,0.0,0.59999999403953552,0.59999999403953552]},"up":{"texture":"#16","uv":[0.0,0.0,3.6000000387430191,0.59999999403953552]},"down":{"texture":"#16","uv":[0.0,0.0,3.6000000387430191,0.59999999403953552]}}},{"name":"Cube","from":[12.400000005960465,-6.25,-7.0],"to":[16.000000044703484,-5.5500000044703484,-6.2000000029802322],"faces":{"north":{"texture":"#16","uv":[0.0,0.0,3.6000000387430191,0.59999999403953552]},"east":{"texture":"#16","uv":[0.0,0.0,0.59999999403953552,0.59999999403953552]},"south":{"texture":"#16","uv":[0.0,0.0,3.6000000387430191,0.59999999403953552]},"west":{"texture":"#16","uv":[0.0,0.0,0.59999999403953552,0.59999999403953552]},"up":{"texture":"#16","uv":[0.0,0.0,3.6000000387430191,0.59999999403953552]},"down":{"texture":"#16","uv":[0.0,0.0,3.6000000387430191,0.59999999403953552]}}},{"name":"Cube","from":[3.5000000074505806,-7.700000025331974,-7.0],"to":[5.9000000283122063,-7.0000000298023224,-6.2000000029802322],"rotation":{"origin":[8.0,8.0,8.0],"axis":"z","angle":45.0},"faces":{"north":{"texture":"#16","uv":[0.0,0.0,3.6000000387430191,0.59999999403953552]},"east":{"texture":"#16","uv":[0.0,0.0,0.59999999403953552,0.59999999403953552]},"south":{"texture":"#16","uv":[0.0,0.0,3.6000000387430191,0.59999999403953552]},"west":{"texture":"#16","uv":[0.0,0.0,0.59999999403953552,0.59999999403953552]},"up":{"texture":"#16","uv":[0.0,0.0,3.6000000387430191,0.59999999403953552]},"down":{"texture":"#16","uv":[0.0,0.0,3.6000000387430191,0.59999999403953552]}}},{"name":"Cube","from":[-6.1000000014901161,6.9999999850988388,-7.0],"to":[-3.6999999806284904,7.6999999806284904,-6.2000000029802322],"rotation":{"origin":[8.0,8.0,8.0],"axis":"z","angle":45.0},"faces":{"north":{"texture":"#16","uv":[0.0,0.0,3.6000000387430191,0.59999999403953552]},"east":{"texture":"#16","uv":[0.0,0.0,0.59999999403953552,0.59999999403953552]},"south":{"texture":"#16","uv":[0.0,0.0,3.6000000387430191,0.59999999403953552]},"west":{"texture":"#16","uv":[0.0,0.0,0.59999999403953552,0.59999999403953552]},"up":{"texture":"#16","uv":[0.0,0.0,3.6000000387430191,0.59999999403953552]},"down":{"texture":"#16","uv":[0.0,0.0,3.6000000387430191,0.59999999403953552]}}},{"name":"Cube","from":[0.0,-1.2000000029802322,-7.0],"to":[3.6000000387430191,-0.5000000074505806,-6.2000000029802322],"faces":{"north":{"texture":"#16","uv":[0.0,0.0,3.6000000387430191,0.59999999403953552]},"east":{"texture":"#16","uv":[0.0,0.0,0.59999999403953552,0.59999999403953552]},"south":{"texture":"#16","uv":[0.0,0.0,3.6000000387430191,0.59999999403953552]},"west":{"texture":"#16","uv":[0.0,0.0,0.59999999403953552,0.59999999403953552]},"up":{"texture":"#16","uv":[0.0,0.0,3.6000000387430191,0.59999999403953552]},"down":{"texture":"#16","uv":[0.0,0.0,3.6000000387430191,0.59999999403953552]}}},{"name":"Cube","from":[10.899999998509884,-1.800000011920929,-7.0],"to":[13.30000001937151,-1.1000000163912773,-6.2000000029802322],"rotation":{"origin":[8.0,8.0,8.0],"axis":"z","angle":-45.0},"faces":{"north":{"texture":"#16","uv":[0.0,0.0,3.6000000387430191,0.59999999403953552]},"east":{"texture":"#16","uv":[0.0,0.0,0.59999999403953552,0.59999999403953552]},"south":{"texture":"#16","uv":[0.0,0.0,3.6000000387430191,0.59999999403953552]},"west":{"texture":"#16","uv":[0.0,0.0,0.59999999403953552,0.59999999403953552]},"up":{"texture":"#16","uv":[0.0,0.0,3.6000000387430191,0.59999999403953552]},"down":{"texture":"#16","uv":[0.0,0.0,3.6000000387430191,0.59999999403953552]}}},{"name":"Cube","from":[4.5000000074505806,-4.6000000089406967,-7.0],"to":[5.3000000491738319,-2.2000000029802322,-6.2000000029802322],"faces":{"north":{"texture":"#16","uv":[0.0,0.0,3.6000000387430191,0.59999999403953552]},"east":{"texture":"#16","uv":[0.0,0.0,0.59999999403953552,0.59999999403953552]},"south":{"texture":"#16","uv":[0.0,0.0,3.6000000387430191,0.59999999403953552]},"west":{"texture":"#16","uv":[0.0,0.0,0.59999999403953552,0.59999999403953552]},"up":{"texture":"#16","uv":[0.0,0.0,3.6000000387430191,0.59999999403953552]},"down":{"texture":"#16","uv":[0.0,0.0,3.6000000387430191,0.59999999403953552]}}},{"name":"Cube","from":[-1.6999999955296516,-4.6000000089406967,-7.0],"to":[-0.8999999538064003,-2.2000000029802322,-6.2000000029802322],"faces":{"north":{"texture":"#16","uv":[0.0,0.0,3.6000000387430191,0.59999999403953552]},"east":{"texture":"#16","uv":[0.0,0.0,0.59999999403953552,0.59999999403953552]},"south":{"texture":"#16","uv":[0.0,0.0,3.6000000387430191,0.59999999403953552]},"west":{"texture":"#16","uv":[0.0,0.0,0.59999999403953552,0.59999999403953552]},"up":{"texture":"#16","uv":[0.0,0.0,3.6000000387430191,0.59999999403953552]},"down":{"texture":"#16","uv":[0.0,0.0,3.6000000387430191,0.59999999403953552]}}},{"name":"Cube","from":[-5.199999988079071,1.05,-7.0],"to":[-2.7999999672174454,1.7499999955296517,-6.2000000029802322],"rotation":{"origin":[8.0,8.0,8.0],"axis":"z","angle":45.0},"faces":{"north":{"texture":"#16","uv":[0.0,0.0,3.6000000387430191,0.59999999403953552]},"east":{"texture":"#16","uv":[0.0,0.0,0.59999999403953552,0.59999999403953552]},"south":{"texture":"#16","uv":[0.0,0.0,3.6000000387430191,0.59999999403953552]},"west":{"texture":"#16","uv":[0.0,0.0,0.59999999403953552,0.59999999403953552]},"up":{"texture":"#16","uv":[0.0,0.0,3.6000000387430191,0.59999999403953552]},"down":{"texture":"#16","uv":[0.0,0.0,3.6000000387430191,0.59999999403953552]}}},{"name":"Cube","from":[10.099999986588955,-7.700000025331974,-7.0],"to":[12.500000007450581,-7.0000000298023224,-6.2000000029802322],"rotation":{"origin":[8.0,8.0,8.0],"axis":"z","angle":-45.0},"faces":{"north":{"texture":"#16","uv":[0.0,0.0,3.6000000387430191,0.59999999403953552]},"east":{"texture":"#16","uv":[0.0,0.0,0.59999999403953552,0.59999999403953552]},"south":{"texture":"#16","uv":[0.0,0.0,3.6000000387430191,0.59999999403953552]},"west":{"texture":"#16","uv":[0.0,0.0,0.59999999403953552,0.59999999403953552]},"up":{"texture":"#16","uv":[0.0,0.0,3.6000000387430191,0.59999999403953552]},"down":{"texture":"#16","uv":[0.0,0.0,3.6000000387430191,0.59999999403953552]}}},{"name":"Cube","from":[0.0,-6.25,-7.0],"to":[3.6000000387430191,-5.5500000044703484,-6.2000000029802322],"faces":{"north":{"texture":"#16","uv":[0.0,0.0,3.6000000387430191,0.59999999403953552]},"east":{"texture":"#16","uv":[0.0,0.0,0.59999999403953552,0.59999999403953552]},"south":{"texture":"#16","uv":[0.0,0.0,3.6000000387430191,0.59999999403953552]},"west":{"texture":"#16","uv":[0.0,0.0,0.59999999403953552,0.59999999403953552]},"up":{"texture":"#16","uv":[0.0,0.0,3.6000000387430191,0.59999999403953552]},"down":{"texture":"#16","uv":[0.0,0.0,3.6000000387430191,0.59999999403953552]}}}],"display":{"head":{"rotation":[0,90,0],"translation":[11,5,-3],"scale":[2.5,2.5,2.5]},"gui":{"rotation":[15,240,0],"translation":[-0.5,0,0],"scale":[0.4,0.4,0.4]}},"credit":"Model by Craftventure"}