{"textures":{"0":"block/white_concrete","1":"block/gray_concrete","2":"block/red_concrete","3":"block/yellow_concrete","particle":"block/white_concrete"},"elements":[{"name":"hexadecagon","from":[6.92786,2.61,5.44],"to":[9.07214,13.39,7.23],"rotation":{"angle":-45,"axis":"z","origin":[8,8,6.46]},"faces":{"north":{"uv":[0,0,1,1],"texture":"#0"},"east":{"uv":[0,0,1,1],"texture":"#0"},"south":{"uv":[0,0,1,1],"texture":"#0"},"west":{"uv":[0,0,1,1],"texture":"#0"},"up":{"uv":[0,0,1,1],"texture":"#0"},"down":{"uv":[0,0,1,1],"texture":"#0"}}},{"name":"hexadecagon","from":[6.92786,2.61,5.44],"to":[9.07214,13.39,7.23],"rotation":{"angle":-22.5,"axis":"z","origin":[8,8,6.46]},"faces":{"north":{"uv":[0,0,1,1],"texture":"#0"},"east":{"uv":[0,0,1,1],"texture":"#0"},"south":{"uv":[0,0,1,1],"texture":"#0"},"west":{"uv":[0,0,1,1],"texture":"#0"},"up":{"uv":[0,0,1,1],"texture":"#0"},"down":{"uv":[0,0,1,1],"texture":"#0"}}},{"name":"hexadecagon","from":[6.92786,2.61,5.44],"to":[9.07214,13.39,7.23],"faces":{"north":{"uv":[0,0,1,1],"texture":"#0"},"east":{"uv":[0,0,1,1],"texture":"#0"},"south":{"uv":[0,0,1,1],"texture":"#0"},"west":{"uv":[0,0,1,1],"texture":"#0"},"up":{"uv":[0,0,1,1],"texture":"#0"},"down":{"uv":[0,0,1,1],"texture":"#0"}}},{"name":"hexadecagon","from":[6.92786,2.61,5.44],"to":[9.07214,13.39,7.23],"rotation":{"angle":22.5,"axis":"z","origin":[8,8,6.46]},"faces":{"north":{"uv":[0,0,1,1],"texture":"#0"},"east":{"uv":[0,0,1,1],"texture":"#0"},"south":{"uv":[0,0,1,1],"texture":"#0"},"west":{"uv":[0,0,1,1],"texture":"#0"},"up":{"uv":[0,0,1,1],"texture":"#0"},"down":{"uv":[0,0,1,1],"texture":"#0"}}},{"name":"hexadecagon","from":[6.92786,2.61,5.44],"to":[9.07214,13.39,7.23],"rotation":{"angle":45,"axis":"z","origin":[8,8,6.46]},"faces":{"north":{"uv":[0,0,1,1],"texture":"#0"},"east":{"uv":[0,0,1,1],"texture":"#0"},"south":{"uv":[0,0,1,1],"texture":"#0"},"west":{"uv":[0,0,1,1],"texture":"#0"},"up":{"uv":[0,0,1,1],"texture":"#0"},"down":{"uv":[0,0,1,1],"texture":"#0"}}},{"name":"hexadecagon","from":[2.61,6.92786,5.44],"to":[13.39,9.07214,7.23],"rotation":{"angle":-22.5,"axis":"z","origin":[8,8,6.46]},"faces":{"north":{"uv":[0,0,1,1],"texture":"#0"},"east":{"uv":[0,0,1,1],"texture":"#0"},"south":{"uv":[0,0,1,1],"texture":"#0"},"west":{"uv":[0,0,1,1],"texture":"#0"},"up":{"uv":[0,0,1,1],"texture":"#0"},"down":{"uv":[0,0,1,1],"texture":"#0"}}},{"name":"hexadecagon","from":[2.61,6.92786,5.44],"to":[13.39,9.07214,7.23],"faces":{"north":{"uv":[0,0,1,1],"texture":"#0"},"east":{"uv":[0,0,1,1],"texture":"#0"},"south":{"uv":[0,0,1,1],"texture":"#0"},"west":{"uv":[0,0,1,1],"texture":"#0"},"up":{"uv":[0,0,1,1],"texture":"#0"},"down":{"uv":[0,0,1,1],"texture":"#0"}}},{"name":"hexadecagon","from":[2.61,6.92786,5.44],"to":[13.39,9.07214,7.23],"rotation":{"angle":22.5,"axis":"z","origin":[8,8,6.46]},"faces":{"north":{"uv":[0,0,1,1],"texture":"#0"},"east":{"uv":[0,0,1,1],"texture":"#0"},"south":{"uv":[0,0,1,1],"texture":"#0"},"west":{"uv":[0,0,1,1],"texture":"#0"},"up":{"uv":[0,0,1,1],"texture":"#0"},"down":{"uv":[0,0,1,1],"texture":"#0"}}},{"name":"hexadecagon","from":[6.44951,1.45515,5.94],"to":[9.55049,14.54485,7.23],"faces":{"north":{"uv":[0,0,1,1],"texture":"#1"},"east":{"uv":[0,0,1,1],"texture":"#1"},"south":{"uv":[0,0,1,1],"texture":"#1"},"west":{"uv":[0,0,1,1],"texture":"#1"},"up":{"uv":[0,0,1,1],"texture":"#1"},"down":{"uv":[0,0,1,1],"texture":"#1"}}},{"name":"hexadecagon","from":[5.22786,1.36,5.94],"to":[9.07214,6.64,7.23],"rotation":{"angle":-22.5,"axis":"z","origin":[8,8,6.46]},"faces":{"north":{"uv":[0,0,1,1],"texture":"#1"},"east":{"uv":[0,0,1,1],"texture":"#1"},"south":{"uv":[0,0,1,1],"texture":"#1"},"west":{"uv":[0,0,1,1],"texture":"#1"},"up":{"uv":[0,0,1,1],"texture":"#1"},"down":{"uv":[0,0,1,1],"texture":"#1"}}},{"name":"hexadecagon","from":[1.45515,6.44951,5.94],"to":[14.54485,9.55049,7.23],"faces":{"north":{"uv":[0,0,1,1],"texture":"#1"},"east":{"uv":[0,0,1,1],"texture":"#1"},"south":{"uv":[0,0,1,1],"texture":"#1"},"west":{"uv":[0,0,1,1],"texture":"#1"},"up":{"uv":[0,0,1,1],"texture":"#1"},"down":{"uv":[0,0,1,1],"texture":"#1"}}},{"name":"hexadecagon","from":[1.36,5.22786,5.94],"to":[5.64,9.07214,7.23],"rotation":{"angle":22.5,"axis":"z","origin":[8,8,6.46]},"faces":{"north":{"uv":[0,0,1,1],"texture":"#1"},"east":{"uv":[0,0,1,1],"texture":"#1"},"south":{"uv":[0,0,1,1],"texture":"#1"},"west":{"uv":[0,0,1,1],"texture":"#1"},"up":{"uv":[0,0,1,1],"texture":"#1"},"down":{"uv":[0,0,1,1],"texture":"#1"}}},{"name":"hexadecagon","from":[10.36,5.22786,5.94],"to":[14.64,9.07214,7.23],"rotation":{"angle":-22.5,"axis":"z","origin":[8,8,6.46]},"faces":{"north":{"uv":[1,0,0,1],"texture":"#1"},"east":{"uv":[1,0,0,1],"texture":"#1"},"south":{"uv":[1,0,0,1],"texture":"#1"},"west":{"uv":[1,0,0,1],"texture":"#1"},"up":{"uv":[1,0,0,1],"texture":"#1"},"down":{"uv":[1,0,0,1],"texture":"#1"}}},{"name":"hexadecagon","from":[6.92786,1.36,5.94],"to":[10.77214,6.64,7.23],"rotation":{"angle":22.5,"axis":"z","origin":[8,8,6.46]},"faces":{"north":{"uv":[1,0,0,1],"texture":"#1"},"east":{"uv":[1,0,0,1],"texture":"#1"},"south":{"uv":[1,0,0,1],"texture":"#1"},"west":{"uv":[1,0,0,1],"texture":"#1"},"up":{"uv":[1,0,0,1],"texture":"#1"},"down":{"uv":[1,0,0,1],"texture":"#1"}}},{"name":"hexadecagon","from":[10.36,6.92786,5.94],"to":[14.64,10.77214,7.23],"rotation":{"angle":22.5,"axis":"z","origin":[8,8,6.46]},"faces":{"north":{"uv":[1,1,0,0],"texture":"#1"},"east":{"uv":[1,1,0,0],"texture":"#1"},"south":{"uv":[1,1,0,0],"texture":"#1"},"west":{"uv":[1,1,0,0],"texture":"#1"},"up":{"uv":[1,1,0,0],"texture":"#1"},"down":{"uv":[1,1,0,0],"texture":"#1"}}},{"name":"hexadecagon","from":[6.92786,9.36,5.94],"to":[10.77214,14.64,7.23],"rotation":{"angle":-22.5,"axis":"z","origin":[8,8,6.46]},"faces":{"north":{"uv":[1,1,0,0],"texture":"#1"},"east":{"uv":[1,1,0,0],"texture":"#1"},"south":{"uv":[1,1,0,0],"texture":"#1"},"west":{"uv":[1,1,0,0],"texture":"#1"},"up":{"uv":[1,1,0,0],"texture":"#1"},"down":{"uv":[1,1,0,0],"texture":"#1"}}},{"name":"hexadecagon","from":[5.22786,9.36,5.94],"to":[9.07214,14.64,7.23],"rotation":{"angle":22.5,"axis":"z","origin":[8,8,6.46]},"faces":{"north":{"uv":[0,1,1,0],"texture":"#1"},"east":{"uv":[0,1,1,0],"texture":"#1"},"south":{"uv":[0,1,1,0],"texture":"#1"},"west":{"uv":[0,1,1,0],"texture":"#1"},"up":{"uv":[0,1,1,0],"texture":"#1"},"down":{"uv":[0,1,1,0],"texture":"#1"}}},{"name":"hexadecagon","from":[1.36,6.92786,5.94],"to":[5.64,10.77214,7.23],"rotation":{"angle":-22.5,"axis":"z","origin":[8,8,6.46]},"faces":{"north":{"uv":[0,1,1,0],"texture":"#1"},"east":{"uv":[0,1,1,0],"texture":"#1"},"south":{"uv":[0,1,1,0],"texture":"#1"},"west":{"uv":[0,1,1,0],"texture":"#1"},"up":{"uv":[0,1,1,0],"texture":"#1"},"down":{"uv":[0,1,1,0],"texture":"#1"}}},{"name":"hexadecagon","from":[7.33527,4.6582,1.8278],"to":[8.66473,11.3418,5.4376],"rotation":{"angle":-45,"axis":"z","origin":[8,8,4.9602]},"faces":{"north":{"uv":[0,0,1,1],"texture":"#0"},"east":{"uv":[0,0,1,1],"texture":"#0"},"south":{"uv":[0,0,1,1],"texture":"#0"},"west":{"uv":[0,0,1,1],"texture":"#0"},"up":{"uv":[0,0,1,1],"texture":"#0"},"down":{"uv":[0,0,1,1],"texture":"#0"}}},{"name":"hexadecagon","from":[7.33527,4.6582,1.8278],"to":[8.66473,11.3418,5.4376],"rotation":{"angle":-22.5,"axis":"z","origin":[8,8,4.9602]},"faces":{"north":{"uv":[0,0,1,1],"texture":"#0"},"east":{"uv":[0,0,1,1],"texture":"#0"},"south":{"uv":[0,0,1,1],"texture":"#0"},"west":{"uv":[0,0,1,1],"texture":"#0"},"up":{"uv":[0,0,1,1],"texture":"#0"},"down":{"uv":[0,0,1,1],"texture":"#0"}}},{"name":"hexadecagon","from":[7.33527,4.6582,1.8278],"to":[8.66473,11.3418,5.4376],"faces":{"north":{"uv":[0,0,1,1],"texture":"#0"},"east":{"uv":[0,0,1,1],"texture":"#0"},"south":{"uv":[0,0,1,1],"texture":"#0"},"west":{"uv":[0,0,1,1],"texture":"#0"},"up":{"uv":[0,0,1,1],"texture":"#0"},"down":{"uv":[0,0,1,1],"texture":"#0"}}},{"name":"hexadecagon","from":[7.33527,4.6582,1.8278],"to":[8.66473,11.3418,5.4376],"rotation":{"angle":22.5,"axis":"z","origin":[8,8,4.9602]},"faces":{"north":{"uv":[0,0,1,1],"texture":"#0"},"east":{"uv":[0,0,1,1],"texture":"#0"},"south":{"uv":[0,0,1,1],"texture":"#0"},"west":{"uv":[0,0,1,1],"texture":"#0"},"up":{"uv":[0,0,1,1],"texture":"#0"},"down":{"uv":[0,0,1,1],"texture":"#0"}}},{"name":"hexadecagon","from":[7.33527,4.6582,1.8278],"to":[8.66473,11.3418,5.4376],"rotation":{"angle":45,"axis":"z","origin":[8,8,4.9602]},"faces":{"north":{"uv":[0,0,1,1],"texture":"#0"},"east":{"uv":[0,0,1,1],"texture":"#0"},"south":{"uv":[0,0,1,1],"texture":"#0"},"west":{"uv":[0,0,1,1],"texture":"#0"},"up":{"uv":[0,0,1,1],"texture":"#0"},"down":{"uv":[0,0,1,1],"texture":"#0"}}},{"name":"hexadecagon","from":[4.6582,7.33527,1.8278],"to":[11.3418,8.66473,5.4376],"rotation":{"angle":-22.5,"axis":"z","origin":[8,8,4.9602]},"faces":{"north":{"uv":[0,0,1,1],"texture":"#0"},"east":{"uv":[0,0,1,1],"texture":"#0"},"south":{"uv":[0,0,1,1],"texture":"#0"},"west":{"uv":[0,0,1,1],"texture":"#0"},"up":{"uv":[0,0,1,1],"texture":"#0"},"down":{"uv":[0,0,1,1],"texture":"#0"}}},{"name":"hexadecagon","from":[4.6582,7.33527,1.8278],"to":[11.3418,8.66473,5.4376],"faces":{"north":{"uv":[0,0,1,1],"texture":"#0"},"east":{"uv":[0,0,1,1],"texture":"#0"},"south":{"uv":[0,0,1,1],"texture":"#0"},"west":{"uv":[0,0,1,1],"texture":"#0"},"up":{"uv":[0,0,1,1],"texture":"#0"},"down":{"uv":[0,0,1,1],"texture":"#0"}}},{"name":"hexadecagon","from":[4.6582,7.33527,1.8278],"to":[11.3418,8.66473,5.4376],"rotation":{"angle":22.5,"axis":"z","origin":[8,8,4.9602]},"faces":{"north":{"uv":[0,0,1,1],"texture":"#0"},"east":{"uv":[0,0,1,1],"texture":"#0"},"south":{"uv":[0,0,1,1],"texture":"#0"},"west":{"uv":[0,0,1,1],"texture":"#0"},"up":{"uv":[0,0,1,1],"texture":"#0"},"down":{"uv":[0,0,1,1],"texture":"#0"}}},{"name":"hexadecagon","from":[7.2688,4.32402,-0.71442],"to":[8.7312,11.67598,0.93136],"rotation":{"angle":-45,"axis":"z","origin":[8,8,0.40622]},"faces":{"north":{"uv":[0,0,1,1],"texture":"#2"},"east":{"uv":[0,0,1,1],"texture":"#2"},"south":{"uv":[0,0,1,1],"texture":"#2"},"west":{"uv":[0,0,1,1],"texture":"#2"},"up":{"uv":[0,0,1,1],"texture":"#2"},"down":{"uv":[0,0,1,1],"texture":"#2"}}},{"name":"hexadecagon","from":[7.2688,4.32402,-0.71442],"to":[8.7312,11.67598,0.93136],"rotation":{"angle":-22.5,"axis":"z","origin":[8,8,0.40622]},"faces":{"north":{"uv":[0,0,1,1],"texture":"#2"},"east":{"uv":[0,0,1,1],"texture":"#2"},"south":{"uv":[0,0,1,1],"texture":"#2"},"west":{"uv":[0,0,1,1],"texture":"#2"},"up":{"uv":[0,0,1,1],"texture":"#2"},"down":{"uv":[0,0,1,1],"texture":"#2"}}},{"name":"hexadecagon","from":[7.2688,4.32402,-0.71442],"to":[8.7312,11.67598,0.93136],"faces":{"north":{"uv":[0,0,1,1],"texture":"#2"},"east":{"uv":[0,0,1,1],"texture":"#2"},"south":{"uv":[0,0,1,1],"texture":"#2"},"west":{"uv":[0,0,1,1],"texture":"#2"},"up":{"uv":[0,0,1,1],"texture":"#2"},"down":{"uv":[0,0,1,1],"texture":"#2"}}},{"name":"hexadecagon","from":[7.2688,4.32402,-0.71442],"to":[8.7312,11.67598,0.93136],"rotation":{"angle":22.5,"axis":"z","origin":[8,8,0.40622]},"faces":{"north":{"uv":[0,0,1,1],"texture":"#2"},"east":{"uv":[0,0,1,1],"texture":"#2"},"south":{"uv":[0,0,1,1],"texture":"#2"},"west":{"uv":[0,0,1,1],"texture":"#2"},"up":{"uv":[0,0,1,1],"texture":"#2"},"down":{"uv":[0,0,1,1],"texture":"#2"}}},{"name":"hexadecagon","from":[7.2688,4.32402,-0.71442],"to":[8.7312,11.67598,0.93136],"rotation":{"angle":45,"axis":"z","origin":[8,8,0.40622]},"faces":{"north":{"uv":[0,0,1,1],"texture":"#2"},"east":{"uv":[0,0,1,1],"texture":"#2"},"south":{"uv":[0,0,1,1],"texture":"#2"},"west":{"uv":[0,0,1,1],"texture":"#2"},"up":{"uv":[0,0,1,1],"texture":"#2"},"down":{"uv":[0,0,1,1],"texture":"#2"}}},{"name":"hexadecagon","from":[4.32402,7.2688,-0.71442],"to":[11.67598,8.7312,0.93136],"rotation":{"angle":-22.5,"axis":"z","origin":[8,8,0.40622]},"faces":{"north":{"uv":[0,0,1,1],"texture":"#2"},"east":{"uv":[0,0,1,1],"texture":"#2"},"south":{"uv":[0,0,1,1],"texture":"#2"},"west":{"uv":[0,0,1,1],"texture":"#2"},"up":{"uv":[0,0,1,1],"texture":"#2"},"down":{"uv":[0,0,1,1],"texture":"#2"}}},{"name":"hexadecagon","from":[4.32402,7.2688,-0.71442],"to":[11.67598,8.7312,0.93136],"faces":{"north":{"uv":[0,0,1,1],"texture":"#2"},"east":{"uv":[0,0,1,1],"texture":"#2"},"south":{"uv":[0,0,1,1],"texture":"#2"},"west":{"uv":[0,0,1,1],"texture":"#2"},"up":{"uv":[0,0,1,1],"texture":"#2"},"down":{"uv":[0,0,1,1],"texture":"#2"}}},{"name":"hexadecagon","from":[4.32402,7.2688,-0.71442],"to":[11.67598,8.7312,0.93136],"rotation":{"angle":22.5,"axis":"z","origin":[8,8,0.40622]},"faces":{"north":{"uv":[0,0,1,1],"texture":"#2"},"east":{"uv":[0,0,1,1],"texture":"#2"},"south":{"uv":[0,0,1,1],"texture":"#2"},"west":{"uv":[0,0,1,1],"texture":"#2"},"up":{"uv":[0,0,1,1],"texture":"#2"},"down":{"uv":[0,0,1,1],"texture":"#2"}}},{"name":"hexadecagon","from":[7.04944,3.22123,-1.52875],"to":[8.95056,12.77877,-0.38923],"rotation":{"angle":-45,"axis":"z","origin":[8,8,-1.07191]},"faces":{"north":{"uv":[0,0,1,1],"texture":"#2"},"east":{"uv":[0,0,1,1],"texture":"#2"},"south":{"uv":[0,0,1,1],"texture":"#2"},"west":{"uv":[0,0,1,1],"texture":"#2"},"up":{"uv":[0,0,1,1],"texture":"#2"},"down":{"uv":[0,0,1,1],"texture":"#2"}}},{"name":"hexadecagon","from":[7.04944,3.22123,-1.52875],"to":[8.95056,12.77877,-0.38923],"rotation":{"angle":-22.5,"axis":"z","origin":[8,8,-1.07191]},"faces":{"north":{"uv":[0,0,1,1],"texture":"#2"},"east":{"uv":[0,0,1,1],"texture":"#2"},"south":{"uv":[0,0,1,1],"texture":"#2"},"west":{"uv":[0,0,1,1],"texture":"#2"},"up":{"uv":[0,0,1,1],"texture":"#2"},"down":{"uv":[0,0,1,1],"texture":"#2"}}},{"name":"hexadecagon","from":[7.04944,3.22123,-1.52875],"to":[8.95056,12.77877,-0.38923],"faces":{"north":{"uv":[0,0,1,1],"texture":"#2"},"east":{"uv":[0,0,1,1],"texture":"#2"},"south":{"uv":[0,0,1,1],"texture":"#2"},"west":{"uv":[0,0,1,1],"texture":"#2"},"up":{"uv":[0,0,1,1],"texture":"#2"},"down":{"uv":[0,0,1,1],"texture":"#2"}}},{"name":"hexadecagon","from":[7.04944,3.22123,-1.52875],"to":[8.95056,12.77877,-0.38923],"rotation":{"angle":22.5,"axis":"z","origin":[8,8,-1.07191]},"faces":{"north":{"uv":[0,0,1,1],"texture":"#2"},"east":{"uv":[0,0,1,1],"texture":"#2"},"south":{"uv":[0,0,1,1],"texture":"#2"},"west":{"uv":[0,0,1,1],"texture":"#2"},"up":{"uv":[0,0,1,1],"texture":"#2"},"down":{"uv":[0,0,1,1],"texture":"#2"}}},{"name":"hexadecagon","from":[7.04944,3.22123,-1.52875],"to":[8.95056,12.77877,-0.38923],"rotation":{"angle":45,"axis":"z","origin":[8,8,-1.07191]},"faces":{"north":{"uv":[0,0,1,1],"texture":"#2"},"east":{"uv":[0,0,1,1],"texture":"#2"},"south":{"uv":[0,0,1,1],"texture":"#2"},"west":{"uv":[0,0,1,1],"texture":"#2"},"up":{"uv":[0,0,1,1],"texture":"#2"},"down":{"uv":[0,0,1,1],"texture":"#2"}}},{"name":"hexadecagon","from":[3.22123,7.04944,-1.52875],"to":[12.77877,8.95056,-0.38923],"rotation":{"angle":-22.5,"axis":"z","origin":[8,8,-1.07191]},"faces":{"north":{"uv":[0,0,1,1],"texture":"#2"},"east":{"uv":[0,0,1,1],"texture":"#2"},"south":{"uv":[0,0,1,1],"texture":"#2"},"west":{"uv":[0,0,1,1],"texture":"#2"},"up":{"uv":[0,0,1,1],"texture":"#2"},"down":{"uv":[0,0,1,1],"texture":"#2"}}},{"name":"hexadecagon","from":[3.22123,7.04944,-1.52875],"to":[12.77877,8.95056,-0.38923],"faces":{"north":{"uv":[0,0,1,1],"texture":"#2"},"east":{"uv":[0,0,1,1],"texture":"#2"},"south":{"uv":[0,0,1,1],"texture":"#2"},"west":{"uv":[0,0,1,1],"texture":"#2"},"up":{"uv":[0,0,1,1],"texture":"#2"},"down":{"uv":[0,0,1,1],"texture":"#2"}}},{"name":"hexadecagon","from":[3.22123,7.04944,-1.52875],"to":[12.77877,8.95056,-0.38923],"rotation":{"angle":22.5,"axis":"z","origin":[8,8,-1.07191]},"faces":{"north":{"uv":[0,0,1,1],"texture":"#2"},"east":{"uv":[0,0,1,1],"texture":"#2"},"south":{"uv":[0,0,1,1],"texture":"#2"},"west":{"uv":[0,0,1,1],"texture":"#2"},"up":{"uv":[0,0,1,1],"texture":"#2"},"down":{"uv":[0,0,1,1],"texture":"#2"}}},{"name":"hexadecagon","from":[7.23955,4.17698,0.827],"to":[8.76045,11.82302,1.99861],"rotation":{"angle":45,"axis":"z","origin":[8,8,2.49247]},"faces":{"north":{"uv":[0,0,1,1],"texture":"#3"},"east":{"uv":[0,0,1,1],"texture":"#3"},"south":{"uv":[0,0,1,1],"texture":"#3"},"west":{"uv":[0,0,1,1],"texture":"#3"},"up":{"uv":[0,0,1,1],"texture":"#3"},"down":{"uv":[0,0,1,1],"texture":"#3"}}},{"name":"hexadecagon","from":[4.17698,7.23955,0.827],"to":[11.82302,8.76045,1.99861],"rotation":{"angle":-22.5,"axis":"z","origin":[8,8,2.49247]},"faces":{"north":{"uv":[0,0,1,1],"texture":"#3"},"east":{"uv":[0,0,1,1],"texture":"#3"},"south":{"uv":[0,0,1,1],"texture":"#3"},"west":{"uv":[0,0,1,1],"texture":"#3"},"up":{"uv":[0,0,1,1],"texture":"#3"},"down":{"uv":[0,0,1,1],"texture":"#3"}}},{"name":"hexadecagon","from":[4.17698,7.23955,0.827],"to":[11.82302,8.76045,1.99861],"faces":{"north":{"uv":[0,0,1,1],"texture":"#3"},"east":{"uv":[0,0,1,1],"texture":"#3"},"south":{"uv":[0,0,1,1],"texture":"#3"},"west":{"uv":[0,0,1,1],"texture":"#3"},"up":{"uv":[0,0,1,1],"texture":"#3"},"down":{"uv":[0,0,1,1],"texture":"#3"}}},{"name":"hexadecagon","from":[4.17698,7.23955,0.827],"to":[11.82302,8.76045,1.99861],"rotation":{"angle":22.5,"axis":"z","origin":[8,8,2.49247]},"faces":{"north":{"uv":[0,0,1,1],"texture":"#3"},"east":{"uv":[0,0,1,1],"texture":"#3"},"south":{"uv":[0,0,1,1],"texture":"#3"},"west":{"uv":[0,0,1,1],"texture":"#3"},"up":{"uv":[0,0,1,1],"texture":"#3"},"down":{"uv":[0,0,1,1],"texture":"#3"}}},{"name":"hexadecagon","from":[7.23955,4.17698,0.827],"to":[8.76045,11.82302,1.99861],"rotation":{"angle":-45,"axis":"z","origin":[8,8,2.49247]},"faces":{"north":{"uv":[0,0,1,1],"texture":"#3"},"east":{"uv":[0,0,1,1],"texture":"#3"},"south":{"uv":[0,0,1,1],"texture":"#3"},"west":{"uv":[0,0,1,1],"texture":"#3"},"up":{"uv":[0,0,1,1],"texture":"#3"},"down":{"uv":[0,0,1,1],"texture":"#3"}}},{"name":"hexadecagon","from":[7.23955,4.17698,0.827],"to":[8.76045,11.82302,1.99861],"rotation":{"angle":-22.5,"axis":"z","origin":[8,8,2.49247]},"faces":{"north":{"uv":[0,0,1,1],"texture":"#3"},"east":{"uv":[0,0,1,1],"texture":"#3"},"south":{"uv":[0,0,1,1],"texture":"#3"},"west":{"uv":[0,0,1,1],"texture":"#3"},"up":{"uv":[0,0,1,1],"texture":"#3"},"down":{"uv":[0,0,1,1],"texture":"#3"}}},{"name":"hexadecagon","from":[7.23955,4.17698,0.827],"to":[8.76045,11.82302,1.99861],"faces":{"north":{"uv":[0,0,1,1],"texture":"#3"},"east":{"uv":[0,0,1,1],"texture":"#3"},"south":{"uv":[0,0,1,1],"texture":"#3"},"west":{"uv":[0,0,1,1],"texture":"#3"},"up":{"uv":[0,0,1,1],"texture":"#3"},"down":{"uv":[0,0,1,1],"texture":"#3"}}},{"name":"hexadecagon","from":[7.23955,4.17698,0.827],"to":[8.76045,11.82302,1.99861],"rotation":{"angle":22.5,"axis":"z","origin":[8,8,2.49247]},"faces":{"north":{"uv":[0,0,1,1],"texture":"#3"},"east":{"uv":[0,0,1,1],"texture":"#3"},"south":{"uv":[0,0,1,1],"texture":"#3"},"west":{"uv":[0,0,1,1],"texture":"#3"},"up":{"uv":[0,0,1,1],"texture":"#3"},"down":{"uv":[0,0,1,1],"texture":"#3"}}}],"display":{"gui":{"rotation":[-55,180,0],"scale":[1.1,1.1,1.1],"translation":[0,-4,0]},"thirdperson_righthand":{"scale":[0.1,0.1,0.1],"translation":[0,-2,0]},"firstperson_righthand":{"translation":[0,-15.5,0]},"firstperson_lefthand":{"translation":[0,-17.5,0]},"head":{"rotation":[90,0,0],"translation":[0,-6.75,0],"scale":[0.3,0.3,0.3]}},"groups":[{"name":"hexadecagon","children":[0,1,2,3,4,5,6,7,8,9,10,11,12,13,14,15,16,17,18,19,20,21,22,23,24,25,26,27,28,29,30,31,32,33,34,35,36,37,38,39,40,41,42,43,44,45,46,47,48,49]}],"credit":"Model by Craftventure"}