{"textures":{"0":"block/white_concrete","1":"block/gray_concrete","particle":"block/white_concrete"},"elements":[{"name":"hexadecagon","from":[6.92786,2.61,5.19],"to":[9.07214,13.39,7.23],"rotation":{"angle":-45,"axis":"z","origin":[8,8,6.46]},"faces":{"north":{"uv":[0,0,1,1],"texture":"#0"},"east":{"uv":[0,0,1,1],"texture":"#0"},"south":{"uv":[0,0,1,1],"texture":"#0"},"west":{"uv":[0,0,1,1],"texture":"#0"},"up":{"uv":[0,0,1,1],"texture":"#0"},"down":{"uv":[0,0,1,1],"texture":"#0"}}},{"name":"hexadecagon","from":[6.92786,2.61,5.19],"to":[9.07214,13.39,7.23],"rotation":{"angle":-22.5,"axis":"z","origin":[8,8,6.46]},"faces":{"north":{"uv":[0,0,1,1],"texture":"#0"},"east":{"uv":[0,0,1,1],"texture":"#0"},"south":{"uv":[0,0,1,1],"texture":"#0"},"west":{"uv":[0,0,1,1],"texture":"#0"},"up":{"uv":[0,0,1,1],"texture":"#0"},"down":{"uv":[0,0,1,1],"texture":"#0"}}},{"name":"hexadecagon","from":[6.92786,2.61,5.19],"to":[9.07214,13.39,7.23],"faces":{"north":{"uv":[0,0,1,1],"texture":"#0"},"east":{"uv":[0,0,1,1],"texture":"#0"},"south":{"uv":[0,0,1,1],"texture":"#0"},"west":{"uv":[0,0,1,1],"texture":"#0"},"up":{"uv":[0,0,1,1],"texture":"#0"},"down":{"uv":[0,0,1,1],"texture":"#0"}}},{"name":"hexadecagon","from":[6.92786,2.61,5.19],"to":[9.07214,13.39,7.23],"rotation":{"angle":22.5,"axis":"z","origin":[8,8,6.46]},"faces":{"north":{"uv":[0,0,1,1],"texture":"#0"},"east":{"uv":[0,0,1,1],"texture":"#0"},"south":{"uv":[0,0,1,1],"texture":"#0"},"west":{"uv":[0,0,1,1],"texture":"#0"},"up":{"uv":[0,0,1,1],"texture":"#0"},"down":{"uv":[0,0,1,1],"texture":"#0"}}},{"name":"hexadecagon","from":[6.92786,2.61,5.19],"to":[9.07214,13.39,7.23],"rotation":{"angle":45,"axis":"z","origin":[8,8,6.46]},"faces":{"north":{"uv":[0,0,1,1],"texture":"#0"},"east":{"uv":[0,0,1,1],"texture":"#0"},"south":{"uv":[0,0,1,1],"texture":"#0"},"west":{"uv":[0,0,1,1],"texture":"#0"},"up":{"uv":[0,0,1,1],"texture":"#0"},"down":{"uv":[0,0,1,1],"texture":"#0"}}},{"name":"hexadecagon","from":[2.61,6.92786,5.19],"to":[13.39,9.07214,7.23],"rotation":{"angle":-22.5,"axis":"z","origin":[8,8,6.46]},"faces":{"north":{"uv":[0,0,1,1],"texture":"#0"},"east":{"uv":[0,0,1,1],"texture":"#0"},"south":{"uv":[0,0,1,1],"texture":"#0"},"west":{"uv":[0,0,1,1],"texture":"#0"},"up":{"uv":[0,0,1,1],"texture":"#0"},"down":{"uv":[0,0,1,1],"texture":"#0"}}},{"name":"hexadecagon","from":[2.61,6.92786,5.19],"to":[13.39,9.07214,7.23],"faces":{"north":{"uv":[0,0,1,1],"texture":"#0"},"east":{"uv":[0,0,1,1],"texture":"#0"},"south":{"uv":[0,0,1,1],"texture":"#0"},"west":{"uv":[0,0,1,1],"texture":"#0"},"up":{"uv":[0,0,1,1],"texture":"#0"},"down":{"uv":[0,0,1,1],"texture":"#0"}}},{"name":"hexadecagon","from":[2.61,6.92786,5.19],"to":[13.39,9.07214,7.23],"rotation":{"angle":22.5,"axis":"z","origin":[8,8,6.46]},"faces":{"north":{"uv":[0,0,1,1],"texture":"#0"},"east":{"uv":[0,0,1,1],"texture":"#0"},"south":{"uv":[0,0,1,1],"texture":"#0"},"west":{"uv":[0,0,1,1],"texture":"#0"},"up":{"uv":[0,0,1,1],"texture":"#0"},"down":{"uv":[0,0,1,1],"texture":"#0"}}},{"name":"hexadecagon","from":[6.44951,1.45515,5.94],"to":[9.55049,14.54485,7.23],"faces":{"north":{"uv":[0,0,1,1],"texture":"#1"},"east":{"uv":[0,0,1,1],"texture":"#1"},"south":{"uv":[0,0,1,1],"texture":"#1"},"west":{"uv":[0,0,1,1],"texture":"#1"},"up":{"uv":[0,0,1,1],"texture":"#1"},"down":{"uv":[0,0,1,1],"texture":"#1"}}},{"name":"hexadecagon","from":[5.22786,1.36,5.94],"to":[9.07214,6.64,7.23],"rotation":{"angle":-22.5,"axis":"z","origin":[8,8,6.46]},"faces":{"north":{"uv":[0,0,1,1],"texture":"#1"},"east":{"uv":[0,0,1,1],"texture":"#1"},"south":{"uv":[0,0,1,1],"texture":"#1"},"west":{"uv":[0,0,1,1],"texture":"#1"},"up":{"uv":[0,0,1,1],"texture":"#1"},"down":{"uv":[0,0,1,1],"texture":"#1"}}},{"name":"hexadecagon","from":[1.45515,6.44951,5.94],"to":[14.54485,9.55049,7.23],"faces":{"north":{"uv":[0,0,1,1],"texture":"#1"},"east":{"uv":[0,0,1,1],"texture":"#1"},"south":{"uv":[0,0,1,1],"texture":"#1"},"west":{"uv":[0,0,1,1],"texture":"#1"},"up":{"uv":[0,0,1,1],"texture":"#1"},"down":{"uv":[0,0,1,1],"texture":"#1"}}},{"name":"hexadecagon","from":[1.36,5.22786,5.94],"to":[5.64,9.07214,7.23],"rotation":{"angle":22.5,"axis":"z","origin":[8,8,6.46]},"faces":{"north":{"uv":[0,0,1,1],"texture":"#1"},"east":{"uv":[0,0,1,1],"texture":"#1"},"south":{"uv":[0,0,1,1],"texture":"#1"},"west":{"uv":[0,0,1,1],"texture":"#1"},"up":{"uv":[0,0,1,1],"texture":"#1"},"down":{"uv":[0,0,1,1],"texture":"#1"}}},{"name":"hexadecagon","from":[10.36,5.22786,5.94],"to":[14.64,9.07214,7.23],"rotation":{"angle":-22.5,"axis":"z","origin":[8,8,6.46]},"faces":{"north":{"uv":[1,0,0,1],"texture":"#1"},"east":{"uv":[1,0,0,1],"texture":"#1"},"south":{"uv":[1,0,0,1],"texture":"#1"},"west":{"uv":[1,0,0,1],"texture":"#1"},"up":{"uv":[1,0,0,1],"texture":"#1"},"down":{"uv":[1,0,0,1],"texture":"#1"}}},{"name":"hexadecagon","from":[6.92786,1.36,5.94],"to":[10.77214,6.64,7.23],"rotation":{"angle":22.5,"axis":"z","origin":[8,8,6.46]},"faces":{"north":{"uv":[1,0,0,1],"texture":"#1"},"east":{"uv":[1,0,0,1],"texture":"#1"},"south":{"uv":[1,0,0,1],"texture":"#1"},"west":{"uv":[1,0,0,1],"texture":"#1"},"up":{"uv":[1,0,0,1],"texture":"#1"},"down":{"uv":[1,0,0,1],"texture":"#1"}}},{"name":"hexadecagon","from":[10.36,6.92786,5.94],"to":[14.64,10.77214,7.23],"rotation":{"angle":22.5,"axis":"z","origin":[8,8,6.46]},"faces":{"north":{"uv":[1,1,0,0],"texture":"#1"},"east":{"uv":[1,1,0,0],"texture":"#1"},"south":{"uv":[1,1,0,0],"texture":"#1"},"west":{"uv":[1,1,0,0],"texture":"#1"},"up":{"uv":[1,1,0,0],"texture":"#1"},"down":{"uv":[1,1,0,0],"texture":"#1"}}},{"name":"hexadecagon","from":[6.92786,9.36,5.94],"to":[10.77214,14.64,7.23],"rotation":{"angle":-22.5,"axis":"z","origin":[8,8,6.46]},"faces":{"north":{"uv":[1,1,0,0],"texture":"#1"},"east":{"uv":[1,1,0,0],"texture":"#1"},"south":{"uv":[1,1,0,0],"texture":"#1"},"west":{"uv":[1,1,0,0],"texture":"#1"},"up":{"uv":[1,1,0,0],"texture":"#1"},"down":{"uv":[1,1,0,0],"texture":"#1"}}},{"name":"hexadecagon","from":[5.22786,9.36,5.94],"to":[9.07214,14.64,7.23],"rotation":{"angle":22.5,"axis":"z","origin":[8,8,6.46]},"faces":{"north":{"uv":[0,1,1,0],"texture":"#1"},"east":{"uv":[0,1,1,0],"texture":"#1"},"south":{"uv":[0,1,1,0],"texture":"#1"},"west":{"uv":[0,1,1,0],"texture":"#1"},"up":{"uv":[0,1,1,0],"texture":"#1"},"down":{"uv":[0,1,1,0],"texture":"#1"}}},{"name":"hexadecagon","from":[1.36,6.92786,5.94],"to":[5.64,10.77214,7.23],"rotation":{"angle":-22.5,"axis":"z","origin":[8,8,6.46]},"faces":{"north":{"uv":[0,1,1,0],"texture":"#1"},"east":{"uv":[0,1,1,0],"texture":"#1"},"south":{"uv":[0,1,1,0],"texture":"#1"},"west":{"uv":[0,1,1,0],"texture":"#1"},"up":{"uv":[0,1,1,0],"texture":"#1"},"down":{"uv":[0,1,1,0],"texture":"#1"}}}],"display":{"gui":{"rotation":[-55,180,0],"scale":[1.1,1.1,1.1],"translation":[0,-3.5,0]},"thirdperson_righthand":{"scale":[0.1,0.1,0.1],"translation":[0,-2,0]},"firstperson_righthand":{"translation":[0,-15.5,0]},"firstperson_lefthand":{"translation":[0,-16,0]},"head":{"rotation":[90,0,0],"translation":[0,-6.75,0],"scale":[0.3,0.3,0.3]}},"groups":[{"name":"hexadecagon","children":[0,1,2,3,4,5,6,7,8,9,10,11,12,13,14,15,16,17]}],"credit":"Model by Craftventure"}