{
	"credit": "Steven Paw",
	"texture_size": [32, 32],
	"textures": {
		"0": "nlp/hats/christmas_hat",
		"particle": "nlp/hats/christmas_hat"
	},
	"elements": [
		{
			"from": [0, 0, 0],
			"to": [16, 4, 16],
			"rotation": {"angle": 0, "axis": "y", "origin": [0, 0, 0]},
			"faces": {
				"north": {"uv": [0, 14, 8, 16], "texture": "#0"},
				"east": {"uv": [0, 14, 8, 16], "texture": "#0"},
				"south": {"uv": [0, 14, 8, 16], "texture": "#0"},
				"west": {"uv": [0, 14, 8, 16], "texture": "#0"},
				"up": {"uv": [0, 8, 8, 16], "texture": "#0"},
				"down": {"uv": [0, 8, 8, 16], "texture": "#0"}
			}
		},
		{
			"from": [1, 2, 1],
			"to": [15.2, 6, 11.4],
			"rotation": {"angle": 0, "axis": "x", "origin": [8, 4, 8]},
			"faces": {
				"north": {"uv": [0, 0, 7.1, 2], "texture": "#0"},
				"east": {"uv": [0, 0, 5.2, 2], "texture": "#0"},
				"south": {"uv": [0, 0, 7.1, 2], "texture": "#0"},
				"west": {"uv": [0, 0, 5.2, 2], "texture": "#0"},
				"up": {"uv": [0, 0, 7.1, 5.2], "texture": "#0"},
				"down": {"uv": [0, 0, 7.1, 5.2], "texture": "#0"}
			}
		},
		{
			"from": [1.1, 3.16898, 1.23252],
			"to": [15.1, 7.16898, 15.23252],
			"rotation": {"angle": 22.5, "axis": "x", "origin": [8.1, 5.16898, 8.23252]},
			"faces": {
				"north": {"uv": [0, 0, 7, 2], "texture": "#0"},
				"east": {"uv": [0, 0, 7, 2], "texture": "#0"},
				"south": {"uv": [0, 0, 7, 2], "texture": "#0"},
				"west": {"uv": [0, 0, 7, 2], "texture": "#0"},
				"up": {"uv": [0, 0, 7, 7], "texture": "#0"},
				"down": {"uv": [0, 0, 7, 7], "texture": "#0"}
			}
		},
		{
			"from": [2.1, 4.16898, 2.23252],
			"to": [14.1, 11.16898, 13.23252],
			"rotation": {"angle": 45, "axis": "x", "origin": [8.1, 5.16898, 8.23252]},
			"faces": {
				"north": {"uv": [0, 0, 6, 3.5], "texture": "#0"},
				"east": {"uv": [0, 0, 5.5, 3.5], "texture": "#0"},
				"south": {"uv": [0, 0, 6, 3.5], "texture": "#0"},
				"west": {"uv": [0, 0, 5.5, 3.5], "texture": "#0"},
				"up": {"uv": [0, 0, 6, 5.5], "texture": "#0"},
				"down": {"uv": [0, 0, 6, 5.5], "texture": "#0"}
			}
		},
		{
			"from": [3.6, 4.16898, 9.83252],
			"to": [12.6, 12.16898, 16.23252],
			"rotation": {"angle": -22.5, "axis": "x", "origin": [8.1, 5.16898, 8.23252]},
			"faces": {
				"north": {"uv": [0, 0, 4.5, 4], "rotation": 180, "texture": "#0"},
				"east": {"uv": [0, 0, 4, 3.2], "rotation": 270, "texture": "#0"},
				"south": {"uv": [0, 0, 4.5, 4], "texture": "#0"},
				"west": {"uv": [0, 0, 4, 3.2], "rotation": 90, "texture": "#0"},
				"up": {"uv": [0, 0, 4.5, 3.2], "rotation": 180, "texture": "#0"},
				"down": {"uv": [0, 0, 4.5, 3.2], "texture": "#0"}
			}
		},
		{
			"from": [5.1, 7.92806, 11.58969],
			"to": [11.1, 13.92806, 16.58969],
			"rotation": {"angle": 0, "axis": "x", "origin": [8.1, 10.42806, 13.08969]},
			"faces": {
				"north": {"uv": [0, 0, 3, 3], "rotation": 180, "texture": "#0"},
				"east": {"uv": [0, 0, 3, 2.5], "rotation": 270, "texture": "#0"},
				"south": {"uv": [0, 0, 3, 3], "texture": "#0"},
				"west": {"uv": [0, 0, 3, 2.5], "rotation": 90, "texture": "#0"},
				"up": {"uv": [0, 0, 3, 2.5], "rotation": 180, "texture": "#0"},
				"down": {"uv": [0, 0, 3, 2.5], "texture": "#0"}
			}
		},
		{
			"from": [6.1, 9.59342, 14.03745],
			"to": [10.1, 13.59342, 19.43745],
			"rotation": {"angle": 22.5, "axis": "x", "origin": [8.1, 11.19342, 14.93745]},
			"faces": {
				"north": {"uv": [0, 0, 2, 2], "rotation": 180, "texture": "#0"},
				"east": {"uv": [0, 0, 2, 2.7], "rotation": 270, "texture": "#0"},
				"south": {"uv": [0, 0, 2, 2], "texture": "#0"},
				"west": {"uv": [0, 0, 2, 2.7], "rotation": 90, "texture": "#0"},
				"up": {"uv": [0, 0, 2, 2.7], "rotation": 180, "texture": "#0"},
				"down": {"uv": [0, 0, 2, 2.7], "texture": "#0"}
			}
		},
		{
			"from": [5.6, 5.53726, 18.38813],
			"to": [10.6, 10.53726, 23.38813],
			"rotation": {"angle": 45, "axis": "x", "origin": [8.1, 9.03726, 21.18813]},
			"faces": {
				"north": {"uv": [13.5, 0, 16, 2.5], "rotation": 180, "texture": "#0"},
				"east": {"uv": [13.5, 0, 16, 2.5], "rotation": 270, "texture": "#0"},
				"south": {"uv": [13.5, 0, 16, 2.5], "texture": "#0"},
				"west": {"uv": [13.5, 0, 16, 2.5], "rotation": 90, "texture": "#0"},
				"up": {"uv": [13.5, 0, 16, 2.5], "rotation": 180, "texture": "#0"},
				"down": {"uv": [13.5, 0, 16, 2.5], "texture": "#0"}
			}
		}
	],
	"display": {
		"thirdperson_righthand": {
			"rotation": [-10, 25, -15],
			"translation": [0, 2.5, 0],
			"scale": [0.5, 0.5, 0.5]
		},
		"thirdperson_lefthand": {
			"rotation": [-10, 25, -15],
			"translation": [0, 2.5, 0],
			"scale": [0.5, 0.5, 0.5]
		},
		"firstperson_righthand": {
			"rotation": [0, 25, 0],
			"scale": [0.5, 0.5, 0.5]
		},
		"firstperson_lefthand": {
			"rotation": [0, 25, 0],
			"scale": [0.5, 0.5, 0.5]
		},
		"ground": {
			"translation": [0, 1, 0],
			"scale": [0.6, 0.6, 0.6]
		},
		"gui": {
			"rotation": [35, 135, 0],
			"translation": [-0.5, 1.75, 0],
			"scale": [0.55, 0.55, 0.55]
		},
		"head": {
			"translation": [0, 11, 0],
			"scale": [0.91, 0.91, 0.91]
		}
	}
}