{
	"credit": "Steven Paw",
	"texture_size": [128, 128],
	"textures": {
		"0": "nlp/hats/gianthat",
		"particle": "nlp/hats/gianthat"
	},
	"elements": [
		{
			"from": [-2, 0, -2],
			"to": [18, 2, 18],
			"faces": {
				"north": {"uv": [8.125, 8.125, 10.625, 8.375], "texture": "#0"},
				"east": {"uv": [5.625, 8.125, 8.125, 8.375], "texture": "#0"},
				"south": {"uv": [13.125, 8.125, 15.625, 8.375], "texture": "#0"},
				"west": {"uv": [10.625, 8.125, 13.125, 8.375], "texture": "#0"},
				"up": {"uv": [10.625, 8.125, 8.125, 5.625], "texture": "#0"},
				"down": {"uv": [13.125, 5.625, 10.625, 8.125], "texture": "#0"}
			}
		},
		{
			"from": [0, 2, 0],
			"to": [16, 32, 16],
			"faces": {
				"north": {"uv": [2, 2, 4, 5.75], "texture": "#0"},
				"east": {"uv": [0, 2, 2, 5.75], "texture": "#0"},
				"south": {"uv": [6, 2, 8, 5.75], "texture": "#0"},
				"west": {"uv": [4, 2, 6, 5.75], "texture": "#0"},
				"up": {"uv": [4, 2, 2, 0], "texture": "#0"},
				"down": {"uv": [6, 0, 4, 2], "texture": "#0"}
			}
		}
	],
	"display": {
		"thirdperson_righthand": {
			"rotation": [-10, 25, -15],
			"translation": [0, 2.5, 0],
			"scale": [0.5, 0.5, 0.5]
		},
		"thirdperson_lefthand": {
			"rotation": [-10, 25, -15],
			"translation": [0, 2.5, 0],
			"scale": [0.5, 0.5, 0.5]
		},
		"firstperson_righthand": {
			"rotation": [0, 25, 0],
			"scale": [0.5, 0.5, 0.5]
		},
		"firstperson_lefthand": {
			"rotation": [0, 25, 0],
			"scale": [0.5, 0.5, 0.5]
		},
		"ground": {
			"translation": [0, 1, 0],
			"scale": [0.6, 0.6, 0.6]
		},
		"gui": {
			"rotation": [35, 135, 0],
			"translation": [0, 0.75, 0],
			"scale": [0.55, 0.55, 0.55]
		},
		"head": {
			"translation": [0, 11, 0],
			"scale": [0.91, 0.91, 0.91]
		}
	}
}