{
	"credit": "Steven Paw",
	"texture_size": [32, 32],
	"textures": {
		"0": "nlp/hats/headphones",
		"particle": "nlp/hats/headphones"
	},
	"elements": [
		{
			"from": [-1, -8, 5],
			"to": [1, -1, 12],
			"rotation": {"angle": 0, "axis": "y", "origin": [0, 0, 0]},
			"faces": {
				"north": {"uv": [15, 0, 16, 3.5], "texture": "#0"},
				"east": {"uv": [0, 12.5, 3.5, 16], "texture": "#0"},
				"south": {"uv": [15, 0, 16, 3.5], "texture": "#0"},
				"west": {"uv": [12.5, 0, 16, 3.5], "texture": "#0"},
				"up": {"uv": [15, 0, 16, 3.5], "texture": "#0"},
				"down": {"uv": [15, 0, 16, 3.5], "texture": "#0"}
			}
		},
		{
			"from": [15, -8, 5],
			"to": [17, -1, 12],
			"rotation": {"angle": 0, "axis": "y", "origin": [0, 0, 0]},
			"faces": {
				"north": {"uv": [15, 0, 16, 3.5], "texture": "#0"},
				"east": {"uv": [12.5, 0, 16, 3.5], "texture": "#0"},
				"south": {"uv": [15, 0, 16, 3.5], "texture": "#0"},
				"west": {"uv": [0, 12.5, 3.5, 16], "texture": "#0"},
				"up": {"uv": [15, 0, 16, 3.5], "texture": "#0"},
				"down": {"uv": [15, 0, 16, 3.5], "texture": "#0"}
			}
		},
		{
			"from": [-2, -7, 6],
			"to": [-1, -2, 11],
			"rotation": {"angle": 0, "axis": "y", "origin": [0, 0, 0]},
			"faces": {
				"north": {"uv": [15.5, 13.5, 16, 16], "texture": "#0"},
				"east": {"uv": [13.5, 13.5, 16, 16], "texture": "#0"},
				"south": {"uv": [15.5, 13.5, 16, 16], "texture": "#0"},
				"west": {"uv": [13.5, 13.5, 16, 16], "texture": "#0"},
				"up": {"uv": [15.5, 13.5, 16, 16], "texture": "#0"},
				"down": {"uv": [15.5, 13.5, 16, 16], "texture": "#0"}
			}
		},
		{
			"from": [-3, -6, 7],
			"to": [-2, -3, 10],
			"rotation": {"angle": 0, "axis": "y", "origin": [0, 0, 0]},
			"faces": {
				"north": {"uv": [15.5, 13.5, 16, 15], "texture": "#0"},
				"east": {"uv": [13.5, 13.5, 15, 15], "texture": "#0"},
				"south": {"uv": [15.5, 13.5, 16, 15], "texture": "#0"},
				"west": {"uv": [13.5, 13.5, 15, 15], "texture": "#0"},
				"up": {"uv": [15.5, 13.5, 16, 15], "texture": "#0"},
				"down": {"uv": [15.5, 13.5, 16, 15], "texture": "#0"}
			}
		},
		{
			"from": [18, -6, 7],
			"to": [19, -3, 10],
			"rotation": {"angle": 0, "axis": "y", "origin": [0, 0, 0]},
			"faces": {
				"north": {"uv": [15.5, 13.5, 16, 15], "texture": "#0"},
				"east": {"uv": [13.5, 13.5, 15, 15], "texture": "#0"},
				"south": {"uv": [15.5, 13.5, 16, 15], "texture": "#0"},
				"west": {"uv": [13.5, 13.5, 15, 15], "texture": "#0"},
				"up": {"uv": [15.5, 13.5, 16, 15], "texture": "#0"},
				"down": {"uv": [15.5, 13.5, 16, 15], "texture": "#0"}
			}
		},
		{
			"from": [17, -7, 6],
			"to": [18, -2, 11],
			"rotation": {"angle": 0, "axis": "y", "origin": [0, 0, 0]},
			"faces": {
				"north": {"uv": [15.5, 13.5, 16, 16], "texture": "#0"},
				"east": {"uv": [13.5, 13.5, 16, 16], "texture": "#0"},
				"south": {"uv": [15.5, 13.5, 16, 16], "texture": "#0"},
				"west": {"uv": [13.5, 13.5, 16, 16], "texture": "#0"},
				"up": {"uv": [15.5, 13.5, 16, 16], "texture": "#0"},
				"down": {"uv": [15.5, 13.5, 16, 16], "texture": "#0"}
			}
		},
		{
			"from": [16, -2, 7],
			"to": [18, 2.5, 10],
			"rotation": {"angle": 0, "axis": "y", "origin": [0, 0, 0]},
			"faces": {
				"north": {"uv": [15, 14, 16, 16], "texture": "#0"},
				"east": {"uv": [14.5, 14, 16, 16], "texture": "#0"},
				"south": {"uv": [15, 14, 16, 16], "texture": "#0"},
				"west": {"uv": [14.5, 14, 16, 16], "texture": "#0"},
				"up": {"uv": [15, 14.5, 16, 16], "texture": "#0"},
				"down": {"uv": [15, 14.5, 16, 16], "texture": "#0"}
			}
		},
		{
			"from": [-2, -2, 7],
			"to": [0, 2.5, 10],
			"rotation": {"angle": 0, "axis": "y", "origin": [0, 0, 0]},
			"faces": {
				"north": {"uv": [15, 14, 16, 16], "texture": "#0"},
				"east": {"uv": [14.5, 14, 16, 16], "texture": "#0"},
				"south": {"uv": [15, 14, 16, 16], "texture": "#0"},
				"west": {"uv": [14.5, 14, 16, 16], "texture": "#0"},
				"up": {"uv": [15, 14.5, 16, 16], "texture": "#0"},
				"down": {"uv": [15, 14.5, 16, 16], "texture": "#0"}
			}
		},
		{
			"from": [-2, 2.5, 7],
			"to": [4, 4.5, 10],
			"rotation": {"angle": 0, "axis": "y", "origin": [0, 0, 0]},
			"faces": {
				"north": {"uv": [13, 15, 16, 16], "texture": "#0"},
				"east": {"uv": [14.5, 15, 16, 16], "texture": "#0"},
				"south": {"uv": [13, 15, 16, 16], "texture": "#0"},
				"west": {"uv": [14.5, 15, 16, 16], "texture": "#0"},
				"up": {"uv": [13, 14.5, 16, 16], "texture": "#0"},
				"down": {"uv": [13, 14.5, 16, 16], "texture": "#0"}
			}
		},
		{
			"from": [12, 2.5, 7],
			"to": [18, 4.5, 10],
			"rotation": {"angle": 0, "axis": "y", "origin": [0, 0, 0]},
			"faces": {
				"north": {"uv": [13, 15, 16, 16], "texture": "#0"},
				"east": {"uv": [14.5, 15, 16, 16], "texture": "#0"},
				"south": {"uv": [13, 15, 16, 16], "texture": "#0"},
				"west": {"uv": [14.5, 15, 16, 16], "texture": "#0"},
				"up": {"uv": [13, 14.5, 16, 16], "texture": "#0"},
				"down": {"uv": [13, 14.5, 16, 16], "texture": "#0"}
			}
		},
		{
			"from": [4, 4, 6.5],
			"to": [12, 5, 10.5],
			"rotation": {"angle": 0, "axis": "y", "origin": [0, 0, 0]},
			"faces": {
				"north": {"uv": [12, 15.5, 16, 16], "texture": "#0"},
				"east": {"uv": [14, 15.5, 16, 16], "texture": "#0"},
				"south": {"uv": [12, 15.5, 16, 16], "texture": "#0"},
				"west": {"uv": [14, 15.5, 16, 16], "texture": "#0"},
				"up": {"uv": [12, 14, 16, 16], "texture": "#0"},
				"down": {"uv": [12, 14, 16, 16], "texture": "#0"}
			}
		},
		{
			"from": [4, 2, 6],
			"to": [12, 4, 11],
			"rotation": {"angle": 0, "axis": "y", "origin": [0, 0, 0]},
			"faces": {
				"north": {"uv": [12, 0, 16, 1], "texture": "#0"},
				"east": {"uv": [13.5, 0, 16, 1], "texture": "#0"},
				"south": {"uv": [12, 0, 16, 1], "texture": "#0"},
				"west": {"uv": [13.5, 0, 16, 1], "texture": "#0"},
				"up": {"uv": [12, 0, 16, 2.5], "texture": "#0"},
				"down": {"uv": [12, 0, 16, 2.5], "texture": "#0"}
			}
		}
	],
	"display": {
		"thirdperson_righthand": {
			"rotation": [-10, 25, -15],
			"translation": [0, 2.5, 0],
			"scale": [0.5, 0.5, 0.5]
		},
		"thirdperson_lefthand": {
			"rotation": [-10, 25, -15],
			"translation": [0, 2.5, 0],
			"scale": [0.5, 0.5, 0.5]
		},
		"firstperson_righthand": {
			"rotation": [0, 25, 0],
			"scale": [0.5, 0.5, 0.5]
		},
		"firstperson_lefthand": {
			"rotation": [0, 25, 0],
			"scale": [0.5, 0.5, 0.5]
		},
		"ground": {
			"translation": [0, 1, 0],
			"scale": [0.6, 0.6, 0.6]
		},
		"gui": {
			"rotation": [35, 135, 0],
			"translation": [-0.25, 4.25, 0],
			"scale": [0.55, 0.55, 0.55]
		},
		"head": {
			"translation": [0, 11, 0],
			"scale": [0.91, 0.91, 0.91]
		}
	}
}