{
	"credit": "Steven Paw",
	"texture_size": [128, 128],
	"textures": {
		"0": "nlp/hats/kitchenchef",
		"particle": "nlp/hats/kitchenchef"
	},
	"elements": [
		{
			"from": [0, 0, 0],
			"to": [16, 10, 16],
			"faces": {
				"north": {"uv": [2, 5.5, 4, 6.75], "texture": "#0"},
				"east": {"uv": [0, 5.5, 2, 6.75], "texture": "#0"},
				"south": {"uv": [6, 5.5, 8, 6.75], "texture": "#0"},
				"west": {"uv": [4, 5.5, 6, 6.75], "texture": "#0"},
				"up": {"uv": [4, 5.5, 2, 3.5], "texture": "#0"},
				"down": {"uv": [6, 3.5, 4, 5.5], "texture": "#0"}
			}
		},
		{
			"from": [-2, 8, -2],
			"to": [18, 15, 18],
			"faces": {
				"north": {"uv": [2.5, 2.5, 5, 3.375], "texture": "#0"},
				"east": {"uv": [0, 2.5, 2.5, 3.375], "texture": "#0"},
				"south": {"uv": [7.5, 2.5, 10, 3.375], "texture": "#0"},
				"west": {"uv": [5, 2.5, 7.5, 3.375], "texture": "#0"},
				"up": {"uv": [5, 2.5, 2.5, 0], "texture": "#0"},
				"down": {"uv": [7.5, 0, 5, 2.5], "texture": "#0"}
			}
		}
	],
	"display": {
		"thirdperson_righthand": {
			"rotation": [-10, 25, -15],
			"translation": [0, 2.5, 0],
			"scale": [0.5, 0.5, 0.5]
		},
		"thirdperson_lefthand": {
			"rotation": [-10, 25, -15],
			"translation": [0, 2.5, 0],
			"scale": [0.5, 0.5, 0.5]
		},
		"firstperson_righthand": {
			"rotation": [0, 25, 0],
			"scale": [0.5, 0.5, 0.5]
		},
		"firstperson_lefthand": {
			"rotation": [0, 25, 0],
			"scale": [0.5, 0.5, 0.5]
		},
		"ground": {
			"translation": [0, 1, 0],
			"scale": [0.6, 0.6, 0.6]
		},
		"gui": {
			"rotation": [35, 135, 0],
			"scale": [0.5, 0.5, 0.5]
		},
		"head": {
			"translation": [0, 11, 0],
			"scale": [0.91, 0.91, 0.91]
		}
	}
}