{
	"credit": "Steven Paw",
	"texture_size": [32, 32],
	"textures": {
		"0": "nlp/hats/nlp-cap-alpha",
		"particle": "nlp/hats/nlp-cap-alpha"
	},
	"elements": [
		{
			"from": [0, 2, 0],
			"to": [16, 6, 11],
			"rotation": {"angle": 0, "axis": "y", "origin": [0, 0, 0]},
			"faces": {
				"north": {"uv": [0, 0, 8, 2], "texture": "#0"},
				"east": {"uv": [10.5, 0, 16, 2], "texture": "#0"},
				"south": {"uv": [8, 0, 16, 3], "texture": "#0"},
				"west": {"uv": [10.5, 0, 16, 2], "texture": "#0"},
				"up": {"uv": [8, 0, 16, 5.5], "texture": "#0"},
				"down": {"uv": [8, 0.5, 16, 6], "texture": "#0"}
			}
		},
		{
			"from": [0, 0, 14],
			"to": [16, 1, 16],
			"rotation": {"angle": 0, "axis": "y", "origin": [0, 0, 0]},
			"faces": {
				"north": {"uv": [0, 3, 8, 3.5], "texture": "#0"},
				"east": {"uv": [0, 3, 1, 3.5], "texture": "#0"},
				"south": {"uv": [0, 3, 8, 3.5], "texture": "#0"},
				"west": {"uv": [0, 3, 1, 3.5], "texture": "#0"},
				"up": {"uv": [0, 3, 8, 4], "texture": "#0"},
				"down": {"uv": [0, 3, 8, 4], "texture": "#0"}
			}
		},
		{
			"from": [0, 0, 0],
			"to": [16, 2, 2],
			"rotation": {"angle": 0, "axis": "y", "origin": [0, 0, 0]},
			"faces": {
				"north": {"uv": [0, 2, 8, 3], "texture": "#0"},
				"east": {"uv": [15, 0, 16, 1], "texture": "#0"},
				"south": {"uv": [8, 0, 16, 1], "texture": "#0"},
				"west": {"uv": [14.5, 0, 15.5, 1], "texture": "#0"},
				"up": {"uv": [8, 0, 16, 1], "texture": "#0"},
				"down": {"uv": [8, 0, 16, 1], "texture": "#0"}
			}
		},
		{
			"from": [0, 0, 2],
			"to": [2, 2, 14],
			"rotation": {"angle": 0, "axis": "y", "origin": [0, 0, 0]},
			"faces": {
				"north": {"uv": [15, 0, 16, 1], "texture": "#0"},
				"east": {"uv": [10, 0, 16, 1], "texture": "#0"},
				"south": {"uv": [15, 0, 16, 1], "texture": "#0"},
				"west": {"uv": [9.5, 0, 15.5, 1], "texture": "#0"},
				"up": {"uv": [8, 0, 16, 6], "texture": "#0"},
				"down": {"uv": [8, 0, 9, 6], "texture": "#0"}
			}
		},
		{
			"from": [14, 0, 2],
			"to": [16, 2, 14],
			"rotation": {"angle": 0, "axis": "y", "origin": [0, 0, 0]},
			"faces": {
				"north": {"uv": [15, 0, 16, 1], "texture": "#0"},
				"east": {"uv": [10, 0, 16, 1], "texture": "#0"},
				"south": {"uv": [15, 0, 16, 1], "texture": "#0"},
				"west": {"uv": [10, 0.5, 16, 1.5], "texture": "#0"},
				"up": {"uv": [8, 0, 16, 2.5], "texture": "#0"},
				"down": {"uv": [14.5, 0, 15.5, 6], "texture": "#0"}
			}
		},
		{
			"from": [0, 2, 11],
			"to": [16, 6, 16],
			"rotation": {"angle": 0, "axis": "y", "origin": [0, 0, 0]},
			"faces": {
				"north": {"uv": [8, 0, 16, 2], "texture": "#0"},
				"east": {"uv": [13, 0, 15.5, 2], "texture": "#0"},
				"south": {"uv": [8, 0, 16, 2], "texture": "#0"},
				"west": {"uv": [13, 0, 15.5, 2], "texture": "#0"},
				"up": {"uv": [8, 0, 16, 2.5], "texture": "#0"},
				"down": {"uv": [8, 0, 16, 2.5], "texture": "#0"}
			}
		},
		{
			"from": [0, 1, 14],
			"to": [5, 2, 16],
			"rotation": {"angle": 0, "axis": "y", "origin": [0, 0, 0]},
			"faces": {
				"north": {"uv": [13.5, 0, 16, 0.5], "texture": "#0"},
				"east": {"uv": [15, 0, 16, 0.5], "texture": "#0"},
				"south": {"uv": [13.5, 0.5, 16, 1], "texture": "#0"},
				"west": {"uv": [14.5, 0, 15.5, 0.5], "texture": "#0"},
				"up": {"uv": [13.5, 0, 16, 1], "texture": "#0"},
				"down": {"uv": [13.5, 0, 16, 1], "texture": "#0"}
			}
		},
		{
			"from": [11, 1, 14],
			"to": [16, 2, 16],
			"rotation": {"angle": 0, "axis": "y", "origin": [0, 0, 0]},
			"faces": {
				"north": {"uv": [13, 0, 15.5, 0.5], "texture": "#0"},
				"east": {"uv": [15, 0, 16, 0.5], "texture": "#0"},
				"south": {"uv": [13.5, 0, 16, 0.5], "texture": "#0"},
				"west": {"uv": [15, 0, 16, 0.5], "texture": "#0"},
				"up": {"uv": [13.5, 0, 16, 1], "texture": "#0"},
				"down": {"uv": [13.5, 0, 16, 1], "texture": "#0"}
			}
		},
		{
			"from": [1, 6, 1],
			"to": [15, 8, 15],
			"rotation": {"angle": 0, "axis": "y", "origin": [0, 0, 0]},
			"faces": {
				"north": {"uv": [9, 0, 16, 1], "texture": "#0"},
				"east": {"uv": [9, 0, 16, 1], "texture": "#0"},
				"south": {"uv": [9, 0, 16, 1], "texture": "#0"},
				"west": {"uv": [9, 0, 16, 1], "texture": "#0"},
				"up": {"uv": [9, 0, 16, 7], "texture": "#0"},
				"down": {"uv": [9, 0, 16, 7], "texture": "#0"}
			}
		},
		{
			"from": [2, 8, 2],
			"to": [14, 9, 14],
			"rotation": {"angle": 0, "axis": "y", "origin": [0, 0, 0]},
			"faces": {
				"north": {"uv": [10, 0, 16, 0.5], "texture": "#0"},
				"east": {"uv": [10, 0, 16, 0.5], "texture": "#0"},
				"south": {"uv": [10, 0, 16, 0.5], "texture": "#0"},
				"west": {"uv": [10, 0, 16, 0.5], "texture": "#0"},
				"up": {"uv": [10, 10, 16, 16], "texture": "#0"},
				"down": {"uv": [10, 10, 16, 16], "texture": "#0"}
			}
		},
		{
			"from": [1, 0, -8],
			"to": [15, 1, 0],
			"rotation": {"angle": 0, "axis": "y", "origin": [0, 0, 0]},
			"faces": {
				"north": {"uv": [0, 15.5, 7, 16], "texture": "#0"},
				"east": {"uv": [0, 15.5, 4, 16], "texture": "#0"},
				"south": {"uv": [0, 15.5, 7, 16], "texture": "#0"},
				"west": {"uv": [0, 15.5, 4, 16], "texture": "#0"},
				"up": {"uv": [7, 14, 0, 10], "texture": "#0"},
				"down": {"uv": [0, 10, 7, 14], "texture": "#0"}
			}
		},
		{
			"from": [2, 0, -9],
			"to": [14, 1, -8],
			"rotation": {"angle": 0, "axis": "y", "origin": [0, 0, 0]},
			"faces": {
				"north": {"uv": [0, 15.5, 6, 16], "texture": "#0"},
				"east": {"uv": [0, 15.5, 0.5, 16], "texture": "#0"},
				"south": {"uv": [0, 15.5, 6, 16], "texture": "#0"},
				"west": {"uv": [0, 15.5, 0.5, 16], "texture": "#0"},
				"up": {"uv": [6.5, 14, 0.5, 14.5], "texture": "#0"},
				"down": {"uv": [0.5, 14, 6.5, 14.5], "texture": "#0"}
			}
		},
		{
			"from": [4, 0, -10],
			"to": [12, 1, -9],
			"rotation": {"angle": 0, "axis": "y", "origin": [0, 0, 0]},
			"faces": {
				"north": {"uv": [0, 15.5, 4, 16], "texture": "#0"},
				"east": {"uv": [0, 15.5, 0.5, 16], "texture": "#0"},
				"south": {"uv": [0, 15.5, 4, 16], "texture": "#0"},
				"west": {"uv": [0, 15.5, 0.5, 16], "texture": "#0"},
				"up": {"uv": [1.5, 14.5, 5.5, 15], "texture": "#0"},
				"down": {"uv": [1.5, 14.5, 5.5, 15], "texture": "#0"}
			}
		}
	],
	"display": {
		"thirdperson_righthand": {
			"rotation": [-10, 25, -15],
			"translation": [0, 2.5, 0],
			"scale": [0.5, 0.5, 0.5]
		},
		"thirdperson_lefthand": {
			"rotation": [-10, 25, -15],
			"translation": [0, 2.5, 0],
			"scale": [0.5, 0.5, 0.5]
		},
		"firstperson_righthand": {
			"rotation": [0, 25, 0],
			"scale": [0.5, 0.5, 0.5]
		},
		"firstperson_lefthand": {
			"rotation": [0, 25, 0],
			"scale": [0.5, 0.5, 0.5]
		},
		"ground": {
			"translation": [0, 1, 0],
			"scale": [0.6, 0.6, 0.6]
		},
		"gui": {
			"rotation": [35, 135, 0],
			"translation": [1.25, 3.5, 0],
			"scale": [0.55, 0.55, 0.55]
		},
		"head": {
			"translation": [0, 11, 0],
			"scale": [0.91, 0.91, 0.91]
		}
	}
}