{"textures":{"0":"block/brown_mushroom","1":"block/brown_mushroom_block","particle":"block/brown_mushroom"},"elements":[{"from":[7,0,7],"to":[9,4,9],"faces":{"north":{"uv":[7,14,8,16],"texture":"#0"},"east":{"uv":[7,14,8,16],"texture":"#0"},"south":{"uv":[7,14,8,16],"texture":"#0"},"west":{"uv":[7,14,8,16],"texture":"#0"},"up":{"uv":[7,14,8,16],"texture":"#0"},"down":{"uv":[7,14,8,16],"texture":"#0"}}},{"from":[5,4,5],"to":[11,7,11],"faces":{"north":{"uv":[10,5,16,8],"texture":"#1"},"east":{"uv":[10,4,16,7],"texture":"#1"},"south":{"uv":[10,8,16,11],"texture":"#1"},"west":{"uv":[10,13,16,16],"texture":"#1"},"up":{"uv":[0,6,6,12],"texture":"#1"},"down":{"uv":[0,0,6,6],"texture":"#1"}}}],"credit":"Model by Craftventure"}