{"textures":{"0":"item/equipment_slot_color","particle":"item/equipment_slot_color"},"elements":[{"name":"empty_armor_slot_boots_0","from":[4,12,8],"to":[7,13,9],"faces":{"north":{"uv":[4,4,7,3],"rotation":180,"texture":"#0"},"east":{"uv":[6,3,7,4],"texture":"#0"},"south":{"uv":[4,3,7,4],"texture":"#0"},"west":{"uv":[4,3,5,4],"texture":"#0"},"up":{"uv":[7,3,4,4],"rotation":180,"texture":"#0"},"down":{"uv":[4,3,7,4],"texture":"#0"}}},{"name":"empty_armor_slot_boots_1","from":[9,12,8],"to":[12,13,9],"faces":{"north":{"uv":[9,4,12,3],"rotation":180,"texture":"#0"},"east":{"uv":[11,3,12,4],"texture":"#0"},"south":{"uv":[9,3,12,4],"texture":"#0"},"west":{"uv":[9,3,10,4],"texture":"#0"},"up":{"uv":[12,3,9,4],"rotation":180,"texture":"#0"},"down":{"uv":[9,3,12,4],"texture":"#0"}}},{"name":"empty_armor_slot_boots_2","from":[3,7,8],"to":[4,12,9],"faces":{"north":{"uv":[3,9,4,4],"rotation":180,"texture":"#0"},"east":{"uv":[3,4,4,9],"texture":"#0"},"south":{"uv":[3,4,4,9],"texture":"#0"},"west":{"uv":[3,4,4,9],"texture":"#0"},"up":{"uv":[4,4,3,5],"rotation":180,"texture":"#0"},"down":{"uv":[3,8,4,9],"texture":"#0"}}},{"name":"empty_armor_slot_boots_3","from":[6,5,8],"to":[7,12,9],"faces":{"north":{"uv":[6,11,7,4],"rotation":180,"texture":"#0"},"east":{"uv":[6,4,7,11],"texture":"#0"},"south":{"uv":[6,4,7,11],"texture":"#0"},"west":{"uv":[6,4,7,11],"texture":"#0"},"up":{"uv":[7,4,6,5],"rotation":180,"texture":"#0"},"down":{"uv":[6,10,7,11],"texture":"#0"}}},{"name":"empty_armor_slot_boots_4","from":[9,5,8],"to":[10,12,9],"faces":{"north":{"uv":[9,11,10,4],"rotation":180,"texture":"#0"},"east":{"uv":[9,4,10,11],"texture":"#0"},"south":{"uv":[9,4,10,11],"texture":"#0"},"west":{"uv":[9,4,10,11],"texture":"#0"},"up":{"uv":[10,4,9,5],"rotation":180,"texture":"#0"},"down":{"uv":[9,10,10,11],"texture":"#0"}}},{"name":"empty_armor_slot_boots_5","from":[12,7,8],"to":[13,12,9],"faces":{"north":{"uv":[12,9,13,4],"rotation":180,"texture":"#0"},"east":{"uv":[12,4,13,9],"texture":"#0"},"south":{"uv":[12,4,13,9],"texture":"#0"},"west":{"uv":[12,4,13,9],"texture":"#0"},"up":{"uv":[13,4,12,5],"rotation":180,"texture":"#0"},"down":{"uv":[12,8,13,9],"texture":"#0"}}},{"name":"empty_armor_slot_boots_6","from":[2,6,8],"to":[3,7,9],"faces":{"north":{"uv":[2,10,3,9],"rotation":180,"texture":"#0"},"east":{"uv":[2,9,3,10],"texture":"#0"},"south":{"uv":[2,9,3,10],"texture":"#0"},"west":{"uv":[2,9,3,10],"texture":"#0"},"up":{"uv":[3,9,2,10],"rotation":180,"texture":"#0"},"down":{"uv":[2,9,3,10],"texture":"#0"}}},{"name":"empty_armor_slot_boots_7","from":[13,6,8],"to":[14,7,9],"faces":{"north":{"uv":[13,10,14,9],"rotation":180,"texture":"#0"},"east":{"uv":[13,9,14,10],"texture":"#0"},"south":{"uv":[13,9,14,10],"texture":"#0"},"west":{"uv":[13,9,14,10],"texture":"#0"},"up":{"uv":[14,9,13,10],"rotation":180,"texture":"#0"},"down":{"uv":[13,9,14,10],"texture":"#0"}}},{"name":"empty_armor_slot_boots_8","from":[1,3,8],"to":[2,6,9],"faces":{"north":{"uv":[1,13,2,10],"rotation":180,"texture":"#0"},"east":{"uv":[1,10,2,13],"texture":"#0"},"south":{"uv":[1,10,2,13],"texture":"#0"},"west":{"uv":[1,10,2,13],"texture":"#0"},"up":{"uv":[2,10,1,11],"rotation":180,"texture":"#0"},"down":{"uv":[1,12,2,13],"texture":"#0"}}},{"name":"empty_armor_slot_boots_9","from":[14,3,8],"to":[15,6,9],"faces":{"north":{"uv":[14,13,15,10],"rotation":180,"texture":"#0"},"east":{"uv":[14,10,15,13],"texture":"#0"},"south":{"uv":[14,10,15,13],"texture":"#0"},"west":{"uv":[14,10,15,13],"texture":"#0"},"up":{"uv":[15,10,14,11],"rotation":180,"texture":"#0"},"down":{"uv":[14,12,15,13],"texture":"#0"}}},{"name":"empty_armor_slot_boots_10","from":[5,4,8],"to":[6,5,9],"faces":{"north":{"uv":[5,12,6,11],"rotation":180,"texture":"#0"},"east":{"uv":[5,11,6,12],"texture":"#0"},"south":{"uv":[5,11,6,12],"texture":"#0"},"west":{"uv":[5,11,6,12],"texture":"#0"},"up":{"uv":[6,11,5,12],"rotation":180,"texture":"#0"},"down":{"uv":[5,11,6,12],"texture":"#0"}}},{"name":"empty_armor_slot_boots_11","from":[10,4,8],"to":[11,5,9],"faces":{"north":{"uv":[10,12,11,11],"rotation":180,"texture":"#0"},"east":{"uv":[10,11,11,12],"texture":"#0"},"south":{"uv":[10,11,11,12],"texture":"#0"},"west":{"uv":[10,11,11,12],"texture":"#0"},"up":{"uv":[11,11,10,12],"rotation":180,"texture":"#0"},"down":{"uv":[10,11,11,12],"texture":"#0"}}},{"name":"empty_armor_slot_boots_12","from":[2,3,8],"to":[5,4,9],"faces":{"north":{"uv":[2,13,5,12],"rotation":180,"texture":"#0"},"east":{"uv":[4,12,5,13],"texture":"#0"},"south":{"uv":[2,12,5,13],"texture":"#0"},"west":{"uv":[2,12,3,13],"texture":"#0"},"up":{"uv":[5,12,2,13],"rotation":180,"texture":"#0"},"down":{"uv":[2,12,5,13],"texture":"#0"}}},{"name":"empty_armor_slot_boots_13","from":[11,3,8],"to":[14,4,9],"faces":{"north":{"uv":[11,13,14,12],"rotation":180,"texture":"#0"},"east":{"uv":[13,12,14,13],"texture":"#0"},"south":{"uv":[11,12,14,13],"texture":"#0"},"west":{"uv":[11,12,12,13],"texture":"#0"},"up":{"uv":[14,12,11,13],"rotation":180,"texture":"#0"},"down":{"uv":[11,12,14,13],"texture":"#0"}}}],"groups":[{"name":"empty_armor_slot_boots","children":[0,1,2,3,4,5,6,7,8,9,10,11,12,13]}],"credit":"Model by Craftventure"}