{"textures":{"0":"item/equipment_slot_color","particle":"item/equipment_slot_color"},"elements":[{"name":"empty_armor_slot_leggings_0","from":[4,13,8],"to":[12,14,9],"faces":{"north":{"uv":[4,3,12,2],"rotation":180,"texture":"#0"},"east":{"uv":[11,2,12,3],"texture":"#0"},"south":{"uv":[4,2,12,3],"texture":"#0"},"west":{"uv":[4,2,5,3],"texture":"#0"},"up":{"uv":[12,2,4,3],"rotation":180,"texture":"#0"},"down":{"uv":[4,2,12,3],"texture":"#0"}}},{"name":"empty_armor_slot_leggings_1","from":[3,1,8],"to":[4,13,9],"faces":{"north":{"uv":[3,15,4,3],"rotation":180,"texture":"#0"},"east":{"uv":[3,3,4,15],"texture":"#0"},"south":{"uv":[3,3,4,15],"texture":"#0"},"west":{"uv":[3,3,4,15],"texture":"#0"},"up":{"uv":[4,3,3,4],"rotation":180,"texture":"#0"},"down":{"uv":[3,14,4,15],"texture":"#0"}}},{"name":"empty_armor_slot_leggings_2","from":[12,1,8],"to":[13,13,9],"faces":{"north":{"uv":[12,15,13,3],"rotation":180,"texture":"#0"},"east":{"uv":[12,3,13,15],"texture":"#0"},"south":{"uv":[12,3,13,15],"texture":"#0"},"west":{"uv":[12,3,13,15],"texture":"#0"},"up":{"uv":[13,3,12,4],"rotation":180,"texture":"#0"},"down":{"uv":[12,14,13,15],"texture":"#0"}}},{"name":"empty_armor_slot_leggings_3","from":[7,9,8],"to":[9,10,9],"faces":{"north":{"uv":[7,7,9,6],"rotation":180,"texture":"#0"},"east":{"uv":[8,6,9,7],"texture":"#0"},"south":{"uv":[7,6,9,7],"texture":"#0"},"west":{"uv":[7,6,8,7],"texture":"#0"},"up":{"uv":[9,6,7,7],"rotation":180,"texture":"#0"},"down":{"uv":[7,6,9,7],"texture":"#0"}}},{"name":"empty_armor_slot_leggings_4","from":[6,1,8],"to":[7,9,9],"faces":{"north":{"uv":[6,15,7,7],"rotation":180,"texture":"#0"},"east":{"uv":[6,7,7,15],"texture":"#0"},"south":{"uv":[6,7,7,15],"texture":"#0"},"west":{"uv":[6,7,7,15],"texture":"#0"},"up":{"uv":[7,7,6,8],"rotation":180,"texture":"#0"},"down":{"uv":[6,14,7,15],"texture":"#0"}}},{"name":"empty_armor_slot_leggings_5","from":[9,1,8],"to":[10,9,9],"faces":{"north":{"uv":[9,15,10,7],"rotation":180,"texture":"#0"},"east":{"uv":[9,7,10,15],"texture":"#0"},"south":{"uv":[9,7,10,15],"texture":"#0"},"west":{"uv":[9,7,10,15],"texture":"#0"},"up":{"uv":[10,7,9,8],"rotation":180,"texture":"#0"},"down":{"uv":[9,14,10,15],"texture":"#0"}}},{"name":"empty_armor_slot_leggings_6","from":[4,1,8],"to":[6,2,9],"faces":{"north":{"uv":[4,15,6,14],"rotation":180,"texture":"#0"},"east":{"uv":[5,14,6,15],"texture":"#0"},"south":{"uv":[4,14,6,15],"texture":"#0"},"west":{"uv":[4,14,5,15],"texture":"#0"},"up":{"uv":[6,14,4,15],"rotation":180,"texture":"#0"},"down":{"uv":[4,14,6,15],"texture":"#0"}}},{"name":"empty_armor_slot_leggings_7","from":[10,1,8],"to":[12,2,9],"faces":{"north":{"uv":[10,15,12,14],"rotation":180,"texture":"#0"},"east":{"uv":[11,14,12,15],"texture":"#0"},"south":{"uv":[10,14,12,15],"texture":"#0"},"west":{"uv":[10,14,11,15],"texture":"#0"},"up":{"uv":[12,14,10,15],"rotation":180,"texture":"#0"},"down":{"uv":[10,14,12,15],"texture":"#0"}}}],"groups":[{"name":"empty_armor_slot_leggings","children":[0,1,2,3,4,5,6,7]}],"credit":"Model by Craftventure"}