{"textures":{"particle":"item/equipment_slot_color"},"elements":[{"name":"icon_title_0","from":[3,14,0],"to":[14,15,1],"rotation":{"angle":0,"axis":"y","origin":[9,8,8]},"faces":{"north":{"uv":[2,2,15,1],"rotation":180,"texture":"#particle"},"east":{"uv":[14,1,15,2],"texture":"#particle"},"south":{"uv":[2,1,15,2],"texture":"#particle"},"west":{"uv":[2,1,3,2],"texture":"#particle"},"up":{"uv":[15,1,2,2],"rotation":180,"texture":"#particle"},"down":{"uv":[2,1,15,2],"texture":"#particle"}}},{"name":"icon_title_1","from":[2,7,0],"to":[3,14,1],"rotation":{"angle":0,"axis":"y","origin":[8,9,8]},"faces":{"north":{"uv":[2,10,3,2],"rotation":180,"texture":"#particle"},"east":{"uv":[2,2,3,10],"texture":"#particle"},"south":{"uv":[2,2,3,10],"texture":"#particle"},"west":{"uv":[2,2,3,10],"texture":"#particle"},"up":{"uv":[3,2,2,3],"rotation":180,"texture":"#particle"},"down":{"uv":[2,9,3,10],"texture":"#particle"}}},{"name":"icon_title_2","from":[14,7,0],"to":[15,14,1],"rotation":{"angle":0,"axis":"y","origin":[8,9,8]},"faces":{"north":{"uv":[14,10,15,2],"rotation":180,"texture":"#particle"},"east":{"uv":[14,2,15,10],"texture":"#particle"},"south":{"uv":[14,2,15,10],"texture":"#particle"},"west":{"uv":[14,2,15,10],"texture":"#particle"},"up":{"uv":[15,2,14,3],"rotation":180,"texture":"#particle"},"down":{"uv":[14,9,15,10],"texture":"#particle"}}},{"name":"icon_title_3","from":[3,6,0],"to":[7,7,1],"faces":{"north":{"uv":[3,10,8,9],"rotation":180,"texture":"#particle"},"east":{"uv":[7,9,8,10],"texture":"#particle"},"south":{"uv":[3,9,8,10],"texture":"#particle"},"west":{"uv":[3,9,4,10],"texture":"#particle"},"up":{"uv":[8,9,3,10],"rotation":180,"texture":"#particle"},"down":{"uv":[3,9,8,10],"texture":"#particle"}}},{"name":"icon_title_4","from":[10,6,0],"to":[14,7,1],"rotation":{"angle":0,"axis":"y","origin":[9,8,8]},"faces":{"north":{"uv":[9,10,14,9],"rotation":180,"texture":"#particle"},"east":{"uv":[13,9,14,10],"texture":"#particle"},"south":{"uv":[9,9,14,10],"texture":"#particle"},"west":{"uv":[9,9,10,10],"texture":"#particle"},"up":{"uv":[14,9,9,10],"rotation":180,"texture":"#particle"},"down":{"uv":[9,9,14,10],"texture":"#particle"}}},{"name":"icon_title_5","from":[7,2,0],"to":[8,6,1],"rotation":{"angle":0,"axis":"y","origin":[8,9,8]},"faces":{"north":{"uv":[7,15,8,10],"rotation":180,"texture":"#particle"},"east":{"uv":[7,10,8,15],"texture":"#particle"},"south":{"uv":[7,10,8,15],"texture":"#particle"},"west":{"uv":[7,10,8,15],"texture":"#particle"},"up":{"uv":[8,10,7,11],"rotation":180,"texture":"#particle"},"down":{"uv":[7,14,8,15],"texture":"#particle"}}},{"name":"icon_title_6","from":[9,2,0],"to":[10,6,1],"rotation":{"angle":0,"axis":"y","origin":[8,9,8]},"faces":{"north":{"uv":[9,15,10,10],"rotation":180,"texture":"#particle"},"east":{"uv":[9,10,10,15],"texture":"#particle"},"south":{"uv":[9,10,10,15],"texture":"#particle"},"west":{"uv":[9,10,10,15],"texture":"#particle"},"up":{"uv":[10,10,9,11],"rotation":180,"texture":"#particle"},"down":{"uv":[9,14,10,15],"texture":"#particle"}}},{"name":"icon_title_7","from":[8,1,0],"to":[9,2,1],"faces":{"north":{"uv":[8,15,9,14],"rotation":180,"texture":"#particle"},"east":{"uv":[8,14,9,15],"texture":"#particle"},"south":{"uv":[8,14,9,15],"texture":"#particle"},"west":{"uv":[8,14,9,15],"texture":"#particle"},"up":{"uv":[9,14,8,15],"rotation":180,"texture":"#particle"},"down":{"uv":[8,14,9,15],"texture":"#particle"}}}],"groups":[{"name":"empty_armor_slot_shield","origin":[8,8,8],"children":[]},{"name":"icon_title","origin":[8,8,8],"children":[0,1,2,3,4,5,6,7]}],"credit":"Model by Craftventure"}