{"textures":{"0":"block/armen1","particle":"block/armen1"},"elements":[{"from":[0,0,0],"to":[4,12,4],"faces":{"north":{"uv":[2,2,4,8],"texture":"#0"},"east":{"uv":[0,2,2,8],"texture":"#0"},"south":{"uv":[4,2,6,8],"texture":"#0"},"west":{"uv":[6,2,8,8],"texture":"#0"},"up":{"uv":[2,0,4,2],"texture":"#0"},"down":{"uv":[4,2,6,0],"texture":"#0"}}}],"display":{"thirdperson_righthand":{"rotation":[90,0,0],"translation":[6,-8,8]},"thirdperson_lefthand":{"rotation":[90,0,0],"translation":[-6,-8,8]}},"credit":"Model by Craftventure"}