{
	"credit": "Steven Paw",
	"texture_size": [64, 64],
	"textures": {
		"0": "nlp/blocks/nlp-automat-bottom",
		"particle": "nlp/blocks/nlp-automat-bottom"
	},
	"elements": [
		{
			"from": [1, 0, 7],
			"to": [15, 12, 9.7],
			"rotation": {"angle": 0, "axis": "y", "origin": [8, -6, 16]},
			"faces": {
				"north": {"uv": [0.5, 0.5, 4, 3.5], "texture": "#0"},
				"east": {"uv": [0, 0.5, 0.5, 3.5], "texture": "#0"},
				"south": {"uv": [4.5, 0.5, 8, 3.5], "texture": "#0"},
				"west": {"uv": [4, 0.5, 4.5, 3.5], "texture": "#0"},
				"up": {"uv": [4, 0.5, 0.5, 0], "texture": "#0"},
				"down": {"uv": [7.5, 0, 4, 0.5], "texture": "#0"}
			}
		},
		{
			"from": [9, 12, 7],
			"to": [11.5, 14.5, 9.7],
			"rotation": {"angle": 0, "axis": "y", "origin": [8, -5, 16]},
			"faces": {
				"north": {"uv": [0.5, 8.5, 1, 9], "texture": "#0"},
				"east": {"uv": [0, 8.5, 0.5, 9], "texture": "#0"},
				"south": {"uv": [1.5, 8.5, 2, 9], "texture": "#0"},
				"west": {"uv": [1, 8.5, 1.5, 9], "texture": "#0"},
				"up": {"uv": [1, 8.5, 0.5, 8], "texture": "#0"},
				"down": {"uv": [1.5, 8, 1, 8.5], "texture": "#0"}
			}
		},
		{
			"from": [9, 14.9, 7],
			"to": [10.5, 16, 9.7],
			"rotation": {"angle": 0, "axis": "y", "origin": [8, -3.5, 16]},
			"faces": {
				"north": {"uv": [3.5, 4, 3.75, 4.25], "texture": "#0"},
				"east": {"uv": [3, 4, 3.5, 4.25], "texture": "#0"},
				"south": {"uv": [4.25, 4, 4.5, 4.25], "texture": "#0"},
				"west": {"uv": [3.75, 4, 4.25, 4.25], "texture": "#0"},
				"up": {"uv": [3.75, 4, 3.5, 3.5], "texture": "#0"},
				"down": {"uv": [4, 3.5, 3.75, 4], "texture": "#0"}
			}
		},
		{
			"from": [10.5, 14.5, 7],
			"to": [11.5, 16, 9.7],
			"rotation": {"angle": 0, "axis": "y", "origin": [8, -3.5, 16]},
			"faces": {
				"north": {"uv": [10, 4, 10.25, 4.25], "texture": "#0"},
				"east": {"uv": [9.5, 4, 10, 4.25], "texture": "#0"},
				"south": {"uv": [10.75, 4, 11, 4.25], "texture": "#0"},
				"west": {"uv": [10.25, 4, 10.75, 4.25], "texture": "#0"},
				"up": {"uv": [10.25, 4, 10, 3.5], "texture": "#0"},
				"down": {"uv": [10.5, 3.5, 10.25, 4], "texture": "#0"}
			}
		},
		{
			"from": [7.5, 14, 7],
			"to": [9, 16, 9.7],
			"rotation": {"angle": 0, "axis": "y", "origin": [6, -3.9, 16]},
			"faces": {
				"north": {"uv": [3.5, 4, 3.75, 4.5], "texture": "#0"},
				"east": {"uv": [3, 4, 3.5, 4.5], "texture": "#0"},
				"south": {"uv": [4.25, 4, 4.5, 4.5], "texture": "#0"},
				"west": {"uv": [3.75, 4, 4.25, 4.5], "texture": "#0"},
				"up": {"uv": [3.75, 4, 3.5, 3.5], "texture": "#0"},
				"down": {"uv": [4, 3.5, 3.75, 4], "texture": "#0"}
			}
		},
		{
			"from": [6, 15, 7],
			"to": [7.5, 16, 9.7],
			"rotation": {"angle": 0, "axis": "y", "origin": [4.5, -3.4, 16]},
			"faces": {
				"north": {"uv": [3.5, 4, 3.75, 4.25], "texture": "#0"},
				"east": {"uv": [3, 4, 3.5, 4.25], "texture": "#0"},
				"south": {"uv": [4.25, 4, 4.5, 4.25], "texture": "#0"},
				"west": {"uv": [3.75, 4, 4.25, 4.25], "texture": "#0"},
				"up": {"uv": [3.75, 4, 3.5, 3.5], "texture": "#0"},
				"down": {"uv": [4, 3.5, 3.75, 4], "texture": "#0"}
			}
		},
		{
			"from": [7, 12, 7],
			"to": [9, 14, 9.7],
			"rotation": {"angle": 0, "axis": "y", "origin": [5, -6.4, 16]},
			"faces": {
				"north": {"uv": [3.5, 4, 4, 4.5], "texture": "#0"},
				"east": {"uv": [3, 4, 3.5, 4.5], "texture": "#0"},
				"south": {"uv": [4.5, 4, 5, 4.5], "texture": "#0"},
				"west": {"uv": [4, 4, 4.5, 4.5], "texture": "#0"},
				"up": {"uv": [4, 4, 3.5, 3.5], "texture": "#0"},
				"down": {"uv": [4.5, 3.5, 4, 4], "texture": "#0"}
			}
		},
		{
			"from": [6, 12, 7],
			"to": [7, 15, 9.7],
			"rotation": {"angle": 0, "axis": "y", "origin": [6, -3.5, 16]},
			"faces": {
				"north": {"uv": [3.5, 4, 3.75, 4.75], "texture": "#0"},
				"east": {"uv": [3, 4, 3.5, 4.75], "texture": "#0"},
				"south": {"uv": [4.25, 4, 4.5, 4.75], "texture": "#0"},
				"west": {"uv": [3.75, 4, 4.25, 4.75], "texture": "#0"},
				"up": {"uv": [3.75, 4, 3.5, 3.5], "texture": "#0"},
				"down": {"uv": [4, 3.5, 3.75, 4], "texture": "#0"}
			}
		},
		{
			"from": [14, 12, 7],
			"to": [15, 16, 9.7],
			"rotation": {"angle": 0, "axis": "y", "origin": [12, -5, 16]},
			"faces": {
				"north": {"uv": [6.5, 7.25, 6.75, 8.25], "texture": "#0"},
				"east": {"uv": [6, 7.25, 6.5, 8.25], "texture": "#0"},
				"south": {"uv": [7.25, 7.25, 7.5, 8.25], "texture": "#0"},
				"west": {"uv": [6.75, 7.25, 7.25, 8.25], "texture": "#0"},
				"up": {"uv": [6.75, 7.25, 6.5, 6.75], "texture": "#0"},
				"down": {"uv": [7, 6.75, 6.75, 7.25], "texture": "#0"}
			}
		},
		{
			"from": [11.5, 14, 7],
			"to": [14, 16, 9.7],
			"rotation": {"angle": 0, "axis": "y", "origin": [11, -5, 16]},
			"faces": {
				"north": {"uv": [6.75, 5, 7.25, 5.5], "texture": "#0"},
				"east": {"uv": [6.25, 5, 6.75, 5.5], "texture": "#0"},
				"south": {"uv": [7.75, 5, 8.25, 5.5], "texture": "#0"},
				"west": {"uv": [7.25, 5, 7.75, 5.5], "texture": "#0"},
				"up": {"uv": [7.25, 5, 6.75, 4.5], "texture": "#0"},
				"down": {"uv": [7.75, 4.5, 7.25, 5], "texture": "#0"}
			}
		},
		{
			"from": [11.5, 12, 8],
			"to": [14, 14, 9.7],
			"rotation": {"angle": 0, "axis": "y", "origin": [11, -7, 17.8]},
			"faces": {
				"north": {"uv": [7, 3.75, 7.5, 4.25], "texture": "#0"},
				"east": {"uv": [6.75, 3.75, 7, 4.25], "texture": "#0"},
				"south": {"uv": [7.75, 3.75, 8.25, 4.25], "texture": "#0"},
				"west": {"uv": [7.5, 3.75, 7.75, 4.25], "texture": "#0"},
				"up": {"uv": [7.5, 3.75, 7, 3.5], "texture": "#0"},
				"down": {"uv": [8, 3.5, 7.5, 3.75], "texture": "#0"}
			}
		},
		{
			"from": [7, 13, 8],
			"to": [11, 15, 9.7],
			"rotation": {"angle": 0, "axis": "y", "origin": [7, -6, 18]},
			"faces": {
				"north": {"uv": [8.25, 3, 9.25, 3.5], "texture": "#0"},
				"east": {"uv": [8, 3, 8.25, 3.5], "texture": "#0"},
				"south": {"uv": [9.5, 3, 10.5, 3.5], "texture": "#0"},
				"west": {"uv": [9.25, 3, 9.5, 3.5], "texture": "#0"},
				"up": {"uv": [9.25, 3, 8.25, 2.75], "texture": "#0"},
				"down": {"uv": [10.25, 2.75, 9.25, 3], "texture": "#0"}
			}
		},
		{
			"from": [1, 12, 7],
			"to": [2, 16, 9.7],
			"rotation": {"angle": 0, "axis": "y", "origin": [3, -5, 16]},
			"faces": {
				"north": {"uv": [5, 7.25, 5.25, 8.25], "texture": "#0"},
				"east": {"uv": [4.5, 7.25, 5, 8.25], "texture": "#0"},
				"south": {"uv": [5.75, 7.25, 6, 8.25], "texture": "#0"},
				"west": {"uv": [5.25, 7.25, 5.75, 8.25], "texture": "#0"},
				"up": {"uv": [5.25, 7.25, 5, 6.75], "texture": "#0"},
				"down": {"uv": [5.5, 6.75, 5.25, 7.25], "texture": "#0"}
			}
		},
		{
			"from": [2, 12, 8.7],
			"to": [6, 16, 9.7],
			"rotation": {"angle": 0, "axis": "y", "origin": [4, -5, 16]},
			"faces": {
				"north": {"uv": [5.75, 5.75, 6.75, 6.75], "texture": "#0"},
				"east": {"uv": [5.5, 5.75, 5.75, 6.75], "texture": "#0"},
				"south": {"uv": [7, 5.75, 8, 6.75], "texture": "#0"},
				"west": {"uv": [6.75, 5.75, 7, 6.75], "texture": "#0"},
				"up": {"uv": [6.75, 5.75, 5.75, 5.5], "texture": "#0"},
				"down": {"uv": [7.75, 5.5, 6.75, 5.75], "texture": "#0"}
			}
		},
		{
			"from": [2, 11.71382, 7.73872],
			"to": [6, 16.21382, 8.73872],
			"rotation": {"angle": 22.5, "axis": "x", "origin": [4, 13.71382, 8.08872]},
			"faces": {
				"north": {"uv": [3.25, 5.25, 4.25, 6.25], "texture": "#0"},
				"east": {"uv": [3, 5.25, 3.25, 6.25], "texture": "#0"},
				"south": {"uv": [4.5, 5.25, 5.5, 6.25], "texture": "#0"},
				"west": {"uv": [4.25, 5.25, 4.5, 6.25], "texture": "#0"},
				"up": {"uv": [4.25, 5.25, 3.25, 5], "texture": "#0"},
				"down": {"uv": [5.25, 5, 4.25, 5.25], "texture": "#0"}
			}
		},
		{
			"from": [2.5, 12.21382, 7.43872],
			"to": [5.5, 15.71382, 8.43872],
			"rotation": {"angle": 22.5, "axis": "x", "origin": [4, 13.71382, 8.08872]},
			"faces": {
				"north": {"uv": [3.25, 6.5, 4, 7.25], "texture": "#0"},
				"east": {"uv": [3, 6.5, 3.25, 7.25], "texture": "#0"},
				"south": {"uv": [4.25, 6.5, 5, 7.25], "texture": "#0"},
				"west": {"uv": [4, 6.5, 4.25, 7.25], "texture": "#0"},
				"up": {"uv": [4, 6.5, 3.25, 6.25], "texture": "#0"},
				"down": {"uv": [4.75, 6.25, 4, 6.5], "texture": "#0"}
			}
		},
		{
			"from": [0, 0, 7.7],
			"to": [1, 16, 9.7],
			"rotation": {"angle": 0, "axis": "y", "origin": [8, 7, 16.7]},
			"faces": {
				"north": {"uv": [0.5, 4, 0.75, 8], "texture": "#0"},
				"east": {"uv": [0, 4, 0.5, 8], "texture": "#0"},
				"south": {"uv": [1.25, 4, 1.5, 8], "texture": "#0"},
				"west": {"uv": [0.75, 4, 1.25, 8], "texture": "#0"},
				"up": {"uv": [0.75, 4, 0.5, 3.5], "texture": "#0"},
				"down": {"uv": [1, 3.5, 0.75, 4], "texture": "#0"}
			}
		},
		{
			"from": [15, 0, 7.7],
			"to": [16, 16, 9.7],
			"rotation": {"angle": 0, "axis": "y", "origin": [23, 7, 16.7]},
			"faces": {
				"north": {"uv": [2, 4, 2.25, 8], "texture": "#0"},
				"east": {"uv": [1.5, 4, 2, 8], "texture": "#0"},
				"south": {"uv": [2.75, 4, 3, 8], "texture": "#0"},
				"west": {"uv": [2.25, 4, 2.75, 8], "texture": "#0"},
				"up": {"uv": [2.25, 4, 2, 3.5], "texture": "#0"},
				"down": {"uv": [2.5, 3.5, 2.25, 4], "texture": "#0"}
			}
		}
	],
	"display": {
		"thirdperson_righthand": {
			"rotation": [0, 165, 0],
			"translation": [0, 0, 0.5],
			"scale": [0.5, 0.5, 0.5]
		},
		"thirdperson_lefthand": {
			"rotation": [0, 165, 0],
			"translation": [0, 0, 0.5],
			"scale": [0.5, 0.5, 0.5]
		},
		"firstperson_righthand": {
			"rotation": [0, 145, 0],
			"translation": [0, -1.5, 0],
			"scale": [0.7, 0.7, 0.7]
		},
		"firstperson_lefthand": {
			"rotation": [0, 145, 0],
			"translation": [0, -1.5, 0],
			"scale": [0.7, 0.7, 0.7]
		},
		"ground": {
			"scale": [0.5, 0.5, 0.5]
		},
		"gui": {
			"rotation": [45, 145, 0],
			"scale": [0.8, 0.8, 0.8]
		},
		"head": {
			"translation": [0, 0, -6.5]
		},
		"fixed": {
			"translation": [0, 0, -1.25],
			"scale": [1.995, 2.005, 2]
		}
	}
}