{
	"credit": "Steven Paw",
	"texture_size": [32, 32],
	"textures": {
		"0": "nlp/blocks/barrier_tape_side",
		"particle": "nlp/blocks/barrier_tape",
		"1_0": "nlp/blocks/barrier_tape"
	},
	"elements": [
		{
			"from": [13, 9, 7.5],
			"to": [16, 10, 8.5],
			"rotation": {"angle": 0, "axis": "y", "origin": [8, 6, 8]},
			"faces": {
				"north": {"uv": [3.5, 15.5, 6.5, 16], "texture": "#0"},
				"east": {"uv": [3, 15.5, 3.5, 16], "texture": "#0"},
				"south": {"uv": [0, 15.5, 3, 16], "texture": "#0"},
				"west": {"uv": [6.5, 15.5, 7, 16], "texture": "#0"},
				"up": {"uv": [3.5, 15.5, 3, 12.5], "rotation": 90, "texture": "#0"},
				"down": {"uv": [4.5, 12.5, 4, 15.5], "rotation": 270, "texture": "#0"}
			}
		},
		{
			"from": [0, 9, 7.5],
			"to": [3, 10, 8.5],
			"rotation": {"angle": 0, "axis": "y", "origin": [-5, 6, 8]},
			"faces": {
				"north": {"uv": [3.5, 15.5, 6.5, 16], "texture": "#0"},
				"east": {"uv": [3, 15.5, 3.5, 16], "texture": "#0"},
				"south": {"uv": [0, 15.5, 3, 16], "texture": "#0"},
				"west": {"uv": [6.5, 15.5, 7, 16], "texture": "#0"},
				"up": {"uv": [3.5, 15.5, 3, 12.5], "rotation": 90, "texture": "#0"},
				"down": {"uv": [4.5, 12.5, 4, 15.5], "rotation": 270, "texture": "#0"}
			}
		},
		{
			"from": [2, 10, 7.5],
			"to": [5, 11, 8.5],
			"rotation": {"angle": 0, "axis": "y", "origin": [-2, 7, 8]},
			"faces": {
				"north": {"uv": [3.5, 15.5, 6.5, 16], "texture": "#0"},
				"east": {"uv": [3, 15.5, 3.5, 16], "texture": "#0"},
				"south": {"uv": [0, 15.5, 3, 16], "texture": "#0"},
				"west": {"uv": [6.5, 15.5, 7, 16], "texture": "#0"},
				"up": {"uv": [3.5, 15.5, 3, 12.5], "rotation": 90, "texture": "#0"},
				"down": {"uv": [4.5, 12.5, 4, 15.5], "rotation": 270, "texture": "#0"}
			}
		},
		{
			"from": [11, 10, 7.5],
			"to": [14, 11, 8.5],
			"rotation": {"angle": 0, "axis": "y", "origin": [7, 7, 8]},
			"faces": {
				"north": {"uv": [3.5, 15.5, 6.5, 16], "texture": "#0"},
				"east": {"uv": [3, 15.5, 3.5, 16], "texture": "#0"},
				"south": {"uv": [0, 15.5, 3, 16], "texture": "#0"},
				"west": {"uv": [6.5, 15.5, 7, 16], "texture": "#0"},
				"up": {"uv": [3.5, 15.5, 3, 12.5], "rotation": 90, "texture": "#0"},
				"down": {"uv": [4.5, 12.5, 4, 15.5], "rotation": 270, "texture": "#0"}
			}
		},
		{
			"from": [4, 11, 7.5],
			"to": [6, 12, 8.5],
			"rotation": {"angle": 0, "axis": "y", "origin": [2, 8, 8]},
			"faces": {
				"north": {"uv": [3.5, 15.5, 6.5, 16], "texture": "#0"},
				"east": {"uv": [3, 15.5, 3.5, 16], "texture": "#0"},
				"south": {"uv": [0, 15.5, 3, 16], "texture": "#0"},
				"west": {"uv": [6.5, 15.5, 7, 16], "texture": "#0"},
				"up": {"uv": [3.5, 15.5, 3, 12.5], "rotation": 90, "texture": "#0"},
				"down": {"uv": [4.5, 12.5, 4, 15.5], "rotation": 270, "texture": "#0"}
			}
		},
		{
			"from": [10, 11, 7.5],
			"to": [12, 12, 8.5],
			"faces": {
				"north": {"uv": [3.5, 15.5, 6.5, 16], "texture": "#0"},
				"east": {"uv": [3, 15.5, 3.5, 16], "texture": "#0"},
				"south": {"uv": [0, 15.5, 3, 16], "texture": "#0"},
				"west": {"uv": [6.5, 15.5, 7, 16], "texture": "#0"},
				"up": {"uv": [3.5, 15.5, 3, 12.5], "rotation": 90, "texture": "#0"},
				"down": {"uv": [4.5, 12.5, 4, 15.5], "rotation": 270, "texture": "#0"}
			}
		},
		{
			"name": "pole",
			"from": [7, 0, 7],
			"to": [9, 13, 9],
			"faces": {
				"north": {"uv": [13, 1, 14, 7.5], "texture": "#1_0"},
				"east": {"uv": [12, 1, 13, 7.5], "texture": "#1_0"},
				"south": {"uv": [15, 1, 16, 7.5], "texture": "#1_0"},
				"west": {"uv": [14, 1, 15, 7.5], "texture": "#1_0"},
				"up": {"uv": [14, 1, 13, 0], "texture": "#1_0"},
				"down": {"uv": [15, 0, 14, 1], "texture": "#1_0"}
			}
		},
		{
			"name": "Halter1",
			"from": [6, 11, 7.5],
			"to": [10, 12, 8.5],
			"faces": {
				"north": {"uv": [0.5, 0.5, 2.5, 1], "texture": "#1_0"},
				"east": {"uv": [0, 0.5, 0.5, 1], "texture": "#1_0"},
				"south": {"uv": [3, 0.5, 5, 1], "texture": "#1_0"},
				"west": {"uv": [2.5, 0.5, 3, 1], "texture": "#1_0"},
				"up": {"uv": [2.5, 0.5, 0.5, 0], "texture": "#1_0"},
				"down": {"uv": [4.5, 0, 2.5, 0.5], "texture": "#1_0"}
			}
		},
		{
			"name": "Halter2",
			"from": [7.5, 11, 6],
			"to": [8.5, 12, 10],
			"faces": {
				"north": {"uv": [2, 2, 2.5, 2.5], "texture": "#1_0"},
				"east": {"uv": [0, 2, 2, 2.5], "texture": "#1_0"},
				"south": {"uv": [4.5, 2, 5, 2.5], "texture": "#1_0"},
				"west": {"uv": [2.5, 2, 4.5, 2.5], "texture": "#1_0"},
				"up": {"uv": [2.5, 2, 2, 0], "texture": "#1_0"},
				"down": {"uv": [3, 0, 2.5, 2], "texture": "#1_0"}
			}
		}
	],
	"display": {
		"gui": {
			"rotation": [45, 45, 0],
			"translation": [-0.25, 1, 0]
		}
	},
	"groups": [0, 1, 2, 3, 4, 5,
		{
			"name": "nether_brick_fence_post",
			"origin": [8, 8, 8],
			"children": [6, 7, 8]
		}
	]
}