{"textures":{"0":"block/anvil","1":"block/coal_block","2":"block/dark_oak_planks","3":"block/gold_block","particle":"block/anvil"},"elements":[{"name":"octagon","from":[7.17157,4.15,19.75],"to":[8.82843,4.75,20.5],"faces":{"north":{"uv":[0,3,2,4],"texture":"#0"},"east":{"uv":[0,1,2,2],"texture":"#0"},"south":{"uv":[0,1,2,2],"texture":"#0"},"west":{"uv":[0,1,2,2],"texture":"#0"},"up":{"uv":[0,0,2,1],"texture":"#0"},"down":{"uv":[0,2,2,3],"texture":"#0"}}},{"name":"octagon","from":[7.17157,0.75,19.75],"to":[8.82843,1.35,20.5],"faces":{"north":{"uv":[0,3,2,4],"rotation":180,"texture":"#0"},"east":{"uv":[0,1,2,2],"rotation":180,"texture":"#0"},"south":{"uv":[0,1,2,2],"rotation":180,"texture":"#0"},"west":{"uv":[0,1,2,2],"rotation":180,"texture":"#0"},"up":{"uv":[0,2,2,3],"rotation":180,"texture":"#0"},"down":{"uv":[0,0,2,1],"rotation":180,"texture":"#0"}}},{"name":"octagon","from":[9.4,1.92157,19.75],"to":[10,3.57843,20.5],"faces":{"north":{"uv":[4,3,6,4],"rotation":270,"texture":"#0"},"east":{"uv":[4,0,6,1],"rotation":90,"texture":"#0"},"south":{"uv":[4,1,6,2],"rotation":90,"texture":"#0"},"west":{"uv":[4,2,6,3],"rotation":90,"texture":"#0"},"up":{"uv":[0,1,2,2],"rotation":90,"texture":"#0"},"down":{"uv":[0,1,2,2],"rotation":90,"texture":"#0"}}},{"name":"octagon","from":[6,1.92157,19.75],"to":[6.6,3.57843,20.5],"faces":{"north":{"uv":[4,3,6,4],"rotation":90,"texture":"#0"},"east":{"uv":[4,2,6,3],"rotation":270,"texture":"#0"},"south":{"uv":[4,1,6,2],"rotation":270,"texture":"#0"},"west":{"uv":[4,0,6,1],"rotation":270,"texture":"#0"},"up":{"uv":[0,1,2,2],"rotation":270,"texture":"#0"},"down":{"uv":[0,1,2,2],"rotation":270,"texture":"#0"}}},{"name":"octagon","from":[7.17157,4.15,19.751],"to":[8.82843,4.75,20.501],"rotation":{"angle":-45,"axis":"z","origin":[8,2.75,19.5]},"faces":{"north":{"uv":[2,3,4,4],"texture":"#0"},"east":{"uv":[0,1,2,2],"texture":"#0"},"south":{"uv":[2,1,4,2],"texture":"#0"},"west":{"uv":[0,1,2,2],"texture":"#0"},"up":{"uv":[2,0,4,1],"texture":"#0"},"down":{"uv":[3,2,5,3],"texture":"#0"}}},{"name":"octagon","from":[6,1.92157,19.751],"to":[6.6,3.57843,20.501],"rotation":{"angle":45,"axis":"z","origin":[8,2.75,19.5]},"faces":{"north":{"uv":[2,3,4,4],"rotation":90,"texture":"#0"},"east":{"uv":[3,2,5,3],"rotation":270,"texture":"#0"},"south":{"uv":[2,1,4,2],"rotation":270,"texture":"#0"},"west":{"uv":[2,0,4,1],"rotation":270,"texture":"#0"},"up":{"uv":[0,1,2,2],"rotation":270,"texture":"#0"},"down":{"uv":[0,1,2,2],"rotation":270,"texture":"#0"}}},{"name":"octagon","from":[9.4,1.92157,19.751],"to":[10,3.57843,20.501],"rotation":{"angle":-45,"axis":"z","origin":[8,2.75,19.5]},"faces":{"north":{"uv":[6,3,8,4],"rotation":270,"texture":"#0"},"east":{"uv":[6,0,8,1],"rotation":90,"texture":"#0"},"south":{"uv":[6,1,8,2],"rotation":90,"texture":"#0"},"west":{"uv":[6,2,8,3],"rotation":90,"texture":"#0"},"up":{"uv":[0,1,2,2],"rotation":90,"texture":"#0"},"down":{"uv":[0,1,2,2],"rotation":90,"texture":"#0"}}},{"name":"octagon","from":[7.17157,4.15,19.751],"to":[8.82843,4.75,20.501],"rotation":{"angle":45,"axis":"z","origin":[8,2.75,19.5]},"faces":{"north":{"uv":[6,3,8,4],"texture":"#0"},"east":{"uv":[0,1,2,2],"texture":"#0"},"south":{"uv":[6,1,8,2],"texture":"#0"},"west":{"uv":[0,1,2,2],"texture":"#0"},"up":{"uv":[6,0,8,1],"texture":"#0"},"down":{"uv":[6,2,8,3],"texture":"#0"}}},{"name":"octagon","from":[7.25442,4.01,18.75],"to":[8.74558,4.55,19.75],"rotation":{"angle":-22.5,"axis":"z","origin":[8,2.75,18.75]},"faces":{"north":{"uv":[0,3,2,4],"texture":"#0"},"east":{"uv":[0,1,2,2],"texture":"#0"},"south":{"uv":[0,1,2,2],"texture":"#0"},"west":{"uv":[0,1,2,2],"texture":"#0"},"up":{"uv":[0,0,2,2],"texture":"#0"},"down":{"uv":[0,2,2,3],"texture":"#0"}}},{"name":"octagon","from":[7.25442,0.95,18.75],"to":[8.74558,1.49,19.75],"rotation":{"angle":-22.5,"axis":"z","origin":[8,2.75,18.75]},"faces":{"north":{"uv":[0,3,2,4],"rotation":180,"texture":"#0"},"east":{"uv":[0,1,2,2],"rotation":180,"texture":"#0"},"south":{"uv":[0,1,2,2],"rotation":180,"texture":"#0"},"west":{"uv":[0,1,2,2],"rotation":180,"texture":"#0"},"up":{"uv":[0,2,2,3],"rotation":180,"texture":"#0"},"down":{"uv":[0,0,2,2],"rotation":180,"texture":"#0"}}},{"name":"octagon","from":[9.26,2.00442,18.75],"to":[9.8,3.49558,19.75],"rotation":{"angle":-22.5,"axis":"z","origin":[8,2.75,18.75]},"faces":{"north":{"uv":[4,3,6,4],"rotation":270,"texture":"#0"},"east":{"uv":[4,0,6,2],"rotation":90,"texture":"#0"},"south":{"uv":[4,1,6,2],"rotation":90,"texture":"#0"},"west":{"uv":[4,2,6,3],"rotation":90,"texture":"#0"},"up":{"uv":[0,1,2,2],"rotation":90,"texture":"#0"},"down":{"uv":[0,1,2,2],"rotation":90,"texture":"#0"}}},{"name":"octagon","from":[6.2,2.00442,18.75],"to":[6.74,3.49558,19.75],"rotation":{"angle":-22.5,"axis":"z","origin":[8,2.75,18.75]},"faces":{"north":{"uv":[4,3,6,4],"rotation":90,"texture":"#0"},"east":{"uv":[4,2,6,3],"rotation":270,"texture":"#0"},"south":{"uv":[4,1,6,2],"rotation":270,"texture":"#0"},"west":{"uv":[4,0,6,2],"rotation":270,"texture":"#0"},"up":{"uv":[0,1,2,2],"rotation":270,"texture":"#0"},"down":{"uv":[0,1,2,2],"rotation":270,"texture":"#0"}}},{"name":"octagon","from":[9.26,2.00442,18.751],"to":[9.8,3.49558,19.751],"rotation":{"angle":22.5,"axis":"z","origin":[8,2.75,18.75]},"faces":{"north":{"uv":[2,3,4,4],"rotation":270,"texture":"#0"},"east":{"uv":[2,0,4,2],"rotation":90,"texture":"#0"},"south":{"uv":[2,1,4,2],"rotation":90,"texture":"#0"},"west":{"uv":[3,2,5,3],"rotation":90,"texture":"#0"},"up":{"uv":[0,1,2,2],"rotation":90,"texture":"#0"},"down":{"uv":[0,1,2,2],"rotation":90,"texture":"#0"}}},{"name":"octagon","from":[6.2,2.00442,18.751],"to":[6.74,3.49558,19.751],"rotation":{"angle":22.5,"axis":"z","origin":[8,2.75,18.75]},"faces":{"north":{"uv":[2,3,4,4],"rotation":90,"texture":"#0"},"east":{"uv":[3,2,5,3],"rotation":270,"texture":"#0"},"south":{"uv":[2,1,4,2],"rotation":270,"texture":"#0"},"west":{"uv":[2,0,4,2],"rotation":270,"texture":"#0"},"up":{"uv":[0,1,2,2],"rotation":270,"texture":"#0"},"down":{"uv":[0,1,2,2],"rotation":270,"texture":"#0"}}},{"name":"octagon","from":[7.25442,0.95,18.751],"to":[8.74558,1.49,19.751],"rotation":{"angle":22.5,"axis":"z","origin":[8,2.75,18.75]},"faces":{"north":{"uv":[6,3,8,4],"rotation":180,"texture":"#0"},"east":{"uv":[0,1,2,2],"rotation":180,"texture":"#0"},"south":{"uv":[6,1,8,2],"rotation":180,"texture":"#0"},"west":{"uv":[0,1,2,2],"rotation":180,"texture":"#0"},"up":{"uv":[6,2,8,3],"rotation":180,"texture":"#0"},"down":{"uv":[6,0,8,2],"rotation":180,"texture":"#0"}}},{"name":"octagon","from":[7.25442,4.01,18.751],"to":[8.74558,4.55,19.751],"rotation":{"angle":22.5,"axis":"z","origin":[8,2.75,18.75]},"faces":{"north":{"uv":[6,3,8,4],"texture":"#0"},"east":{"uv":[0,1,2,2],"texture":"#0"},"south":{"uv":[6,1,8,2],"texture":"#0"},"west":{"uv":[0,1,2,2],"texture":"#0"},"up":{"uv":[6,0,8,2],"texture":"#0"},"down":{"uv":[6,2,8,3],"texture":"#0"}}},{"name":"octagon","from":[7.32897,3.884,5.25],"to":[8.67103,4.37,18.75],"faces":{"north":{"uv":[0,3,2,4],"texture":"#0"},"east":{"uv":[0,1,2,2],"texture":"#0"},"south":{"uv":[0,1,2,2],"texture":"#0"},"west":{"uv":[0,1,2,2],"texture":"#0"},"up":{"uv":[0,0,2,16],"texture":"#0"},"down":{"uv":[0,2,2,3],"texture":"#0"}}},{"name":"octagon","from":[7.32897,1.13,5.25],"to":[8.67103,1.616,18.75],"faces":{"north":{"uv":[0,3,2,4],"rotation":180,"texture":"#0"},"east":{"uv":[0,1,2,2],"rotation":180,"texture":"#0"},"south":{"uv":[0,1,2,2],"rotation":180,"texture":"#0"},"west":{"uv":[0,1,2,2],"rotation":180,"texture":"#0"},"up":{"uv":[0,2,2,3],"rotation":180,"texture":"#0"},"down":{"uv":[0,0,2,16],"rotation":180,"texture":"#0"}}},{"name":"octagon","from":[9.134,2.07897,5.25],"to":[9.62,3.42103,18.75],"faces":{"north":{"uv":[4,3,6,4],"rotation":270,"texture":"#0"},"east":{"uv":[4,0,6,16],"rotation":90,"texture":"#0"},"south":{"uv":[4,1,6,2],"rotation":90,"texture":"#0"},"west":{"uv":[4,2,6,3],"rotation":90,"texture":"#0"},"up":{"uv":[0,1,2,2],"rotation":90,"texture":"#0"},"down":{"uv":[0,1,2,2],"rotation":90,"texture":"#0"}}},{"name":"octagon","from":[6.38,2.07897,5.25],"to":[6.866,3.42103,18.75],"faces":{"north":{"uv":[4,3,6,4],"rotation":90,"texture":"#0"},"east":{"uv":[4,2,6,3],"rotation":270,"texture":"#0"},"south":{"uv":[4,1,6,2],"rotation":270,"texture":"#0"},"west":{"uv":[4,0,6,16],"rotation":270,"texture":"#0"},"up":{"uv":[0,1,2,2],"rotation":270,"texture":"#0"},"down":{"uv":[0,1,2,2],"rotation":270,"texture":"#0"}}},{"name":"octagon","from":[9.134,2.07897,5.251],"to":[9.62,3.42103,18.751],"rotation":{"angle":45,"axis":"z","origin":[8,2.75,17.75]},"faces":{"north":{"uv":[2,3,4,4],"rotation":270,"texture":"#0"},"east":{"uv":[2,0,4,16],"rotation":90,"texture":"#0"},"south":{"uv":[2,1,4,2],"rotation":90,"texture":"#0"},"west":{"uv":[3,2,5,3],"rotation":90,"texture":"#0"},"up":{"uv":[0,1,2,2],"rotation":90,"texture":"#0"},"down":{"uv":[0,1,2,2],"rotation":90,"texture":"#0"}}},{"name":"octagon","from":[6.38,2.07897,5.251],"to":[6.866,3.42103,18.751],"rotation":{"angle":45,"axis":"z","origin":[8,2.75,17.75]},"faces":{"north":{"uv":[2,3,4,4],"rotation":90,"texture":"#0"},"east":{"uv":[3,2,5,3],"rotation":270,"texture":"#0"},"south":{"uv":[2,1,4,2],"rotation":270,"texture":"#0"},"west":{"uv":[12,0,14,16],"rotation":270,"texture":"#0"},"up":{"uv":[0,1,2,2],"rotation":270,"texture":"#0"},"down":{"uv":[0,1,2,2],"rotation":270,"texture":"#0"}}},{"name":"octagon","from":[7.32897,1.13,5.251],"to":[8.67103,1.616,18.751],"rotation":{"angle":45,"axis":"z","origin":[8,2.75,17.75]},"faces":{"north":{"uv":[6,3,8,4],"rotation":180,"texture":"#0"},"east":{"uv":[0,1,2,2],"rotation":180,"texture":"#0"},"south":{"uv":[6,1,8,2],"rotation":180,"texture":"#0"},"west":{"uv":[0,1,2,2],"rotation":180,"texture":"#0"},"up":{"uv":[6,2,8,3],"rotation":180,"texture":"#0"},"down":{"uv":[6,0,8,16],"rotation":180,"texture":"#0"}}},{"name":"octagon","from":[7.32897,3.884,5.251],"to":[8.67103,4.37,18.751],"rotation":{"angle":45,"axis":"z","origin":[8,2.75,17.75]},"faces":{"north":{"uv":[6,3,8,4],"texture":"#0"},"east":{"uv":[0,1,2,2],"texture":"#0"},"south":{"uv":[6,1,8,2],"texture":"#0"},"west":{"uv":[0,1,2,2],"texture":"#0"},"up":{"uv":[6,0,8,16],"texture":"#0"},"down":{"uv":[6,2,8,3],"texture":"#0"}}},{"from":[7,1.25,19],"to":[9,1.75,19.25],"faces":{"north":{"uv":[0,0,3,3],"texture":"#1"},"east":{"uv":[0,0,0.5,3],"texture":"#1"},"south":{"uv":[4,11,10,12],"texture":"#1"},"west":{"uv":[0,0,0.5,3],"texture":"#1"},"up":{"uv":[0,0,3,0.5],"texture":"#1"},"down":{"uv":[0,0,3,0.5],"texture":"#1"}}},{"from":[6.5,1.75,19],"to":[9.5,3.75,19.25],"faces":{"north":{"uv":[0,0,3,3],"texture":"#1"},"east":{"uv":[0,0,0.5,3],"texture":"#1"},"south":{"uv":[0,0,9,6],"texture":"#1"},"west":{"uv":[0,0,0.5,3],"texture":"#1"},"up":{"uv":[0,0,3,0.5],"texture":"#1"},"down":{"uv":[0,0,3,0.5],"texture":"#1"}}},{"from":[7,3.75,19],"to":[9,4.25,19.25],"faces":{"north":{"uv":[0,0,3,3],"texture":"#1"},"east":{"uv":[0,0,0.5,3],"texture":"#1"},"south":{"uv":[2,3,8,4],"texture":"#1"},"west":{"uv":[0,0,0.5,3],"texture":"#1"},"up":{"uv":[0,0,3,0.5],"texture":"#1"},"down":{"uv":[0,0,3,0.5],"texture":"#1"}}},{"name":"octagon","from":[7.66863,0.81,16.25],"to":[8.33137,1.05,17],"rotation":{"angle":-22.5,"axis":"z","origin":[8,0.25,16]},"faces":{"north":{"uv":[0,3,2,4],"texture":"#0"},"east":{"uv":[0,1,2,2],"texture":"#0"},"south":{"uv":[0,1,2,2],"texture":"#0"},"west":{"uv":[0,1,2,2],"texture":"#0"},"up":{"uv":[0,0,2,1],"texture":"#0"},"down":{"uv":[0,2,2,3],"texture":"#0"}}},{"name":"octagon","from":[7.66863,-0.55,16.25],"to":[8.33137,-0.31,17],"rotation":{"angle":-22.5,"axis":"z","origin":[8,0.25,16]},"faces":{"north":{"uv":[0,3,2,4],"rotation":180,"texture":"#0"},"east":{"uv":[0,1,2,2],"rotation":180,"texture":"#0"},"south":{"uv":[0,1,2,2],"rotation":180,"texture":"#0"},"west":{"uv":[0,1,2,2],"rotation":180,"texture":"#0"},"up":{"uv":[0,2,2,3],"rotation":180,"texture":"#0"},"down":{"uv":[0,0,2,1],"rotation":180,"texture":"#0"}}},{"name":"octagon","from":[8.56,-0.08137,16.25],"to":[8.8,0.58137,17],"rotation":{"angle":-22.5,"axis":"z","origin":[8,0.25,16]},"faces":{"north":{"uv":[4,3,6,4],"rotation":270,"texture":"#0"},"east":{"uv":[4,0,6,1],"rotation":90,"texture":"#0"},"south":{"uv":[4,1,6,2],"rotation":90,"texture":"#0"},"west":{"uv":[4,2,6,3],"rotation":90,"texture":"#0"},"up":{"uv":[0,1,2,2],"rotation":90,"texture":"#0"},"down":{"uv":[0,1,2,2],"rotation":90,"texture":"#0"}}},{"name":"octagon","from":[7.2,-0.08137,16.25],"to":[7.44,0.58137,17],"rotation":{"angle":-22.5,"axis":"z","origin":[8,0.25,16]},"faces":{"north":{"uv":[4,3,6,4],"rotation":90,"texture":"#0"},"east":{"uv":[4,2,6,3],"rotation":270,"texture":"#0"},"south":{"uv":[4,1,6,2],"rotation":270,"texture":"#0"},"west":{"uv":[4,0,6,1],"rotation":270,"texture":"#0"},"up":{"uv":[0,1,2,2],"rotation":270,"texture":"#0"},"down":{"uv":[0,1,2,2],"rotation":270,"texture":"#0"}}},{"name":"octagon","from":[8.56,-0.08137,16.251],"to":[8.8,0.58137,17.001],"rotation":{"angle":22.5,"axis":"z","origin":[8,0.25,16]},"faces":{"north":{"uv":[2,3,4,4],"rotation":270,"texture":"#0"},"east":{"uv":[2,0,4,1],"rotation":90,"texture":"#0"},"south":{"uv":[2,1,4,2],"rotation":90,"texture":"#0"},"west":{"uv":[3,2,5,3],"rotation":90,"texture":"#0"},"up":{"uv":[0,1,2,2],"rotation":90,"texture":"#0"},"down":{"uv":[0,1,2,2],"rotation":90,"texture":"#0"}}},{"name":"octagon","from":[7.2,-0.08137,16.251],"to":[7.44,0.58137,17.001],"rotation":{"angle":22.5,"axis":"z","origin":[8,0.25,16]},"faces":{"north":{"uv":[2,3,4,4],"rotation":90,"texture":"#0"},"east":{"uv":[3,2,5,3],"rotation":270,"texture":"#0"},"south":{"uv":[2,1,4,2],"rotation":270,"texture":"#0"},"west":{"uv":[2,0,4,1],"rotation":270,"texture":"#0"},"up":{"uv":[0,1,2,2],"rotation":270,"texture":"#0"},"down":{"uv":[0,1,2,2],"rotation":270,"texture":"#0"}}},{"name":"octagon","from":[7.66863,-0.55,16.251],"to":[8.33137,-0.31,17.001],"rotation":{"angle":22.5,"axis":"z","origin":[8,0.25,16]},"faces":{"north":{"uv":[6,3,8,4],"rotation":180,"texture":"#0"},"east":{"uv":[0,1,2,2],"rotation":180,"texture":"#0"},"south":{"uv":[6,1,8,2],"rotation":180,"texture":"#0"},"west":{"uv":[0,1,2,2],"rotation":180,"texture":"#0"},"up":{"uv":[6,2,8,3],"rotation":180,"texture":"#0"},"down":{"uv":[6,0,8,1],"rotation":180,"texture":"#0"}}},{"name":"octagon","from":[7.66863,0.81,16.251],"to":[8.33137,1.05,17.001],"rotation":{"angle":22.5,"axis":"z","origin":[8,0.25,16]},"faces":{"north":{"uv":[6,3,8,4],"texture":"#0"},"east":{"uv":[0,1,2,2],"texture":"#0"},"south":{"uv":[6,1,8,2],"texture":"#0"},"west":{"uv":[0,1,2,2],"texture":"#0"},"up":{"uv":[6,0,8,1],"texture":"#0"},"down":{"uv":[6,2,8,3],"texture":"#0"}}},{"name":"octagon","from":[7.70177,0.754,15.25],"to":[8.29823,0.97,16.25],"rotation":{"angle":-45,"axis":"z","origin":[8,0.25,15.25]},"faces":{"north":{"uv":[0,3,2,4],"texture":"#0"},"east":{"uv":[0,1,2,2],"texture":"#0"},"south":{"uv":[0,1,2,2],"texture":"#0"},"west":{"uv":[0,1,2,2],"texture":"#0"},"up":{"uv":[0,0,2,2],"texture":"#0"},"down":{"uv":[0,2,2,3],"texture":"#0"}}},{"name":"octagon","from":[7.70177,-0.47,15.25],"to":[8.29823,-0.254,16.25],"rotation":{"angle":-45,"axis":"z","origin":[8,0.25,15.25]},"faces":{"north":{"uv":[0,3,2,4],"rotation":180,"texture":"#0"},"east":{"uv":[0,1,2,2],"rotation":180,"texture":"#0"},"south":{"uv":[0,1,2,2],"rotation":180,"texture":"#0"},"west":{"uv":[0,1,2,2],"rotation":180,"texture":"#0"},"up":{"uv":[0,2,2,3],"rotation":180,"texture":"#0"},"down":{"uv":[0,0,2,2],"rotation":180,"texture":"#0"}}},{"name":"octagon","from":[8.504,-0.04823,15.25],"to":[8.72,0.54823,16.25],"rotation":{"angle":-45,"axis":"z","origin":[8,0.25,15.25]},"faces":{"north":{"uv":[4,3,6,4],"rotation":270,"texture":"#0"},"east":{"uv":[4,0,6,2],"rotation":90,"texture":"#0"},"south":{"uv":[4,1,6,2],"rotation":90,"texture":"#0"},"west":{"uv":[4,2,6,3],"rotation":90,"texture":"#0"},"up":{"uv":[0,1,2,2],"rotation":90,"texture":"#0"},"down":{"uv":[0,1,2,2],"rotation":90,"texture":"#0"}}},{"name":"octagon","from":[7.28,-0.04823,15.25],"to":[7.496,0.54823,16.25],"rotation":{"angle":-45,"axis":"z","origin":[8,0.25,15.25]},"faces":{"north":{"uv":[4,3,6,4],"rotation":90,"texture":"#0"},"east":{"uv":[4,2,6,3],"rotation":270,"texture":"#0"},"south":{"uv":[4,1,6,2],"rotation":270,"texture":"#0"},"west":{"uv":[4,0,6,2],"rotation":270,"texture":"#0"},"up":{"uv":[0,1,2,2],"rotation":270,"texture":"#0"},"down":{"uv":[0,1,2,2],"rotation":270,"texture":"#0"}}},{"name":"octagon","from":[8.504,-0.04823,15.251],"to":[8.72,0.54823,16.251],"faces":{"north":{"uv":[2,3,4,4],"rotation":270,"texture":"#0"},"east":{"uv":[2,0,4,2],"rotation":90,"texture":"#0"},"south":{"uv":[2,1,4,2],"rotation":90,"texture":"#0"},"west":{"uv":[3,2,5,3],"rotation":90,"texture":"#0"},"up":{"uv":[0,1,2,2],"rotation":90,"texture":"#0"},"down":{"uv":[0,1,2,2],"rotation":90,"texture":"#0"}}},{"name":"octagon","from":[7.28,-0.04823,15.251],"to":[7.496,0.54823,16.251],"faces":{"north":{"uv":[2,3,4,4],"rotation":90,"texture":"#0"},"east":{"uv":[3,2,5,3],"rotation":270,"texture":"#0"},"south":{"uv":[2,1,4,2],"rotation":270,"texture":"#0"},"west":{"uv":[2,0,4,2],"rotation":270,"texture":"#0"},"up":{"uv":[0,1,2,2],"rotation":270,"texture":"#0"},"down":{"uv":[0,1,2,2],"rotation":270,"texture":"#0"}}},{"name":"octagon","from":[7.70177,-0.47,15.251],"to":[8.29823,-0.254,16.251],"faces":{"north":{"uv":[6,3,8,4],"rotation":180,"texture":"#0"},"east":{"uv":[0,1,2,2],"rotation":180,"texture":"#0"},"south":{"uv":[6,1,8,2],"rotation":180,"texture":"#0"},"west":{"uv":[0,1,2,2],"rotation":180,"texture":"#0"},"up":{"uv":[6,2,8,3],"rotation":180,"texture":"#0"},"down":{"uv":[6,0,8,2],"rotation":180,"texture":"#0"}}},{"name":"octagon","from":[7.70177,0.754,15.251],"to":[8.29823,0.97,16.251],"faces":{"north":{"uv":[6,3,8,4],"texture":"#0"},"east":{"uv":[0,1,2,2],"texture":"#0"},"south":{"uv":[6,1,8,2],"texture":"#0"},"west":{"uv":[0,1,2,2],"texture":"#0"},"up":{"uv":[6,0,8,2],"texture":"#0"},"down":{"uv":[6,2,8,3],"texture":"#0"}}},{"name":"octagon","from":[7.73159,0.7036,1.75],"to":[8.26841,0.898,15.25],"rotation":{"angle":-22.5,"axis":"z","origin":[8,0.25,14.25]},"faces":{"north":{"uv":[0,3,2,4],"texture":"#0"},"east":{"uv":[0,1,2,2],"texture":"#0"},"south":{"uv":[0,1,2,2],"texture":"#0"},"west":{"uv":[0,1,2,2],"texture":"#0"},"up":{"uv":[0,0,2,16],"texture":"#0"},"down":{"uv":[0,2,2,3],"texture":"#0"}}},{"name":"octagon","from":[7.73159,-0.398,1.75],"to":[8.26841,-0.2036,15.25],"rotation":{"angle":-22.5,"axis":"z","origin":[8,0.25,14.25]},"faces":{"north":{"uv":[0,3,2,4],"rotation":180,"texture":"#0"},"east":{"uv":[0,1,2,2],"rotation":180,"texture":"#0"},"south":{"uv":[0,1,2,2],"rotation":180,"texture":"#0"},"west":{"uv":[0,1,2,2],"rotation":180,"texture":"#0"},"up":{"uv":[0,2,2,3],"rotation":180,"texture":"#0"},"down":{"uv":[0,0,2,16],"rotation":180,"texture":"#0"}}},{"name":"octagon","from":[8.4536,-0.01841,1.75],"to":[8.648,0.51841,15.25],"rotation":{"angle":-22.5,"axis":"z","origin":[8,0.25,14.25]},"faces":{"north":{"uv":[4,3,6,4],"rotation":270,"texture":"#0"},"east":{"uv":[4,0,6,16],"rotation":90,"texture":"#0"},"south":{"uv":[4,1,6,2],"rotation":90,"texture":"#0"},"west":{"uv":[4,2,6,3],"rotation":90,"texture":"#0"},"up":{"uv":[0,1,2,2],"rotation":90,"texture":"#0"},"down":{"uv":[0,1,2,2],"rotation":90,"texture":"#0"}}},{"name":"octagon","from":[7.352,-0.01841,1.75],"to":[7.5464,0.51841,15.25],"rotation":{"angle":-22.5,"axis":"z","origin":[8,0.25,14.25]},"faces":{"north":{"uv":[4,3,6,4],"rotation":90,"texture":"#0"},"east":{"uv":[4,2,6,3],"rotation":270,"texture":"#0"},"south":{"uv":[4,1,6,2],"rotation":270,"texture":"#0"},"west":{"uv":[4,0,6,16],"rotation":270,"texture":"#0"},"up":{"uv":[0,1,2,2],"rotation":270,"texture":"#0"},"down":{"uv":[0,1,2,2],"rotation":270,"texture":"#0"}}},{"name":"octagon","from":[8.4536,-0.01841,1.751],"to":[8.648,0.51841,15.251],"rotation":{"angle":22.5,"axis":"z","origin":[8,0.25,14.25]},"faces":{"north":{"uv":[2,3,4,4],"rotation":270,"texture":"#0"},"east":{"uv":[2,0,4,16],"rotation":90,"texture":"#0"},"south":{"uv":[2,1,4,2],"rotation":90,"texture":"#0"},"west":{"uv":[3,2,5,3],"rotation":90,"texture":"#0"},"up":{"uv":[0,1,2,2],"rotation":90,"texture":"#0"},"down":{"uv":[0,1,2,2],"rotation":90,"texture":"#0"}}},{"name":"octagon","from":[7.352,-0.01841,1.751],"to":[7.5464,0.51841,15.251],"rotation":{"angle":22.5,"axis":"z","origin":[8,0.25,14.25]},"faces":{"north":{"uv":[2,3,4,4],"rotation":90,"texture":"#0"},"east":{"uv":[3,2,5,3],"rotation":270,"texture":"#0"},"south":{"uv":[2,1,4,2],"rotation":270,"texture":"#0"},"west":{"uv":[12,0,14,16],"rotation":270,"texture":"#0"},"up":{"uv":[0,1,2,2],"rotation":270,"texture":"#0"},"down":{"uv":[0,1,2,2],"rotation":270,"texture":"#0"}}},{"name":"octagon","from":[7.73159,-0.398,1.751],"to":[8.26841,-0.2036,15.251],"rotation":{"angle":22.5,"axis":"z","origin":[8,0.25,14.25]},"faces":{"north":{"uv":[6,3,8,4],"rotation":180,"texture":"#0"},"east":{"uv":[0,1,2,2],"rotation":180,"texture":"#0"},"south":{"uv":[6,1,8,2],"rotation":180,"texture":"#0"},"west":{"uv":[0,1,2,2],"rotation":180,"texture":"#0"},"up":{"uv":[6,2,8,3],"rotation":180,"texture":"#0"},"down":{"uv":[6,0,8,16],"rotation":180,"texture":"#0"}}},{"name":"octagon","from":[7.73159,0.7036,1.751],"to":[8.26841,0.898,15.251],"rotation":{"angle":22.5,"axis":"z","origin":[8,0.25,14.25]},"faces":{"north":{"uv":[6,3,8,4],"texture":"#0"},"east":{"uv":[0,1,2,2],"texture":"#0"},"south":{"uv":[6,1,8,2],"texture":"#0"},"west":{"uv":[0,1,2,2],"texture":"#0"},"up":{"uv":[6,0,8,16],"texture":"#0"},"down":{"uv":[6,2,8,3],"texture":"#0"}}},{"from":[7.6,-0.35,15.75],"to":[8.4,-0.15,16],"faces":{"north":{"uv":[0,0,3,3],"texture":"#1"},"east":{"uv":[0,0,0.5,3],"texture":"#1"},"south":{"uv":[4,11,10,12],"texture":"#1"},"west":{"uv":[0,0,0.5,3],"texture":"#1"},"up":{"uv":[0,0,3,0.5],"texture":"#1"},"down":{"uv":[0,0,3,0.5],"texture":"#1"}}},{"from":[7.4,-0.15,15.75],"to":[8.6,0.65,16],"faces":{"north":{"uv":[0,0,3,3],"texture":"#1"},"east":{"uv":[0,0,0.5,3],"texture":"#1"},"south":{"uv":[0,0,9,6],"texture":"#1"},"west":{"uv":[0,0,0.5,3],"texture":"#1"},"up":{"uv":[0,0,3,0.5],"texture":"#1"},"down":{"uv":[0,0,3,0.5],"texture":"#1"}}},{"from":[7.6,0.65,15.75],"to":[8.4,0.85,16],"faces":{"north":{"uv":[0,0,3,3],"texture":"#1"},"east":{"uv":[0,0,0.5,3],"texture":"#1"},"south":{"uv":[2,3,8,4],"texture":"#1"},"west":{"uv":[0,0,0.5,3],"texture":"#1"},"up":{"uv":[0,0,3,0.5],"texture":"#1"},"down":{"uv":[0,0,3,0.5],"texture":"#1"}}},{"name":"octagon","from":[7.42304,3.82,1.5],"to":[8.57696,4.6,5.5],"faces":{"north":{"uv":[5,0,6.999,2],"rotation":90,"texture":"#2"},"east":{"uv":[4,0,9,2],"rotation":90,"texture":"#2"},"south":{"uv":[4,0,4.999,2],"rotation":90,"texture":"#2"},"west":{"uv":[4,0,9,2],"rotation":90,"texture":"#2"},"up":{"uv":[4,0,9,2],"rotation":90,"texture":"#2"},"down":{"uv":[4,0,9,2],"rotation":90,"texture":"#2"}}},{"name":"octagon","from":[7.42304,-0.6,1.5],"to":[8.57696,0.18,5.5],"faces":{"north":{"uv":[6.999,0,5,2],"rotation":90,"texture":"#2"},"east":{"uv":[9,0,4,2],"rotation":90,"texture":"#2"},"south":{"uv":[4.999,0,4,2],"rotation":90,"texture":"#2"},"west":{"uv":[9,0,4,2],"rotation":90,"texture":"#2"},"up":{"uv":[9,0,4,2],"rotation":90,"texture":"#2"},"down":{"uv":[9,0,4,2],"rotation":90,"texture":"#2"}}},{"name":"octagon","from":[9.32,0.92304,1.51],"to":[10.1,3.07696,5.51],"rotation":{"angle":45,"axis":"z","origin":[7.5,2,4.5]},"faces":{"north":{"uv":[0,0,2,3],"texture":"#2"},"east":{"uv":[0,0,5,3],"texture":"#2"},"south":{"uv":[0,0,2,3],"texture":"#2"},"west":{"uv":[0,0,5,3],"texture":"#2"},"up":{"uv":[0,0,5,3],"texture":"#2"},"down":{"uv":[0,0,5,3],"texture":"#2"}}},{"name":"octagon","from":[9.07,0.92304,1.51],"to":[10.1,3.07696,5.51],"rotation":{"angle":-45,"axis":"z","origin":[7.5,2,4.5]},"faces":{"north":{"uv":[0,3,2,0],"texture":"#2"},"east":{"uv":[11,7,16,4],"texture":"#2"},"south":{"uv":[0,3,2,0],"texture":"#2"},"west":{"uv":[0,3,5,0],"texture":"#2"},"up":{"uv":[0,3,5,0],"texture":"#2"},"down":{"uv":[0,3,5,0],"texture":"#2"}}},{"name":"octagon","from":[5.9,0.92304,1.51],"to":[6.68,3.07696,5.51],"rotation":{"angle":-45,"axis":"z","origin":[8.5,2,4.5]},"faces":{"north":{"uv":[2,0,0,3],"texture":"#2"},"east":{"uv":[5,0,0,3],"texture":"#2"},"south":{"uv":[2,0,0,3],"texture":"#2"},"west":{"uv":[5,0,0,3],"texture":"#2"},"up":{"uv":[5,0,0,3],"texture":"#2"},"down":{"uv":[5,0,0,3],"texture":"#2"}}},{"name":"octagon","from":[5.9,0.92304,1.51],"to":[6.93,3.07696,5.51],"rotation":{"angle":45,"axis":"z","origin":[8.5,2,4.5]},"faces":{"north":{"uv":[2,3,0,0],"texture":"#2"},"east":{"uv":[5,3,0,0],"texture":"#2"},"south":{"uv":[2,3,0,0],"texture":"#2"},"west":{"uv":[14,3,9,0],"texture":"#2"},"up":{"uv":[5,3,0,0],"texture":"#2"},"down":{"uv":[5,3,0,0],"texture":"#2"}}},{"name":"octagon","from":[9.32,0.92304,1.5],"to":[10.1,3.07696,5.5],"faces":{"north":{"uv":[3,4,4.999,7],"texture":"#2"},"east":{"uv":[11,0,16,3],"texture":"#2"},"south":{"uv":[0,4,1.999,7],"texture":"#2"},"west":{"uv":[0,4,5,7],"texture":"#2"},"up":{"uv":[0,4,5,7],"texture":"#2"},"down":{"uv":[0,4,5,7],"texture":"#2"}}},{"name":"octagon","from":[5.9,0.92304,1.5],"to":[6.68,3.07696,5.5],"faces":{"north":{"uv":[4.999,4,3,7],"texture":"#2"},"east":{"uv":[5,4,0,7],"texture":"#2"},"south":{"uv":[1.999,4,0,7],"texture":"#2"},"west":{"uv":[15,12,10,15],"texture":"#2"},"up":{"uv":[5,4,0,7],"texture":"#2"},"down":{"uv":[5,4,0,7],"texture":"#2"}}},{"name":"octagon","from":[7.20471,0.87571,5.5],"to":[8.79529,1.45171,14.25],"rotation":{"angle":45,"axis":"z","origin":[8,2.79571,13.25]},"faces":{"north":{"uv":[0,0,0.5,0.5],"texture":"#2"},"east":{"uv":[0,0,0.5,0.5],"texture":"#2"},"south":{"uv":[0,0,0.5,0.5],"texture":"#2"},"west":{"uv":[0,0,0.5,0.5],"texture":"#2"},"up":{"uv":[0,0,0.5,0.5],"texture":"#2"},"down":{"uv":[0,4,16,7],"rotation":270,"texture":"#2"}}},{"name":"octagon","from":[7.20471,0.87571,5.5],"to":[8.79529,1.45171,14.25],"faces":{"north":{"uv":[0,0,0.5,0.5],"texture":"#2"},"east":{"uv":[0,0,0.5,0.5],"texture":"#2"},"south":{"uv":[0,0,0.5,0.5],"texture":"#2"},"west":{"uv":[0,0,0.5,0.5],"texture":"#2"},"up":{"uv":[0,0,0.5,0.5],"texture":"#2"},"down":{"uv":[0,4,16,7],"rotation":90,"texture":"#2"}}},{"name":"octagon","from":[6.75623,3.22472,5.49872],"to":[7.86681,3.80072,14.24872],"rotation":{"angle":22.5,"axis":"z","origin":[7.55152,1.88072,13.24872]},"faces":{"north":{"uv":[0,0,0.5,0.5],"texture":"#2"},"east":{"uv":[0,0,0.5,0.5],"texture":"#2"},"south":{"uv":[0,0,0.5,0.5],"texture":"#2"},"west":{"uv":[0,0,0.5,0.5],"texture":"#2"},"up":{"uv":[0,0,16,4],"rotation":270,"texture":"#2"},"down":{"uv":[0,0,0.5,0.5],"texture":"#2"}}},{"name":"octagon","from":[7.65319,3.22472,5.49872],"to":[9.24377,3.80072,14.24872],"rotation":{"angle":-22.5,"axis":"z","origin":[8.44848,1.88072,13.24872]},"faces":{"north":{"uv":[0.5,0,0,0.5],"texture":"#2"},"east":{"uv":[0.5,0,0,0.5],"texture":"#2"},"south":{"uv":[0.5,0,0,0.5],"texture":"#2"},"west":{"uv":[0.5,0,0,0.5],"texture":"#2"},"up":{"uv":[0,5,16,9],"rotation":90,"texture":"#2"},"down":{"uv":[0.5,0,0,0.5],"texture":"#2"}}},{"name":"octagon","from":[6.08,2.00042,5.5],"to":[6.656,3.591,14.25],"rotation":{"angle":45,"axis":"z","origin":[8,2.79571,13.25]},"faces":{"north":{"uv":[0,0,0.5,0.5],"texture":"#2"},"east":{"uv":[0,0,0.5,0.5],"texture":"#2"},"south":{"uv":[0,0,0.5,0.5],"texture":"#2"},"west":{"uv":[0,12,16,15],"texture":"#2"},"up":{"uv":[0,0,0.5,0.5],"texture":"#2"},"down":{"uv":[0,0,0.5,0.5],"texture":"#2"}}},{"name":"octagon","from":[6.08,2.00042,5.5],"to":[6.656,3.351,14.25],"faces":{"north":{"uv":[0,0,0.5,0.5],"texture":"#2"},"east":{"uv":[0,0,0.5,0.5],"texture":"#2"},"south":{"uv":[0,0,0.5,0.5],"texture":"#2"},"west":{"uv":[0,0,16,3],"rotation":180,"texture":"#2"},"up":{"uv":[0,0,0.5,0.5],"texture":"#2"},"down":{"uv":[0,0,0.5,0.5],"texture":"#2"}}},{"name":"octagon","from":[9.344,2.00042,5.5],"to":[9.92,3.351,14.25],"faces":{"north":{"uv":[0,0,0.5,0.5],"texture":"#2"},"east":{"uv":[0,0,16,3],"texture":"#2"},"south":{"uv":[0,0,0.5,0.5],"texture":"#2"},"west":{"uv":[0,0,0.5,0.5],"texture":"#2"},"up":{"uv":[0,0,0.5,0.5],"texture":"#2"},"down":{"uv":[0,0,0.5,0.5],"texture":"#2"}}},{"name":"octagon","from":[7.17157,0.75,14.25],"to":[8.82843,1.35,15.5],"rotation":{"angle":45,"axis":"z","origin":[8,2.75,14.5]},"faces":{"north":{"uv":[0,0,0.5,0.5],"texture":"#3"},"east":{"uv":[0,0,0.5,0.5],"texture":"#3"},"south":{"uv":[0,0,0.5,0.5],"texture":"#3"},"west":{"uv":[0,0,0.5,0.5],"texture":"#3"},"up":{"uv":[0,0,0.5,0.5],"texture":"#3"},"down":{"uv":[9,0,12,2],"texture":"#3"}}},{"name":"octagon","from":[7.17157,0.75,14.25],"to":[8.82843,1.35,15.5],"faces":{"north":{"uv":[0,0,0.5,0.5],"texture":"#3"},"east":{"uv":[0,0,0.5,0.5],"texture":"#3"},"south":{"uv":[0,0,0.5,0.5],"texture":"#3"},"west":{"uv":[0,0,0.5,0.5],"texture":"#3"},"up":{"uv":[0,0,0.5,0.5],"texture":"#3"},"down":{"uv":[5,0,8,2],"texture":"#3"}}},{"name":"octagon","from":[6.70441,3.19688,14.24872],"to":[7.86126,3.79688,15.49872],"rotation":{"angle":22.5,"axis":"z","origin":[7.53283,1.79688,14.49872]},"faces":{"north":{"uv":[0,0,0.5,0.5],"texture":"#3"},"east":{"uv":[0,0,0.5,0.5],"texture":"#3"},"south":{"uv":[0,0,0.5,0.5],"texture":"#3"},"west":{"uv":[0,0,0.5,0.5],"texture":"#3"},"up":{"uv":[0,0,16,1],"texture":"#3"},"down":{"uv":[0,0,0.5,0.5],"texture":"#3"}}},{"name":"octagon","from":[7.63874,3.19688,14.24872],"to":[9.29559,3.79688,15.49872],"rotation":{"angle":-22.5,"axis":"z","origin":[8.46717,1.79688,14.49872]},"faces":{"north":{"uv":[0.5,0,0,0.5],"texture":"#3"},"east":{"uv":[0.5,0,0,0.5],"texture":"#3"},"south":{"uv":[0.5,0,0,0.5],"texture":"#3"},"west":{"uv":[0.5,0,0,0.5],"texture":"#3"},"up":{"uv":[0,0,16,1],"rotation":180,"texture":"#3"},"down":{"uv":[0.5,0,0,0.5],"texture":"#3"}}},{"name":"octagon","from":[6,1.92157,14.25],"to":[6.6,3.57843,15.5],"rotation":{"angle":45,"axis":"z","origin":[8,2.75,14.5]},"faces":{"north":{"uv":[0,0,0.5,0.5],"texture":"#3"},"east":{"uv":[0,0,0.5,0.5],"texture":"#3"},"south":{"uv":[0,0,0.5,0.5],"texture":"#3"},"west":{"uv":[2,0,5,2],"rotation":90,"texture":"#3"},"up":{"uv":[0,0,0.5,0.5],"texture":"#3"},"down":{"uv":[0,0,0.5,0.5],"texture":"#3"}}},{"name":"octagon","from":[6,1.92157,14.25],"to":[6.6,3.32843,15.5],"faces":{"north":{"uv":[0,0,0.5,0.5],"texture":"#3"},"east":{"uv":[0,0,0.5,0.5],"texture":"#3"},"south":{"uv":[0,0,0.5,0.5],"texture":"#3"},"west":{"uv":[0,0,2,2],"rotation":90,"texture":"#3"},"up":{"uv":[0,0,0.5,0.5],"texture":"#3"},"down":{"uv":[0,0,0.5,0.5],"texture":"#3"}}},{"name":"octagon","from":[9.4,1.92157,14.25],"to":[10,3.32843,15.5],"faces":{"north":{"uv":[0,0,0.5,0.5],"texture":"#3"},"east":{"uv":[14,0,16,2],"rotation":270,"texture":"#3"},"south":{"uv":[0,0,0.5,0.5],"texture":"#3"},"west":{"uv":[0,0,0.5,0.5],"texture":"#3"},"up":{"uv":[0,0,0.5,0.5],"texture":"#3"},"down":{"uv":[0,0,0.5,0.5],"texture":"#3"}}},{"name":"octagon","from":[7.64212,-0.46787,5.375],"to":[8.35788,-0.20867,11.0625],"rotation":{"angle":45,"axis":"z","origin":[8,0.39613,10.6125]},"faces":{"north":{"uv":[0,0,0.5,0.5],"texture":"#2"},"east":{"uv":[0,0,0.5,0.5],"texture":"#2"},"south":{"uv":[0,0,0.5,0.5],"texture":"#2"},"west":{"uv":[0,0,0.5,0.5],"texture":"#2"},"up":{"uv":[0,0,0.5,0.5],"texture":"#2"},"down":{"uv":[0,4,10,6],"rotation":270,"texture":"#2"}}},{"name":"octagon","from":[7.64212,-0.46787,5.375],"to":[8.35788,-0.20867,11.0625],"faces":{"north":{"uv":[0,0,0.5,0.5],"texture":"#2"},"east":{"uv":[0,0,0.5,0.5],"texture":"#2"},"south":{"uv":[0,0,0.5,0.5],"texture":"#2"},"west":{"uv":[0,0,0.5,0.5],"texture":"#2"},"up":{"uv":[0,0,0.5,0.5],"texture":"#2"},"down":{"uv":[0,4,10,6],"rotation":90,"texture":"#2"}}},{"name":"octagon","from":[7.136,0.03825,5.375],"to":[7.3952,0.75401,11.0625],"rotation":{"angle":45,"axis":"z","origin":[8,0.39613,10.6125]},"faces":{"north":{"uv":[0,0,0.5,0.5],"texture":"#2"},"east":{"uv":[0,0,0.5,0.5],"texture":"#2"},"south":{"uv":[0,0,0.5,0.5],"texture":"#2"},"west":{"uv":[0,12,10,14],"texture":"#2"},"up":{"uv":[0,0,0.5,0.5],"texture":"#2"},"down":{"uv":[0,0,0.5,0.5],"texture":"#2"}}},{"name":"octagon","from":[7.136,0.03825,5.375],"to":[7.6452,1.14601,11.0625],"faces":{"north":{"uv":[0,0,0.5,0.5],"texture":"#2"},"east":{"uv":[0,0,0.5,0.5],"texture":"#2"},"south":{"uv":[0,0,0.5,0.5],"texture":"#2"},"west":{"uv":[0,0,10,2],"rotation":180,"texture":"#2"},"up":{"uv":[0,0,0.5,0.5],"texture":"#2"},"down":{"uv":[0,0,0.5,0.5],"texture":"#2"}}},{"name":"octagon","from":[8.3548,0.03825,5.375],"to":[8.864,1.14601,11.0625],"faces":{"north":{"uv":[0,0,0.5,0.5],"texture":"#2"},"east":{"uv":[0,0,10,2],"texture":"#2"},"south":{"uv":[0,0,0.5,0.5],"texture":"#2"},"west":{"uv":[0,0,0.5,0.5],"texture":"#2"},"up":{"uv":[0,0,0.5,0.5],"texture":"#2"},"down":{"uv":[0,0,0.5,0.5],"texture":"#2"}}},{"name":"octagon","from":[7.62721,-0.52444,11.0625],"to":[8.37279,-0.25444,11.625],"rotation":{"angle":45,"axis":"z","origin":[8,0.37556,11.175]},"faces":{"north":{"uv":[0,0,0.5,0.5],"texture":"#3"},"east":{"uv":[0,0,0.5,0.5],"texture":"#3"},"south":{"uv":[0,0,0.5,0.5],"texture":"#3"},"west":{"uv":[0,0,0.5,0.5],"texture":"#3"},"up":{"uv":[0,0,0.5,0.5],"texture":"#3"},"down":{"uv":[9,0,12,2],"texture":"#3"}}},{"name":"octagon","from":[7.62721,-0.52444,11.0625],"to":[8.37279,-0.25444,11.625],"faces":{"north":{"uv":[0,0,0.5,0.5],"texture":"#3"},"east":{"uv":[0,0,0.5,0.5],"texture":"#3"},"south":{"uv":[0,0,0.5,0.5],"texture":"#3"},"west":{"uv":[0,0,0.5,0.5],"texture":"#3"},"up":{"uv":[0,0,0.5,0.5],"texture":"#3"},"down":{"uv":[5,0,8,2],"texture":"#3"}}},{"name":"octagon","from":[7.41698,0.57665,11.06192],"to":[7.93757,0.84665,11.62442],"rotation":{"angle":22.5,"axis":"z","origin":[7.78978,-0.05335,11.17442]},"faces":{"north":{"uv":[0,0,0.5,0.5],"texture":"#3"},"east":{"uv":[0,0,0.5,0.5],"texture":"#3"},"south":{"uv":[0,0,0.5,0.5],"texture":"#3"},"west":{"uv":[0,0,0.5,0.5],"texture":"#3"},"up":{"uv":[0,0,16,1],"texture":"#3"},"down":{"uv":[0,0,0.5,0.5],"texture":"#3"}}},{"name":"octagon","from":[7.83743,0.57665,11.06192],"to":[8.58302,0.84665,11.62442],"rotation":{"angle":-22.5,"axis":"z","origin":[8.21022,-0.05335,11.17442]},"faces":{"north":{"uv":[0.5,0,0,0.5],"texture":"#3"},"east":{"uv":[0.5,0,0,0.5],"texture":"#3"},"south":{"uv":[0.5,0,0,0.5],"texture":"#3"},"west":{"uv":[0.5,0,0,0.5],"texture":"#3"},"up":{"uv":[0,0,16,1],"rotation":180,"texture":"#3"},"down":{"uv":[0.5,0,0,0.5],"texture":"#3"}}},{"name":"octagon","from":[7.1,0.00277,11.0625],"to":[7.37,0.74835,11.625],"rotation":{"angle":45,"axis":"z","origin":[8,0.37556,11.175]},"faces":{"north":{"uv":[0,0,0.5,0.5],"texture":"#3"},"east":{"uv":[0,0,0.5,0.5],"texture":"#3"},"south":{"uv":[0,0,0.5,0.5],"texture":"#3"},"west":{"uv":[2,0,5,2],"rotation":90,"texture":"#3"},"up":{"uv":[0,0,0.5,0.5],"texture":"#3"},"down":{"uv":[0,0,0.5,0.5],"texture":"#3"}}},{"name":"octagon","from":[7.1,0.00277,11.0625],"to":[7.37,0.63585,11.625],"faces":{"north":{"uv":[0,0,0.5,0.5],"texture":"#3"},"east":{"uv":[0,0,0.5,0.5],"texture":"#3"},"south":{"uv":[0,0,0.5,0.5],"texture":"#3"},"west":{"uv":[0,0,2,2],"rotation":90,"texture":"#3"},"up":{"uv":[0,0,0.5,0.5],"texture":"#3"},"down":{"uv":[0,0,0.5,0.5],"texture":"#3"}}},{"name":"octagon","from":[8.63,0.00277,11.0625],"to":[8.9,0.63585,11.625],"faces":{"north":{"uv":[0,0,0.5,0.5],"texture":"#3"},"east":{"uv":[14,0,16,2],"rotation":270,"texture":"#3"},"south":{"uv":[0,0,0.5,0.5],"texture":"#3"},"west":{"uv":[0,0,0.5,0.5],"texture":"#3"},"up":{"uv":[0,0,0.5,0.5],"texture":"#3"},"down":{"uv":[0,0,0.5,0.5],"texture":"#3"}}},{"from":[6.74989,-4.18871,-3.53465],"to":[9.24989,-0.18871,-0.03465],"rotation":{"angle":22.5,"axis":"x","origin":[8.00019,-2.1869,-1.78956]},"faces":{"north":{"uv":[11,12,13,15],"texture":"#2"},"east":{"uv":[0,0,3,3],"texture":"#2"},"south":{"uv":[0,0,2,3],"texture":"#2"},"west":{"uv":[0,0,3,3],"texture":"#2"},"up":{"uv":[0,0,3,3],"texture":"#2"},"down":{"uv":[0,0,3,3],"texture":"#2"}}},{"from":[6.49989,-4.68871,-3.78465],"to":[9.49989,-4.18871,0.21535],"rotation":{"angle":22.5,"axis":"x","origin":[8.00019,-2.1869,-1.78956]},"faces":{"north":{"uv":[0,0,8,1],"rotation":270,"texture":"#3"},"east":{"uv":[0,0,8,1],"rotation":270,"texture":"#3"},"south":{"uv":[0,0,8,1],"rotation":270,"texture":"#3"},"west":{"uv":[0,0,8,1],"rotation":270,"texture":"#3"},"up":{"uv":[0,0,16,1],"rotation":270,"texture":"#3"},"down":{"uv":[0,0,16,1],"rotation":90,"texture":"#3"}}},{"from":[6.49989,-4.18871,-3.78465],"to":[9.49989,-3.68871,-1.78465],"rotation":{"angle":22.5,"axis":"x","origin":[8.00019,-2.1869,-1.78956]},"faces":{"north":{"uv":[0,0,8,1],"rotation":90,"texture":"#3"},"east":{"uv":[0,0,8,1],"rotation":90,"texture":"#3"},"south":{"uv":[0,0,8,1],"rotation":90,"texture":"#3"},"west":{"uv":[0,0,8,1],"rotation":90,"texture":"#3"},"up":{"uv":[0,0,16,1],"rotation":270,"texture":"#3"},"down":{"uv":[0,0,16,1],"rotation":90,"texture":"#3"}}},{"from":[6.7504,0.34931,0.9111],"to":[9.2504,3.84931,1.9111],"faces":{"north":{"uv":[5,0,7,3],"texture":"#2"},"east":{"uv":[5,0,7,3],"texture":"#2"},"south":{"uv":[5,0,7,3],"texture":"#2"},"west":{"uv":[5,0,7,3],"texture":"#2"},"up":{"uv":[5,0,7,2],"texture":"#2"},"down":{"uv":[5,0,7,3],"texture":"#2"}}},{"from":[6.74971,-1.53849,-1.64143],"to":[9.24971,3.46151,1.85857],"rotation":{"angle":45,"axis":"x","origin":[7.99846,0.58739,0.1091]},"faces":{"north":{"uv":[4,5,9,7],"rotation":90,"texture":"#2"},"east":{"uv":[4,4,9,7],"rotation":90,"texture":"#2"},"south":{"uv":[4,4,9,6],"rotation":90,"texture":"#2"},"west":{"uv":[4,4,9,7],"rotation":90,"texture":"#2"},"up":{"uv":[4,4,9,7],"rotation":90,"texture":"#2"},"down":{"uv":[4,4,9,7],"rotation":90,"texture":"#2"}}},{"name":"octagon","from":[7.5,-1.37132,2],"to":[8.5,-0.12868,2.225],"rotation":{"angle":45,"axis":"x","origin":[8,-0.75,3.5]},"faces":{"north":{"uv":[0,0,0.5,0.5],"texture":"#3"},"east":{"uv":[0,0,0.5,0.5],"texture":"#3"},"south":{"uv":[0,0,0.5,0.5],"texture":"#3"},"west":{"uv":[0,0,0.5,0.5],"texture":"#3"},"up":{"uv":[0,0,0.5,0.5],"texture":"#3"},"down":{"uv":[0,0,0.5,0.5],"texture":"#3"}}},{"name":"octagon","from":[7.5,-1.37132,2],"to":[8.5,-0.12868,2.225],"faces":{"north":{"uv":[0,0,0.5,0.5],"texture":"#3"},"east":{"uv":[0,0,0.5,0.5],"texture":"#3"},"south":{"uv":[0,0,0.5,0.5],"texture":"#3"},"west":{"uv":[0,0,0.5,0.5],"texture":"#3"},"up":{"uv":[0,0,0.5,0.5],"texture":"#3"},"down":{"uv":[0,0,0.5,0.5],"texture":"#3"}}},{"name":"octagon","from":[7.5,-1.37132,4.775],"to":[8.5,-0.12868,5],"rotation":{"angle":45,"axis":"x","origin":[8,-0.75,3.5]},"faces":{"north":{"uv":[0,0,0.5,0.5],"texture":"#3"},"east":{"uv":[0,0,0.5,0.5],"texture":"#3"},"south":{"uv":[0,0,0.5,0.5],"texture":"#3"},"west":{"uv":[0,0,0.5,0.5],"texture":"#3"},"up":{"uv":[0,0,0.5,0.5],"texture":"#3"},"down":{"uv":[0,0,0.5,0.5],"texture":"#3"}}},{"name":"octagon","from":[7.5,0.29995,4.94687],"to":[8.5,0.79259,5.17187],"rotation":{"angle":45,"axis":"x","origin":[8,-0.07873,3.67187]},"faces":{"north":{"uv":[0,0,0.5,0.5],"texture":"#3"},"east":{"uv":[0,0,0.5,0.5],"texture":"#3"},"south":{"uv":[0,0,0.5,0.5],"texture":"#3"},"west":{"uv":[0,0,0.5,0.5],"texture":"#3"},"up":{"uv":[0,0,0.5,0.5],"texture":"#3"},"down":{"uv":[0,0,0.5,0.5],"texture":"#3"}}},{"name":"octagon","from":[7.5,-1.37132,4.775],"to":[8.5,-0.12868,5],"faces":{"north":{"uv":[0,0,0.5,0.5],"texture":"#3"},"east":{"uv":[0,0,0.5,0.5],"texture":"#3"},"south":{"uv":[0,0,0.5,0.5],"texture":"#3"},"west":{"uv":[0,0,0.5,0.5],"texture":"#3"},"up":{"uv":[0,0,0.5,0.5],"texture":"#3"},"down":{"uv":[0,0,0.5,0.5],"texture":"#3"}}},{"name":"octagon","from":[7.5,-2.25,2.87868],"to":[8.5,-2.025,4.12132],"rotation":{"angle":45,"axis":"x","origin":[8,-0.75,3.5]},"faces":{"north":{"uv":[0,0,0.5,0.5],"texture":"#3"},"east":{"uv":[0,0,0.5,0.5],"texture":"#3"},"south":{"uv":[0,0,0.5,0.5],"texture":"#3"},"west":{"uv":[0,0,0.5,0.5],"texture":"#3"},"up":{"uv":[0,0,0.5,0.5],"texture":"#3"},"down":{"uv":[0,0,0.5,0.5],"texture":"#3"}}},{"name":"octagon","from":[7.49693,-1.11979,2.25154],"to":[8.49693,-0.89479,3.24418],"rotation":{"angle":45,"axis":"x","origin":[7.99693,0.38021,2.62286]},"faces":{"north":{"uv":[0,0,0.5,0.5],"texture":"#3"},"east":{"uv":[0,0,0.5,0.5],"texture":"#3"},"south":{"uv":[0,0,0.5,0.5],"texture":"#3"},"west":{"uv":[0,0,0.5,0.5],"texture":"#3"},"up":{"uv":[0,0,0.5,0.5],"texture":"#3"},"down":{"uv":[0,0,0.5,0.5],"texture":"#3"}}},{"name":"octagon","from":[7.49736,-0.6813,1.08975],"to":[8.49736,-0.4563,2.08239],"rotation":{"angle":22.5,"axis":"x","origin":[8.00159,-0.57177,1.56759]},"faces":{"north":{"uv":[0,0,0.5,0.5],"texture":"#3"},"east":{"uv":[0,0,0.5,0.5],"texture":"#3"},"south":{"uv":[0,0,0.5,0.5],"texture":"#3"},"west":{"uv":[0,0,0.5,0.5],"texture":"#3"},"up":{"uv":[0,0,0.5,0.5],"texture":"#3"},"down":{"uv":[0,0,0.5,0.5],"texture":"#3"}}},{"name":"octagon","from":[7.49755,-1.13805,2.33738],"to":[8.49755,-0.91305,3.13738],"rotation":{"angle":45,"axis":"x","origin":[7.99755,0.36195,2.9587]},"faces":{"north":{"uv":[0,0,0.5,0.5],"texture":"#3"},"east":{"uv":[0,0,0.5,0.5],"texture":"#3"},"south":{"uv":[0,0,0.5,0.5],"texture":"#3"},"west":{"uv":[0,0,0.5,0.5],"texture":"#3"},"up":{"uv":[0,0,0.5,0.5],"texture":"#3"},"down":{"uv":[0,0,0.5,0.5],"texture":"#3"}}},{"name":"octagon","from":[7.5,-2.25,2.87868],"to":[8.5,-2.025,4.12132],"faces":{"north":{"uv":[0,0,0.5,0.5],"texture":"#3"},"east":{"uv":[0,0,0.5,0.5],"texture":"#3"},"south":{"uv":[0,0,0.5,0.5],"texture":"#3"},"west":{"uv":[0,0,0.5,0.5],"texture":"#3"},"up":{"uv":[0,0,0.5,0.5],"texture":"#3"},"down":{"uv":[0,0,0.5,0.5],"texture":"#3"}}},{"name":"octagon","from":[7.5,0.525,2.87868],"to":[8.5,0.75,4.12132],"rotation":{"angle":45,"axis":"x","origin":[8,-0.75,3.5]},"faces":{"north":{"uv":[0,0,0.5,0.5],"texture":"#3"},"east":{"uv":[0,0,0.5,0.5],"texture":"#3"},"south":{"uv":[0,0,0.5,0.5],"texture":"#3"},"west":{"uv":[0,0,0.5,0.5],"texture":"#3"},"up":{"uv":[0,0,0.5,0.5],"texture":"#3"},"down":{"uv":[0,0,0.5,0.5],"texture":"#3"}}},{"name":"octagon","from":[7.5,0.525,2.87868],"to":[8.5,0.75,4.12132],"faces":{"north":{"uv":[0,0,0.5,0.5],"texture":"#3"},"east":{"uv":[0,0,0.5,0.5],"texture":"#3"},"south":{"uv":[0,0,0.5,0.5],"texture":"#3"},"west":{"uv":[0,0,0.5,0.5],"texture":"#3"},"up":{"uv":[0,0,0.5,0.5],"texture":"#3"},"down":{"uv":[0,0,0.5,0.5],"texture":"#3"}}},{"name":"octagon","from":[7.83859,-1.54641,2.83402],"to":[8.16259,-0.87538,3.11752],"rotation":{"angle":45,"axis":"x","origin":[8.00059,-1.21089,3.80602]},"faces":{"north":{"uv":[0,0,0.5,0.5],"texture":"#3"},"east":{"uv":[0,0,0.5,0.5],"texture":"#3"},"south":{"uv":[0,0,0.5,0.5],"texture":"#3"},"west":{"uv":[0,0,0.5,0.5],"texture":"#3"},"up":{"uv":[0,0,0.5,0.5],"texture":"#3"},"down":{"uv":[0,0,0.5,0.5],"texture":"#3"}}},{"name":"octagon","from":[7.83859,-1.54641,2.83402],"to":[8.16259,-0.87538,3.11752],"faces":{"north":{"uv":[0,0,0.5,0.5],"rotation":180,"texture":"#3"},"east":{"uv":[0,0,0.5,0.5],"rotation":270,"texture":"#3"},"south":{"uv":[0,0,0.5,0.5],"texture":"#3"},"west":{"uv":[0,0,0.5,0.5],"rotation":90,"texture":"#3"},"up":{"uv":[0,0,0.5,0.5],"rotation":180,"texture":"#3"},"down":{"uv":[0,0,0.5,0.5],"texture":"#3"}}},{"name":"octagon","from":[7.83859,-2.02089,3.47051],"to":[8.16259,-1.89939,4.14154],"rotation":{"angle":45,"axis":"x","origin":[8.00059,-1.21089,3.80602]},"faces":{"north":{"uv":[0,0,0.5,0.5],"texture":"#3"},"east":{"uv":[0,0,0.5,0.5],"texture":"#3"},"south":{"uv":[0,0,0.5,0.5],"texture":"#3"},"west":{"uv":[0,0,0.5,0.5],"texture":"#3"},"up":{"uv":[0,0,0.5,0.5],"texture":"#3"},"down":{"uv":[0,0,0.5,0.5],"texture":"#3"}}},{"name":"octagon","from":[7.83859,-2.14239,3.47051],"to":[8.16259,-1.98039,3.85804],"rotation":{"angle":45,"axis":"x","origin":[8.00059,-1.21089,3.80602]},"faces":{"north":{"uv":[0,0,0.5,0.5],"texture":"#3"},"east":{"uv":[0,0,0.5,0.5],"texture":"#3"},"south":{"uv":[0,0,0.5,0.5],"texture":"#3"},"west":{"uv":[0,0,0.5,0.5],"texture":"#3"},"up":{"uv":[0,0,0.5,0.5],"texture":"#3"},"down":{"uv":[0,0,0.5,0.5],"texture":"#3"}}},{"name":"octagon","from":[7.838,-1.50549,2.7],"to":[8.162,-0.42946,3.024],"rotation":{"angle":22.5,"axis":"x","origin":[8,-1.16998,3.51]},"faces":{"north":{"uv":[0,0,0.5,0.5],"texture":"#3"},"east":{"uv":[0,0,0.5,0.5],"texture":"#3"},"south":{"uv":[0,0,0.5,0.5],"texture":"#3"},"west":{"uv":[0,0,0.5,0.5],"texture":"#3"},"up":{"uv":[0,0,0.5,0.5],"texture":"#3"},"down":{"uv":[0,0,0.5,0.5],"texture":"#3"}}},{"name":"octagon","from":[7.838,-1.50549,2.7],"to":[8.162,-0.83446,2.9025],"rotation":{"angle":-22.5,"axis":"x","origin":[8,-1.16998,3.51]},"faces":{"north":{"uv":[0,0,0.5,0.5],"rotation":180,"texture":"#3"},"east":{"uv":[0,0,0.5,0.5],"rotation":270,"texture":"#3"},"south":{"uv":[0,0,0.5,0.5],"texture":"#3"},"west":{"uv":[0,0,0.5,0.5],"rotation":90,"texture":"#3"},"up":{"uv":[0,0,0.5,0.5],"rotation":180,"texture":"#3"},"down":{"uv":[0,0,0.5,0.5],"texture":"#3"}}},{"name":"octagon","from":[7.838,-1.97998,3.17449],"to":[8.162,-1.85848,3.84551],"rotation":{"angle":22.5,"axis":"x","origin":[8,-1.16998,3.51]},"faces":{"north":{"uv":[0,0,0.5,0.5],"texture":"#3"},"east":{"uv":[0,0,0.5,0.5],"texture":"#3"},"south":{"uv":[0,0,0.5,0.5],"texture":"#3"},"west":{"uv":[0,0,0.5,0.5],"texture":"#3"},"up":{"uv":[0,0,0.5,0.5],"texture":"#3"},"down":{"uv":[0,0,0.5,0.5],"texture":"#3"}}},{"name":"octagon","from":[5.775,1.58579,1.75],"to":[6.225,2.41421,2.4],"rotation":{"angle":45,"axis":"x","origin":[8.25,2,2.75]},"faces":{"north":{"uv":[0,0,6,0.5],"rotation":180,"texture":"#3"},"east":{"uv":[0,0,0.5,0.5],"texture":"#3"},"south":{"uv":[0,0,0.5,0.5],"texture":"#3"},"west":{"uv":[0,0,6,1],"texture":"#3"},"up":{"uv":[0,0,0.5,0.5],"texture":"#3"},"down":{"uv":[0,0,0.5,0.5],"texture":"#3"}}},{"name":"octagon","from":[5.775,1.58579,4.6],"to":[6.225,2.41421,5.25],"rotation":{"angle":-45,"axis":"x","origin":[8.25,2,4.25]},"faces":{"north":{"uv":[0.5,0,0,0.5],"texture":"#3"},"east":{"uv":[0.5,0,0,0.5],"texture":"#3"},"south":{"uv":[0,0,6,0.5],"texture":"#3"},"west":{"uv":[6,0,0,1],"texture":"#3"},"up":{"uv":[0,0.5,0.5,0],"texture":"#3"},"down":{"uv":[0,0.5,0.5,0],"texture":"#3"}}},{"name":"octagon","from":[5.7625,1.58579,1.75],"to":[6.2375,2.41421,2.4],"faces":{"north":{"uv":[0,0,6,0.5],"rotation":180,"texture":"#3"},"east":{"uv":[0,0,0.5,0.5],"texture":"#3"},"south":{"uv":[0,0,0.5,0.5],"texture":"#3"},"west":{"uv":[0,0,6,0.5],"texture":"#3"},"up":{"uv":[0,0,0.5,0.5],"texture":"#3"},"down":{"uv":[0,0,0.5,0.5],"texture":"#3"}}},{"name":"octagon","from":[5.7625,1.58579,4.6],"to":[6.2375,2.41421,5.25],"faces":{"north":{"uv":[0,0,0.5,0.5],"texture":"#3"},"east":{"uv":[0,0,0.5,0.5],"texture":"#3"},"south":{"uv":[0,0,6,0.5],"texture":"#3"},"west":{"uv":[0,0,6,0.5],"rotation":180,"texture":"#3"},"up":{"uv":[0,0,0.5,0.5],"texture":"#3"},"down":{"uv":[0,0,0.5,0.5],"texture":"#3"}}},{"name":"octagon","from":[5.775,1,2.33579],"to":[6.225,1.4,3.16421],"rotation":{"angle":45,"axis":"x","origin":[8.25,2,2.75]},"faces":{"north":{"uv":[0,0,0.5,0.5],"texture":"#3"},"east":{"uv":[0,0,0.5,0.5],"texture":"#3"},"south":{"uv":[0,0,0.5,0.5],"texture":"#3"},"west":{"uv":[0,0,4,0.5],"rotation":270,"texture":"#3"},"up":{"uv":[0,0,0.5,0.5],"texture":"#3"},"down":{"uv":[0,0,6,0.5],"texture":"#3"}}},{"name":"octagon","from":[5.775,1,3.83579],"to":[6.225,1.4,4.66421],"rotation":{"angle":-45,"axis":"x","origin":[8.25,2,4.25]},"faces":{"north":{"uv":[0.5,0,0,0.5],"texture":"#3"},"east":{"uv":[0.5,0,0,0.5],"texture":"#3"},"south":{"uv":[0.5,0,0,0.5],"texture":"#3"},"west":{"uv":[0,0.5,4,0],"rotation":270,"texture":"#3"},"up":{"uv":[0,0.5,0.5,0],"texture":"#3"},"down":{"uv":[0,0.5,6,0],"texture":"#3"}}},{"name":"octagon","from":[5.75,1,2.33579],"to":[6.25,2.1,4.66421],"faces":{"north":{"uv":[0,0,0.5,0.5],"texture":"#3"},"east":{"uv":[0,0,0.5,0.5],"texture":"#3"},"south":{"uv":[0,0,0.5,0.5],"texture":"#3"},"west":{"uv":[0,0,6,1],"rotation":270,"texture":"#3"},"up":{"uv":[0,0,0.5,0.5],"texture":"#3"},"down":{"uv":[0,0,6,0.5],"texture":"#3"}}},{"name":"octagon","from":[5.75,2.1,2.33579],"to":[6.25,3,4.66421],"faces":{"north":{"uv":[0,0,0.5,0.5],"texture":"#3"},"east":{"uv":[0,0,0.5,0.5],"texture":"#3"},"south":{"uv":[0,0,0.5,0.5],"texture":"#3"},"west":{"uv":[0,0,6,1],"rotation":90,"texture":"#3"},"up":{"uv":[0,0,6,0.5],"texture":"#3"},"down":{"uv":[0,0,0.5,0.5],"texture":"#3"}}},{"name":"octagon","from":[9.775,1.58579,1.75],"to":[10.225,2.41421,2.4],"rotation":{"angle":45,"axis":"x","origin":[7.75,2,2.75]},"faces":{"north":{"uv":[6,0,0,0.5],"rotation":180,"texture":"#3"},"east":{"uv":[6,0,0,1],"texture":"#3"},"south":{"uv":[0.5,0,0,0.5],"texture":"#3"},"west":{"uv":[0.5,0,0,0.5],"texture":"#3"},"up":{"uv":[0.5,0,0,0.5],"texture":"#3"},"down":{"uv":[0.5,0,0,0.5],"texture":"#3"}}},{"name":"octagon","from":[9.775,1.58579,4.6],"to":[10.225,2.41421,5.25],"rotation":{"angle":-45,"axis":"x","origin":[7.75,2,4.25]},"faces":{"north":{"uv":[0,0,0.5,0.5],"texture":"#3"},"east":{"uv":[0,0,6,1],"texture":"#3"},"south":{"uv":[6,0,0,0.5],"texture":"#3"},"west":{"uv":[0,0,0.5,0.5],"texture":"#3"},"up":{"uv":[0.5,0.5,0,0],"texture":"#3"},"down":{"uv":[0.5,0.5,0,0],"texture":"#3"}}},{"name":"octagon","from":[9.7625,1.58579,1.75],"to":[10.2375,2.41421,2.4],"faces":{"north":{"uv":[6,0,0,0.5],"rotation":180,"texture":"#3"},"east":{"uv":[6,0,0,0.5],"texture":"#3"},"south":{"uv":[0.5,0,0,0.5],"texture":"#3"},"west":{"uv":[0.5,0,0,0.5],"texture":"#3"},"up":{"uv":[0.5,0,0,0.5],"texture":"#3"},"down":{"uv":[0.5,0,0,0.5],"texture":"#3"}}},{"name":"octagon","from":[9.7625,1.58579,4.6],"to":[10.2375,2.41421,5.25],"faces":{"north":{"uv":[0.5,0,0,0.5],"texture":"#3"},"east":{"uv":[6,0,0,0.5],"rotation":180,"texture":"#3"},"south":{"uv":[6,0,0,0.5],"texture":"#3"},"west":{"uv":[0.5,0,0,0.5],"texture":"#3"},"up":{"uv":[0.5,0,0,0.5],"texture":"#3"},"down":{"uv":[0.5,0,0,0.5],"texture":"#3"}}},{"name":"octagon","from":[9.775,1,2.33579],"to":[10.225,1.4,3.16421],"rotation":{"angle":45,"axis":"x","origin":[7.75,2,2.75]},"faces":{"north":{"uv":[0.5,0,0,0.5],"texture":"#3"},"east":{"uv":[0,0.5,4,0],"rotation":270,"texture":"#3"},"south":{"uv":[0.5,0,0,0.5],"texture":"#3"},"west":{"uv":[0.5,0,0,0.5],"texture":"#3"},"up":{"uv":[0.5,0,0,0.5],"texture":"#3"},"down":{"uv":[6,0,0,0.5],"texture":"#3"}}},{"name":"octagon","from":[9.775,1,3.83579],"to":[10.225,1.4,4.66421],"rotation":{"angle":-45,"axis":"x","origin":[7.75,2,4.25]},"faces":{"north":{"uv":[0,0,0.5,0.5],"texture":"#3"},"east":{"uv":[0,0,4,0.5],"rotation":270,"texture":"#3"},"south":{"uv":[0,0,0.5,0.5],"texture":"#3"},"west":{"uv":[0,0,0.5,0.5],"texture":"#3"},"up":{"uv":[0.5,0.5,0,0],"texture":"#3"},"down":{"uv":[6,0.5,0,0],"texture":"#3"}}},{"name":"octagon","from":[9.75,1,2.33579],"to":[10.25,2.1,4.66421],"faces":{"north":{"uv":[0.5,0,0,0.5],"texture":"#3"},"east":{"uv":[0,1,6,0],"rotation":270,"texture":"#3"},"south":{"uv":[0.5,0,0,0.5],"texture":"#3"},"west":{"uv":[0.5,0,0,0.5],"texture":"#3"},"up":{"uv":[0.5,0,0,0.5],"texture":"#3"},"down":{"uv":[6,0,0,0.5],"texture":"#3"}}},{"name":"octagon","from":[9.75,2.1,2.33579],"to":[10.25,3,4.66421],"faces":{"north":{"uv":[0.5,0,0,0.5],"texture":"#3"},"east":{"uv":[0,1,6,0],"rotation":90,"texture":"#3"},"south":{"uv":[0.5,0,0,0.5],"texture":"#3"},"west":{"uv":[0.5,0,0,0.5],"texture":"#3"},"up":{"uv":[6,0,0,0.5],"texture":"#3"},"down":{"uv":[0.5,0,0,0.5],"texture":"#3"}}},{"name":"octagon","from":[5.05099,2.44571,1.65845],"to":[5.95099,3.27413,1.95845],"faces":{"north":{"uv":[0,0,0.5,0.5],"texture":"#3"},"east":{"uv":[0,0,0.5,0.5],"texture":"#3"},"south":{"uv":[0,0,0.5,0.5],"texture":"#3"},"west":{"uv":[0,0,0.5,0.5],"texture":"#3"},"up":{"uv":[0,0,0.5,0.5],"texture":"#3"},"down":{"uv":[0,0,0.5,0.5],"texture":"#3"}}},{"name":"octagon","from":[4.90279,4.16042,0.93165],"to":[6.10279,4.61042,1.66008],"faces":{"north":{"uv":[0,0.5,0.5,0],"rotation":180,"texture":"#3"},"east":{"uv":[0.5,0,0,0.5],"rotation":90,"texture":"#3"},"south":{"uv":[0,0.5,0.5,0],"texture":"#3"},"west":{"uv":[0.5,0,0,0.5],"rotation":270,"texture":"#3"},"up":{"uv":[0.5,0,0,0.5],"texture":"#3"},"down":{"uv":[0.5,0,0,0.5],"rotation":180,"texture":"#3"}}},{"name":"octagon","from":[5.10321,1.96595,1.04361],"to":[5.90321,2.79437,1.34361],"rotation":{"angle":-45,"axis":"x","origin":[5.49709,3.36221,1.77191]},"faces":{"north":{"uv":[0,0,0.5,0.5],"texture":"#3"},"east":{"uv":[0,0,0.5,0.5],"texture":"#3"},"south":{"uv":[0,0,0.5,0.5],"texture":"#3"},"west":{"uv":[0,0,0.5,0.5],"texture":"#3"},"up":{"uv":[0,0,0.5,0.5],"texture":"#3"},"down":{"uv":[0,0,0.5,0.5],"texture":"#3"}}},{"name":"octagon","from":[4.95269,3.59535,2.17575],"to":[6.05269,4.32378,2.57575],"rotation":{"angle":-45,"axis":"x","origin":[5.49709,3.36221,1.77191]},"faces":{"north":{"uv":[0.5,0,0,0.5],"texture":"#3"},"east":{"uv":[0.5,0,0,0.5],"texture":"#3"},"south":{"uv":[0.5,0,0,0.5],"texture":"#3"},"west":{"uv":[0.5,0,0,0.5],"texture":"#3"},"up":{"uv":[0,0.5,0.5,0],"texture":"#3"},"down":{"uv":[0,0.5,0.5,0],"texture":"#3"}}},{"name":"octagon","from":[5.10321,1.85992,2.24424],"to":[5.90321,2.15992,3.07266],"faces":{"north":{"uv":[0,0,0.5,0.5],"texture":"#3"},"east":{"uv":[0,0,0.5,0.5],"texture":"#3"},"south":{"uv":[0,0,0.5,0.5],"texture":"#3"},"west":{"uv":[0,0,0.5,0.5],"texture":"#3"},"up":{"uv":[0,0,0.5,0.5],"texture":"#3"},"down":{"uv":[0,0,0.5,0.5],"texture":"#3"}}},{"name":"octagon","from":[5.00282,3.36704,1.82563],"to":[6.00282,4.09547,2.17563],"faces":{"north":{"uv":[0,0.5,0.5,0],"rotation":180,"texture":"#3"},"east":{"uv":[0.5,0,0,0.5],"rotation":90,"texture":"#3"},"south":{"uv":[0,0.5,0.5,0],"texture":"#3"},"west":{"uv":[0.5,0,0,0.5],"rotation":270,"texture":"#3"},"up":{"uv":[0.5,0,0,0.5],"texture":"#3"},"down":{"uv":[0.5,0,0,0.5],"rotation":180,"texture":"#3"}}},{"name":"octagon","from":[5.00543,3.08016,1.6294],"to":[6.00543,3.38016,2.05782],"rotation":{"angle":-45,"axis":"x","origin":[5.49709,3.36221,1.77191]},"faces":{"north":{"uv":[0,0,0.5,0.5],"texture":"#3"},"east":{"uv":[0,0,0.5,0.5],"texture":"#3"},"south":{"uv":[0,0,0.5,0.5],"texture":"#3"},"west":{"uv":[0,0,0.5,0.5],"texture":"#3"},"up":{"uv":[0,0,0.5,0.5],"texture":"#3"},"down":{"uv":[0,0,0.5,0.5],"texture":"#3"}}},{"name":"octagon","from":[4.95321,4.38898,1.03153],"to":[6.05321,4.83898,2.05995],"rotation":{"angle":-45,"axis":"x","origin":[5.49709,3.36221,1.77191]},"faces":{"north":{"uv":[0.5,0,0,0.5],"texture":"#3"},"east":{"uv":[0.5,0,0,0.5],"texture":"#3"},"south":{"uv":[0.5,0,0,0.5],"texture":"#3"},"west":{"uv":[0.5,0,0,0.5],"texture":"#3"},"up":{"uv":[0,0.5,0.5,0],"texture":"#3"},"down":{"uv":[0,0.5,0.5,0],"texture":"#3"}}}],"display":{"thirdperson_righthand":{"rotation":[12,180,0],"translation":[0,3.75,-3.5],"scale":[0.6,0.6,0.6]},"thirdperson_lefthand":{"rotation":[12,180,0],"translation":[0,3.75,-3.5],"scale":[0.6,0.6,0.6]},"firstperson_righthand":{"rotation":[20.75,-161.5,4],"translation":[2,7.75,-5],"scale":[0.9,0.9,0.8]},"firstperson_lefthand":{"rotation":[20.75,-161.5,4],"translation":[2,7.75,-5],"scale":[0.9,0.9,0.8]},"ground":{"translation":[0,10,0]},"gui":{"rotation":[-45,45,45],"translation":[-3,5,0],"scale":[0.8,0.8,0.8]},"head":{"rotation":[0,180,0],"translation":[0,5,0.25]},"fixed":{"rotation":[0,90,0],"translation":[0,6.5,-0.75],"scale":[0.8,0.8,0.8]}},"groups":[{"name":"group","origin":[8,8,8],"children":[{"name":"group","origin":[8,8,8],"children":[{"name":"octagon","origin":[8,8,8],"children":[0,1,2,3,4,5,6,7]},{"name":"octagon","origin":[8,8,8],"children":[8,9,10,11,12,13,14,15]},{"name":"octagon","origin":[8,8,8],"children":[16,17,18,19,20,21,22,23]},{"name":"group","origin":[15.75,15.75,15.75],"children":[24,25,26]}]},{"name":"group","origin":[8,8,8],"children":[{"name":"octagon","origin":[8,8,8],"children":[27,28,29,30,31,32,33,34]},{"name":"octagon","origin":[8,8,8],"children":[35,36,37,38,39,40,41,42]},{"name":"octagon","origin":[8,8,8],"children":[43,44,45,46,47,48,49,50]},{"name":"group","origin":[15.75,15.75,15.75],"children":[51,52,53]}]}]},{"name":"octagon","origin":[8,8,8],"children":[54,55,56,57,58,59,60,61]},{"name":"group","origin":[8,8,8],"children":[{"name":"octagon","origin":[8,8,8],"children":[62,63,64,65,66,67,68]},{"name":"octagon","origin":[8,8,8],"children":[69,70,71,72,73,74,75]}]},{"name":"group","origin":[8,8,8],"children":[{"name":"octagon","origin":[8,8,8],"children":[76,77,78,79,80]},{"name":"octagon","origin":[8,8,8],"children":[81,82,83,84,85,86,87]}]},{"name":"group","origin":[0.24857,0.83739,0.1091],"children":[88,89,90,91,92]},{"name":"octagon","origin":[8,8,8],"children":[93,94,95,96,97,98,99,100,101,102,103,104]},{"name":"octagon","origin":[8,8,8],"children":[105,106,107,108,{"name":"octagon","origin":[8,8,8],"children":[109,110,111]}]},{"name":"octagon","origin":[8,8,8],"children":[112,113,114,115,116,117,118,119]},{"name":"octagon","origin":[8,8,8],"children":[120,121,122,123,124,125,126,127]},{"name":"octagon","origin":[8,8,8],"children":[128,129,130,131,132,133,134,135]}],"credit":"Model by Craftventure"}