{
	"__comment": "Designed by StevenPaw with Cubik Studio - https://cubik.studio",
	"textures": {
		"Bodenplatte": "nlp/blocks/anschieber"
	},
	"elements": [ 	 
		{
			"__comment": "Box3",
			"from": [ 0, 0, 0 ],
			"to": [ 16, 3, 16 ],
			"faces": {
				"down": { "uv": [ 8, 8, 16, 16 ], "texture": "#Bodenplatte" },
				"up": { "uv": [ 8, 8, 16, 16 ], "texture": "#Bodenplatte" },
				"north": { "uv": [ 8, 8, 16, 10.5 ], "texture": "#Bodenplatte" },
				"south": { "uv": [ 8, 8, 16, 10.5 ], "texture": "#Bodenplatte" },
				"west": { "uv": [ 8, 8, 16, 10.5 ], "texture": "#Bodenplatte" },
				"east": { "uv": [ 8, 8, 16, 10.5 ], "texture": "#Bodenplatte" }
			}
		},
		{
			"__comment": "Halter1",
			"from": [ 11.5, 3, 3 ],
			"to": [ 13.5, 8, 5 ],
			"rotation": { "origin": [ 11.5, 3, 3 ], "axis": "x", "angle": 22.5 },
			"faces": {
				"down": { "uv": [ 8, 1, 16, 5 ], "texture": "#Bodenplatte", "rotation": 270 },
				"up": { "uv": [ 8, 1, 16, 5 ], "texture": "#Bodenplatte", "rotation": 270 },
				"north": { "uv": [ 8, 1, 16, 5 ], "texture": "#Bodenplatte", "rotation": 270 },
				"south": { "uv": [ 8, 1, 16, 5 ], "texture": "#Bodenplatte", "rotation": 270 },
				"west": { "uv": [ 8, 1, 16, 5 ], "texture": "#Bodenplatte", "rotation": 270 },
				"east": { "uv": [ 8, 1, 16, 5 ], "texture": "#Bodenplatte", "rotation": 270 }
			}
		},
		{
			"__comment": "Halter1",
			"from": [ 4.5, 0, 8 ],
			"to": [ 12.5, 4, 12 ],
			"rotation": { "origin": [ 4.5, 0, 8 ], "axis": "x", "angle": -45 },
			"faces": {
				"down": { "uv": [ 8, 1, 16, 5 ], "texture": "#Bodenplatte", "rotation": 270 },
				"up": { "uv": [ 8, 1, 16, 5 ], "texture": "#Bodenplatte", "rotation": 270 },
				"north": { "uv": [ 8, 1, 16, 5 ], "texture": "#Bodenplatte", "rotation": 270 },
				"south": { "uv": [ 8, 1, 16, 5 ], "texture": "#Bodenplatte", "rotation": 270 },
				"west": { "uv": [ 8, 1, 16, 5 ], "texture": "#Bodenplatte", "rotation": 270 },
				"east": { "uv": [ 8, 1, 16, 5 ], "texture": "#Bodenplatte", "rotation": 270 }
			}
		},
		{
			"__comment": "Rad2-1",
			"from": [ 9.5, 7.4645, 4.4645 ],
			"to": [ 11.5, 14.4645, 11.4645 ],
			"rotation": { "origin": [ 10.5, 11, 8 ], "axis": "x", "angle": -45 },
			"faces": {
				"down": { "uv": [ 0, 0, 8, 8 ], "texture": "#Bodenplatte" },
				"up": { "uv": [ 0, 0, 8, 8 ], "texture": "#Bodenplatte" },
				"north": { "uv": [ 0, 0, 8, 8 ], "texture": "#Bodenplatte" },
				"south": { "uv": [ 0, 0, 8, 8 ], "texture": "#Bodenplatte" },
				"west": { "uv": [ 0, 0, 8, 8 ], "texture": "#Bodenplatte" },
				"east": { "uv": [ 0, 0, 8, 8 ], "texture": "#Bodenplatte" }
			}
		},
		{
			"__comment": "Rad2-2",
			"from": [ 9.55, 9.7373, 2.9491 ],
			"to": [ 11.45, 12.2373, 12.9491 ],
			"faces": {
				"down": { "uv": [ 0, 0, 8, 8 ], "texture": "#Bodenplatte" },
				"up": { "uv": [ 0, 0, 8, 8 ], "texture": "#Bodenplatte" },
				"north": { "uv": [ 0, 0, 8, 8 ], "texture": "#Bodenplatte" },
				"south": { "uv": [ 0, 0, 8, 8 ], "texture": "#Bodenplatte" },
				"west": { "uv": [ 0, 0, 8, 8 ], "texture": "#Bodenplatte" },
				"east": { "uv": [ 0, 0, 8, 8 ], "texture": "#Bodenplatte" }
			}
		},
		{
			"__comment": "Rad2-3",
			"from": [ 9.55, 9.7373, 2.9491 ],
			"to": [ 11.45, 12.2373, 12.9491 ],
			"rotation": { "origin": [ 10.5, 11, 8 ], "axis": "x", "angle": -45 },
			"faces": {
				"down": { "uv": [ 0, 0, 8, 8 ], "texture": "#Bodenplatte" },
				"up": { "uv": [ 0, 0, 8, 8 ], "texture": "#Bodenplatte" },
				"north": { "uv": [ 0, 0, 8, 8 ], "texture": "#Bodenplatte" },
				"south": { "uv": [ 0, 0, 8, 8 ], "texture": "#Bodenplatte" },
				"west": { "uv": [ 0, 0, 8, 8 ], "texture": "#Bodenplatte" },
				"east": { "uv": [ 0, 0, 8, 8 ], "texture": "#Bodenplatte" }
			}
		},
		{
			"__comment": "Rad2-4",
			"from": [ 9.55, 5.9491, 6.7627 ],
			"to": [ 11.45, 15.9491, 9.262699 ],
			"rotation": { "origin": [ 10.5, 11, 8 ], "axis": "x", "angle": 22.5 },
			"faces": {
				"down": { "uv": [ 0, 0, 8, 8 ], "texture": "#Bodenplatte" },
				"up": { "uv": [ 0, 0, 8, 8 ], "texture": "#Bodenplatte" },
				"north": { "uv": [ 0, 0, 8, 8 ], "texture": "#Bodenplatte" },
				"south": { "uv": [ 0, 0, 8, 8 ], "texture": "#Bodenplatte" },
				"west": { "uv": [ 0, 0, 8, 8 ], "texture": "#Bodenplatte" },
				"east": { "uv": [ 0, 0, 8, 8 ], "texture": "#Bodenplatte" }
			}
		},
		{
			"__comment": "Rad2-5",
			"from": [ 9.55, 9.7374, 3.051 ],
			"to": [ 11.45, 12.2374, 13.051 ],
			"faces": {
				"down": { "uv": [ 0, 0, 8, 8 ], "texture": "#Bodenplatte" },
				"up": { "uv": [ 0, 0, 8, 8 ], "texture": "#Bodenplatte" },
				"north": { "uv": [ 0, 0, 8, 8 ], "texture": "#Bodenplatte" },
				"south": { "uv": [ 0, 0, 8, 8 ], "texture": "#Bodenplatte" },
				"west": { "uv": [ 0, 0, 8, 8 ], "texture": "#Bodenplatte" },
				"east": { "uv": [ 0, 0, 8, 8 ], "texture": "#Bodenplatte" }
			}
		},
		{
			"__comment": "Rad2-6",
			"from": [ 9.55, 5.949, 6.7626 ],
			"to": [ 11.45, 15.949, 9.2626 ],
			"faces": {
				"down": { "uv": [ 0, 0, 8, 8 ], "texture": "#Bodenplatte" },
				"up": { "uv": [ 0, 0, 8, 8 ], "texture": "#Bodenplatte" },
				"north": { "uv": [ 0, 0, 8, 8 ], "texture": "#Bodenplatte" },
				"south": { "uv": [ 0, 0, 8, 8 ], "texture": "#Bodenplatte" },
				"west": { "uv": [ 0, 0, 8, 8 ], "texture": "#Bodenplatte" },
				"east": { "uv": [ 0, 0, 8, 8 ], "texture": "#Bodenplatte" }
			}
		},
		{
			"__comment": "Rad2-",
			"from": [ 9.55, 9.7626, 3.051 ],
			"to": [ 11.45, 12.2626, 13.051 ],
			"rotation": { "origin": [ 10.5, 11, 8 ], "axis": "x", "angle": 45 },
			"faces": {
				"down": { "uv": [ 0, 0, 8, 8 ], "texture": "#Bodenplatte" },
				"up": { "uv": [ 0, 0, 8, 8 ], "texture": "#Bodenplatte" },
				"north": { "uv": [ 0, 0, 8, 8 ], "texture": "#Bodenplatte" },
				"south": { "uv": [ 0, 0, 8, 8 ], "texture": "#Bodenplatte" },
				"west": { "uv": [ 0, 0, 8, 8 ], "texture": "#Bodenplatte" },
				"east": { "uv": [ 0, 0, 8, 8 ], "texture": "#Bodenplatte" }
			}
		},
		{
			"__comment": "Rad1-",
			"from": [ 13.55, 9.7626, 3.051 ],
			"to": [ 15.45, 12.2626, 13.051 ],
			"rotation": { "origin": [ 14.5, 11, 8 ], "axis": "x", "angle": 22.5 },
			"faces": {
				"down": { "uv": [ 0, 0, 8, 8 ], "texture": "#Bodenplatte" },
				"up": { "uv": [ 0, 0, 8, 8 ], "texture": "#Bodenplatte" },
				"north": { "uv": [ 0, 0, 8, 8 ], "texture": "#Bodenplatte" },
				"south": { "uv": [ 0, 0, 8, 8 ], "texture": "#Bodenplatte" },
				"west": { "uv": [ 0, 0, 8, 8 ], "texture": "#Bodenplatte" },
				"east": { "uv": [ 0, 0, 8, 8 ], "texture": "#Bodenplatte" }
			}
		},
		{
			"__comment": "Rad1-1",
			"from": [ 13.5, 7.4645, 4.4645 ],
			"to": [ 15.5, 14.4645, 11.4645 ],
			"rotation": { "origin": [ 14.5, 11, 8 ], "axis": "x", "angle": -45 },
			"faces": {
				"down": { "uv": [ 0, 0, 8, 8 ], "texture": "#Bodenplatte" },
				"up": { "uv": [ 0, 0, 8, 8 ], "texture": "#Bodenplatte" },
				"north": { "uv": [ 0, 0, 8, 8 ], "texture": "#Bodenplatte" },
				"south": { "uv": [ 0, 0, 8, 8 ], "texture": "#Bodenplatte" },
				"west": { "uv": [ 0, 0, 8, 8 ], "texture": "#Bodenplatte" },
				"east": { "uv": [ 0, 0, 8, 8 ], "texture": "#Bodenplatte" }
			}
		},
		{
			"__comment": "Rad1-2",
			"from": [ 13.55, 9.7373, 2.9491 ],
			"to": [ 15.45, 12.2373, 12.9491 ],
			"faces": {
				"down": { "uv": [ 0, 0, 8, 8 ], "texture": "#Bodenplatte" },
				"up": { "uv": [ 0, 0, 8, 8 ], "texture": "#Bodenplatte" },
				"north": { "uv": [ 0, 0, 8, 8 ], "texture": "#Bodenplatte" },
				"south": { "uv": [ 0, 0, 8, 8 ], "texture": "#Bodenplatte" },
				"west": { "uv": [ 0, 0, 8, 8 ], "texture": "#Bodenplatte" },
				"east": { "uv": [ 0, 0, 8, 8 ], "texture": "#Bodenplatte" }
			}
		},
		{
			"__comment": "Rad1-3",
			"from": [ 13.55, 9.7373, 2.9491 ],
			"to": [ 15.45, 12.2373, 12.9491 ],
			"rotation": { "origin": [ 14.5, 11, 8 ], "axis": "x", "angle": -45 },
			"faces": {
				"down": { "uv": [ 0, 0, 8, 8 ], "texture": "#Bodenplatte" },
				"up": { "uv": [ 0, 0, 8, 8 ], "texture": "#Bodenplatte" },
				"north": { "uv": [ 0, 0, 8, 8 ], "texture": "#Bodenplatte" },
				"south": { "uv": [ 0, 0, 8, 8 ], "texture": "#Bodenplatte" },
				"west": { "uv": [ 0, 0, 8, 8 ], "texture": "#Bodenplatte" },
				"east": { "uv": [ 0, 0, 8, 8 ], "texture": "#Bodenplatte" }
			}
		},
		{
			"__comment": "Rad1-4",
			"from": [ 13.55, 5.9491, 6.7627 ],
			"to": [ 15.45, 15.9491, 9.262699 ],
			"rotation": { "origin": [ 14.5, 11, 8 ], "axis": "x", "angle": 22.5 },
			"faces": {
				"down": { "uv": [ 0, 0, 8, 8 ], "texture": "#Bodenplatte" },
				"up": { "uv": [ 0, 0, 8, 8 ], "texture": "#Bodenplatte" },
				"north": { "uv": [ 0, 0, 8, 8 ], "texture": "#Bodenplatte" },
				"south": { "uv": [ 0, 0, 8, 8 ], "texture": "#Bodenplatte" },
				"west": { "uv": [ 0, 0, 8, 8 ], "texture": "#Bodenplatte" },
				"east": { "uv": [ 0, 0, 8, 8 ], "texture": "#Bodenplatte" }
			}
		},
		{
			"__comment": "Rad1-5",
			"from": [ 13.55, 9.7374, 3.051 ],
			"to": [ 15.45, 12.2374, 13.051 ],
			"faces": {
				"down": { "uv": [ 0, 0, 8, 8 ], "texture": "#Bodenplatte" },
				"up": { "uv": [ 0, 0, 8, 8 ], "texture": "#Bodenplatte" },
				"north": { "uv": [ 0, 0, 8, 8 ], "texture": "#Bodenplatte" },
				"south": { "uv": [ 0, 0, 8, 8 ], "texture": "#Bodenplatte" },
				"west": { "uv": [ 0, 0, 8, 8 ], "texture": "#Bodenplatte" },
				"east": { "uv": [ 0, 0, 8, 8 ], "texture": "#Bodenplatte" }
			}
		},
		{
			"__comment": "Rad1-6",
			"from": [ 13.55, 5.949, 6.7626 ],
			"to": [ 15.45, 15.949, 9.2626 ],
			"faces": {
				"down": { "uv": [ 0, 0, 8, 8 ], "texture": "#Bodenplatte" },
				"up": { "uv": [ 0, 0, 8, 8 ], "texture": "#Bodenplatte" },
				"north": { "uv": [ 0, 0, 8, 8 ], "texture": "#Bodenplatte" },
				"south": { "uv": [ 0, 0, 8, 8 ], "texture": "#Bodenplatte" },
				"west": { "uv": [ 0, 0, 8, 8 ], "texture": "#Bodenplatte" },
				"east": { "uv": [ 0, 0, 8, 8 ], "texture": "#Bodenplatte" }
			}
		},
		{
			"__comment": "Radhalter1-",
			"from": [ 11, 10, 4.5 ],
			"to": [ 14, 12, 11.5 ],
			"rotation": { "origin": [ 12.5, 11, 8 ], "axis": "x", "angle": 45 },
			"faces": {
				"down": { "uv": [ 0, 8, 8, 16 ], "texture": "#Bodenplatte" },
				"up": { "uv": [ 0, 8, 8, 16 ], "texture": "#Bodenplatte" },
				"north": { "uv": [ 0, 8, 8, 16 ], "texture": "#Bodenplatte" },
				"south": { "uv": [ 0, 8, 8, 16 ], "texture": "#Bodenplatte" },
				"west": { "uv": [ 0, 8, 8, 16 ], "texture": "#Bodenplatte" },
				"east": { "uv": [ 0, 8, 8, 16 ], "texture": "#Bodenplatte" }
			}
		},
		{
			"__comment": "Radhalter1-1",
			"from": [ 11, 10, 4.5 ],
			"to": [ 14, 12, 11.5 ],
			"rotation": { "origin": [ 12.5, 11, 8 ], "axis": "x", "angle": -45 },
			"faces": {
				"down": { "uv": [ 0, 8, 8, 16 ], "texture": "#Bodenplatte" },
				"up": { "uv": [ 0, 8, 8, 16 ], "texture": "#Bodenplatte" },
				"north": { "uv": [ 0, 8, 8, 16 ], "texture": "#Bodenplatte" },
				"south": { "uv": [ 0, 8, 8, 16 ], "texture": "#Bodenplatte" },
				"west": { "uv": [ 0, 8, 8, 16 ], "texture": "#Bodenplatte" },
				"east": { "uv": [ 0, 8, 8, 16 ], "texture": "#Bodenplatte" }
			}
		},
		{
			"__comment": "Radhalter1-2",
			"from": [ 11, 10, 4.5 ],
			"to": [ 14, 12, 11.5 ],
			"faces": {
				"down": { "uv": [ 0, 8, 8, 16 ], "texture": "#Bodenplatte" },
				"up": { "uv": [ 0, 8, 8, 16 ], "texture": "#Bodenplatte" },
				"north": { "uv": [ 0, 8, 8, 16 ], "texture": "#Bodenplatte" },
				"south": { "uv": [ 0, 8, 8, 16 ], "texture": "#Bodenplatte" },
				"west": { "uv": [ 0, 8, 8, 16 ], "texture": "#Bodenplatte" },
				"east": { "uv": [ 0, 8, 8, 16 ], "texture": "#Bodenplatte" }
			}
		},
		{
			"__comment": "Radhalter1-3",
			"from": [ 11, 7.5, 7 ],
			"to": [ 14, 14.5, 9 ],
			"rotation": { "origin": [ 12.5, 11, 8 ], "axis": "x", "angle": 22.5 },
			"faces": {
				"down": { "uv": [ 0, 8, 8, 16 ], "texture": "#Bodenplatte" },
				"up": { "uv": [ 0, 8, 8, 16 ], "texture": "#Bodenplatte" },
				"north": { "uv": [ 0, 8, 8, 16 ], "texture": "#Bodenplatte" },
				"south": { "uv": [ 0, 8, 8, 16 ], "texture": "#Bodenplatte" },
				"west": { "uv": [ 0, 8, 8, 16 ], "texture": "#Bodenplatte" },
				"east": { "uv": [ 0, 8, 8, 16 ], "texture": "#Bodenplatte" }
			}
		},
		{
			"__comment": "Radhalter1-4",
			"from": [ 11, 7.5, 7 ],
			"to": [ 14, 14.5, 9 ],
			"faces": {
				"down": { "uv": [ 0, 8, 8, 16 ], "texture": "#Bodenplatte" },
				"up": { "uv": [ 0, 8, 8, 16 ], "texture": "#Bodenplatte" },
				"north": { "uv": [ 0, 8, 8, 16 ], "texture": "#Bodenplatte" },
				"south": { "uv": [ 0, 8, 8, 16 ], "texture": "#Bodenplatte" },
				"west": { "uv": [ 0, 8, 8, 16 ], "texture": "#Bodenplatte" },
				"east": { "uv": [ 0, 8, 8, 16 ], "texture": "#Bodenplatte" }
			}
		},
		{
			"__comment": "Radhalter1-5",
			"from": [ 11, 7.5, 7 ],
			"to": [ 14, 14.5, 9 ],
			"rotation": { "origin": [ 12.5, 11, 8 ], "axis": "x", "angle": -22.5 },
			"faces": {
				"down": { "uv": [ 0, 8, 8, 16 ], "texture": "#Bodenplatte" },
				"up": { "uv": [ 0, 8, 8, 16 ], "texture": "#Bodenplatte" },
				"north": { "uv": [ 0, 8, 8, 16 ], "texture": "#Bodenplatte" },
				"south": { "uv": [ 0, 8, 8, 16 ], "texture": "#Bodenplatte" },
				"west": { "uv": [ 0, 8, 8, 16 ], "texture": "#Bodenplatte" },
				"east": { "uv": [ 0, 8, 8, 16 ], "texture": "#Bodenplatte" }
			}
		},
		{
			"__comment": "Halter1",
			"from": [ 11.5, 2, 11 ],
			"to": [ 13.5, 7, 13 ],
			"rotation": { "origin": [ 11.5, 2, 11 ], "axis": "x", "angle": -22.5 },
			"faces": {
				"down": { "uv": [ 8, 1, 16, 5 ], "texture": "#Bodenplatte", "rotation": 270 },
				"up": { "uv": [ 8, 1, 16, 5 ], "texture": "#Bodenplatte", "rotation": 270 },
				"north": { "uv": [ 8, 1, 16, 5 ], "texture": "#Bodenplatte", "rotation": 270 },
				"south": { "uv": [ 8, 1, 16, 5 ], "texture": "#Bodenplatte", "rotation": 270 },
				"west": { "uv": [ 8, 1, 16, 5 ], "texture": "#Bodenplatte", "rotation": 270 },
				"east": { "uv": [ 8, 1, 16, 5 ], "texture": "#Bodenplatte", "rotation": 270 }
			}
		},
		{
			"__comment": "Rad2-",
			"from": [ 9.55, 5.949, 6.7626 ],
			"to": [ 11.45, 15.949, 9.2626 ],
			"rotation": { "origin": [ 10.5, 11, 8 ], "axis": "x", "angle": -22.5 },
			"faces": {
				"down": { "uv": [ 0, 0, 8, 8 ], "texture": "#Bodenplatte" },
				"up": { "uv": [ 0, 0, 8, 8 ], "texture": "#Bodenplatte" },
				"north": { "uv": [ 0, 0, 8, 8 ], "texture": "#Bodenplatte" },
				"south": { "uv": [ 0, 0, 8, 8 ], "texture": "#Bodenplatte" },
				"west": { "uv": [ 0, 0, 8, 8 ], "texture": "#Bodenplatte" },
				"east": { "uv": [ 0, 0, 8, 8 ], "texture": "#Bodenplatte" }
			}
		},
		{
			"__comment": "Rad2-",
			"from": [ 9.55, 9.7626, 3.051 ],
			"to": [ 11.45, 12.2626, 13.051 ],
			"rotation": { "origin": [ 10.5, 11, 8 ], "axis": "x", "angle": 22.5 },
			"faces": {
				"down": { "uv": [ 0, 0, 8, 8 ], "texture": "#Bodenplatte" },
				"up": { "uv": [ 0, 0, 8, 8 ], "texture": "#Bodenplatte" },
				"north": { "uv": [ 0, 0, 8, 8 ], "texture": "#Bodenplatte" },
				"south": { "uv": [ 0, 0, 8, 8 ], "texture": "#Bodenplatte" },
				"west": { "uv": [ 0, 0, 8, 8 ], "texture": "#Bodenplatte" },
				"east": { "uv": [ 0, 0, 8, 8 ], "texture": "#Bodenplatte" }
			}
		},
		{
			"__comment": "Radhalter1-1",
			"from": [ 11, 10, 4.5 ],
			"to": [ 14, 12, 11.5 ],
			"rotation": { "origin": [ 12.5, 11, 8 ], "axis": "x", "angle": -22.5 },
			"faces": {
				"down": { "uv": [ 0, 8, 8, 16 ], "texture": "#Bodenplatte" },
				"up": { "uv": [ 0, 8, 8, 16 ], "texture": "#Bodenplatte" },
				"north": { "uv": [ 0, 8, 8, 16 ], "texture": "#Bodenplatte" },
				"south": { "uv": [ 0, 8, 8, 16 ], "texture": "#Bodenplatte" },
				"west": { "uv": [ 0, 8, 8, 16 ], "texture": "#Bodenplatte" },
				"east": { "uv": [ 0, 8, 8, 16 ], "texture": "#Bodenplatte" }
			}
		},
		{
			"__comment": "Radhalter1-",
			"from": [ 11, 10, 4.5 ],
			"to": [ 14, 12, 11.5 ],
			"faces": {
				"down": { "uv": [ 0, 8, 8, 16 ], "texture": "#Bodenplatte" },
				"up": { "uv": [ 0, 8, 8, 16 ], "texture": "#Bodenplatte" },
				"north": { "uv": [ 0, 8, 8, 16 ], "texture": "#Bodenplatte" },
				"south": { "uv": [ 0, 8, 8, 16 ], "texture": "#Bodenplatte" },
				"west": { "uv": [ 0, 8, 8, 16 ], "texture": "#Bodenplatte" },
				"east": { "uv": [ 0, 8, 8, 16 ], "texture": "#Bodenplatte" }
			}
		},
		{
			"__comment": "Radhalter1-",
			"from": [ 11, 10, 4.5 ],
			"to": [ 14, 12, 11.5 ],
			"rotation": { "origin": [ 12.5, 11, 8 ], "axis": "x", "angle": 22.5 },
			"faces": {
				"down": { "uv": [ 0, 8, 8, 16 ], "texture": "#Bodenplatte" },
				"up": { "uv": [ 0, 8, 8, 16 ], "texture": "#Bodenplatte" },
				"north": { "uv": [ 0, 8, 8, 16 ], "texture": "#Bodenplatte" },
				"south": { "uv": [ 0, 8, 8, 16 ], "texture": "#Bodenplatte" },
				"west": { "uv": [ 0, 8, 8, 16 ], "texture": "#Bodenplatte" },
				"east": { "uv": [ 0, 8, 8, 16 ], "texture": "#Bodenplatte" }
			}
		},
		{
			"__comment": "Rad2-3",
			"from": [ 9.55, 9.7373, 2.9491 ],
			"to": [ 11.45, 12.2373, 12.9491 ],
			"rotation": { "origin": [ 10.5, 11, 8 ], "axis": "x", "angle": -22.5 },
			"faces": {
				"down": { "uv": [ 0, 0, 8, 8 ], "texture": "#Bodenplatte" },
				"up": { "uv": [ 0, 0, 8, 8 ], "texture": "#Bodenplatte" },
				"north": { "uv": [ 0, 0, 8, 8 ], "texture": "#Bodenplatte" },
				"south": { "uv": [ 0, 0, 8, 8 ], "texture": "#Bodenplatte" },
				"west": { "uv": [ 0, 0, 8, 8 ], "texture": "#Bodenplatte" },
				"east": { "uv": [ 0, 0, 8, 8 ], "texture": "#Bodenplatte" }
			}
		},
		{
			"__comment": "Rad1-3",
			"from": [ 13.55, 9.7373, 2.9491 ],
			"to": [ 15.45, 12.2373, 12.9491 ],
			"rotation": { "origin": [ 14.5, 11, 8 ], "axis": "x", "angle": -22.5 },
			"faces": {
				"down": { "uv": [ 0, 0, 8, 8 ], "texture": "#Bodenplatte" },
				"up": { "uv": [ 0, 0, 8, 8 ], "texture": "#Bodenplatte" },
				"north": { "uv": [ 0, 0, 8, 8 ], "texture": "#Bodenplatte" },
				"south": { "uv": [ 0, 0, 8, 8 ], "texture": "#Bodenplatte" },
				"west": { "uv": [ 0, 0, 8, 8 ], "texture": "#Bodenplatte" },
				"east": { "uv": [ 0, 0, 8, 8 ], "texture": "#Bodenplatte" }
			}
		},
		{
			"__comment": "Rad1-",
			"from": [ 13.55, 5.949, 6.7626 ],
			"to": [ 15.45, 15.949, 9.2626 ],
			"rotation": { "origin": [ 14.5, 11, 8 ], "axis": "x", "angle": -22.5 },
			"faces": {
				"down": { "uv": [ 0, 0, 8, 8 ], "texture": "#Bodenplatte" },
				"up": { "uv": [ 0, 0, 8, 8 ], "texture": "#Bodenplatte" },
				"north": { "uv": [ 0, 0, 8, 8 ], "texture": "#Bodenplatte" },
				"south": { "uv": [ 0, 0, 8, 8 ], "texture": "#Bodenplatte" },
				"west": { "uv": [ 0, 0, 8, 8 ], "texture": "#Bodenplatte" },
				"east": { "uv": [ 0, 0, 8, 8 ], "texture": "#Bodenplatte" }
			}
		},
		{
			"__comment": "Rad1-",
			"from": [ 13.55, 5.949, 6.7626 ],
			"to": [ 15.45, 15.949, 9.2626 ],
			"rotation": { "origin": [ 14.5, 11, 8 ], "axis": "x", "angle": -45 },
			"faces": {
				"down": { "uv": [ 0, 0, 8, 8 ], "texture": "#Bodenplatte" },
				"up": { "uv": [ 0, 0, 8, 8 ], "texture": "#Bodenplatte" },
				"north": { "uv": [ 0, 0, 8, 8 ], "texture": "#Bodenplatte" },
				"south": { "uv": [ 0, 0, 8, 8 ], "texture": "#Bodenplatte" },
				"west": { "uv": [ 0, 0, 8, 8 ], "texture": "#Bodenplatte" },
				"east": { "uv": [ 0, 0, 8, 8 ], "texture": "#Bodenplatte" }
			}
		},
		{
			"__comment": "Rad1-",
			"from": [ 4.55, 5.949, 6.7626 ],
			"to": [ 6.45, 15.949, 9.2626 ],
			"rotation": { "origin": [ 5.5, 11, 8 ], "axis": "x", "angle": -45 },
			"faces": {
				"down": { "uv": [ 0, 0, 8, 8 ], "texture": "#Bodenplatte" },
				"up": { "uv": [ 0, 0, 8, 8 ], "texture": "#Bodenplatte" },
				"north": { "uv": [ 0, 0, 8, 8 ], "texture": "#Bodenplatte" },
				"south": { "uv": [ 0, 0, 8, 8 ], "texture": "#Bodenplatte" },
				"west": { "uv": [ 0, 0, 8, 8 ], "texture": "#Bodenplatte" },
				"east": { "uv": [ 0, 0, 8, 8 ], "texture": "#Bodenplatte" }
			}
		},
		{
			"__comment": "Halter1",
			"from": [ 2.5, 3, 3 ],
			"to": [ 4.5, 8, 5 ],
			"rotation": { "origin": [ 2.5, 3, 3 ], "axis": "x", "angle": 22.5 },
			"faces": {
				"down": { "uv": [ 8, 1, 16, 5 ], "texture": "#Bodenplatte", "rotation": 270 },
				"up": { "uv": [ 8, 1, 16, 5 ], "texture": "#Bodenplatte", "rotation": 270 },
				"north": { "uv": [ 8, 1, 16, 5 ], "texture": "#Bodenplatte", "rotation": 270 },
				"south": { "uv": [ 8, 1, 16, 5 ], "texture": "#Bodenplatte", "rotation": 270 },
				"west": { "uv": [ 8, 1, 16, 5 ], "texture": "#Bodenplatte", "rotation": 270 },
				"east": { "uv": [ 8, 1, 16, 5 ], "texture": "#Bodenplatte", "rotation": 270 }
			}
		},
		{
			"__comment": "Halter1",
			"from": [ 2.5, 2, 5 ],
			"to": [ 4.5, 10, 11 ],
			"faces": {
				"down": { "uv": [ 8, 1, 16, 5 ], "texture": "#Bodenplatte", "rotation": 270 },
				"up": { "uv": [ 8, 1, 16, 5 ], "texture": "#Bodenplatte", "rotation": 270 },
				"north": { "uv": [ 8, 1, 16, 5 ], "texture": "#Bodenplatte", "rotation": 270 },
				"south": { "uv": [ 8, 1, 16, 5 ], "texture": "#Bodenplatte", "rotation": 270 },
				"west": { "uv": [ 8, 1, 16, 5 ], "texture": "#Bodenplatte", "rotation": 270 },
				"east": { "uv": [ 8, 1, 16, 5 ], "texture": "#Bodenplatte", "rotation": 270 }
			}
		},
		{
			"__comment": "Rad2-1",
			"from": [ 0.5, 7.4645, 4.4645 ],
			"to": [ 2.5, 14.4645, 11.4645 ],
			"rotation": { "origin": [ 1.5, 11, 8 ], "axis": "x", "angle": -45 },
			"faces": {
				"down": { "uv": [ 0, 0, 8, 8 ], "texture": "#Bodenplatte" },
				"up": { "uv": [ 0, 0, 8, 8 ], "texture": "#Bodenplatte" },
				"north": { "uv": [ 0, 0, 8, 8 ], "texture": "#Bodenplatte" },
				"south": { "uv": [ 0, 0, 8, 8 ], "texture": "#Bodenplatte" },
				"west": { "uv": [ 0, 0, 8, 8 ], "texture": "#Bodenplatte" },
				"east": { "uv": [ 0, 0, 8, 8 ], "texture": "#Bodenplatte" }
			}
		},
		{
			"__comment": "Rad2-2",
			"from": [ 0.55, 9.7373, 2.9491 ],
			"to": [ 2.45, 12.2373, 12.9491 ],
			"faces": {
				"down": { "uv": [ 0, 0, 8, 8 ], "texture": "#Bodenplatte" },
				"up": { "uv": [ 0, 0, 8, 8 ], "texture": "#Bodenplatte" },
				"north": { "uv": [ 0, 0, 8, 8 ], "texture": "#Bodenplatte" },
				"south": { "uv": [ 0, 0, 8, 8 ], "texture": "#Bodenplatte" },
				"west": { "uv": [ 0, 0, 8, 8 ], "texture": "#Bodenplatte" },
				"east": { "uv": [ 0, 0, 8, 8 ], "texture": "#Bodenplatte" }
			}
		},
		{
			"__comment": "Rad2-3",
			"from": [ 0.55, 9.7373, 2.9491 ],
			"to": [ 2.45, 12.2373, 12.9491 ],
			"rotation": { "origin": [ 1.5, 11, 8 ], "axis": "x", "angle": -45 },
			"faces": {
				"down": { "uv": [ 0, 0, 8, 8 ], "texture": "#Bodenplatte" },
				"up": { "uv": [ 0, 0, 8, 8 ], "texture": "#Bodenplatte" },
				"north": { "uv": [ 0, 0, 8, 8 ], "texture": "#Bodenplatte" },
				"south": { "uv": [ 0, 0, 8, 8 ], "texture": "#Bodenplatte" },
				"west": { "uv": [ 0, 0, 8, 8 ], "texture": "#Bodenplatte" },
				"east": { "uv": [ 0, 0, 8, 8 ], "texture": "#Bodenplatte" }
			}
		},
		{
			"__comment": "Rad2-4",
			"from": [ 0.55, 5.9491, 6.7627 ],
			"to": [ 2.45, 15.9491, 9.262699 ],
			"rotation": { "origin": [ 1.5, 11, 8 ], "axis": "x", "angle": 22.5 },
			"faces": {
				"down": { "uv": [ 0, 0, 8, 8 ], "texture": "#Bodenplatte" },
				"up": { "uv": [ 0, 0, 8, 8 ], "texture": "#Bodenplatte" },
				"north": { "uv": [ 0, 0, 8, 8 ], "texture": "#Bodenplatte" },
				"south": { "uv": [ 0, 0, 8, 8 ], "texture": "#Bodenplatte" },
				"west": { "uv": [ 0, 0, 8, 8 ], "texture": "#Bodenplatte" },
				"east": { "uv": [ 0, 0, 8, 8 ], "texture": "#Bodenplatte" }
			}
		},
		{
			"__comment": "Rad2-5",
			"from": [ 0.55, 9.7374, 3.051 ],
			"to": [ 2.45, 12.2374, 13.051 ],
			"faces": {
				"down": { "uv": [ 0, 0, 8, 8 ], "texture": "#Bodenplatte" },
				"up": { "uv": [ 0, 0, 8, 8 ], "texture": "#Bodenplatte" },
				"north": { "uv": [ 0, 0, 8, 8 ], "texture": "#Bodenplatte" },
				"south": { "uv": [ 0, 0, 8, 8 ], "texture": "#Bodenplatte" },
				"west": { "uv": [ 0, 0, 8, 8 ], "texture": "#Bodenplatte" },
				"east": { "uv": [ 0, 0, 8, 8 ], "texture": "#Bodenplatte" }
			}
		},
		{
			"__comment": "Rad2-6",
			"from": [ 0.55, 5.949, 6.7626 ],
			"to": [ 2.45, 15.949, 9.2626 ],
			"faces": {
				"down": { "uv": [ 0, 0, 8, 8 ], "texture": "#Bodenplatte" },
				"up": { "uv": [ 0, 0, 8, 8 ], "texture": "#Bodenplatte" },
				"north": { "uv": [ 0, 0, 8, 8 ], "texture": "#Bodenplatte" },
				"south": { "uv": [ 0, 0, 8, 8 ], "texture": "#Bodenplatte" },
				"west": { "uv": [ 0, 0, 8, 8 ], "texture": "#Bodenplatte" },
				"east": { "uv": [ 0, 0, 8, 8 ], "texture": "#Bodenplatte" }
			}
		},
		{
			"__comment": "Rad2-",
			"from": [ 0.55, 9.7626, 3.051 ],
			"to": [ 2.45, 12.2626, 13.051 ],
			"rotation": { "origin": [ 1.5, 11, 8 ], "axis": "x", "angle": 45 },
			"faces": {
				"down": { "uv": [ 0, 0, 8, 8 ], "texture": "#Bodenplatte" },
				"up": { "uv": [ 0, 0, 8, 8 ], "texture": "#Bodenplatte" },
				"north": { "uv": [ 0, 0, 8, 8 ], "texture": "#Bodenplatte" },
				"south": { "uv": [ 0, 0, 8, 8 ], "texture": "#Bodenplatte" },
				"west": { "uv": [ 0, 0, 8, 8 ], "texture": "#Bodenplatte" },
				"east": { "uv": [ 0, 0, 8, 8 ], "texture": "#Bodenplatte" }
			}
		},
		{
			"__comment": "Rad1-",
			"from": [ 4.55, 9.7626, 3.051 ],
			"to": [ 6.45, 12.2626, 13.051 ],
			"rotation": { "origin": [ 5.5, 11, 8 ], "axis": "x", "angle": 22.5 },
			"faces": {
				"down": { "uv": [ 0, 0, 8, 8 ], "texture": "#Bodenplatte" },
				"up": { "uv": [ 0, 0, 8, 8 ], "texture": "#Bodenplatte" },
				"north": { "uv": [ 0, 0, 8, 8 ], "texture": "#Bodenplatte" },
				"south": { "uv": [ 0, 0, 8, 8 ], "texture": "#Bodenplatte" },
				"west": { "uv": [ 0, 0, 8, 8 ], "texture": "#Bodenplatte" },
				"east": { "uv": [ 0, 0, 8, 8 ], "texture": "#Bodenplatte" }
			}
		},
		{
			"__comment": "Rad1-1",
			"from": [ 4.5, 7.4645, 4.4645 ],
			"to": [ 6.5, 14.4645, 11.4645 ],
			"rotation": { "origin": [ 5.5, 11, 8 ], "axis": "x", "angle": -45 },
			"faces": {
				"down": { "uv": [ 0, 0, 8, 8 ], "texture": "#Bodenplatte" },
				"up": { "uv": [ 0, 0, 8, 8 ], "texture": "#Bodenplatte" },
				"north": { "uv": [ 0, 0, 8, 8 ], "texture": "#Bodenplatte" },
				"south": { "uv": [ 0, 0, 8, 8 ], "texture": "#Bodenplatte" },
				"west": { "uv": [ 0, 0, 8, 8 ], "texture": "#Bodenplatte" },
				"east": { "uv": [ 0, 0, 8, 8 ], "texture": "#Bodenplatte" }
			}
		},
		{
			"__comment": "Rad1-2",
			"from": [ 4.55, 9.7373, 2.9491 ],
			"to": [ 6.45, 12.2373, 12.9491 ],
			"faces": {
				"down": { "uv": [ 0, 0, 8, 8 ], "texture": "#Bodenplatte" },
				"up": { "uv": [ 0, 0, 8, 8 ], "texture": "#Bodenplatte" },
				"north": { "uv": [ 0, 0, 8, 8 ], "texture": "#Bodenplatte" },
				"south": { "uv": [ 0, 0, 8, 8 ], "texture": "#Bodenplatte" },
				"west": { "uv": [ 0, 0, 8, 8 ], "texture": "#Bodenplatte" },
				"east": { "uv": [ 0, 0, 8, 8 ], "texture": "#Bodenplatte" }
			}
		},
		{
			"__comment": "Rad1-3",
			"from": [ 4.55, 9.7373, 2.9491 ],
			"to": [ 6.45, 12.2373, 12.9491 ],
			"rotation": { "origin": [ 5.5, 11, 8 ], "axis": "x", "angle": -45 },
			"faces": {
				"down": { "uv": [ 0, 0, 8, 8 ], "texture": "#Bodenplatte" },
				"up": { "uv": [ 0, 0, 8, 8 ], "texture": "#Bodenplatte" },
				"north": { "uv": [ 0, 0, 8, 8 ], "texture": "#Bodenplatte" },
				"south": { "uv": [ 0, 0, 8, 8 ], "texture": "#Bodenplatte" },
				"west": { "uv": [ 0, 0, 8, 8 ], "texture": "#Bodenplatte" },
				"east": { "uv": [ 0, 0, 8, 8 ], "texture": "#Bodenplatte" }
			}
		},
		{
			"__comment": "Rad1-4",
			"from": [ 4.55, 5.9491, 6.7627 ],
			"to": [ 6.45, 15.9491, 9.262699 ],
			"rotation": { "origin": [ 5.5, 11, 8 ], "axis": "x", "angle": 22.5 },
			"faces": {
				"down": { "uv": [ 0, 0, 8, 8 ], "texture": "#Bodenplatte" },
				"up": { "uv": [ 0, 0, 8, 8 ], "texture": "#Bodenplatte" },
				"north": { "uv": [ 0, 0, 8, 8 ], "texture": "#Bodenplatte" },
				"south": { "uv": [ 0, 0, 8, 8 ], "texture": "#Bodenplatte" },
				"west": { "uv": [ 0, 0, 8, 8 ], "texture": "#Bodenplatte" },
				"east": { "uv": [ 0, 0, 8, 8 ], "texture": "#Bodenplatte" }
			}
		},
		{
			"__comment": "Rad1-5",
			"from": [ 4.55, 9.7374, 3.051 ],
			"to": [ 6.45, 12.2374, 13.051 ],
			"faces": {
				"down": { "uv": [ 0, 0, 8, 8 ], "texture": "#Bodenplatte" },
				"up": { "uv": [ 0, 0, 8, 8 ], "texture": "#Bodenplatte" },
				"north": { "uv": [ 0, 0, 8, 8 ], "texture": "#Bodenplatte" },
				"south": { "uv": [ 0, 0, 8, 8 ], "texture": "#Bodenplatte" },
				"west": { "uv": [ 0, 0, 8, 8 ], "texture": "#Bodenplatte" },
				"east": { "uv": [ 0, 0, 8, 8 ], "texture": "#Bodenplatte" }
			}
		},
		{
			"__comment": "Rad1-6",
			"from": [ 4.55, 5.949, 6.7626 ],
			"to": [ 6.45, 15.949, 9.2626 ],
			"faces": {
				"down": { "uv": [ 0, 0, 8, 8 ], "texture": "#Bodenplatte" },
				"up": { "uv": [ 0, 0, 8, 8 ], "texture": "#Bodenplatte" },
				"north": { "uv": [ 0, 0, 8, 8 ], "texture": "#Bodenplatte" },
				"south": { "uv": [ 0, 0, 8, 8 ], "texture": "#Bodenplatte" },
				"west": { "uv": [ 0, 0, 8, 8 ], "texture": "#Bodenplatte" },
				"east": { "uv": [ 0, 0, 8, 8 ], "texture": "#Bodenplatte" }
			}
		},
		{
			"__comment": "Radhalter1-",
			"from": [ 2, 10, 4.5 ],
			"to": [ 5, 12, 11.5 ],
			"rotation": { "origin": [ 3.5, 11, 8 ], "axis": "x", "angle": 45 },
			"faces": {
				"down": { "uv": [ 0, 8, 8, 16 ], "texture": "#Bodenplatte" },
				"up": { "uv": [ 0, 8, 8, 16 ], "texture": "#Bodenplatte" },
				"north": { "uv": [ 0, 8, 8, 16 ], "texture": "#Bodenplatte" },
				"south": { "uv": [ 0, 8, 8, 16 ], "texture": "#Bodenplatte" },
				"west": { "uv": [ 0, 8, 8, 16 ], "texture": "#Bodenplatte" },
				"east": { "uv": [ 0, 8, 8, 16 ], "texture": "#Bodenplatte" }
			}
		},
		{
			"__comment": "Radhalter1-1",
			"from": [ 2, 10, 4.5 ],
			"to": [ 5, 12, 11.5 ],
			"rotation": { "origin": [ 3.5, 11, 8 ], "axis": "x", "angle": -45 },
			"faces": {
				"down": { "uv": [ 0, 8, 8, 16 ], "texture": "#Bodenplatte" },
				"up": { "uv": [ 0, 8, 8, 16 ], "texture": "#Bodenplatte" },
				"north": { "uv": [ 0, 8, 8, 16 ], "texture": "#Bodenplatte" },
				"south": { "uv": [ 0, 8, 8, 16 ], "texture": "#Bodenplatte" },
				"west": { "uv": [ 0, 8, 8, 16 ], "texture": "#Bodenplatte" },
				"east": { "uv": [ 0, 8, 8, 16 ], "texture": "#Bodenplatte" }
			}
		},
		{
			"__comment": "Radhalter1-2",
			"from": [ 2, 10, 4.5 ],
			"to": [ 5, 12, 11.5 ],
			"faces": {
				"down": { "uv": [ 0, 8, 8, 16 ], "texture": "#Bodenplatte" },
				"up": { "uv": [ 0, 8, 8, 16 ], "texture": "#Bodenplatte" },
				"north": { "uv": [ 0, 8, 8, 16 ], "texture": "#Bodenplatte" },
				"south": { "uv": [ 0, 8, 8, 16 ], "texture": "#Bodenplatte" },
				"west": { "uv": [ 0, 8, 8, 16 ], "texture": "#Bodenplatte" },
				"east": { "uv": [ 0, 8, 8, 16 ], "texture": "#Bodenplatte" }
			}
		},
		{
			"__comment": "Radhalter1-3",
			"from": [ 2, 7.5, 7 ],
			"to": [ 5, 14.5, 9 ],
			"rotation": { "origin": [ 3.5, 11, 8 ], "axis": "x", "angle": 22.5 },
			"faces": {
				"down": { "uv": [ 0, 8, 8, 16 ], "texture": "#Bodenplatte" },
				"up": { "uv": [ 0, 8, 8, 16 ], "texture": "#Bodenplatte" },
				"north": { "uv": [ 0, 8, 8, 16 ], "texture": "#Bodenplatte" },
				"south": { "uv": [ 0, 8, 8, 16 ], "texture": "#Bodenplatte" },
				"west": { "uv": [ 0, 8, 8, 16 ], "texture": "#Bodenplatte" },
				"east": { "uv": [ 0, 8, 8, 16 ], "texture": "#Bodenplatte" }
			}
		},
		{
			"__comment": "Radhalter1-4",
			"from": [ 2, 7.5, 7 ],
			"to": [ 5, 14.5, 9 ],
			"faces": {
				"down": { "uv": [ 0, 8, 8, 16 ], "texture": "#Bodenplatte" },
				"up": { "uv": [ 0, 8, 8, 16 ], "texture": "#Bodenplatte" },
				"north": { "uv": [ 0, 8, 8, 16 ], "texture": "#Bodenplatte" },
				"south": { "uv": [ 0, 8, 8, 16 ], "texture": "#Bodenplatte" },
				"west": { "uv": [ 0, 8, 8, 16 ], "texture": "#Bodenplatte" },
				"east": { "uv": [ 0, 8, 8, 16 ], "texture": "#Bodenplatte" }
			}
		},
		{
			"__comment": "Radhalter1-5",
			"from": [ 2, 7.5, 7 ],
			"to": [ 5, 14.5, 9 ],
			"rotation": { "origin": [ 3.5, 11, 8 ], "axis": "x", "angle": -22.5 },
			"faces": {
				"down": { "uv": [ 0, 8, 8, 16 ], "texture": "#Bodenplatte" },
				"up": { "uv": [ 0, 8, 8, 16 ], "texture": "#Bodenplatte" },
				"north": { "uv": [ 0, 8, 8, 16 ], "texture": "#Bodenplatte" },
				"south": { "uv": [ 0, 8, 8, 16 ], "texture": "#Bodenplatte" },
				"west": { "uv": [ 0, 8, 8, 16 ], "texture": "#Bodenplatte" },
				"east": { "uv": [ 0, 8, 8, 16 ], "texture": "#Bodenplatte" }
			}
		},
		{
			"__comment": "Halter1",
			"from": [ 2.5, 2, 11 ],
			"to": [ 4.5, 7, 13 ],
			"rotation": { "origin": [ 2.5, 2, 11 ], "axis": "x", "angle": -22.5 },
			"faces": {
				"down": { "uv": [ 8, 1, 16, 5 ], "texture": "#Bodenplatte", "rotation": 270 },
				"up": { "uv": [ 8, 1, 16, 5 ], "texture": "#Bodenplatte", "rotation": 270 },
				"north": { "uv": [ 8, 1, 16, 5 ], "texture": "#Bodenplatte", "rotation": 270 },
				"south": { "uv": [ 8, 1, 16, 5 ], "texture": "#Bodenplatte", "rotation": 270 },
				"west": { "uv": [ 8, 1, 16, 5 ], "texture": "#Bodenplatte", "rotation": 270 },
				"east": { "uv": [ 8, 1, 16, 5 ], "texture": "#Bodenplatte", "rotation": 270 }
			}
		},
		{
			"__comment": "Rad2-",
			"from": [ 0.55, 5.949, 6.7626 ],
			"to": [ 2.45, 15.949, 9.2626 ],
			"rotation": { "origin": [ 1.5, 11, 8 ], "axis": "x", "angle": -22.5 },
			"faces": {
				"down": { "uv": [ 0, 0, 8, 8 ], "texture": "#Bodenplatte" },
				"up": { "uv": [ 0, 0, 8, 8 ], "texture": "#Bodenplatte" },
				"north": { "uv": [ 0, 0, 8, 8 ], "texture": "#Bodenplatte" },
				"south": { "uv": [ 0, 0, 8, 8 ], "texture": "#Bodenplatte" },
				"west": { "uv": [ 0, 0, 8, 8 ], "texture": "#Bodenplatte" },
				"east": { "uv": [ 0, 0, 8, 8 ], "texture": "#Bodenplatte" }
			}
		},
		{
			"__comment": "Rad2-",
			"from": [ 0.55, 9.7626, 3.051 ],
			"to": [ 2.45, 12.2626, 13.051 ],
			"rotation": { "origin": [ 1.5, 11, 8 ], "axis": "x", "angle": 22.5 },
			"faces": {
				"down": { "uv": [ 0, 0, 8, 8 ], "texture": "#Bodenplatte" },
				"up": { "uv": [ 0, 0, 8, 8 ], "texture": "#Bodenplatte" },
				"north": { "uv": [ 0, 0, 8, 8 ], "texture": "#Bodenplatte" },
				"south": { "uv": [ 0, 0, 8, 8 ], "texture": "#Bodenplatte" },
				"west": { "uv": [ 0, 0, 8, 8 ], "texture": "#Bodenplatte" },
				"east": { "uv": [ 0, 0, 8, 8 ], "texture": "#Bodenplatte" }
			}
		},
		{
			"__comment": "Radhalter1-1",
			"from": [ 2, 10, 4.5 ],
			"to": [ 5, 12, 11.5 ],
			"rotation": { "origin": [ 3.5, 11, 8 ], "axis": "x", "angle": -22.5 },
			"faces": {
				"down": { "uv": [ 0, 8, 8, 16 ], "texture": "#Bodenplatte" },
				"up": { "uv": [ 0, 8, 8, 16 ], "texture": "#Bodenplatte" },
				"north": { "uv": [ 0, 8, 8, 16 ], "texture": "#Bodenplatte" },
				"south": { "uv": [ 0, 8, 8, 16 ], "texture": "#Bodenplatte" },
				"west": { "uv": [ 0, 8, 8, 16 ], "texture": "#Bodenplatte" },
				"east": { "uv": [ 0, 8, 8, 16 ], "texture": "#Bodenplatte" }
			}
		},
		{
			"__comment": "Radhalter1-",
			"from": [ 2, 10, 4.5 ],
			"to": [ 5, 12, 11.5 ],
			"faces": {
				"down": { "uv": [ 0, 8, 8, 16 ], "texture": "#Bodenplatte" },
				"up": { "uv": [ 0, 8, 8, 16 ], "texture": "#Bodenplatte" },
				"north": { "uv": [ 0, 8, 8, 16 ], "texture": "#Bodenplatte" },
				"south": { "uv": [ 0, 8, 8, 16 ], "texture": "#Bodenplatte" },
				"west": { "uv": [ 0, 8, 8, 16 ], "texture": "#Bodenplatte" },
				"east": { "uv": [ 0, 8, 8, 16 ], "texture": "#Bodenplatte" }
			}
		},
		{
			"__comment": "Radhalter1-",
			"from": [ 2, 10, 4.5 ],
			"to": [ 5, 12, 11.5 ],
			"rotation": { "origin": [ 3.5, 11, 8 ], "axis": "x", "angle": 22.5 },
			"faces": {
				"down": { "uv": [ 0, 8, 8, 16 ], "texture": "#Bodenplatte" },
				"up": { "uv": [ 0, 8, 8, 16 ], "texture": "#Bodenplatte" },
				"north": { "uv": [ 0, 8, 8, 16 ], "texture": "#Bodenplatte" },
				"south": { "uv": [ 0, 8, 8, 16 ], "texture": "#Bodenplatte" },
				"west": { "uv": [ 0, 8, 8, 16 ], "texture": "#Bodenplatte" },
				"east": { "uv": [ 0, 8, 8, 16 ], "texture": "#Bodenplatte" }
			}
		},
		{
			"__comment": "Rad2-3",
			"from": [ 0.55, 9.7373, 2.9491 ],
			"to": [ 2.45, 12.2373, 12.9491 ],
			"rotation": { "origin": [ 1.5, 11, 8 ], "axis": "x", "angle": -22.5 },
			"faces": {
				"down": { "uv": [ 0, 0, 8, 8 ], "texture": "#Bodenplatte" },
				"up": { "uv": [ 0, 0, 8, 8 ], "texture": "#Bodenplatte" },
				"north": { "uv": [ 0, 0, 8, 8 ], "texture": "#Bodenplatte" },
				"south": { "uv": [ 0, 0, 8, 8 ], "texture": "#Bodenplatte" },
				"west": { "uv": [ 0, 0, 8, 8 ], "texture": "#Bodenplatte" },
				"east": { "uv": [ 0, 0, 8, 8 ], "texture": "#Bodenplatte" }
			}
		},
		{
			"__comment": "Rad1-3",
			"from": [ 4.55, 9.7373, 2.9491 ],
			"to": [ 6.45, 12.2373, 12.9491 ],
			"rotation": { "origin": [ 5.5, 11, 8 ], "axis": "x", "angle": -22.5 },
			"faces": {
				"down": { "uv": [ 0, 0, 8, 8 ], "texture": "#Bodenplatte" },
				"up": { "uv": [ 0, 0, 8, 8 ], "texture": "#Bodenplatte" },
				"north": { "uv": [ 0, 0, 8, 8 ], "texture": "#Bodenplatte" },
				"south": { "uv": [ 0, 0, 8, 8 ], "texture": "#Bodenplatte" },
				"west": { "uv": [ 0, 0, 8, 8 ], "texture": "#Bodenplatte" },
				"east": { "uv": [ 0, 0, 8, 8 ], "texture": "#Bodenplatte" }
			}
		},
		{
			"__comment": "Rad1-",
			"from": [ 4.55, 5.949, 6.7626 ],
			"to": [ 6.45, 15.949, 9.2626 ],
			"rotation": { "origin": [ 5.5, 11, 8 ], "axis": "x", "angle": -22.5 },
			"faces": {
				"down": { "uv": [ 0, 0, 8, 8 ], "texture": "#Bodenplatte" },
				"up": { "uv": [ 0, 0, 8, 8 ], "texture": "#Bodenplatte" },
				"north": { "uv": [ 0, 0, 8, 8 ], "texture": "#Bodenplatte" },
				"south": { "uv": [ 0, 0, 8, 8 ], "texture": "#Bodenplatte" },
				"west": { "uv": [ 0, 0, 8, 8 ], "texture": "#Bodenplatte" },
				"east": { "uv": [ 0, 0, 8, 8 ], "texture": "#Bodenplatte" }
			}
		},
		{
			"__comment": "Halter1",
			"from": [ 11.5, 2, 5 ],
			"to": [ 13.5, 10, 11 ],
			"faces": {
				"down": { "uv": [ 8, 1, 16, 5 ], "texture": "#Bodenplatte", "rotation": 270 },
				"up": { "uv": [ 8, 1, 16, 5 ], "texture": "#Bodenplatte", "rotation": 270 },
				"north": { "uv": [ 8, 1, 16, 5 ], "texture": "#Bodenplatte", "rotation": 270 },
				"south": { "uv": [ 8, 1, 16, 5 ], "texture": "#Bodenplatte", "rotation": 270 },
				"west": { "uv": [ 8, 1, 16, 5 ], "texture": "#Bodenplatte", "rotation": 270 },
				"east": { "uv": [ 8, 1, 16, 5 ], "texture": "#Bodenplatte", "rotation": 270 }
			}
		}
	]
}