{"textures":{"0":"block/gold_block","texture":"block/gold_block","acacia_door_top":"block/white_concrete","sandstone_top":"block/gold_block","stoel":"block/white_concrete","lead_knot":"block/iron_bars","anvil":"block/gold_block","particle":"block/gold_block","wodih":"block/iron_trapdoor"},"elements":[{"name":"frame","from":[8,18.4937,-11.4625],"to":[9.8,20.2937,-9.6625],"rotation":{"angle":-45,"axis":"z","origin":[8,20.2937,-11.4625]},"faces":{"north":{"uv":[5,5,11,11],"texture":"#acacia_door_top"},"east":{"uv":[5,5,11,11],"texture":"#acacia_door_top"},"south":{"uv":[5,5,11,11],"texture":"#acacia_door_top"},"west":{"uv":[5,5,11,11],"texture":"#acacia_door_top"},"up":{"uv":[5,5,11,11],"texture":"#acacia_door_top"},"down":{"uv":[5,5,11,11],"texture":"#acacia_door_top"}}},{"name":"frame*","from":[7.55,18.775,-10.3938],"to":[8.45,21.475,-9.49375],"rotation":{"angle":22.5,"axis":"x","origin":[7.55,21.475,-10.3938]},"faces":{"north":{"uv":[5,5,11,11],"texture":"#acacia_door_top"},"east":{"uv":[5,5,11,11],"texture":"#acacia_door_top"},"south":{"uv":[5,5,11,11],"texture":"#acacia_door_top"},"west":{"uv":[5,5,11,11],"texture":"#acacia_door_top"},"up":{"uv":[5,5,11,11],"texture":"#acacia_door_top"},"down":{"uv":[5,5,11,11],"texture":"#acacia_door_top"}}},{"name":"frame*","from":[8,18.55,-11.35],"to":[10.7,19.45,-10.45],"rotation":{"angle":-22.5,"axis":"y","origin":[8,18.55,-11.35]},"faces":{"north":{"uv":[5,5,11,11],"texture":"#acacia_door_top"},"east":{"uv":[5,5,11,11],"texture":"#acacia_door_top"},"south":{"uv":[5,5,11,11],"texture":"#acacia_door_top"},"west":{"uv":[5,5,11,11],"texture":"#acacia_door_top"},"up":{"uv":[5,5,11,11],"texture":"#acacia_door_top"},"down":{"uv":[5,5,11,11],"texture":"#acacia_door_top"}}},{"name":"frame*","from":[5.525,18.55,-10.3375],"to":[8.225,19.45,-9.4375],"rotation":{"angle":22.5,"axis":"y","origin":[5.525,18.55,-10.3375]},"faces":{"north":{"uv":[5,5,11,11],"texture":"#acacia_door_top"},"east":{"uv":[5,5,11,11],"texture":"#acacia_door_top"},"south":{"uv":[5,5,11,11],"texture":"#acacia_door_top"},"west":{"uv":[5,5,11,11],"texture":"#acacia_door_top"},"up":{"uv":[5,5,11,11],"texture":"#acacia_door_top"},"down":{"uv":[5,5,11,11],"texture":"#acacia_door_top"}}},{"name":"frame*","from":[7.55,16.3,-11.35],"to":[8.45,19,-10.45],"rotation":{"angle":-22.5,"axis":"x","origin":[7.55,19,-11.35]},"faces":{"north":{"uv":[5,5,11,11],"texture":"#acacia_door_top"},"east":{"uv":[5,5,11,11],"texture":"#acacia_door_top"},"south":{"uv":[5,5,11,11],"texture":"#acacia_door_top"},"west":{"uv":[5,5,11,11],"texture":"#acacia_door_top"},"up":{"uv":[5,5,11,11],"texture":"#acacia_door_top"},"down":{"uv":[5,5,11,11],"texture":"#acacia_door_top"}}},{"name":"frame*","from":[8,18.7188,-13.6],"to":[8.9,19.6188,-11.35],"rotation":{"angle":-45,"axis":"z","origin":[8,19.6188,-13.6]},"faces":{"north":{"uv":[5,5,11,11],"texture":"#acacia_door_top"},"east":{"uv":[5,5,11,11],"texture":"#acacia_door_top"},"south":{"uv":[5,5,11,11],"texture":"#acacia_door_top"},"west":{"uv":[5,5,11,11],"texture":"#acacia_door_top"},"up":{"uv":[5,5,11,11],"texture":"#acacia_door_top"},"down":{"uv":[5,5,11,11],"texture":"#acacia_door_top"}}},{"name":"frame*","from":[7.55,19.9563,-7.24375],"to":[8.45,24.4563,-6.34375],"rotation":{"angle":45,"axis":"x","origin":[7.55,24.4563,-7.24375]},"faces":{"north":{"uv":[5,5,11,11],"texture":"#acacia_door_top"},"east":{"uv":[5,5,11,11],"texture":"#acacia_door_top"},"south":{"uv":[5,5,11,11],"texture":"#acacia_door_top"},"west":{"uv":[5,5,11,11],"texture":"#acacia_door_top"},"up":{"uv":[5,5,11,11],"texture":"#acacia_door_top"},"down":{"uv":[5,5,11,11],"texture":"#acacia_door_top"}}},{"name":"frame*","from":[9.575,18.55,-9.8875],"to":[10.475,19.45,-5.3875],"rotation":{"angle":45,"axis":"y","origin":[9.575,18.55,-9.8875]},"faces":{"north":{"uv":[5,5,11,11],"texture":"#acacia_door_top"},"east":{"uv":[5,5,11,11],"texture":"#acacia_door_top"},"south":{"uv":[5,5,11,11],"texture":"#acacia_door_top"},"west":{"uv":[5,5,11,11],"texture":"#acacia_door_top"},"up":{"uv":[5,5,11,11],"texture":"#acacia_door_top"},"down":{"uv":[5,5,11,11],"texture":"#acacia_door_top"}}},{"name":"frame*","from":[7.55,23.5563,-7.3],"to":[8.45,24.4563,-0.55],"rotation":{"angle":-22.5,"axis":"x","origin":[7.55,24.4563,-7.3]},"faces":{"north":{"uv":[5,5,11,11],"texture":"#acacia_door_top"},"east":{"uv":[5,5,11,11],"texture":"#acacia_door_top"},"south":{"uv":[5,5,11,11],"texture":"#acacia_door_top"},"west":{"uv":[5,5,11,11],"texture":"#acacia_door_top"},"up":{"uv":[5,5,11,11],"texture":"#acacia_door_top"},"down":{"uv":[5,5,11,11],"texture":"#acacia_door_top"}}},{"name":"frame*","from":[7.55,16.4688,-9.83125],"to":[8.45,17.3688,-5.33125],"rotation":{"angle":45,"axis":"x","origin":[7.55,17.3688,-9.83125]},"faces":{"north":{"uv":[5,5,11,11],"texture":"#acacia_door_top"},"east":{"uv":[5,5,11,11],"texture":"#acacia_door_top"},"south":{"uv":[5,5,11,11],"texture":"#acacia_door_top"},"west":{"uv":[5,5,11,11],"texture":"#acacia_door_top"},"up":{"uv":[5,5,11,11],"texture":"#acacia_door_top"},"down":{"uv":[5,5,11,11],"texture":"#acacia_door_top"}}},{"name":"frame*","from":[5.80625,18.55,-10.5063],"to":[6.70625,19.45,-6.00625],"rotation":{"angle":-45,"axis":"y","origin":[5.80625,18.55,-10.5063]},"faces":{"north":{"uv":[5,5,11,11],"texture":"#acacia_door_top"},"east":{"uv":[5,5,11,11],"texture":"#acacia_door_top"},"south":{"uv":[5,5,11,11],"texture":"#acacia_door_top"},"west":{"uv":[5,5,11,11],"texture":"#acacia_door_top"},"up":{"uv":[5,5,11,11],"texture":"#acacia_door_top"},"down":{"uv":[5,5,11,11],"texture":"#acacia_door_top"}}},{"name":"frame*","from":[7.55,13.5438,-6.9625],"to":[8.45,14.4438,-0.2125],"rotation":{"angle":22.5,"axis":"x","origin":[7.55,14.4438,-6.9625]},"faces":{"north":{"uv":[5,5,11,11],"texture":"#acacia_door_top"},"east":{"uv":[5,5,11,11],"texture":"#acacia_door_top"},"south":{"uv":[5,5,11,11],"texture":"#acacia_door_top"},"west":{"uv":[5,5,11,11],"texture":"#acacia_door_top"},"up":{"uv":[5,5,11,11],"texture":"#acacia_door_top"},"down":{"uv":[5,5,11,11],"texture":"#acacia_door_top"}}},{"name":"frame*","from":[2.6,18.55,-7.3],"to":[3.5,19.45,-0.55],"rotation":{"angle":-22.5,"axis":"y","origin":[2.6,18.55,-7.3]},"faces":{"north":{"uv":[5,5,11,11],"texture":"#acacia_door_top"},"east":{"uv":[5,5,11,11],"texture":"#acacia_door_top"},"south":{"uv":[5,5,11,11],"texture":"#acacia_door_top"},"west":{"uv":[5,5,11,11],"texture":"#acacia_door_top"},"up":{"uv":[5,5,11,11],"texture":"#acacia_door_top"},"down":{"uv":[5,5,11,11],"texture":"#acacia_door_top"}}},{"name":"frame*","from":[12.6125,18.55,-6.9625],"to":[13.5125,19.45,-0.2125],"rotation":{"angle":22.5,"axis":"y","origin":[12.6125,18.55,-6.9625]},"faces":{"north":{"uv":[5,5,11,11],"texture":"#acacia_door_top"},"east":{"uv":[5,5,11,11],"texture":"#acacia_door_top"},"south":{"uv":[5,5,11,11],"texture":"#acacia_door_top"},"west":{"uv":[5,5,11,11],"texture":"#acacia_door_top"},"up":{"uv":[5,5,11,11],"texture":"#acacia_door_top"},"down":{"uv":[5,5,11,11],"texture":"#acacia_door_top"}}},{"name":"frame*","from":[7.55,26.2,-1],"to":[8.45,27.1,15.65],"faces":{"north":{"uv":[5,5,11,11],"texture":"#acacia_door_top"},"east":{"uv":[5,5,11,11],"texture":"#acacia_door_top"},"south":{"uv":[5,5,11,11],"texture":"#acacia_door_top"},"west":{"uv":[5,5,11,11],"texture":"#acacia_door_top"},"up":{"uv":[5,5,11,11],"texture":"#acacia_door_top"},"down":{"uv":[5,5,11,11],"texture":"#acacia_door_top"}}},{"name":"frame*","from":[7.55,10.9,-1],"to":[8.45,11.8,15.65],"faces":{"north":{"uv":[5,5,11,11],"texture":"#acacia_door_top"},"east":{"uv":[5,5,11,11],"texture":"#acacia_door_top"},"south":{"uv":[5,5,11,11],"texture":"#acacia_door_top"},"west":{"uv":[5,5,11,11],"texture":"#acacia_door_top"},"up":{"uv":[5,5,11,11],"texture":"#acacia_door_top"},"down":{"uv":[5,5,11,11],"texture":"#acacia_door_top"}}},{"name":"frame*","from":[15.1875,18.55,-1],"to":[16.0875,19.45,15.65],"faces":{"north":{"uv":[5,5,11,11],"texture":"#acacia_door_top"},"east":{"uv":[5,5,11,11],"texture":"#acacia_door_top"},"south":{"uv":[5,5,11,11],"texture":"#acacia_door_top"},"west":{"uv":[5,5,11,11],"texture":"#acacia_door_top"},"up":{"uv":[5,5,11,11],"texture":"#acacia_door_top"},"down":{"uv":[5,5,11,11],"texture":"#acacia_door_top"}}},{"name":"frame*","from":[-0.1,18.55,-1],"to":[0.8,19.45,15.65],"faces":{"north":{"uv":[5,5,11,11],"texture":"#acacia_door_top"},"east":{"uv":[5,5,11,11],"texture":"#acacia_door_top"},"south":{"uv":[5,5,11,11],"texture":"#acacia_door_top"},"west":{"uv":[5,5,11,11],"texture":"#acacia_door_top"},"up":{"uv":[5,5,11,11],"texture":"#acacia_door_top"},"down":{"uv":[5,5,11,11],"texture":"#acacia_door_top"}}},{"name":"frame*","from":[7.55,26.2,15.65],"to":[8.45,27.1,25.1],"rotation":{"angle":22.5,"axis":"x","origin":[7.55,27.1,15.65]},"faces":{"north":{"uv":[5,5,11,11],"texture":"#acacia_door_top"},"east":{"uv":[5,5,11,11],"texture":"#acacia_door_top"},"south":{"uv":[5,5,11,11],"texture":"#acacia_door_top"},"west":{"uv":[5,5,11,11],"texture":"#acacia_door_top"},"up":{"uv":[5,5,11,11],"texture":"#acacia_door_top"},"down":{"uv":[5,5,11,11],"texture":"#acacia_door_top"}}},{"name":"frame*","from":[7.55,10.8438,15.3125],"to":[8.45,11.7438,24.7625],"rotation":{"angle":-22.5,"axis":"x","origin":[7.55,11.7438,15.3125]},"faces":{"north":{"uv":[5,5,11,11],"texture":"#acacia_door_top"},"east":{"uv":[5,5,11,11],"texture":"#acacia_door_top"},"south":{"uv":[5,5,11,11],"texture":"#acacia_door_top"},"west":{"uv":[5,5,11,11],"texture":"#acacia_door_top"},"up":{"uv":[5,5,11,11],"texture":"#acacia_door_top"},"down":{"uv":[5,5,11,11],"texture":"#acacia_door_top"}}},{"name":"frame*","from":[-0.1,18.55,15.65],"to":[0.8,19.45,25.1],"rotation":{"angle":22.5,"axis":"y","origin":[-0.1,18.55,15.65]},"faces":{"north":{"uv":[5,5,11,11],"texture":"#acacia_door_top"},"east":{"uv":[5,5,11,11],"texture":"#acacia_door_top"},"south":{"uv":[5,5,11,11],"texture":"#acacia_door_top"},"west":{"uv":[5,5,11,11],"texture":"#acacia_door_top"},"up":{"uv":[5,5,11,11],"texture":"#acacia_door_top"},"down":{"uv":[5,5,11,11],"texture":"#acacia_door_top"}}},{"name":"frame*","from":[15.2563,18.55,15.3125],"to":[16.1563,19.45,24.7625],"rotation":{"angle":-22.5,"axis":"y","origin":[15.2563,18.55,15.3125]},"faces":{"north":{"uv":[5,5,11,11],"texture":"#acacia_door_top"},"east":{"uv":[5,5,11,11],"texture":"#acacia_door_top"},"south":{"uv":[5,5,11,11],"texture":"#acacia_door_top"},"west":{"uv":[5,5,11,11],"texture":"#acacia_door_top"},"up":{"uv":[5,5,11,11],"texture":"#acacia_door_top"},"down":{"uv":[5,5,11,11],"texture":"#acacia_door_top"}}},{"name":"frame*","from":[7.55,22.6,24.2],"to":[8.45,23.5,29.6],"rotation":{"angle":45,"axis":"x","origin":[7.55,23.5,24.2]},"faces":{"north":{"uv":[5,5,11,11],"texture":"#acacia_door_top"},"east":{"uv":[5,5,11,11],"texture":"#acacia_door_top"},"south":{"uv":[5,5,11,11],"texture":"#acacia_door_top"},"west":{"uv":[5,5,11,11],"texture":"#acacia_door_top"},"up":{"uv":[5,5,11,11],"texture":"#acacia_door_top"},"down":{"uv":[5,5,11,11],"texture":"#acacia_door_top"}}},{"name":"frame*","from":[7.55,14.2187,23.5813],"to":[8.45,15.1187,28.9813],"rotation":{"angle":-45,"axis":"x","origin":[7.55,15.1187,23.5813]},"faces":{"north":{"uv":[5,5,11,11],"texture":"#acacia_door_top"},"east":{"uv":[5,5,11,11],"texture":"#acacia_door_top"},"south":{"uv":[5,5,11,11],"texture":"#acacia_door_top"},"west":{"uv":[5,5,11,11],"texture":"#acacia_door_top"},"up":{"uv":[5,5,11,11],"texture":"#acacia_door_top"},"down":{"uv":[5,5,11,11],"texture":"#acacia_door_top"}}},{"name":"frame*","from":[3.5,18.55,24.2],"to":[4.4,19.45,29.6],"rotation":{"angle":45,"axis":"y","origin":[3.5,18.55,24.2]},"faces":{"north":{"uv":[5,5,11,11],"texture":"#acacia_door_top"},"east":{"uv":[5,5,11,11],"texture":"#acacia_door_top"},"south":{"uv":[5,5,11,11],"texture":"#acacia_door_top"},"west":{"uv":[5,5,11,11],"texture":"#acacia_door_top"},"up":{"uv":[5,5,11,11],"texture":"#acacia_door_top"},"down":{"uv":[5,5,11,11],"texture":"#acacia_door_top"}}},{"name":"frame*","from":[11.8813,18.55,23.5813],"to":[12.7813,19.45,28.9813],"rotation":{"angle":-45,"axis":"y","origin":[11.8813,18.55,23.5813]},"faces":{"north":{"uv":[5,5,11,11],"texture":"#acacia_door_top"},"east":{"uv":[5,5,11,11],"texture":"#acacia_door_top"},"south":{"uv":[5,5,11,11],"texture":"#acacia_door_top"},"west":{"uv":[5,5,11,11],"texture":"#acacia_door_top"},"up":{"uv":[5,5,11,11],"texture":"#acacia_door_top"},"down":{"uv":[5,5,11,11],"texture":"#acacia_door_top"}}},{"name":"frame*","from":[8,18.4937,26.45],"to":[9.8,20.2937,28.25],"rotation":{"angle":-45,"axis":"z","origin":[8,20.2937,26.45]},"faces":{"north":{"uv":[5,5,11,11],"texture":"#acacia_door_top"},"east":{"uv":[5,5,11,11],"texture":"#acacia_door_top"},"south":{"uv":[5,5,11,11],"texture":"#acacia_door_top"},"west":{"uv":[5,5,11,11],"texture":"#acacia_door_top"},"up":{"uv":[5,5,11,11],"texture":"#acacia_door_top"},"down":{"uv":[5,5,11,11],"texture":"#acacia_door_top"}}},{"name":"frame*","from":[7.55,23.5,21.95],"to":[8.45,24.4,26.45],"rotation":{"angle":-45,"axis":"x","origin":[7.55,24.4,21.95]},"faces":{"north":{"uv":[5,5,11,11],"texture":"#acacia_door_top"},"east":{"uv":[5,5,11,11],"texture":"#acacia_door_top"},"south":{"uv":[5,5,11,11],"texture":"#acacia_door_top"},"west":{"uv":[5,5,11,11],"texture":"#acacia_door_top"},"up":{"uv":[5,5,11,11],"texture":"#acacia_door_top"},"down":{"uv":[5,5,11,11],"texture":"#acacia_door_top"}}},{"name":"frame*","from":[7.55,26.65,25.1],"to":[8.45,27.55,28.25],"rotation":{"angle":-22.5,"axis":"x","origin":[7.55,27.55,25.1]},"faces":{"north":{"uv":[5,5,11,11],"texture":"#acacia_door_top"},"east":{"uv":[5,5,11,11],"texture":"#acacia_door_top"},"south":{"uv":[5,5,11,11],"texture":"#acacia_door_top"},"west":{"uv":[5,5,11,11],"texture":"#acacia_door_top"},"up":{"uv":[5,5,11,11],"texture":"#acacia_door_top"},"down":{"uv":[5,5,11,11],"texture":"#acacia_door_top"}}},{"name":"frame*","from":[7.55,10.3938,25.4375],"to":[8.45,11.2938,28.5875],"rotation":{"angle":22.5,"axis":"x","origin":[7.55,11.2938,25.4375]},"faces":{"north":{"uv":[5,5,11,11],"texture":"#acacia_door_top"},"east":{"uv":[5,5,11,11],"texture":"#acacia_door_top"},"south":{"uv":[5,5,11,11],"texture":"#acacia_door_top"},"west":{"uv":[5,5,11,11],"texture":"#acacia_door_top"},"up":{"uv":[5,5,11,11],"texture":"#acacia_door_top"},"down":{"uv":[5,5,11,11],"texture":"#acacia_door_top"}}},{"name":"frame*","from":[12.7813,18.55,22.5688],"to":[13.6813,19.45,27.0688],"rotation":{"angle":45,"axis":"y","origin":[12.7813,18.55,22.5688]},"faces":{"north":{"uv":[5,5,11,11],"texture":"#acacia_door_top"},"east":{"uv":[5,5,11,11],"texture":"#acacia_door_top"},"south":{"uv":[5,5,11,11],"texture":"#acacia_door_top"},"west":{"uv":[5,5,11,11],"texture":"#acacia_door_top"},"up":{"uv":[5,5,11,11],"texture":"#acacia_door_top"},"down":{"uv":[5,5,11,11],"texture":"#acacia_door_top"}}},{"name":"frame*","from":[2.6,18.55,21.95],"to":[3.5,19.45,26.45],"rotation":{"angle":-45,"axis":"y","origin":[2.6,18.55,21.95]},"faces":{"north":{"uv":[5,5,11,11],"texture":"#acacia_door_top"},"east":{"uv":[5,5,11,11],"texture":"#acacia_door_top"},"south":{"uv":[5,5,11,11],"texture":"#acacia_door_top"},"west":{"uv":[5,5,11,11],"texture":"#acacia_door_top"},"up":{"uv":[5,5,11,11],"texture":"#acacia_door_top"},"down":{"uv":[5,5,11,11],"texture":"#acacia_door_top"}}},{"name":"frame*","from":[15.7063,18.55,25.4375],"to":[16.6062,19.45,28.5875],"rotation":{"angle":22.5,"axis":"y","origin":[15.7063,18.55,25.4375]},"faces":{"north":{"uv":[5,5,11,11],"texture":"#acacia_door_top"},"east":{"uv":[5,5,11,11],"texture":"#acacia_door_top"},"south":{"uv":[5,5,11,11],"texture":"#acacia_door_top"},"west":{"uv":[5,5,11,11],"texture":"#acacia_door_top"},"up":{"uv":[5,5,11,11],"texture":"#acacia_door_top"},"down":{"uv":[5,5,11,11],"texture":"#acacia_door_top"}}},{"name":"frame*","from":[-0.55,18.55,25.1],"to":[0.35,19.45,28.25],"rotation":{"angle":-22.5,"axis":"y","origin":[-0.55,18.55,25.1]},"faces":{"north":{"uv":[5,5,11,11],"texture":"#acacia_door_top"},"east":{"uv":[5,5,11,11],"texture":"#acacia_door_top"},"south":{"uv":[5,5,11,11],"texture":"#acacia_door_top"},"west":{"uv":[5,5,11,11],"texture":"#acacia_door_top"},"up":{"uv":[5,5,11,11],"texture":"#acacia_door_top"},"down":{"uv":[5,5,11,11],"texture":"#acacia_door_top"}}},{"name":"zeil","from":[8,19.45,22.4],"to":[8.0625,24.4,26.45],"rotation":{"angle":-45,"axis":"x","origin":[8,24.4,22.4]},"faces":{"north":{"uv":[0,0,0.0625,4.95],"texture":"#sandstone_top"},"east":{"uv":[2,2,6.04959,6.94974],"texture":"#sandstone_top"},"south":{"uv":[0,0,0.0625,4.95],"texture":"#sandstone_top"},"west":{"uv":[2,2,6.04959,6.94974],"texture":"#sandstone_top"},"up":{"uv":[0,0,0.0625,4.05],"texture":"#sandstone_top"},"down":{"uv":[0,0,0.0625,4.05],"texture":"#sandstone_top"}}},{"name":"zeil*","from":[8,23.95,25.55],"to":[8.0625,27.1,28.25],"rotation":{"angle":-22.5,"axis":"x","origin":[8,27.1,25.55]},"faces":{"north":{"uv":[0,0,0.0625,3.15],"texture":"#sandstone_top"},"east":{"uv":[2,2,4.69973,5.14946],"texture":"#sandstone_top"},"south":{"uv":[0,0,0.0625,3.15],"texture":"#sandstone_top"},"west":{"uv":[2,2,4.69973,5.14946],"texture":"#sandstone_top"},"up":{"uv":[0,0,0.0625,2.7],"texture":"#sandstone_top"},"down":{"uv":[0,0,0.0625,2.7],"texture":"#sandstone_top"}}},{"name":"zeil*","from":[8,24.0063,27.9125],"to":[8.0625,25.8063,29.2625],"rotation":{"angle":22.5,"axis":"x","origin":[8,25.8063,27.9125]},"faces":{"north":{"uv":[0,0,0.0625,1.8],"texture":"#sandstone_top"},"east":{"uv":[3,4,4.35,5.8],"texture":"#sandstone_top"},"south":{"uv":[0,0,0.0625,1.8],"texture":"#sandstone_top"},"west":{"uv":[3,4,4.35,5.8],"texture":"#sandstone_top"},"up":{"uv":[0,0,0.0625,1.35],"texture":"#sandstone_top"},"down":{"uv":[0,0,0.0625,1.35],"texture":"#sandstone_top"}}},{"name":"zeil*","from":[8,12.1375,25.8875],"to":[8.0625,17.0875,29.9375],"rotation":{"angle":45,"axis":"x","origin":[8,17.0875,25.8875]},"faces":{"north":{"uv":[0,0,16,16],"texture":"#sandstone_top"},"east":{"uv":[2,2,6.04959,6.94974],"texture":"#sandstone_top"},"south":{"uv":[0,0,16,16],"texture":"#sandstone_top"},"west":{"uv":[2,2,6.04959,6.94974],"texture":"#sandstone_top"},"up":{"uv":[0,0,16,16],"texture":"#sandstone_top"},"down":{"uv":[0,0,16,16],"texture":"#sandstone_top"}}},{"name":"zeil*","from":[8,10.675,26.7312],"to":[8.0625,13.825,29.4312],"rotation":{"angle":22.5,"axis":"x","origin":[8,13.825,26.7312]},"faces":{"north":{"uv":[0,0,16,16],"texture":"#sandstone_top"},"east":{"uv":[2,2,4.69973,5.14946],"texture":"#sandstone_top"},"south":{"uv":[0,0,16,16],"texture":"#sandstone_top"},"west":{"uv":[2,2,4.69973,5.14946],"texture":"#sandstone_top"},"up":{"uv":[0,0,16,16],"texture":"#sandstone_top"},"down":{"uv":[0,0,16,16],"texture":"#sandstone_top"}}},{"name":"zeil*","from":[8,12.025,27.2375],"to":[8.0625,13.825,28.5875],"rotation":{"angle":-22.5,"axis":"x","origin":[8,13.825,27.2375]},"faces":{"north":{"uv":[0,0,16,16],"texture":"#sandstone_top"},"east":{"uv":[2,2,3.35,3.8],"texture":"#sandstone_top"},"south":{"uv":[0,0,16,16],"texture":"#sandstone_top"},"west":{"uv":[2,2,3.35,3.8],"texture":"#sandstone_top"},"up":{"uv":[0,0,16,16],"texture":"#sandstone_top"},"down":{"uv":[0,0,16,16],"texture":"#sandstone_top"}}},{"name":"frame*","from":[7.55,13.3188,22.5688],"to":[8.45,14.2188,27.0688],"rotation":{"angle":45,"axis":"x","origin":[7.55,14.2188,22.5688]},"faces":{"north":{"uv":[5,5,11,11],"texture":"#acacia_door_top"},"east":{"uv":[5,5,11,11],"texture":"#acacia_door_top"},"south":{"uv":[5,5,11,11],"texture":"#acacia_door_top"},"west":{"uv":[5,5,11,11],"texture":"#acacia_door_top"},"up":{"uv":[5,5,11,11],"texture":"#acacia_door_top"},"down":{"uv":[5,5,11,11],"texture":"#acacia_door_top"}}},{"name":"zeil*","from":[9.9125,18.9375,25.8875],"to":[14.8625,19,29.9375],"rotation":{"angle":45,"axis":"y","origin":[9.9125,18.9375,25.8875]},"faces":{"north":{"uv":[0,0,16,16],"texture":"#sandstone_top"},"east":{"uv":[0,0,16,16],"texture":"#sandstone_top"},"south":{"uv":[0,0,16,16],"texture":"#sandstone_top"},"west":{"uv":[0,0,16,16],"texture":"#sandstone_top"},"up":{"uv":[2,2,6.04959,6.94974],"texture":"#sandstone_top"},"down":{"uv":[2,2,6.04959,6.94974],"texture":"#sandstone_top"}}},{"name":"zeil*","from":[2.6,18.9375,22.4],"to":[7.55,19,26.45],"rotation":{"angle":-45,"axis":"y","origin":[2.6,18.9375,22.4]},"faces":{"north":{"uv":[0,0,16,16],"texture":"#sandstone_top"},"east":{"uv":[0,0,16,16],"texture":"#sandstone_top"},"south":{"uv":[0,0,16,16],"texture":"#sandstone_top"},"west":{"uv":[0,0,16,16],"texture":"#sandstone_top"},"up":{"uv":[2,2,6.04959,6.94974],"texture":"#sandstone_top"},"down":{"uv":[2,2,6.04959,6.94974],"texture":"#sandstone_top"}}},{"name":"zeil*","from":[13.175,18.9375,26.7312],"to":[16.325,19,29.4312],"rotation":{"angle":22.5,"axis":"y","origin":[13.175,18.9375,26.7312]},"faces":{"north":{"uv":[0,0,16,16],"texture":"#sandstone_top"},"east":{"uv":[0,0,16,16],"texture":"#sandstone_top"},"south":{"uv":[0,0,16,16],"texture":"#sandstone_top"},"west":{"uv":[0,0,16,16],"texture":"#sandstone_top"},"up":{"uv":[2,2,4.69973,5.14946],"texture":"#sandstone_top"},"down":{"uv":[2,2,4.69973,5.14946],"texture":"#sandstone_top"}}},{"name":"zeil*","from":[-0.1,18.9375,25.55],"to":[3.05,19,28.25],"rotation":{"angle":-22.5,"axis":"y","origin":[-0.1,18.9375,25.55]},"faces":{"north":{"uv":[0,0,16,16],"texture":"#sandstone_top"},"east":{"uv":[0,0,16,16],"texture":"#sandstone_top"},"south":{"uv":[0,0,16,16],"texture":"#sandstone_top"},"west":{"uv":[0,0,16,16],"texture":"#sandstone_top"},"up":{"uv":[2,2,4.69973,5.14946],"texture":"#sandstone_top"},"down":{"uv":[2,2,4.69973,5.14946],"texture":"#sandstone_top"}}},{"name":"zeil*","from":[13.175,18.9375,27.2375],"to":[14.975,19,28.5875],"rotation":{"angle":-22.5,"axis":"y","origin":[13.175,18.9375,27.2375]},"faces":{"north":{"uv":[0,0,1.8,0.0625],"texture":"#sandstone_top"},"east":{"uv":[0,0,1.35,0.0625],"texture":"#sandstone_top"},"south":{"uv":[0,0,1.8,0.0625],"texture":"#sandstone_top"},"west":{"uv":[0,0,1.35,0.0625],"texture":"#sandstone_top"},"up":{"uv":[2,2,3.8,3.35],"texture":"#sandstone_top"},"down":{"uv":[3,3,4.8,4.35],"texture":"#sandstone_top"}}},{"name":"zeil*","from":[1.19375,18.9375,27.9125],"to":[2.99375,19,29.2625],"rotation":{"angle":22.5,"axis":"y","origin":[1.19375,18.9375,27.9125]},"faces":{"north":{"uv":[0,0,16,16],"texture":"#sandstone_top"},"east":{"uv":[0,0,16,16],"texture":"#sandstone_top"},"south":{"uv":[0,0,16,16],"texture":"#sandstone_top"},"west":{"uv":[0,0,16,16],"texture":"#sandstone_top"},"up":{"uv":[3,4,4.35,5.8],"texture":"#sandstone_top"},"down":{"uv":[3,4,4.35,5.8],"texture":"#sandstone_top"}}},{"from":[8,15.85,-1.1125],"to":[18.8,26.65,15.9875],"rotation":{"angle":-45,"axis":"z","origin":[8,26.65,-1.1125]},"faces":{"north":{"uv":[0,0,10.8,10.8],"texture":"#texture"},"east":{"uv":[0,0,16,10.8],"texture":"#texture"},"south":{"uv":[0,0,10.8,10.8],"texture":"#texture"},"west":{"uv":[0,0,16,10.8],"texture":"#texture"},"up":{"uv":[0,0,10.8,16],"texture":"#texture"},"down":{"uv":[0,0,10.8,16],"texture":"#texture"}}},{"from":[8,16.075,-2.8],"to":[17.9,25.975,-1],"rotation":{"angle":-45,"axis":"z","origin":[8,25.975,-2.8]},"faces":{"north":{"uv":[0,0,9.9,9.9],"texture":"#texture"},"east":{"uv":[1.8,0,0,9.9],"texture":"#texture"},"south":{"uv":[0,0,9.9,9.9],"texture":"#texture"},"west":{"uv":[0,0,1.8,9.9],"texture":"#texture"},"up":{"uv":[0,0,9.9,1.8],"texture":"#texture"},"down":{"uv":[0,1.8,9.9,0],"texture":"#texture"}}},{"from":[8,16.3562,17.45],"to":[17,25.3562,19.25],"rotation":{"angle":-45,"axis":"z","origin":[8,25.3562,17.45]},"faces":{"north":{"uv":[0,0,9,9],"texture":"#texture"},"east":{"uv":[0,0,1.8,9],"texture":"#texture"},"south":{"uv":[0,0,9,9],"texture":"#texture"},"west":{"uv":[0,0,1.8,9],"texture":"#texture"},"up":{"uv":[0,1.8,9,0],"texture":"#texture"},"down":{"uv":[0,0,9,1.8],"texture":"#texture"}}},{"from":[8,16.3562,-4.6],"to":[17,25.3562,-2.8],"rotation":{"angle":-45,"axis":"z","origin":[8,25.3562,-4.6]},"faces":{"north":{"uv":[0,0,9,9],"texture":"#texture"},"east":{"uv":[1.8,0,0,9],"texture":"#texture"},"south":{"uv":[0,0,9,9],"texture":"#texture"},"west":{"uv":[0,0,1.8,9],"texture":"#texture"},"up":{"uv":[0,0,9,1.8],"texture":"#texture"},"down":{"uv":[0,1.8,9,0],"texture":"#texture"}}},{"from":[1.025,9.1,15.65],"to":[10.925,19,17.45],"rotation":{"angle":45,"axis":"z","origin":[1.025,19,15.65]},"faces":{"north":{"uv":[0,0,9.9,9.9],"texture":"#texture"},"east":{"uv":[0,9.9,1.8,0],"texture":"#texture"},"south":{"uv":[0,0,9.9,9.9],"texture":"#texture"},"west":{"uv":[1.8,0,0,9.9],"texture":"#texture"},"up":{"uv":[0,0,9.9,1.8],"texture":"#texture"},"down":{"uv":[0,0,9.9,1.8],"texture":"#texture"}}},{"from":[8,16.6375,19.25],"to":[16.1,24.7375,21.05],"rotation":{"angle":-45,"axis":"z","origin":[8,24.7375,19.25]},"faces":{"north":{"uv":[0,0,8.1,8.1],"texture":"#texture"},"east":{"uv":[0,0,1.8,8.1],"texture":"#texture"},"south":{"uv":[0,0,8.1,8.1],"texture":"#texture"},"west":{"uv":[0,0,1.8,8.1],"texture":"#texture"},"up":{"uv":[0,1.8,8.1,0],"texture":"#texture"},"down":{"uv":[0,0,8.1,1.8],"texture":"#texture"}}},{"from":[8,16.6375,-5.95],"to":[16.1,24.7375,-4.6],"rotation":{"angle":-45,"axis":"z","origin":[8,24.7375,-5.95]},"faces":{"north":{"uv":[0,0,8.1,8.1],"texture":"#texture"},"east":{"uv":[1.35,0,0,8.1],"texture":"#texture"},"south":{"uv":[0,0,8.1,8.1],"texture":"#texture"},"west":{"uv":[0,0,1.35,8.1],"texture":"#texture"},"up":{"uv":[0,0,8.1,1.35],"texture":"#texture"},"down":{"uv":[0,1.35,8.1,0],"texture":"#texture"}}},{"from":[8,16.9188,-7.3],"to":[15.2,24.1188,-5.95],"rotation":{"angle":-45,"axis":"z","origin":[8,24.1188,-7.3]},"faces":{"north":{"uv":[0,0,7.2,7.2],"texture":"#texture"},"east":{"uv":[1.35,0,0,7.2],"texture":"#texture"},"south":{"uv":[0,0,7.2,7.2],"texture":"#texture"},"west":{"uv":[0,0,1.35,7.2],"texture":"#texture"},"up":{"uv":[0,0,7.2,1.35],"texture":"#texture"},"down":{"uv":[0,1.35,7.2,0],"texture":"#texture"}}},{"from":[8,16.9188,21.05],"to":[15.2,24.1188,22.4],"rotation":{"angle":-45,"axis":"z","origin":[8,24.1188,21.05]},"faces":{"north":{"uv":[0,0,16,16],"texture":"#texture"},"east":{"uv":[0,0,1.35,7.2],"texture":"#texture"},"south":{"uv":[0,0,16,16],"texture":"#texture"},"west":{"uv":[0,0,1.35,7.2],"texture":"#texture"},"up":{"uv":[0,1.35,7.2,0],"texture":"#texture"},"down":{"uv":[0,0,7.2,1.35],"texture":"#texture"}}},{"from":[8,17.1438,-8.2],"to":[14.3,23.4438,-7.3],"rotation":{"angle":-45,"axis":"z","origin":[8,23.4438,-8.2]},"faces":{"north":{"uv":[0,0,6.3,6.3],"texture":"#texture"},"east":{"uv":[0,0,0.9,6.3],"texture":"#texture"},"south":{"uv":[0,0,6.3,6.3],"texture":"#texture"},"west":{"uv":[0,0,0.9,6.3],"texture":"#texture"},"up":{"uv":[0,0,6.3,0.9],"texture":"#texture"},"down":{"uv":[0,0,6.3,0.9],"texture":"#texture"}}},{"from":[8,17.1438,22.4],"to":[14.3,23.4438,23.75],"rotation":{"angle":-45,"axis":"z","origin":[8,23.4438,22.4]},"faces":{"north":{"uv":[0,0,6.3,6.3],"texture":"#texture"},"east":{"uv":[0,0,1.34987,6.29961],"texture":"#texture"},"south":{"uv":[0,0,6.3,6.3],"texture":"#texture"},"west":{"uv":[0,0,1.35,6.3],"texture":"#texture"},"up":{"uv":[0,1.34987,6.29961,0],"texture":"#texture"},"down":{"uv":[0,0,6.3,1.35],"texture":"#texture"}}},{"from":[8,17.425,-8.65],"to":[13.4,22.825,-8.2],"rotation":{"angle":-45,"axis":"z","origin":[8,22.825,-8.65]},"faces":{"north":{"uv":[0,0,5.4,5.4],"texture":"#texture"},"east":{"uv":[0,0,0.45,5.4],"texture":"#texture"},"south":{"uv":[0,0,5.4,5.4],"texture":"#texture"},"west":{"uv":[0,0,0.45,5.4],"texture":"#texture"},"up":{"uv":[0,0,5.4,0.45],"texture":"#texture"},"down":{"uv":[0,0,5.4,0.45],"texture":"#texture"}}},{"from":[4.79375,14.5,-9.1],"to":[9.29375,19,-8.65],"rotation":{"angle":45,"axis":"z","origin":[4.79375,19,-9.1]},"faces":{"north":{"uv":[0,0,4.5,4.5],"texture":"#texture"},"east":{"uv":[15,0,15.44973,4.5],"texture":"#texture"},"south":{"uv":[0,0,4.5,4.5],"texture":"#texture"},"west":{"uv":[15,4.5,15.44973,0],"texture":"#texture"},"up":{"uv":[0,0,4.5,0.45],"texture":"#texture"},"down":{"uv":[0,0,4.5,0.45],"texture":"#texture"}}},{"from":[5.4125,15.3438,-9.55],"to":[9.0125,18.9438,-9.1],"rotation":{"angle":45,"axis":"z","origin":[5.4125,18.9438,-9.55]},"faces":{"north":{"uv":[0,0,3.6,3.6],"texture":"#texture"},"east":{"uv":[15,0,15.44973,3.59987],"texture":"#texture"},"south":{"uv":[0,0,3.6,3.6],"texture":"#texture"},"west":{"uv":[15,3.59987,15.44973,0],"texture":"#texture"},"up":{"uv":[0,0,3.6,0.45],"texture":"#texture"},"down":{"uv":[0,0,3.59987,0.44973],"texture":"#texture"}}},{"from":[8.05625,18.1563,-10],"to":[10.7563,20.8562,-9.55],"rotation":{"angle":-45,"axis":"z","origin":[8.05625,20.8562,-10]},"faces":{"north":{"uv":[0,0,2.70005,2.6999],"texture":"#texture"},"east":{"uv":[0,0,0.45,2.6999],"texture":"#texture"},"south":{"uv":[0,0,2.70005,2.6999],"texture":"#texture"},"west":{"uv":[0,0,0.45,2.6999],"texture":"#texture"},"up":{"uv":[0,0,2.70005,0.45],"texture":"#texture"},"down":{"uv":[0,0,2.70005,0.45],"texture":"#texture"}}},{"from":[8,17.425,23.75],"to":[13.4,22.825,24.65],"rotation":{"angle":-45,"axis":"z","origin":[8,22.825,23.75]},"faces":{"north":{"uv":[0,0,5.4,5.4],"texture":"#texture"},"east":{"uv":[0,0,0.9,5.4],"texture":"#texture"},"south":{"uv":[0,0,5.4,5.4],"texture":"#texture"},"west":{"uv":[0,0,0.9,5.4],"texture":"#texture"},"up":{"uv":[0,0,5.4,0.9],"texture":"#texture"},"down":{"uv":[0,0,5.4,0.9],"texture":"#texture"}}},{"from":[8,17.7063,24.65],"to":[12.5,22.2063,25.55],"rotation":{"angle":-45,"axis":"z","origin":[8,22.2063,24.65]},"faces":{"north":{"uv":[0,0,4.5,4.5],"texture":"#texture"},"east":{"uv":[0,0,0.9,4.5],"texture":"#texture"},"south":{"uv":[0,0,4.5,4.5],"texture":"#texture"},"west":{"uv":[0,0,0.9,4.5],"texture":"#texture"},"up":{"uv":[0,0,4.5,0.9],"texture":"#texture"},"down":{"uv":[0,0,4.5,0.9],"texture":"#texture"}}},{"from":[8,17.9312,25.55],"to":[11.6,21.5313,26],"rotation":{"angle":-45,"axis":"z","origin":[8,21.5313,25.55]},"faces":{"north":{"uv":[0,0,3.6,3.6001],"texture":"#texture"},"east":{"uv":[0,0,0.45,3.6001],"texture":"#texture"},"south":{"uv":[0,0,3.6,3.6001],"texture":"#texture"},"west":{"uv":[0,0,0.45,3.6001],"texture":"#texture"},"up":{"uv":[0,0,3.6,0.45],"texture":"#texture"},"down":{"uv":[0,0,3.6,0.45],"texture":"#texture"}}},{"from":[8,18.2125,26],"to":[10.7,20.9125,26.45],"rotation":{"angle":-45,"axis":"z","origin":[8,20.9125,26]},"faces":{"north":{"uv":[0,0,2.7,2.7],"texture":"#texture","tintindex":0},"east":{"uv":[0,0,0.45,2.7],"texture":"#texture"},"south":{"uv":[0,0,2.7,2.7],"texture":"#texture"},"west":{"uv":[0,0,0.45,2.7],"texture":"#texture"},"up":{"uv":[0,0,2.7,0.45],"texture":"#texture"},"down":{"uv":[0,0,2.7,0.45],"texture":"#texture"}}},{"name":"stoel","from":[4.4,-3.5,2.15],"to":[11.6,-3.05,11.15],"faces":{"north":{"uv":[0,0,7.2,0.45],"texture":"#stoel"},"east":{"uv":[0,0,9,0.45],"texture":"#stoel"},"south":{"uv":[0,0,7.2,0.45],"texture":"#stoel"},"west":{"uv":[0,0,9,0.45],"texture":"#stoel"},"up":{"uv":[0,0,7.2,9],"texture":"#stoel"},"down":{"uv":[0,0,7.2,9],"texture":"#stoel"}}},{"name":"stoel*","from":[4.4,1.45,-0.1],"to":[4.85,1.9,5.15],"faces":{"north":{"uv":[0,0,16,16],"texture":"#stoel"},"east":{"uv":[0,0,16,16],"texture":"#stoel"},"south":{"uv":[0,0,16,16],"texture":"#stoel"},"west":{"uv":[0,0,16,16],"texture":"#stoel"},"up":{"uv":[0,0,16,16],"texture":"#stoel"},"down":{"uv":[0,0,16,16],"texture":"#stoel"}}},{"name":"stoel*","from":[4.4,-3.725,12.7813],"to":[11.6,1.675,13.2312],"rotation":{"angle":22.5,"axis":"x","origin":[4.4,1.675,12.7813]},"faces":{"north":{"uv":[0,0,7.2,5.4],"texture":"#stoel"},"east":{"uv":[0,0,0.4499,5.4],"texture":"#stoel"},"south":{"uv":[0,0,7.2,5.4],"texture":"#stoel"},"west":{"uv":[0,0,0.4499,5.4],"texture":"#stoel"},"up":{"uv":[0,0,7.2,0.4499],"texture":"#stoel"},"down":{"uv":[0,0,7.2,0.4499],"texture":"#stoel"}}},{"name":"stoel*","from":[4.4,-3.89375,0.06875],"to":[11.6,-1.68173,0.53159],"rotation":{"angle":-22.5,"axis":"x","origin":[4.4,1.50625,0.06875]},"faces":{"north":{"uv":[0,0,16,16],"texture":"#stoel"},"east":{"uv":[0,0,16,16],"texture":"#stoel"},"south":{"uv":[0,0,16,16],"texture":"#stoel"},"west":{"uv":[0,0,16,16],"texture":"#stoel"},"up":{"uv":[0,0,16,16],"texture":"#stoel"},"down":{"uv":[0,0,16,16],"texture":"#stoel"}}},{"name":"stoel*","from":[4.4,1.45,9.35],"to":[4.85,1.9,13.4],"faces":{"north":{"uv":[0,0,16,16],"texture":"#stoel"},"east":{"uv":[0,0,16,16],"texture":"#stoel"},"south":{"uv":[0,0,16,16],"texture":"#stoel"},"west":{"uv":[0,0,16,16],"texture":"#stoel"},"up":{"uv":[0,0,16,16],"texture":"#stoel"},"down":{"uv":[0,0,16,16],"texture":"#stoel"}}},{"name":"stoel*","from":[4.4,-0.8,9.35],"to":[4.85,1.9,9.8],"rotation":{"angle":22.5,"axis":"x","origin":[4.4,1.9,9.35]},"faces":{"north":{"uv":[0,0,16,16],"texture":"#stoel"},"east":{"uv":[0,0,16,16],"texture":"#stoel"},"south":{"uv":[0,0,16,16],"texture":"#stoel"},"west":{"uv":[0,0,16,16],"texture":"#stoel"},"up":{"uv":[0,0,16,16],"texture":"#stoel"},"down":{"uv":[0,0,16,16],"texture":"#stoel"}}},{"name":"stoel*","from":[11.15,-3.05,2.15],"to":[11.6,-0.8,11.15],"faces":{"north":{"uv":[0,0,16,16],"texture":"#stoel"},"east":{"uv":[0,0,16,16],"texture":"#stoel"},"south":{"uv":[0,0,16,16],"texture":"#stoel"},"west":{"uv":[0,0,16,16],"texture":"#stoel"},"up":{"uv":[0,0,16,16],"texture":"#stoel"},"down":{"uv":[0,0,16,16],"texture":"#stoel"}}},{"name":"stoel*","from":[11.15,-0.8,1.1],"to":[11.6,-0.35,8.9],"faces":{"north":{"uv":[0,0,16,16],"texture":"#stoel"},"east":{"uv":[0,0,16,16],"texture":"#stoel"},"south":{"uv":[0,0,16,16],"texture":"#stoel"},"west":{"uv":[0,0,16,16],"texture":"#stoel"},"up":{"uv":[0,0,16,16],"texture":"#stoel"},"down":{"uv":[0,0,16,16],"texture":"#stoel"}}},{"name":"stoel*","from":[11.15,-0.8,9.35],"to":[11.6,1.9,9.8],"rotation":{"angle":22.5,"axis":"x","origin":[11.15,1.9,9.35]},"faces":{"north":{"uv":[0,0,16,16],"texture":"#stoel"},"east":{"uv":[0,0,16,16],"texture":"#stoel"},"south":{"uv":[0,0,16,16],"texture":"#stoel"},"west":{"uv":[0,0,16,16],"texture":"#stoel"},"up":{"uv":[0,0,16,16],"texture":"#stoel"},"down":{"uv":[0,0,16,16],"texture":"#stoel"}}},{"name":"stoel*","from":[4.4,-3.05,2.15],"to":[4.85,-0.8,11.15],"faces":{"north":{"uv":[0,0,16,16],"texture":"#stoel"},"east":{"uv":[0,0,16,16],"texture":"#stoel"},"south":{"uv":[0,0,16,16],"texture":"#stoel"},"west":{"uv":[0,0,16,16],"texture":"#stoel"},"up":{"uv":[0,0,16,16],"texture":"#stoel"},"down":{"uv":[0,0,16,16],"texture":"#stoel"}}},{"name":"stoel*","from":[11.15,1.45,9.35],"to":[11.6,1.9,13.4],"faces":{"north":{"uv":[0,0,16,16],"texture":"#stoel"},"east":{"uv":[0,0,16,16],"texture":"#stoel"},"south":{"uv":[0,0,16,16],"texture":"#stoel"},"west":{"uv":[0,0,16,16],"texture":"#stoel"},"up":{"uv":[0,0,16,16],"texture":"#stoel"},"down":{"uv":[0,0,16,16],"texture":"#stoel"}}},{"name":"stoel*","from":[11.15,1.45,-0.1],"to":[11.6,1.9,5.15],"faces":{"north":{"uv":[0,0,16,16],"texture":"#stoel"},"east":{"uv":[0,0,16,16],"texture":"#stoel"},"south":{"uv":[0,0,16,16],"texture":"#stoel"},"west":{"uv":[0,0,16,16],"texture":"#stoel"},"up":{"uv":[0,0,16,16],"texture":"#stoel"},"down":{"uv":[0,0,16,16],"texture":"#stoel"}}},{"name":"stoel*","from":[4.85,1.45,-0.1],"to":[11.15,1.9,0.8],"faces":{"north":{"uv":[0,0,16,16],"texture":"#stoel"},"east":{"uv":[0,0,16,16],"texture":"#stoel"},"south":{"uv":[0,0,16,16],"texture":"#stoel"},"west":{"uv":[0,0,16,16],"texture":"#stoel"},"up":{"uv":[0,0,16,16],"texture":"#stoel"},"down":{"uv":[0,0,16,16],"texture":"#stoel"}}},{"name":"stoel*","from":[4.85,1.45,12.5],"to":[11.15,1.9,13.4],"faces":{"north":{"uv":[0,0,16,16],"texture":"#stoel"},"east":{"uv":[0,0,16,16],"texture":"#stoel"},"south":{"uv":[0,0,16,16],"texture":"#stoel"},"west":{"uv":[0,0,16,16],"texture":"#stoel"},"up":{"uv":[0,0,16,16],"texture":"#stoel"},"down":{"uv":[0,0,16,16],"texture":"#stoel"}}},{"name":"zitvlak","from":[4.85,-3.05,2.15],"to":[11.15,-1.25,4.85],"faces":{"north":{"uv":[0,0,16,16],"texture":"#anvil"},"east":{"uv":[0,0,16,16],"texture":"#anvil"},"south":{"uv":[0,0,16,6],"texture":"#anvil"},"west":{"uv":[0,0,16,16],"texture":"#anvil"},"up":{"uv":[0,10,16,16],"texture":"#anvil"},"down":{"uv":[0,0,16,16],"texture":"#anvil"}}},{"name":"zitvlak*","from":[4.85,-1.7,1.7],"to":[11.15,-1.25,2.15],"faces":{"north":{"uv":[0,0,16,16],"texture":"#anvil"},"east":{"uv":[0,0,16,16],"texture":"#anvil"},"south":{"uv":[0,0,16,16],"texture":"#anvil"},"west":{"uv":[0,0,16,16],"texture":"#anvil"},"up":{"uv":[0,0,16,1],"texture":"#anvil"},"down":{"uv":[0,0,16,16],"texture":"#anvil"}}},{"name":"zitvlak*","from":[4.85,-1.7,11.15],"to":[11.15,-1.25,11.6],"faces":{"north":{"uv":[0,0,16,16],"texture":"#anvil"},"east":{"uv":[0,0,16,16],"texture":"#anvil"},"south":{"uv":[0,0,16,16],"texture":"#anvil"},"west":{"uv":[0,0,16,16],"texture":"#anvil"},"up":{"uv":[0,0,16,1],"texture":"#anvil"},"down":{"uv":[0,0,16,16],"texture":"#anvil"}}},{"name":"stoel*","from":[11.15,-2.3,1.7],"to":[11.6,-0.8,2.15],"faces":{"north":{"uv":[0,0,16,16],"texture":"#stoel"},"east":{"uv":[0,0,16,16],"texture":"#stoel"},"south":{"uv":[0,0,16,16],"texture":"#stoel"},"west":{"uv":[0,0,16,16],"texture":"#stoel"},"up":{"uv":[0,0,16,16],"texture":"#stoel"},"down":{"uv":[0,0,16,16],"texture":"#stoel"}}},{"name":"zitvlak*","from":[4.85,-3.05,8.45],"to":[11.15,-1.25,11.15],"faces":{"north":{"uv":[0,0,16,6],"texture":"#anvil"},"east":{"uv":[0,0,16,16],"texture":"#anvil"},"south":{"uv":[0,0,16,16],"texture":"#anvil"},"west":{"uv":[0,0,16,16],"texture":"#anvil"},"up":{"uv":[0,0,16,6],"texture":"#anvil"},"down":{"uv":[0,0,16,16],"texture":"#anvil"}}},{"name":"stoel*","from":[11.15,-2.15,11.15],"to":[11.6,-0.8,11.6],"faces":{"north":{"uv":[0,0,16,16],"texture":"#stoel"},"east":{"uv":[0,0,16,16],"texture":"#stoel"},"south":{"uv":[0,0,16,16],"texture":"#stoel"},"west":{"uv":[0,0,16,16],"texture":"#stoel"},"up":{"uv":[0,0,16,16],"texture":"#stoel"},"down":{"uv":[0,0,16,16],"texture":"#stoel"}}},{"name":"stoel*","from":[11.15,-1.26194,1.28874],"to":[11.6,-0.8,1.7],"faces":{"north":{"uv":[0,0,16,16],"texture":"#stoel"},"east":{"uv":[0,0,16,16],"texture":"#stoel"},"south":{"uv":[0,0,16,16],"texture":"#stoel"},"west":{"uv":[0,0,16,16],"texture":"#stoel"},"up":{"uv":[0,0,16,16],"texture":"#stoel"},"down":{"uv":[0,0,16,16],"texture":"#stoel"}}},{"name":"stoel*","from":[11.15,-1.25,11.6],"to":[11.6,-0.8,12.05],"faces":{"north":{"uv":[0,0,16,16],"texture":"#stoel"},"east":{"uv":[0,0,16,16],"texture":"#stoel"},"south":{"uv":[0,0,16,16],"texture":"#stoel"},"west":{"uv":[0,0,16,16],"texture":"#stoel"},"up":{"uv":[0,0,16,16],"texture":"#stoel"},"down":{"uv":[0,0,16,16],"texture":"#stoel"}}},{"name":"stoel*","from":[4.4,-2.15,11.15],"to":[4.85,-0.8,11.6],"faces":{"north":{"uv":[0,0,16,16],"texture":"#stoel"},"east":{"uv":[0,0,16,16],"texture":"#stoel"},"south":{"uv":[0,0,16,16],"texture":"#stoel"},"west":{"uv":[0,0,16,16],"texture":"#stoel"},"up":{"uv":[0,0,16,16],"texture":"#stoel"},"down":{"uv":[0,0,16,16],"texture":"#stoel"}}},{"name":"stoel*","from":[4.4,-2.15,1.7],"to":[4.85,-0.8,2.15],"faces":{"north":{"uv":[0,0,16,16],"texture":"#stoel"},"east":{"uv":[0,0,16,16],"texture":"#stoel"},"south":{"uv":[0,0,16,16],"texture":"#stoel"},"west":{"uv":[0,0,16,16],"texture":"#stoel"},"up":{"uv":[0,0,16,16],"texture":"#stoel"},"down":{"uv":[0,0,16,16],"texture":"#stoel"}}},{"name":"stoel*","from":[4.4,-1.25,1.25],"to":[4.85,-0.8,1.7],"faces":{"north":{"uv":[0,0,16,16],"texture":"#stoel"},"east":{"uv":[0,0,16,16],"texture":"#stoel"},"south":{"uv":[0,0,16,16],"texture":"#stoel"},"west":{"uv":[0,0,16,16],"texture":"#stoel"},"up":{"uv":[0,0,16,16],"texture":"#stoel"},"down":{"uv":[0,0,16,16],"texture":"#stoel"}}},{"name":"stoel*","from":[4.4,-1.25,1.25],"to":[4.85,-0.8,1.7],"faces":{"north":{"uv":[0,0,16,16],"texture":"#stoel"},"east":{"uv":[0,0,16,16],"texture":"#stoel"},"south":{"uv":[0,0,16,16],"texture":"#stoel"},"west":{"uv":[0,0,16,16],"texture":"#stoel"},"up":{"uv":[0,0,16,16],"texture":"#stoel"},"down":{"uv":[0,0,16,16],"texture":"#stoel"}}},{"name":"stoel*","from":[4.4,-1.25,11.6],"to":[4.85,-0.8,12.05],"faces":{"north":{"uv":[0,0,16,16],"texture":"#stoel"},"east":{"uv":[0,0,16,16],"texture":"#stoel"},"south":{"uv":[0,0,16,16],"texture":"#stoel"},"west":{"uv":[0,0,16,16],"texture":"#stoel"},"up":{"uv":[0,0,16,16],"texture":"#stoel"},"down":{"uv":[0,0,16,16],"texture":"#stoel"}}},{"name":"hekkie*","from":[11.25,-0.8,9.35],"to":[11.3125,1.45,12.05],"faces":{"north":{"uv":[0,2.5,16,15.5],"texture":"#wodih"},"east":{"uv":[0,2.5,16,15.5],"texture":"#wodih"},"south":{"uv":[0,2.5,16,15.5],"texture":"#wodih"},"west":{"uv":[0,2.5,16,15.5],"texture":"#wodih"},"up":{"uv":[0,2.5,16,15.5],"texture":"#wodih"},"down":{"uv":[0,2.5,16,15.5],"texture":"#wodih"}}},{"name":"hekkie*","from":[11.25,-0.4,1.25],"to":[11.3125,1.45,3.95],"faces":{"north":{"uv":[0,0,0.0625,1.85],"texture":"#wodih"},"east":{"uv":[0,2.5,16,15.5],"texture":"#wodih"},"south":{"uv":[0,0,0.0625,1.85],"texture":"#wodih"},"west":{"uv":[0,2.5,16,15.5],"texture":"#wodih"},"up":{"uv":[0,2.5,16,15.5],"texture":"#wodih"},"down":{"uv":[0,2.5,16,15.5],"texture":"#wodih"}}},{"name":"hekkie*","from":[4.65,-0.5,1.25],"to":[4.7125,1.45,3.95],"faces":{"north":{"uv":[0,0,0.0625,2.25],"texture":"#wodih"},"east":{"uv":[0,2.5,16,15.5],"texture":"#wodih"},"south":{"uv":[0,0,0.0625,2.25],"texture":"#wodih"},"west":{"uv":[0,2.5,16,15.5],"texture":"#wodih"},"up":{"uv":[0,2.5,16,15.5],"texture":"#wodih"},"down":{"uv":[0,2.5,16,15.5],"texture":"#wodih"}}},{"name":"hekkie*","from":[4.65,-0.8,9.35],"to":[4.7125,1.45,12.05],"faces":{"north":{"uv":[0,2.5,16,15.5],"texture":"#wodih"},"east":{"uv":[0,2.5,16,15.5],"texture":"#wodih"},"south":{"uv":[0,2.5,16,15.5],"texture":"#wodih"},"west":{"uv":[0,2.5,16,15.5],"texture":"#wodih"},"up":{"uv":[0,2.5,16,15.5],"texture":"#wodih"},"down":{"uv":[0,2.5,16,15.5],"texture":"#wodih"}}},{"name":"lead","from":[4.625,1.9,12.95],"to":[4.85,15.4,13.175],"faces":{"north":{"uv":[7,0,9,16],"texture":"#lead_knot"},"east":{"uv":[12,0,14,16],"texture":"#lead_knot"},"south":{"uv":[7,0,9,16],"texture":"#lead_knot"},"west":{"uv":[12,0,14,16],"texture":"#lead_knot"},"up":{"uv":[2,0,4,16],"texture":"#lead_knot"},"down":{"uv":[2,0,4,16],"texture":"#lead_knot"}}},{"name":"lead*","from":[4.625,1.9,0.125],"to":[4.85,15.4,0.35],"faces":{"north":{"uv":[7,0,9,16],"texture":"#lead_knot"},"east":{"uv":[12,0,14,16],"texture":"#lead_knot"},"south":{"uv":[7,0,9,16],"texture":"#lead_knot"},"west":{"uv":[12,0,14,16],"texture":"#lead_knot"},"up":{"uv":[2,0,4,16],"texture":"#lead_knot"},"down":{"uv":[2,0,4,16],"texture":"#lead_knot"}}},{"name":"lead*","from":[11.15,1.9,0.125],"to":[11.375,15.4,0.35],"faces":{"north":{"uv":[7,0,9,16],"texture":"#lead_knot"},"east":{"uv":[12,0,14,16],"texture":"#lead_knot"},"south":{"uv":[7,0,9,16],"texture":"#lead_knot"},"west":{"uv":[12,0,14,16],"texture":"#lead_knot"},"up":{"uv":[2,0,4,16],"texture":"#lead_knot"},"down":{"uv":[2,0,4,16],"texture":"#lead_knot"}}},{"name":"lead*","from":[11.15,1.9,12.95],"to":[11.375,15.4,13.175],"faces":{"north":{"uv":[7,0,9,16],"texture":"#lead_knot"},"east":{"uv":[12,0,14,16],"texture":"#lead_knot"},"south":{"uv":[7,0,9,16],"texture":"#lead_knot"},"west":{"uv":[12,0,14,16],"texture":"#lead_knot"},"up":{"uv":[2,0,4,16],"texture":"#lead_knot"},"down":{"uv":[2,0,4,16],"texture":"#lead_knot"}}},{"name":"frame*","from":[10.925,14.275,-0.1],"to":[11.6,15.625,0.575],"faces":{"north":{"uv":[5,5,11,11],"texture":"#acacia_door_top"},"east":{"uv":[5,5,11,11],"texture":"#acacia_door_top"},"south":{"uv":[5,5,11,11],"texture":"#acacia_door_top"},"west":{"uv":[5,5,11,11],"texture":"#acacia_door_top"},"up":{"uv":[5,5,11,11],"texture":"#acacia_door_top"},"down":{"uv":[5,5,11,11],"texture":"#acacia_door_top"}}},{"name":"frame*","from":[4.4,14.275,-0.1],"to":[5.075,15.625,0.575],"faces":{"north":{"uv":[5,5,11,11],"texture":"#acacia_door_top"},"east":{"uv":[5,5,11,11],"texture":"#acacia_door_top"},"south":{"uv":[5,5,11,11],"texture":"#acacia_door_top"},"west":{"uv":[5,5,11,11],"texture":"#acacia_door_top"},"up":{"uv":[5,5,11,11],"texture":"#acacia_door_top"},"down":{"uv":[5,5,11,11],"texture":"#acacia_door_top"}}},{"name":"frame*","from":[4.4,14.275,12.725],"to":[5.075,15.625,13.4],"faces":{"north":{"uv":[5,5,11,11],"texture":"#acacia_door_top"},"east":{"uv":[5,5,11,11],"texture":"#acacia_door_top"},"south":{"uv":[5,5,11,11],"texture":"#acacia_door_top"},"west":{"uv":[5,5,11,11],"texture":"#acacia_door_top"},"up":{"uv":[5,5,11,11],"texture":"#acacia_door_top"},"down":{"uv":[5,5,11,11],"texture":"#acacia_door_top"}}},{"name":"frame*","from":[10.925,14.275,12.725],"to":[11.6,15.625,13.4],"faces":{"north":{"uv":[5,5,11,11],"texture":"#acacia_door_top"},"east":{"uv":[5,5,11,11],"texture":"#acacia_door_top"},"south":{"uv":[5,5,11,11],"texture":"#acacia_door_top"},"west":{"uv":[5,5,11,11],"texture":"#acacia_door_top"},"up":{"uv":[5,5,11,11],"texture":"#acacia_door_top"},"down":{"uv":[5,5,11,11],"texture":"#acacia_door_top"}}},{"name":"stoel*","from":[4.4,-1.43906,1.08874],"to":[11.6,-1.26194,1.71634],"faces":{"north":{"uv":[0,0,7.2,0.17712],"texture":"#stoel"},"east":{"uv":[0,0,16,16],"texture":"#stoel"},"south":{"uv":[0,0,16,16],"texture":"#stoel"},"west":{"uv":[0,0,16,16],"texture":"#stoel"},"up":{"uv":[0,0,16,16],"texture":"#stoel"},"down":{"uv":[0,0,16,16],"texture":"#stoel"}}},{"name":"zitvlak","from":[5.25,0.25,5.05],"to":[10.75,2.05,5.45],"faces":{"north":{"uv":[0,0,15.3,4.8],"texture":"#anvil"},"east":{"uv":[0,0,0.4,1.8],"texture":"#anvil"},"south":{"uv":[0,0,15.3,4.8],"texture":"#anvil"},"west":{"uv":[0,0,0.4,1.8],"texture":"#anvil"},"up":{"uv":[0,0,6.3,0.4],"texture":"#anvil"},"down":{"uv":[0,0,6.3,0.4],"texture":"#anvil"}}},{"name":"stoel*","from":[4.85,0.05,5.2],"to":[11.15,2.2,5.6],"faces":{"north":{"uv":[0,0,16,16],"texture":"#stoel"},"east":{"uv":[0,0,16,16],"texture":"#stoel"},"south":{"uv":[0,0,16,16],"texture":"#stoel"},"west":{"uv":[0,0,16,16],"texture":"#stoel"},"up":{"uv":[0,0,16,16],"texture":"#stoel"},"down":{"uv":[0,0,16,16],"texture":"#stoel"}}},{"name":"stoel*","from":[11.15,-0.375,5.15],"to":[11.6,2.3,5.6],"faces":{"north":{"uv":[0,0,16,16],"texture":"#stoel"},"east":{"uv":[0,0,16,16],"texture":"#stoel"},"south":{"uv":[0,0,16,16],"texture":"#stoel"},"west":{"uv":[0,0,16,16],"texture":"#stoel"},"up":{"uv":[0,0,16,16],"texture":"#stoel"},"down":{"uv":[0,0,16,16],"texture":"#stoel"}}},{"name":"stoel*","from":[4.4,-0.375,5.15],"to":[4.85,2.3,5.6],"faces":{"north":{"uv":[0,0,16,16],"texture":"#stoel"},"east":{"uv":[0,0,16,16],"texture":"#stoel"},"south":{"uv":[0,0,16,16],"texture":"#stoel"},"west":{"uv":[0,0,16,16],"texture":"#stoel"},"up":{"uv":[0,0,16,16],"texture":"#stoel"},"down":{"uv":[0,0,16,16],"texture":"#stoel"}}},{"name":"stoel*","from":[4.4,-0.8,1.1],"to":[4.85,-0.35,8.9],"faces":{"north":{"uv":[0,0,16,16],"texture":"#stoel"},"east":{"uv":[0,0,16,16],"texture":"#stoel"},"south":{"uv":[0,0,16,16],"texture":"#stoel"},"west":{"uv":[0,0,16,16],"texture":"#stoel"},"up":{"uv":[0,0,16,16],"texture":"#stoel"},"down":{"uv":[0,0,16,16],"texture":"#stoel"}}},{"name":"stoel*","from":[7.775,-3.075,5.85],"to":[8.225,1.8,6.3],"faces":{"north":{"uv":[0,0,0.45,4.875],"texture":"#anvil"},"east":{"uv":[0,0,0.45,4.875],"texture":"#anvil"},"south":{"uv":[0,0,0.45,4.875],"texture":"#anvil"},"west":{"uv":[0,0,0.45,4.875],"texture":"#anvil"},"up":{"uv":[0,0,0.45,0.45],"texture":"#anvil"},"down":{"uv":[0,0,0.45,0.45],"texture":"#anvil"}}},{"name":"octagon","from":[7.37868,0,6.325],"to":[8.62132,0.4,6.625],"rotation":{"angle":45,"axis":"z","origin":[8,1.5,6.425]},"faces":{"north":{"uv":[1,1,1.39946,1.29959],"texture":"#wodih"},"east":{"uv":[1,1,1.39946,1.29959],"texture":"#wodih"},"south":{"uv":[1,1,1.39946,1.29959],"texture":"#wodih"},"west":{"uv":[1,1,1.39946,1.29959],"texture":"#wodih"},"up":{"uv":[1,1,1.39946,1.29959],"texture":"#wodih"},"down":{"uv":[1,1,1.39946,1.29959],"texture":"#wodih"}}},{"name":"octagon","from":[7.37868,0,6.325],"to":[8.62132,0.4,6.625],"faces":{"north":{"uv":[1,1,1.39946,1.29959],"texture":"#wodih"},"east":{"uv":[1,1,1.39946,1.29959],"texture":"#wodih"},"south":{"uv":[1,1,1.39946,1.29959],"texture":"#wodih"},"west":{"uv":[1,1,1.39946,1.29959],"texture":"#wodih"},"up":{"uv":[1,1,1.39946,1.29959],"texture":"#wodih"},"down":{"uv":[0,0,0.4,0.3],"texture":"#wodih"}}},{"name":"octagon","from":[7.37868,2.6,6.325],"to":[8.62132,3,6.625],"rotation":{"angle":45,"axis":"z","origin":[8,1.5,6.425]},"faces":{"north":{"uv":[1,1,1.39946,1.29959],"texture":"#wodih"},"east":{"uv":[1,1,1.39946,1.29959],"texture":"#wodih"},"south":{"uv":[1,1,1.39946,1.29959],"texture":"#wodih"},"west":{"uv":[1,1,1.39946,1.29959],"texture":"#wodih"},"up":{"uv":[1,1,1.39946,1.29959],"texture":"#wodih"},"down":{"uv":[1,1,1.39946,1.29959],"texture":"#wodih"}}},{"name":"octagon","from":[7.37868,2.6,6.325],"to":[8.62132,3,6.625],"faces":{"north":{"uv":[1,1,1.39946,1.29959],"texture":"#wodih"},"east":{"uv":[1,1,1.39946,1.29959],"texture":"#wodih"},"south":{"uv":[1,1,1.39946,1.29959],"texture":"#wodih"},"west":{"uv":[1,1,1.39946,1.29959],"texture":"#wodih"},"up":{"uv":[1,1,1.39946,1.29959],"texture":"#wodih"},"down":{"uv":[1,1,1.39946,1.29959],"texture":"#wodih"}}},{"name":"octagon","from":[6.5,0.87868,6.325],"to":[6.9,2.12132,6.625],"rotation":{"angle":45,"axis":"z","origin":[8,1.5,6.425]},"faces":{"north":{"uv":[1,1,1.39946,1.29959],"texture":"#wodih"},"east":{"uv":[1,1,1.39946,1.29959],"texture":"#wodih"},"south":{"uv":[1,1,1.39946,1.29959],"texture":"#wodih"},"west":{"uv":[0,0,0.4,0.3],"texture":"#wodih"},"up":{"uv":[1,1,1.39946,1.29959],"texture":"#wodih"},"down":{"uv":[1,1,1.39946,1.29959],"texture":"#wodih"}}},{"name":"octagon","from":[6.5,0.87868,6.325],"to":[6.9,2.12132,6.625],"faces":{"north":{"uv":[1,1,1.39946,1.29959],"texture":"#wodih"},"east":{"uv":[0,0,0.4,0.3],"texture":"#wodih"},"south":{"uv":[1,1,1.39946,1.29959],"texture":"#wodih"},"west":{"uv":[1,1,1.39946,1.29959],"texture":"#wodih"},"up":{"uv":[1,1,1.39946,1.29959],"texture":"#wodih"},"down":{"uv":[1,1,1.39946,1.29959],"texture":"#wodih"}}},{"name":"octagon","from":[9.1,0.87868,6.325],"to":[9.5,2.12132,6.625],"rotation":{"angle":45,"axis":"z","origin":[8,1.5,6.425]},"faces":{"north":{"uv":[1,1,1.39946,1.29959],"texture":"#wodih"},"east":{"uv":[1,1,1.39946,1.29959],"texture":"#wodih"},"south":{"uv":[1,1,1.39946,1.29959],"texture":"#wodih"},"west":{"uv":[1,1,1.39946,1.29959],"texture":"#wodih"},"up":{"uv":[1,1,1.39946,1.29959],"texture":"#wodih"},"down":{"uv":[1,1,1.39946,1.29959],"texture":"#wodih"}}},{"name":"octagon","from":[9.1,0.87868,6.325],"to":[9.5,2.12132,6.625],"faces":{"north":{"uv":[1,1,1.39946,1.29959],"texture":"#wodih"},"east":{"uv":[1,1,1.39946,1.29959],"texture":"#wodih"},"south":{"uv":[1,1,1.39946,1.29959],"texture":"#wodih"},"west":{"uv":[1,1,1.39946,1.29959],"texture":"#wodih"},"up":{"uv":[1,1,1.39946,1.29959],"texture":"#wodih"},"down":{"uv":[1,1,1.39946,1.29959],"texture":"#wodih"}}},{"name":"octagon","from":[6.8,1.37868,6.425],"to":[9.2,1.57132,6.525],"faces":{"north":{"uv":[0,0,0.4,1.24264],"texture":"#stoel"},"east":{"uv":[0,0,0.4,1.24264],"texture":"#stoel"},"south":{"uv":[0,0,0.4,1.24264],"texture":"#stoel"},"west":{"uv":[0,0,0.4,1.24264],"texture":"#stoel"},"up":{"uv":[0,0,0.4,1.24264],"texture":"#stoel"},"down":{"uv":[0,0,0.4,1.24264],"texture":"#stoel"}}},{"name":"octagon","from":[7.90368,1.55,6.425],"to":[8.09632,2.625,6.525],"faces":{"north":{"uv":[0,0,0.4,1.24264],"rotation":90,"texture":"#stoel"},"east":{"uv":[0,0,0.4,1.24264],"rotation":90,"texture":"#stoel"},"south":{"uv":[0,0,0.4,1.24264],"rotation":90,"texture":"#stoel"},"west":{"uv":[0,0,0.4,1.24264],"rotation":90,"texture":"#stoel"},"up":{"uv":[0,0,0.4,1.24264],"rotation":90,"texture":"#stoel"},"down":{"uv":[0,0,0.4,1.24264],"rotation":90,"texture":"#stoel"}}},{"name":"octagon","from":[7.90368,0.325,6.425],"to":[8.09632,1.4,6.525],"faces":{"north":{"uv":[0,0,0.4,1.24264],"rotation":90,"texture":"#stoel"},"east":{"uv":[0,0,0.4,1.24264],"rotation":90,"texture":"#stoel"},"south":{"uv":[0,0,0.4,1.24264],"rotation":90,"texture":"#stoel"},"west":{"uv":[0,0,0.4,1.24264],"rotation":90,"texture":"#stoel"},"up":{"uv":[0,0,0.4,1.24264],"rotation":90,"texture":"#stoel"},"down":{"uv":[0,0,0.4,1.24264],"rotation":90,"texture":"#stoel"}}},{"name":"octagon","from":[7.92868,1.4,6.25],"to":[8.07132,1.55,6.6],"faces":{"north":{"uv":[7.92868,14.45,8.07132,14.6],"rotation":270,"texture":"#0"},"east":{"uv":[9.75,14.6,9.4,14.45],"rotation":90,"texture":"#0"},"south":{"uv":[7.92868,14.45,8.07132,14.6],"rotation":90,"texture":"#0"},"west":{"uv":[6.25,14.45,6.6,14.6],"rotation":90,"texture":"#0"},"up":{"uv":[7.92868,6.25,8.07132,6.6],"rotation":90,"texture":"#0"},"down":{"uv":[7.92868,9.4,8.07132,9.75],"rotation":90,"texture":"#0"}}},{"name":"stoel*","from":[7.475,-0.7,6.025],"to":[7.8,-0.6,6.1],"faces":{"north":{"uv":[0,0,0.45,4.875],"texture":"#anvil"},"east":{"uv":[0,0,0.45,4.875],"texture":"#anvil"},"south":{"uv":[0,0,0.45,4.875],"texture":"#anvil"},"west":{"uv":[0,0,0.45,4.875],"texture":"#anvil"},"up":{"uv":[0,0,0.45,0.45],"texture":"#anvil"},"down":{"uv":[0,0,0.45,0.45],"texture":"#anvil"}}},{"name":"stoel*","from":[7.475,-0.6,6.025],"to":[7.55,-0.475,6.1],"faces":{"north":{"uv":[0,0,0.45,4.875],"texture":"#anvil"},"east":{"uv":[0,0,0.45,4.875],"texture":"#anvil"},"south":{"uv":[0,0,0.45,4.875],"texture":"#anvil"},"west":{"uv":[0,0,0.45,4.875],"texture":"#anvil"},"up":{"uv":[0,0,0.45,0.45],"texture":"#anvil"},"down":{"uv":[0,0,0.45,0.45],"texture":"#anvil"}}},{"name":"stoel*","from":[11.15,-1.65,-0.1],"to":[11.6,1.45,0.35],"rotation":{"angle":-22.5,"axis":"x","origin":[11.15,1.45,-0.1]},"faces":{"north":{"uv":[0,0,16,16],"texture":"#stoel"},"east":{"uv":[0,0,16,16],"texture":"#stoel"},"south":{"uv":[0,0,16,16],"texture":"#stoel"},"west":{"uv":[0,0,16,16],"texture":"#stoel"},"up":{"uv":[0,0,16,16],"texture":"#stoel"},"down":{"uv":[0,0,16,16],"texture":"#stoel"}}},{"name":"stoel*","from":[4.4,-1.65,-0.1],"to":[4.85,1.45,0.35],"rotation":{"angle":-22.5,"axis":"x","origin":[4.4,1.45,-0.1]},"faces":{"north":{"uv":[0,0,16,16],"texture":"#stoel"},"east":{"uv":[0,0,16,16],"texture":"#stoel"},"south":{"uv":[0,0,16,16],"texture":"#stoel"},"west":{"uv":[0,0,16,16],"texture":"#stoel"},"up":{"uv":[0,0,16,16],"texture":"#stoel"},"down":{"uv":[0,0,16,16],"texture":"#stoel"}}}],"display":{"gui":{"rotation":[26,124,0],"translation":[0,-2,0],"scale":[0.4,0.4,0.4]},"head":{"translation":[0,24,5.5],"scale":[4,4,4]}},"groups":[0,1,2,3,4,5,6,7,8,9,10,11,12,13,14,15,16,17,18,19,20,21,22,23,24,25,26,27,28,29,30,31,32,33,34,35,36,37,38,39,40,41,42,43,44,45,46,47,48,49,50,51,52,53,54,55,56,57,58,59,60,61,62,63,64,65,66,67,68,69,70,71,72,73,74,75,76,77,78,79,80,81,82,83,84,85,86,87,88,89,90,91,92,93,94,95,96,97,98,99,100,101,102,103,104,105,106,107,108,109,110,111,{"name":"octagon","children":[112,113,114,115,116,117,118,119,120,121,122,123]},124,125,126,127],"credit":"Model by Craftventure"}