{"textures":{"0":"block/gold_block","2":"block/gold_block","4":"block/emerald_block","particle":"block/gold_block"},"elements":[{"from":[7.55,-3,7.55],"to":[8.45,0,8.45],"faces":{"north":{"uv":[13,11,14.9,15],"texture":"#2"},"east":{"uv":[13,11,14.9,15],"texture":"#2"},"south":{"uv":[13,11,14.9,15],"texture":"#2"},"west":{"uv":[13,11,14.9,15],"texture":"#2"},"up":{"uv":[13,11,14.9,15],"texture":"#2"},"down":{"uv":[13,11,14.9,15],"texture":"#2"}}},{"from":[7,0,7.25],"to":[9,0.25,8.75],"faces":{"north":{"uv":[3,2,4,3],"texture":"#4"},"east":{"uv":[3,2,4,3],"texture":"#4"},"south":{"uv":[3,2,4,3],"texture":"#4"},"west":{"uv":[3,2,4,3],"texture":"#4"},"up":{"uv":[3,2,4,3],"texture":"#4"},"down":{"uv":[3,2,4,3],"texture":"#4"}}},{"from":[7.35,-3.25,7.35],"to":[8.65,-3,8.65],"faces":{"north":{"uv":[3,2,4,3],"texture":"#4"},"east":{"uv":[3,2,4,3],"texture":"#4"},"south":{"uv":[3,2,4,3],"texture":"#4"},"west":{"uv":[3,2,4,3],"texture":"#4"},"up":{"uv":[3,2,4,3],"texture":"#4"},"down":{"uv":[3,2,4,3],"texture":"#4"}}},{"from":[7.4,-3.9,7.4],"to":[8.6,-3.25,8.6],"faces":{"north":{"uv":[5,8,11,11],"texture":"#4"},"east":{"uv":[5,8,11,11],"texture":"#4"},"south":{"uv":[5,8,11,11],"texture":"#4"},"west":{"uv":[5,8,11,11],"texture":"#4"},"up":{"uv":[6,6,10,10],"texture":"#4"},"down":{"uv":[5,5,11,11],"texture":"#4"}}},{"from":[7.1,-3.15298,10.00108],"to":[8.9,-2.90298,10.60108],"rotation":{"angle":22.5,"axis":"x","origin":[15.5,6.84702,16.85108]},"faces":{"north":{"uv":[3,2,4,3],"texture":"#4"},"east":{"uv":[3,2,4,3],"texture":"#4"},"south":{"uv":[3,2,4,3],"texture":"#4"},"west":{"uv":[3,2,4,3],"texture":"#4"},"up":{"uv":[3,2,4,3],"texture":"#4"},"down":{"uv":[3,2,4,3],"texture":"#4"}}},{"from":[7.2,-7.11874,11.33616],"to":[8.8,-6.86874,11.93616],"rotation":{"angle":45,"axis":"x","origin":[15.5,2.88126,18.18616]},"faces":{"north":{"uv":[3,2,4,3],"texture":"#4"},"east":{"uv":[3,2,4,3],"texture":"#4"},"south":{"uv":[3,2,4,3],"texture":"#4"},"west":{"uv":[3,2,4,3],"texture":"#4"},"up":{"uv":[3,2,4,3],"texture":"#4"},"down":{"uv":[3,2,4,3],"texture":"#4"}}},{"from":[7.1,-3.36356,11.95974],"to":[8.9,-3.11356,12.55974],"rotation":{"angle":22.5,"axis":"x","origin":[15.5,6.63644,18.80974]},"faces":{"north":{"uv":[3,2,4,3],"texture":"#4"},"east":{"uv":[3,2,4,3],"texture":"#4"},"south":{"uv":[3,2,4,3],"texture":"#4"},"west":{"uv":[3,2,4,3],"texture":"#4"},"up":{"uv":[3,2,4,3],"texture":"#4"},"down":{"uv":[3,2,4,3],"texture":"#4"}}},{"from":[7.2,3.27298,10.93353],"to":[8.8,4.27298,11.18353],"rotation":{"angle":-22.5,"axis":"x","origin":[15.5,-2.57702,20.93353]},"faces":{"north":{"uv":[3,2,4,3],"texture":"#4"},"east":{"uv":[3,2,4,3],"texture":"#4"},"south":{"uv":[3,2,4,3],"texture":"#4"},"west":{"uv":[3,2,4,3],"texture":"#4"},"up":{"uv":[0,0,1,1],"rotation":180,"texture":"#0"},"down":{"uv":[3,2,4,3],"texture":"#4"}}},{"from":[7.3,-1.40349,9.43701],"to":[8.7,-0.90349,9.68701],"faces":{"north":{"uv":[3,2,4,3],"texture":"#4"},"east":{"uv":[3,2,4,3],"texture":"#4"},"south":{"uv":[3,2,4,3],"texture":"#4"},"west":{"uv":[3,2,4,3],"texture":"#4"},"up":{"uv":[3,2,4,3],"texture":"#4"},"down":{"uv":[3,2,4,3],"texture":"#4"}}},{"from":[7.4,-2.10349,9.43701],"to":[8.6,-1.40349,9.68701],"faces":{"north":{"uv":[3,2,4,3],"texture":"#4"},"east":{"uv":[3,2,4,3],"texture":"#4"},"south":{"uv":[3,2,4,3],"texture":"#4"},"west":{"uv":[3,2,4,3],"texture":"#4"},"up":{"uv":[3,2,4,3],"texture":"#4"},"down":{"uv":[3,2,4,3],"texture":"#4"}}},{"from":[7.5,-5.91323,6.07346],"to":[8.5,-5.31323,6.32346],"rotation":{"angle":22.5,"axis":"x","origin":[15.5,-12.16323,16.07346]},"faces":{"north":{"uv":[3,2,4,3],"texture":"#4"},"east":{"uv":[3,2,4,3],"texture":"#4"},"south":{"uv":[3,2,4,3],"texture":"#4"},"west":{"uv":[3,2,4,3],"texture":"#4"},"up":{"uv":[3,2,4,3],"texture":"#4"},"down":{"uv":[3,2,4,3],"texture":"#4"}}},{"from":[7.6,-8.24579,1.50801],"to":[8.4,-7.54579,1.75801],"rotation":{"angle":45,"axis":"x","origin":[15.5,-14.39579,11.50801]},"faces":{"north":{"uv":[3,2,4,3],"texture":"#4"},"east":{"uv":[3,2,4,3],"texture":"#4"},"south":{"uv":[3,2,4,3],"texture":"#4"},"west":{"uv":[3,2,4,3],"texture":"#4"},"up":{"uv":[0,0,1,1],"rotation":180,"texture":"#0"},"down":{"uv":[3,2,4,3],"texture":"#4"}}},{"from":[7.7,-5.032,12.51502],"to":[8.3,-4.782,13.21502],"rotation":{"angle":-22.5,"axis":"x","origin":[15.5,-14.782,6.36502]},"faces":{"north":{"uv":[3,2,4,3],"texture":"#4"},"east":{"uv":[3,2,4,3],"texture":"#4"},"south":{"uv":[3,2,4,3],"texture":"#4"},"west":{"uv":[3,2,4,3],"texture":"#4"},"up":{"uv":[3,2,4,3],"texture":"#4"},"down":{"uv":[3,2,4,3],"texture":"#4"}}},{"from":[7.5,0.65387,6.27141],"to":[8.5,0.95387,6.52141],"faces":{"north":{"uv":[3,2,4,3],"texture":"#4"},"east":{"uv":[3,2,4,3],"texture":"#4"},"south":{"uv":[3,2,4,3],"texture":"#4"},"west":{"uv":[3,2,4,3],"texture":"#4"},"up":{"uv":[3,2,4,3],"texture":"#4"},"down":{"uv":[3,2,4,3],"texture":"#4"}}},{"from":[7.89125,-0.05214,8.20815],"to":[8.10875,3.00034,8.42565],"faces":{"north":{"uv":[7.625,7.75,7.5,10.5],"texture":"#2"},"east":{"uv":[7.5,7.75,7.625,10.5],"texture":"#2"},"south":{"uv":[7.5,7.75,7.625,10.5],"texture":"#2"},"west":{"uv":[7.625,7.75,7.5,10.5],"texture":"#2"},"up":{"uv":[7.5,7.75,7.625,7.875],"rotation":270,"texture":"#2"},"down":{"uv":[7.5,10.5,7.625,10.375],"rotation":90,"texture":"#2"}}},{"from":[7.67374,-0.24231,7.99064],"to":[8.32626,3.00034,8.20815],"faces":{"north":{"uv":[7.75,7.75,7.625,10.375],"texture":"#2"},"east":{"uv":[7.625,7.75,7.75,10.375],"texture":"#2"},"south":{"uv":[7.625,7.75,7.75,10.375],"texture":"#2"},"west":{"uv":[7.75,7.75,7.625,10.375],"texture":"#2"},"up":{"uv":[7.625,7.75,7.75,7.875],"rotation":270,"texture":"#2"},"down":{"uv":[7.625,10.375,7.75,10.25],"rotation":90,"texture":"#2"}}},{"from":[7.67374,-0.91475,7.77314],"to":[8.32626,6.91544,7.99064],"faces":{"north":{"uv":[7.875,5.5,7.75,10],"texture":"#2"},"east":{"uv":[7.75,5.5,7.875,10],"texture":"#2"},"south":{"uv":[7.75,5.5,7.875,10],"texture":"#2"},"west":{"uv":[7.875,5.5,7.75,10],"texture":"#2"},"up":{"uv":[7.75,5.5,7.875,5.625],"rotation":270,"texture":"#2"},"down":{"uv":[7.75,10,7.875,9.875],"rotation":90,"texture":"#2"}}},{"from":[7.89125,-1.56727,7.99064],"to":[8.10875,6.91544,8.20815],"faces":{"north":{"uv":[7.75,5.5,7.625,10.375],"texture":"#2"},"east":{"uv":[7.625,5.5,7.75,10.375],"texture":"#2"},"south":{"uv":[7.625,5.5,7.75,10.375],"texture":"#2"},"west":{"uv":[7.75,5.5,7.625,10.375],"texture":"#2"},"up":{"uv":[7.625,5.5,7.75,5.625],"rotation":270,"texture":"#2"},"down":{"uv":[7.625,10.375,7.75,10.25],"rotation":90,"texture":"#2"}}},{"from":[7.67374,-0.69725,7.55563],"to":[8.32626,8.65548,7.77314],"faces":{"north":{"uv":[8,4.5,7.875,9.875],"texture":"#2"},"east":{"uv":[7.875,4.5,8,9.875],"texture":"#2"},"south":{"uv":[7.875,4.5,8,9.875],"texture":"#2"},"west":{"uv":[8,4.5,7.875,9.875],"texture":"#2"},"up":{"uv":[7.875,4.5,8,4.625],"rotation":270,"texture":"#2"},"down":{"uv":[7.875,9.875,8,9.75],"rotation":90,"texture":"#2"}}},{"from":[7.89125,0.39028,7.33812],"to":[8.10875,11.04804,7.55563],"faces":{"north":{"uv":[8.125,3.125,8,9.25],"texture":"#2"},"east":{"uv":[8,3.125,8.125,9.25],"texture":"#2"},"south":{"uv":[8,3.125,8.125,9.25],"texture":"#2"},"west":{"uv":[8.125,3.125,8,9.25],"texture":"#2"},"up":{"uv":[8,3.125,8.125,3.25],"rotation":270,"texture":"#2"},"down":{"uv":[8,9.25,8.125,9.125],"rotation":90,"texture":"#2"}}},{"from":[7.67374,4.30538,7.33812],"to":[8.32626,9.74301,7.55563],"faces":{"north":{"uv":[8.125,3.875,8,7],"texture":"#2"},"east":{"uv":[8,3.875,8.125,7],"texture":"#2"},"south":{"uv":[8,3.875,8.125,7],"texture":"#2"},"west":{"uv":[8.125,3.875,8,7],"texture":"#2"},"up":{"uv":[8,3.875,8.125,4],"rotation":270,"texture":"#2"},"down":{"uv":[8,7,8.125,6.875],"rotation":90,"texture":"#2"}}},{"from":[7.89125,4.30538,7.12062],"to":[8.10875,12.13557,7.33812],"faces":{"north":{"uv":[8.25,2.5,8.125,7],"texture":"#2"},"east":{"uv":[8.125,2.5,8.25,7],"texture":"#2"},"south":{"uv":[8.125,2.5,8.25,7],"texture":"#2"},"west":{"uv":[8.25,2.5,8.125,7],"texture":"#2"},"up":{"uv":[8.125,2.5,8.25,2.625],"rotation":270,"texture":"#2"},"down":{"uv":[8.125,7,8.25,6.875],"rotation":90,"texture":"#2"}}},{"from":[7.67374,8.00297,7.12062],"to":[8.32626,11.04804,7.33812],"faces":{"north":{"uv":[8.25,3.125,8.125,4.875],"texture":"#2"},"east":{"uv":[8.125,3.125,8.25,4.875],"texture":"#2"},"south":{"uv":[8.125,3.125,8.25,4.875],"texture":"#2"},"west":{"uv":[8.25,3.125,8.125,4.875],"texture":"#2"},"up":{"uv":[8.125,3.125,8.25,3.25],"rotation":270,"texture":"#2"},"down":{"uv":[8.125,4.875,8.25,4.75],"rotation":90,"texture":"#2"}}},{"from":[7.89125,-0.69725,7.55563],"to":[8.10875,9.74301,7.77314],"faces":{"north":{"uv":[8,3.875,7.875,9.875],"texture":"#2"},"east":{"uv":[7.875,3.875,8,9.875],"texture":"#2"},"south":{"uv":[7.875,3.875,8,9.875],"texture":"#2"},"west":{"uv":[8,3.875,7.875,9.875],"texture":"#2"},"up":{"uv":[7.875,3.875,8,4],"rotation":270,"texture":"#2"},"down":{"uv":[7.875,9.875,8,9.75],"rotation":90,"texture":"#2"}}},{"from":[7.89125,-0.91475,7.77314],"to":[8.10875,8.65548,7.99064],"faces":{"north":{"uv":[7.875,4.5,7.75,10],"texture":"#2"},"east":{"uv":[7.75,4.5,7.875,10],"texture":"#2"},"south":{"uv":[7.75,4.5,7.875,10],"texture":"#2"},"west":{"uv":[7.875,4.5,7.75,10],"texture":"#2"},"up":{"uv":[7.75,4.5,7.875,4.625],"rotation":270,"texture":"#2"},"down":{"uv":[7.75,10,7.875,9.875],"rotation":90,"texture":"#2"}}},{"from":[7.89125,8.00297,6.90311],"to":[8.10875,12.57058,7.12062],"faces":{"north":{"uv":[8.375,2.25,8.25,4.875],"texture":"#2"},"east":{"uv":[8.25,2.25,8.375,4.875],"texture":"#2"},"south":{"uv":[8.25,2.25,8.375,4.875],"texture":"#2"},"west":{"uv":[8.375,2.25,8.25,4.875],"texture":"#2"},"up":{"uv":[8.25,2.25,8.375,2.375],"rotation":270,"texture":"#2"},"down":{"uv":[8.25,4.875,8.375,4.75],"rotation":90,"texture":"#2"}}},{"from":[7.45,-2.5,7.85],"to":[8.55,-2.2,8.15],"faces":{"north":{"uv":[0,0,1.1,0.3],"texture":"#4"},"east":{"uv":[6,6,9.3,9.3],"texture":"#4"},"south":{"uv":[1.5,2.5,2,3],"texture":"#4"},"west":{"uv":[6,6,9.3,9.3],"texture":"#4"},"up":{"uv":[0,0,1.1,0.3],"texture":"#4"},"down":{"uv":[0,0,1.1,0.3],"texture":"#4"}}},{"from":[7.45,-0.5,7.85],"to":[8.55,-0.2,8.15],"faces":{"north":{"uv":[0,0,1.1,0.3],"texture":"#4"},"east":{"uv":[6,6,9.3,9.3],"texture":"#4"},"south":{"uv":[1.5,2.5,2,3],"texture":"#4"},"west":{"uv":[6,6,9.3,9.3],"texture":"#4"},"up":{"uv":[0,0,1.1,0.3],"texture":"#4"},"down":{"uv":[0,0,1.1,0.3],"texture":"#4"}}},{"from":[7.45,-1.5,7.85],"to":[8.55,-1.2,8.15],"faces":{"north":{"uv":[0,0,1.1,0.3],"texture":"#4"},"east":{"uv":[6,6,9.3,9.3],"texture":"#4"},"south":{"uv":[1.5,2.5,2,3],"texture":"#4"},"west":{"uv":[6,6,9.3,9.3],"texture":"#4"},"up":{"uv":[0,0,1.1,0.3],"texture":"#4"},"down":{"uv":[0,0,1.1,0.3],"texture":"#4"}}},{"from":[7.85,-1.5,7.45],"to":[8.15,-1.2,8.55],"faces":{"north":{"uv":[6,6,9.3,9.3],"texture":"#4"},"east":{"uv":[1.5,2.5,2,3],"texture":"#4"},"south":{"uv":[6,6,9.3,9.3],"texture":"#4"},"west":{"uv":[0,0,1.1,0.3],"texture":"#4"},"up":{"uv":[0,0,1.1,0.3],"rotation":270,"texture":"#4"},"down":{"uv":[0,0,1.1,0.3],"rotation":90,"texture":"#4"}}},{"from":[7.85,-0.5,7.45],"to":[8.15,-0.2,8.55],"faces":{"north":{"uv":[6,6,9.3,9.3],"texture":"#4"},"east":{"uv":[1.5,2.5,2,3],"texture":"#4"},"south":{"uv":[6,6,9.3,9.3],"texture":"#4"},"west":{"uv":[0,0,1.1,0.3],"texture":"#4"},"up":{"uv":[0,0,1.1,0.3],"rotation":270,"texture":"#4"},"down":{"uv":[0,0,1.1,0.3],"rotation":90,"texture":"#4"}}},{"from":[7.85,-2.5,7.45],"to":[8.15,-2.2,8.55],"faces":{"north":{"uv":[6,6,9.3,9.3],"texture":"#4"},"east":{"uv":[1.5,2.5,2,3],"texture":"#4"},"south":{"uv":[6,6,9.3,9.3],"texture":"#4"},"west":{"uv":[0,0,1.1,0.3],"texture":"#4"},"up":{"uv":[0,0,1.1,0.3],"rotation":270,"texture":"#4"},"down":{"uv":[0,0,1.1,0.3],"rotation":90,"texture":"#4"}}}],"display":{"thirdperson_righthand":{"rotation":[0,-160,0],"translation":[0,12.2,1.25],"scale":[1.5,1.5,1.5]},"thirdperson_lefthand":{"rotation":[0,-160,0],"translation":[0,12.2,1.25],"scale":[1.5,1.5,1.5]},"firstperson_righthand":{"rotation":[-30,-160,-4],"translation":[0,7,0],"scale":[1.5,1.5,1.5]},"firstperson_lefthand":{"rotation":[-30,-160,-4],"translation":[0,7,0],"scale":[1.5,1.5,1.5]},"gui":{"rotation":[85,45,-90],"translation":[1.75,2.5,0]},"head":{"rotation":[0,90,0],"translation":[0,22,0],"scale":[1.5,1.5,1.5]}},"groups":[0,1,2,3,4,5,6,7,8,9,10,11,12,13,{"name":"group","children":[14,15,16,17,18,19,20,21,22,23,24,25]},26,27,28,29,30,31],"credit":"Model by Craftventure"}