{"textures":{"0":"block/green_shulker_box","1":"block/oak_planks","2":"block/luckyrum","particle":"block/green_shulker_box"},"elements":[{"from":[6,-13,5],"to":[12,-12,11],"faces":{"north":{"uv":[4,15,10,16],"texture":"#0","tintindex":0},"east":{"uv":[5,15,11,16],"texture":"#0","tintindex":0},"south":{"uv":[6,15,12,16],"texture":"#0","tintindex":0},"west":{"uv":[5,15,11,16],"texture":"#0","tintindex":0},"up":{"uv":[6,5,12,11],"texture":"#0","tintindex":0},"down":{"uv":[6,5,12,11],"texture":"#0","tintindex":0}}},{"from":[6.75,-12,5.75],"to":[11.25,-6,10.25],"faces":{"north":{"uv":[4.75,12,9.25,15],"texture":"#0","tintindex":0},"east":{"uv":[5.75,12,10.25,15],"texture":"#0","tintindex":0},"south":{"uv":[6.75,12,11.25,15],"texture":"#0","tintindex":0},"west":{"uv":[5.75,12,10.25,15],"texture":"#0","tintindex":0},"up":{"uv":[6.75,5.75,11.25,10.25],"texture":"#0","tintindex":0},"down":{"uv":[6.75,5.75,11.25,10.25],"texture":"#0","tintindex":0}}},{"from":[5.5,-6,4.5],"to":[12.5,-4,11.5],"faces":{"north":{"uv":[0,0,7,2],"texture":"#0","tintindex":0},"east":{"uv":[0,0,7,2],"texture":"#0","tintindex":0},"south":{"uv":[0,0,7,2],"texture":"#0","tintindex":0},"west":{"uv":[0,0,7,2],"texture":"#0","tintindex":0},"up":{"uv":[5.5,4.5,12.5,11.5],"texture":"#0","tintindex":0},"down":{"uv":[5.5,4.5,12.5,11.5],"texture":"#0","tintindex":0}}},{"from":[2.5,-4,2.5],"to":[14.5,-2,14.5],"faces":{"north":{"uv":[0,0,14,1],"texture":"#0","tintindex":0},"east":{"uv":[0,0,14,1],"texture":"#0","tintindex":0},"south":{"uv":[0,0,14,1],"texture":"#0","tintindex":0},"west":{"uv":[0,0,14,1],"texture":"#0","tintindex":0},"up":{"uv":[2.5,2.5,14.5,13.5],"texture":"#0","tintindex":0},"down":{"uv":[1,1,15,15],"texture":"#0","tintindex":0}}},{"from":[1.5,-2,1.5],"to":[15.5,0,15.5],"faces":{"north":{"uv":[0,0,14,1],"texture":"#0","tintindex":0},"east":{"uv":[0,0,14,1],"texture":"#0","tintindex":0},"south":{"uv":[0,0,14,1],"texture":"#0","tintindex":0},"west":{"uv":[0,0,14,1],"texture":"#0","tintindex":0},"up":{"uv":[1,1,15,14],"texture":"#0","tintindex":0},"down":{"uv":[1,1,15,15],"texture":"#0","tintindex":0}}},{"from":[0.5,0,0.5],"to":[16.5,30,16.5],"faces":{"north":{"uv":[3,0,11,16],"texture":"#0","tintindex":0},"east":{"uv":[3,0,11,16],"texture":"#0","tintindex":0},"south":{"uv":[3,0,11,16],"texture":"#0","tintindex":0},"west":{"uv":[3,0,11,16],"texture":"#0","tintindex":0},"up":{"uv":[0,0,16,16],"texture":"#0","tintindex":0},"down":{"uv":[0,0,16,16],"texture":"#0","tintindex":0}}},{"from":[1.5,30,1.5],"to":[15.5,32,15.5],"faces":{"north":{"uv":[0,0,14,1],"texture":"#0","tintindex":0},"east":{"uv":[0,0,14,1],"texture":"#0","tintindex":0},"south":{"uv":[0,0,14,1],"texture":"#0","tintindex":0},"west":{"uv":[0,0,14,1],"texture":"#0","tintindex":0},"up":{"uv":[1,1,15,15],"texture":"#0","tintindex":0},"down":{"uv":[1,1,15,15],"texture":"#0","tintindex":0}}},{"name":"kirk","from":[7,-16,6],"to":[11,-12.5,10],"faces":{"north":{"uv":[0,0,4,3.5],"texture":"#1"},"east":{"uv":[0,0,4,3.5],"texture":"#1"},"south":{"uv":[0,0,4,3.5],"texture":"#1"},"west":{"uv":[0,0,4,3.5],"texture":"#1"},"up":{"uv":[0,0,4,4],"texture":"#1"},"down":{"uv":[0,0,4,4],"texture":"#1"}}},{"from":[0.3,10,2],"to":[0.3,23,15],"faces":{"north":{"uv":[0,0,16,16],"texture":"#2","tintindex":0},"east":{"uv":[2,0,0,1.5],"rotation":180,"texture":"#2","tintindex":0},"south":{"uv":[0,0,16,16],"texture":"#2","tintindex":0},"west":{"uv":[0,0,16,16],"rotation":180,"texture":"#2","tintindex":0},"up":{"uv":[0,0,16,16],"texture":"#2","tintindex":0},"down":{"uv":[0,0,16,16],"texture":"#2","tintindex":0}}}],"display":{"thirdperson_righthand":{"rotation":[0,60,0],"translation":[0,4,1],"scale":[0.25,0.25,0.25]},"thirdperson_lefthand":{"rotation":[0,-120,0],"translation":[0,4,1],"scale":[0.25,0.25,0.25]},"firstperson_righthand":{"rotation":[-30,30,0],"scale":[0.3,0.3,0.3]},"firstperson_lefthand":{"rotation":[-30,-150,0],"scale":[0.3,0.3,0.3]},"gui":{"rotation":[-65,125,58],"scale":[0.3,0.3,0.3]},"head":{"rotation":[180,90,0],"translation":[0,14,0],"scale":[0.5,0.5,0.5]}},"credit":"Model by Craftventure"}