{"textures":{"1":"block/yellow_glazed_terracotta","2":"block/lime_shulker_box","3":"block/red_terracotta","4":"block/black_concrete"},"elements":[{"from":[8.07288,11.225,7.58137],"to":[9.57288,15.425,8.08137],"rotation":{"angle":0,"axis":"y","origin":[7.94653,2.64036,7.88485]},"faces":{"north":{"uv":[0,4.999,2.996,12.992],"rotation":180,"texture":"#2"},"east":{"uv":[4,4.999,4.999,12.993],"texture":"#2"},"south":{"uv":[0,3,2.996,10.993],"texture":"#2"},"west":{"uv":[0,4.999,2.996,12.993],"texture":"#2"},"up":{"uv":[0,4.999,2.996,12.993],"rotation":270,"texture":"#2"},"down":{"uv":[0,4.999,2.996,12.993],"rotation":90,"texture":"#2"}}},{"from":[8.07288,15.425,7.58137],"to":[9.57288,19.625,8.08137],"rotation":{"angle":0,"axis":"y","origin":[7.94653,2.64036,7.88485]},"faces":{"north":{"uv":[0,4.999,2.996,12.992],"rotation":180,"texture":"#2"},"east":{"uv":[4,4.999,4.999,12.993],"texture":"#2"},"south":{"uv":[0,3,2.996,10.993],"texture":"#2"},"west":{"uv":[0,4.999,2.996,12.993],"texture":"#2"},"up":{"uv":[0,4.999,2.996,12.993],"rotation":270,"texture":"#2"},"down":{"uv":[0,4.999,2.996,12.993],"rotation":90,"texture":"#2"}}},{"from":[17.03241,22.11325,7.59091],"to":[18.38241,22.86325,8.09091],"rotation":{"angle":22.5,"axis":"z","origin":[7.94653,2.64036,7.88485]},"faces":{"north":{"uv":[2.996,8.999,0,12.992],"rotation":90,"texture":"#2"},"east":{"uv":[15.996,4.999,13,12.993],"rotation":180,"texture":"#2"},"south":{"uv":[14.995,8,13,11.992],"rotation":270,"texture":"#2"},"west":{"uv":[15.996,4.999,13,12.993],"texture":"#2"},"up":{"uv":[9.996,4.999,10.996,12.993],"rotation":270,"texture":"#2"},"down":{"uv":[9.996,4,10.996,11.993],"rotation":270,"texture":"#2"}}},{"from":[16.54314,17.58822,7.58291],"to":[17.89314,18.63822,8.08291],"rotation":{"angle":22.5,"axis":"z","origin":[7.94653,2.64036,7.88485]},"faces":{"north":{"uv":[2.996,8.999,0,12.992],"rotation":90,"texture":"#2"},"east":{"uv":[15.996,4.999,13,12.993],"rotation":180,"texture":"#2"},"south":{"uv":[15.995,8.997,13,12.99],"rotation":270,"texture":"#2"},"west":{"uv":[15.996,4.999,13,12.993],"texture":"#2"},"up":{"uv":[9.996,4.999,10.996,12.993],"rotation":270,"texture":"#2"},"down":{"uv":[9.996,4,10.996,11.993],"rotation":270,"texture":"#2"}}},{"from":[-3.54279,15.2049,7.58314],"to":[-2.34279,16.7049,8.08314],"rotation":{"angle":-45,"axis":"z","origin":[7.94653,2.64036,7.88485]},"faces":{"north":{"uv":[2.996,8.999,0,12.992],"rotation":180,"texture":"#2"},"east":{"uv":[9.996,4,10.996,11.993],"rotation":180,"texture":"#2"},"south":{"uv":[15.995,8.997,13,12.99],"rotation":180,"texture":"#2"},"west":{"uv":[9.996,4.999,10.996,12.993],"rotation":180,"texture":"#2"},"up":{"uv":[15.996,4.999,13,12.993],"rotation":90,"texture":"#2"},"down":{"uv":[15.996,4.999,13,12.993],"rotation":270,"texture":"#2"}}},{"from":[7.64586,19.59612,7.58663],"to":[8.84586,22.74612,8.07663],"rotation":{"angle":0,"axis":"x","origin":[7.94653,2.64036,7.88485]},"faces":{"north":{"uv":[2.996,8.999,0,12.992],"rotation":180,"texture":"#2"},"east":{"uv":[9.996,4,10.996,11.993],"rotation":180,"texture":"#2"},"south":{"uv":[15.995,8.997,13,12.99],"rotation":180,"texture":"#2"},"west":{"uv":[9.996,4.999,10.996,12.993],"rotation":180,"texture":"#2"},"up":{"uv":[15.996,4.999,13,12.993],"rotation":90,"texture":"#2"},"down":{"uv":[15.996,4.999,13,12.993],"rotation":270,"texture":"#2"}}},{"from":[-6.81355,18.76628,7.58593],"to":[-6.06355,19.66628,8.07593],"rotation":{"angle":-45,"axis":"z","origin":[7.94653,2.64036,7.88485]},"faces":{"north":{"uv":[2.996,8.999,0,12.992],"rotation":180,"texture":"#2"},"east":{"uv":[9.996,4,10.996,11.993],"rotation":180,"texture":"#2"},"south":{"uv":[15.995,8.997,13,12.99],"rotation":180,"texture":"#2"},"west":{"uv":[9.996,4.999,10.996,12.993],"rotation":180,"texture":"#2"},"up":{"uv":[15.996,4.999,13,12.993],"rotation":90,"texture":"#2"},"down":{"uv":[15.996,4.999,13,12.993],"rotation":270,"texture":"#2"}}},{"from":[-0.02621,21.10045,7.58611],"to":[1.17379,22.90045,8.07611],"rotation":{"angle":-22.5,"axis":"z","origin":[7.94653,2.64036,7.88485]},"faces":{"north":{"uv":[2.996,8.999,0,12.992],"rotation":180,"texture":"#2"},"east":{"uv":[9.996,4,10.996,11.993],"rotation":180,"texture":"#2"},"south":{"uv":[15.995,8.997,13,12.99],"rotation":180,"texture":"#2"},"west":{"uv":[9.996,4.999,10.996,12.993],"rotation":180,"texture":"#2"},"up":{"uv":[15.996,4.999,13,12.993],"rotation":90,"texture":"#2"},"down":{"uv":[15.996,4.999,13,12.993],"rotation":270,"texture":"#2"}}},{"from":[-7.26359,16.96709,7.58326],"to":[-6.06359,18.76709,8.08326],"rotation":{"angle":-45,"axis":"z","origin":[7.94653,2.64036,7.88485]},"faces":{"north":{"uv":[2.996,8.999,0,12.992],"rotation":180,"texture":"#2"},"east":{"uv":[9.996,4,10.996,11.993],"rotation":180,"texture":"#2"},"south":{"uv":[15.995,8.997,13,12.99],"rotation":180,"texture":"#2"},"west":{"uv":[9.996,4.999,10.996,12.993],"rotation":180,"texture":"#2"},"up":{"uv":[15.996,4.999,13,12.993],"rotation":90,"texture":"#2"},"down":{"uv":[15.996,4.999,13,12.993],"rotation":270,"texture":"#2"}}},{"from":[2.14055,17.59524,7.58337],"to":[3.49055,18.64524,8.08337],"rotation":{"angle":-22.5,"axis":"z","origin":[7.94653,2.64036,7.88485]},"faces":{"north":{"uv":[2.996,8.999,0,12.992],"rotation":180,"texture":"#2"},"east":{"uv":[9.996,4,10.996,11.993],"rotation":180,"texture":"#2"},"south":{"uv":[15.996,8.999,13,12.992],"rotation":180,"texture":"#2"},"west":{"uv":[9.996,4.999,10.996,12.993],"rotation":180,"texture":"#2"},"up":{"uv":[15.996,4.999,13,12.993],"rotation":90,"texture":"#2"},"down":{"uv":[15.996,4.999,13,12.993],"rotation":270,"texture":"#2"}}},{"from":[-0.62293,19.74718,7.58337],"to":[0.72707,21.69718,8.08337],"rotation":{"angle":-22.5,"axis":"z","origin":[7.94653,2.64036,7.88485]},"faces":{"north":{"uv":[2.996,8.999,0,12.992],"rotation":180,"texture":"#2"},"east":{"uv":[9.996,4,10.996,11.993],"rotation":180,"texture":"#2"},"south":{"uv":[15.996,8.999,13,12.992],"rotation":180,"texture":"#2"},"west":{"uv":[9.996,4.999,10.996,12.993],"rotation":180,"texture":"#2"},"up":{"uv":[15.996,4.999,13,12.993],"rotation":90,"texture":"#2"},"down":{"uv":[15.996,4.999,13,12.993],"rotation":270,"texture":"#2"}}},{"from":[6.57288,19.625,7.58137],"to":[8.07288,21.725,8.08137],"rotation":{"angle":0,"axis":"y","origin":[7.94653,2.64036,7.88485]},"faces":{"north":{"uv":[2.996,8.999,0,12.992],"rotation":180,"texture":"#2"},"east":{"uv":[9.996,4,10.996,11.993],"rotation":180,"texture":"#2"},"south":{"uv":[15.996,8.998,13,12.991],"rotation":180,"texture":"#2"},"west":{"uv":[9.996,4.999,10.996,12.993],"rotation":180,"texture":"#2"},"up":{"uv":[15.996,4.999,13,12.993],"rotation":90,"texture":"#2"},"down":{"uv":[15.996,4.999,13,12.993],"rotation":270,"texture":"#2"}}},{"from":[6.57288,11.225,7.58137],"to":[8.07288,15.425,8.08137],"rotation":{"angle":0,"axis":"y","origin":[7.94653,2.64036,7.88485]},"faces":{"north":{"uv":[2.996,4.999,0,12.993],"rotation":180,"texture":"#2"},"east":{"uv":[15.996,4.999,13,12.993],"rotation":180,"texture":"#2"},"south":{"uv":[15.996,4.999,13,12.993],"rotation":180,"texture":"#2"},"west":{"uv":[9.996,4.999,10.996,12.993],"rotation":180,"texture":"#2"},"up":{"uv":[15.996,4.999,13,12.993],"rotation":90,"texture":"#2"},"down":{"uv":[15.996,4.999,13,12.993],"rotation":270,"texture":"#2"}}},{"from":[6.57288,15.425,7.58137],"to":[8.07288,19.625,8.08137],"rotation":{"angle":0,"axis":"y","origin":[7.94653,2.64036,7.88485]},"faces":{"north":{"uv":[2.996,4.999,0,12.993],"rotation":180,"texture":"#2"},"east":{"uv":[15.996,4.999,13,12.993],"rotation":180,"texture":"#2"},"south":{"uv":[15.996,4.999,13,12.993],"rotation":180,"texture":"#2"},"west":{"uv":[9.996,4.999,10.996,12.993],"rotation":180,"texture":"#2"},"up":{"uv":[15.996,4.999,13,12.993],"rotation":90,"texture":"#2"},"down":{"uv":[15.996,4.999,13,12.993],"rotation":270,"texture":"#2"}}},{"from":[6.57288,4.025,7.58137],"to":[8.07288,11.225,8.08137],"rotation":{"angle":0,"axis":"y","origin":[7.94653,2.64036,7.88485]},"faces":{"north":{"uv":[2.996,0,0,12.995],"rotation":180,"texture":"#2"},"east":{"uv":[15.996,0,13,12.996],"rotation":180,"texture":"#2"},"south":{"uv":[15.996,0,13,12.996],"rotation":180,"texture":"#2"},"west":{"uv":[8,0,8.999,12.995],"rotation":180,"texture":"#2"},"up":{"uv":[15.996,0,13,12.996],"rotation":90,"texture":"#2"},"down":{"uv":[15.996,0,13,12.996],"rotation":270,"texture":"#2"}}},{"from":[8.07288,4.025,7.58137],"to":[9.57288,11.225,8.08137],"rotation":{"angle":0,"axis":"y","origin":[7.94653,2.64036,7.88485]},"faces":{"north":{"uv":[13,3,15.996,15.996],"texture":"#2"},"east":{"uv":[7,3,7.999,15.996],"texture":"#2"},"south":{"uv":[0,3,2.996,15.997],"texture":"#2"},"west":{"uv":[0,3,2.996,15.997],"texture":"#2"},"up":{"uv":[0,3,2.996,15.997],"rotation":270,"texture":"#2"},"down":{"uv":[0,3,2.996,15.997],"rotation":90,"texture":"#2"}}},{"from":[8.06168,-0.875,7.83137],"to":[8.68668,-0.375,8.45637],"rotation":{"angle":0,"axis":"y","origin":[7.94653,2.64036,7.88485]},"faces":{"north":{"uv":[3.999,0,0,3.999],"texture":"#2"},"east":{"uv":[15.999,0,12,3.999],"texture":"#2"},"south":{"uv":[3.999,0,0,3.999],"texture":"#2"},"west":{"uv":[3.999,0,0,3.999],"texture":"#2"},"up":{"uv":[0,3.999,3.999,0],"rotation":270,"texture":"#2"},"down":{"uv":[0,15.999,3.999,12],"rotation":90,"texture":"#2"}}},{"from":[7.43668,-0.875,7.83137],"to":[8.06168,-0.375,8.45637],"rotation":{"angle":0,"axis":"y","origin":[7.94653,2.64036,7.88485]},"faces":{"north":{"uv":[0,0,3.999,3.999],"texture":"#2"},"east":{"uv":[0,0,3.999,3.999],"texture":"#2"},"south":{"uv":[0,0,3.999,3.999],"texture":"#2"},"west":{"uv":[12,0,15.999,3.999],"texture":"#2"},"up":{"uv":[0,0,3.999,3.999],"rotation":270,"texture":"#2"},"down":{"uv":[0,12,3.999,15.999],"rotation":90,"texture":"#2"}}},{"from":[7.43668,-0.875,7.20637],"to":[8.06168,-0.375,7.83137],"rotation":{"angle":0,"axis":"y","origin":[7.94653,2.64036,7.88485]},"faces":{"north":{"uv":[3.999,0,0,3.999],"texture":"#2"},"east":{"uv":[3.999,0,0,3.999],"texture":"#2"},"south":{"uv":[3.999,0,0,3.999],"texture":"#2"},"west":{"uv":[15.999,0,12,3.999],"texture":"#2"},"up":{"uv":[3.999,0,0,3.999],"rotation":270,"texture":"#2"},"down":{"uv":[3.999,12,0,15.999],"rotation":90,"texture":"#2"}}},{"from":[8.06168,-0.875,7.20637],"to":[8.68668,-0.375,7.83137],"rotation":{"angle":0,"axis":"y","origin":[7.94653,2.64036,7.88485]},"faces":{"north":{"uv":[0,0,3.999,3.999],"texture":"#2"},"east":{"uv":[12,0,15.999,3.999],"texture":"#2"},"south":{"uv":[0,0,3.999,3.999],"texture":"#2"},"west":{"uv":[0,0,3.999,3.999],"texture":"#2"},"up":{"uv":[3.999,3.999,0,0],"rotation":270,"texture":"#2"},"down":{"uv":[3.999,15.999,0,12],"rotation":90,"texture":"#2"}}},{"from":[8.06168,-1.375,7.83137],"to":[8.68668,-0.875,8.45637],"rotation":{"angle":0,"axis":"y","origin":[7.94653,2.64036,7.88485]},"faces":{"north":{"uv":[3.999,3.999,0,0],"texture":"#2"},"east":{"uv":[15.999,3.999,12,0],"texture":"#2"},"south":{"uv":[3.999,3.999,0,0],"texture":"#2"},"west":{"uv":[3.999,3.999,0,0],"texture":"#2"},"up":{"uv":[0,12,3.999,15.999],"rotation":270,"texture":"#2"},"down":{"uv":[0,0,3.999,3.999],"rotation":90,"texture":"#2"}}},{"from":[7.43668,-1.375,7.83137],"to":[8.06168,-0.875,8.45637],"rotation":{"angle":0,"axis":"y","origin":[7.94653,2.64036,7.88485]},"faces":{"north":{"uv":[0,3.999,3.999,0],"texture":"#2"},"east":{"uv":[0,3.999,3.999,0],"texture":"#2"},"south":{"uv":[0,3.999,3.999,0],"texture":"#2"},"west":{"uv":[12,3.999,15.999,0],"texture":"#2"},"up":{"uv":[0,15.999,3.999,12],"rotation":270,"texture":"#2"},"down":{"uv":[0,3.999,3.999,0],"rotation":90,"texture":"#2"}}},{"from":[7.43668,-1.375,7.20637],"to":[8.06168,-0.875,7.83137],"rotation":{"angle":0,"axis":"y","origin":[7.94653,2.64036,7.88485]},"faces":{"north":{"uv":[3.999,3.999,0,0],"texture":"#2"},"east":{"uv":[3.999,3.999,0,0],"texture":"#2"},"south":{"uv":[3.999,3.999,0,0],"texture":"#2"},"west":{"uv":[15.999,3.999,12,0],"texture":"#2"},"up":{"uv":[3.999,15.999,0,12],"rotation":270,"texture":"#2"},"down":{"uv":[3.999,3.999,0,0],"rotation":90,"texture":"#2"}}},{"from":[8.06168,-1.375,7.20637],"to":[8.68668,-0.875,7.83137],"rotation":{"angle":0,"axis":"y","origin":[7.94653,2.64036,7.88485]},"faces":{"north":{"uv":[0,3.999,3.999,0],"texture":"#2"},"east":{"uv":[12,3.999,15.999,0],"texture":"#2"},"south":{"uv":[0,3.999,3.999,0],"texture":"#2"},"west":{"uv":[0,3.999,3.999,0],"texture":"#2"},"up":{"uv":[3.999,12,0,15.999],"rotation":270,"texture":"#2"},"down":{"uv":[3.999,0,0,3.999],"rotation":90,"texture":"#2"}}},{"from":[8.06168,-2.125,7.83137],"to":[8.68668,-1.625,8.45637],"rotation":{"angle":0,"axis":"y","origin":[7.94653,2.64036,7.88485]},"faces":{"north":{"uv":[3.999,0,0,3.999],"texture":"#2"},"east":{"uv":[15.999,0,12,3.999],"texture":"#2"},"south":{"uv":[3.999,0,0,3.999],"texture":"#2"},"west":{"uv":[3.999,0,0,3.999],"texture":"#2"},"up":{"uv":[0,3.999,3.999,0],"rotation":270,"texture":"#2"},"down":{"uv":[0,15.999,3.999,12],"rotation":90,"texture":"#2"}}},{"from":[7.43668,-2.125,7.83137],"to":[8.06168,-1.625,8.45637],"rotation":{"angle":0,"axis":"y","origin":[7.94653,2.64036,7.88485]},"faces":{"north":{"uv":[0,0,3.999,3.999],"texture":"#2"},"east":{"uv":[0,0,3.999,3.999],"texture":"#2"},"south":{"uv":[0,0,3.999,3.999],"texture":"#2"},"west":{"uv":[12,0,15.999,3.999],"texture":"#2"},"up":{"uv":[0,0,3.999,3.999],"rotation":270,"texture":"#2"},"down":{"uv":[0,12,3.999,15.999],"rotation":90,"texture":"#2"}}},{"from":[7.43668,-2.125,7.20637],"to":[8.06168,-1.625,7.83137],"rotation":{"angle":0,"axis":"y","origin":[7.94653,2.64036,7.88485]},"faces":{"north":{"uv":[3.999,0,0,3.999],"texture":"#2"},"east":{"uv":[3.999,0,0,3.999],"texture":"#2"},"south":{"uv":[3.999,0,0,3.999],"texture":"#2"},"west":{"uv":[15.999,0,12,3.999],"texture":"#2"},"up":{"uv":[3.999,0,0,3.999],"rotation":270,"texture":"#2"},"down":{"uv":[3.999,12,0,15.999],"rotation":90,"texture":"#2"}}},{"from":[8.06168,-2.125,7.20637],"to":[8.68668,-1.625,7.83137],"rotation":{"angle":0,"axis":"y","origin":[7.94653,2.64036,7.88485]},"faces":{"north":{"uv":[0,0,3.999,3.999],"texture":"#2"},"east":{"uv":[12,0,15.999,3.999],"texture":"#2"},"south":{"uv":[0,0,3.999,3.999],"texture":"#2"},"west":{"uv":[0,0,3.999,3.999],"texture":"#2"},"up":{"uv":[3.999,3.999,0,0],"rotation":270,"texture":"#2"},"down":{"uv":[3.999,15.999,0,12],"rotation":90,"texture":"#2"}}},{"from":[8.06168,-2.625,7.83137],"to":[8.68668,-2.125,8.45637],"rotation":{"angle":0,"axis":"y","origin":[7.94653,2.64036,7.88485]},"faces":{"north":{"uv":[3.999,3.999,0,0],"texture":"#2"},"east":{"uv":[15.999,3.999,12,0],"texture":"#2"},"south":{"uv":[3.999,3.999,0,0],"texture":"#2"},"west":{"uv":[3.999,3.999,0,0],"texture":"#2"},"up":{"uv":[0,12,3.999,15.999],"rotation":270,"texture":"#2"},"down":{"uv":[0,0,3.999,3.999],"rotation":90,"texture":"#2"}}},{"from":[7.43668,-2.625,7.83137],"to":[8.06168,-2.125,8.45637],"rotation":{"angle":0,"axis":"y","origin":[7.94653,2.64036,7.88485]},"faces":{"north":{"uv":[0,3.999,3.999,0],"texture":"#2"},"east":{"uv":[0,3.999,3.999,0],"texture":"#2"},"south":{"uv":[0,3.999,3.999,0],"texture":"#2"},"west":{"uv":[12,3.999,15.999,0],"texture":"#2"},"up":{"uv":[0,15.999,3.999,12],"rotation":270,"texture":"#2"},"down":{"uv":[0,3.999,3.999,0],"rotation":90,"texture":"#2"}}},{"from":[7.43668,-2.625,7.20637],"to":[8.06168,-2.125,7.83137],"rotation":{"angle":0,"axis":"y","origin":[7.94653,2.64036,7.88485]},"faces":{"north":{"uv":[3.999,3.999,0,0],"texture":"#2"},"east":{"uv":[3.999,3.999,0,0],"texture":"#2"},"south":{"uv":[3.999,3.999,0,0],"texture":"#2"},"west":{"uv":[15.999,3.999,12,0],"texture":"#2"},"up":{"uv":[3.999,15.999,0,12],"rotation":270,"texture":"#2"},"down":{"uv":[3.999,3.999,0,0],"rotation":90,"texture":"#2"}}},{"from":[8.06168,-2.625,7.20637],"to":[8.68668,-2.125,7.83137],"rotation":{"angle":0,"axis":"y","origin":[7.94653,2.64036,7.88485]},"faces":{"north":{"uv":[0,3.999,3.999,0],"texture":"#2"},"east":{"uv":[12,3.999,15.999,0],"texture":"#2"},"south":{"uv":[0,3.999,3.999,0],"texture":"#2"},"west":{"uv":[0,3.999,3.999,0],"texture":"#2"},"up":{"uv":[3.999,12,0,15.999],"rotation":270,"texture":"#2"},"down":{"uv":[3.999,0,0,3.999],"rotation":90,"texture":"#2"}}},{"from":[8.06168,-3.375,7.83137],"to":[8.68668,-2.875,8.45637],"rotation":{"angle":0,"axis":"y","origin":[7.94653,2.64036,7.88485]},"faces":{"north":{"uv":[3.999,0,0,3.999],"texture":"#2"},"east":{"uv":[15.999,0,12,3.999],"texture":"#2"},"south":{"uv":[3.999,0,0,3.999],"texture":"#2"},"west":{"uv":[3.999,0,0,3.999],"texture":"#2"},"up":{"uv":[0,3.999,3.999,0],"rotation":270,"texture":"#2"},"down":{"uv":[0,15.999,3.999,12],"rotation":90,"texture":"#2"}}},{"from":[7.43668,-3.375,7.83137],"to":[8.06168,-2.875,8.45637],"rotation":{"angle":0,"axis":"y","origin":[7.94653,2.64036,7.88485]},"faces":{"north":{"uv":[0,0,3.999,3.999],"texture":"#2"},"east":{"uv":[0,0,3.999,3.999],"texture":"#2"},"south":{"uv":[0,0,3.999,3.999],"texture":"#2"},"west":{"uv":[12,0,15.999,3.999],"texture":"#2"},"up":{"uv":[0,0,3.999,3.999],"rotation":270,"texture":"#2"},"down":{"uv":[0,12,3.999,15.999],"rotation":90,"texture":"#2"}}},{"from":[7.43668,-3.375,7.20637],"to":[8.06168,-2.875,7.83137],"rotation":{"angle":0,"axis":"y","origin":[7.94653,2.64036,7.88485]},"faces":{"north":{"uv":[3.999,0,0,3.999],"texture":"#2"},"east":{"uv":[3.999,0,0,3.999],"texture":"#2"},"south":{"uv":[3.999,0,0,3.999],"texture":"#2"},"west":{"uv":[15.999,0,12,3.999],"texture":"#2"},"up":{"uv":[3.999,0,0,3.999],"rotation":270,"texture":"#2"},"down":{"uv":[3.999,12,0,15.999],"rotation":90,"texture":"#2"}}},{"from":[8.06168,-3.375,7.20637],"to":[8.68668,-2.875,7.83137],"rotation":{"angle":0,"axis":"y","origin":[7.94653,2.64036,7.88485]},"faces":{"north":{"uv":[0,0,3.999,3.999],"texture":"#2"},"east":{"uv":[12,0,15.999,3.999],"texture":"#2"},"south":{"uv":[0,0,3.999,3.999],"texture":"#2"},"west":{"uv":[0,0,3.999,3.999],"texture":"#2"},"up":{"uv":[3.999,3.999,0,0],"rotation":270,"texture":"#2"},"down":{"uv":[3.999,15.999,0,12],"rotation":90,"texture":"#2"}}},{"from":[8.06168,-3.875,7.83137],"to":[8.68668,-3.375,8.45637],"rotation":{"angle":0,"axis":"y","origin":[7.94653,2.64036,7.88485]},"faces":{"north":{"uv":[3.999,3.999,0,0],"texture":"#2"},"east":{"uv":[15.999,3.999,12,0],"texture":"#2"},"south":{"uv":[3.999,3.999,0,0],"texture":"#2"},"west":{"uv":[3.999,3.999,0,0],"texture":"#2"},"up":{"uv":[0,12,3.999,15.999],"rotation":270,"texture":"#2"},"down":{"uv":[0,0,3.999,3.999],"rotation":90,"texture":"#2"}}},{"from":[7.43668,-3.875,7.83137],"to":[8.06168,-3.375,8.45637],"rotation":{"angle":0,"axis":"y","origin":[7.94653,2.64036,7.88485]},"faces":{"north":{"uv":[0,3.999,3.999,0],"texture":"#2"},"east":{"uv":[0,3.999,3.999,0],"texture":"#2"},"south":{"uv":[0,3.999,3.999,0],"texture":"#2"},"west":{"uv":[12,3.999,15.999,0],"texture":"#2"},"up":{"uv":[0,15.999,3.999,12],"rotation":270,"texture":"#2"},"down":{"uv":[0,3.999,3.999,0],"rotation":90,"texture":"#2"}}},{"from":[7.43668,-3.875,7.20637],"to":[8.06168,-3.375,7.83137],"rotation":{"angle":0,"axis":"y","origin":[7.94653,2.64036,7.88485]},"faces":{"north":{"uv":[3.999,3.999,0,0],"texture":"#2"},"east":{"uv":[3.999,3.999,0,0],"texture":"#2"},"south":{"uv":[3.999,3.999,0,0],"texture":"#2"},"west":{"uv":[15.999,3.999,12,0],"texture":"#2"},"up":{"uv":[3.999,15.999,0,12],"rotation":270,"texture":"#2"},"down":{"uv":[3.999,3.999,0,0],"rotation":90,"texture":"#2"}}},{"from":[8.06168,-3.875,7.20637],"to":[8.68668,-3.375,7.83137],"rotation":{"angle":0,"axis":"y","origin":[7.94653,2.64036,7.88485]},"faces":{"north":{"uv":[0,3.999,3.999,0],"texture":"#2"},"east":{"uv":[12,3.999,15.999,0],"texture":"#2"},"south":{"uv":[0,3.999,3.999,0],"texture":"#2"},"west":{"uv":[0,3.999,3.999,0],"texture":"#2"},"up":{"uv":[3.999,12,0,15.999],"rotation":270,"texture":"#2"},"down":{"uv":[3.999,0,0,3.999],"rotation":90,"texture":"#2"}}},{"from":[8.06168,-4.625,7.83137],"to":[8.68668,-4.125,8.45637],"rotation":{"angle":0,"axis":"y","origin":[7.94653,2.64036,7.88485]},"faces":{"north":{"uv":[3.999,0,0,3.999],"texture":"#2"},"east":{"uv":[15.999,0,12,3.999],"texture":"#2"},"south":{"uv":[3.999,0,0,3.999],"texture":"#2"},"west":{"uv":[3.999,0,0,3.999],"texture":"#2"},"up":{"uv":[0,3.999,3.999,0],"rotation":270,"texture":"#2"},"down":{"uv":[0,15.999,3.999,12],"rotation":90,"texture":"#2"}}},{"from":[7.43668,-4.625,7.83137],"to":[8.06168,-4.125,8.45637],"rotation":{"angle":0,"axis":"y","origin":[7.94653,2.64036,7.88485]},"faces":{"north":{"uv":[0,0,3.999,3.999],"texture":"#2"},"east":{"uv":[0,0,3.999,3.999],"texture":"#2"},"south":{"uv":[0,0,3.999,3.999],"texture":"#2"},"west":{"uv":[12,0,15.999,3.999],"texture":"#2"},"up":{"uv":[0,0,3.999,3.999],"rotation":270,"texture":"#2"},"down":{"uv":[0,12,3.999,15.999],"rotation":90,"texture":"#2"}}},{"from":[7.43668,-4.625,7.20637],"to":[8.06168,-4.125,7.83137],"rotation":{"angle":0,"axis":"y","origin":[7.94653,2.64036,7.88485]},"faces":{"north":{"uv":[3.999,0,0,3.999],"texture":"#2"},"east":{"uv":[3.999,0,0,3.999],"texture":"#2"},"south":{"uv":[3.999,0,0,3.999],"texture":"#2"},"west":{"uv":[15.999,0,12,3.999],"texture":"#2"},"up":{"uv":[3.999,0,0,3.999],"rotation":270,"texture":"#2"},"down":{"uv":[3.999,12,0,15.999],"rotation":90,"texture":"#2"}}},{"from":[8.06168,-4.625,7.20637],"to":[8.68668,-4.125,7.83137],"rotation":{"angle":0,"axis":"y","origin":[7.94653,2.64036,7.88485]},"faces":{"north":{"uv":[0,0,3.999,3.999],"texture":"#2"},"east":{"uv":[12,0,15.999,3.999],"texture":"#2"},"south":{"uv":[0,0,3.999,3.999],"texture":"#2"},"west":{"uv":[0,0,3.999,3.999],"texture":"#2"},"up":{"uv":[3.999,3.999,0,0],"rotation":270,"texture":"#2"},"down":{"uv":[3.999,15.999,0,12],"rotation":90,"texture":"#2"}}},{"from":[8.06168,-5.125,7.83137],"to":[8.68668,-4.625,8.45637],"rotation":{"angle":0,"axis":"y","origin":[7.94653,2.64036,7.88485]},"faces":{"north":{"uv":[3.999,3.999,0,0],"texture":"#2"},"east":{"uv":[15.999,3.999,12,0],"texture":"#2"},"south":{"uv":[3.999,3.999,0,0],"texture":"#2"},"west":{"uv":[3.999,3.999,0,0],"texture":"#2"},"up":{"uv":[0,12,3.999,15.999],"rotation":270,"texture":"#2"},"down":{"uv":[0,0,3.999,3.999],"rotation":90,"texture":"#2"}}},{"from":[7.43668,-5.125,7.83137],"to":[8.06168,-4.625,8.45637],"rotation":{"angle":0,"axis":"y","origin":[7.94653,2.64036,7.88485]},"faces":{"north":{"uv":[0,3.999,3.999,0],"texture":"#2"},"east":{"uv":[0,3.999,3.999,0],"texture":"#2"},"south":{"uv":[0,3.999,3.999,0],"texture":"#2"},"west":{"uv":[12,3.999,15.999,0],"texture":"#2"},"up":{"uv":[0,15.999,3.999,12],"rotation":270,"texture":"#2"},"down":{"uv":[0,3.999,3.999,0],"rotation":90,"texture":"#2"}}},{"from":[7.43668,-5.125,7.20637],"to":[8.06168,-4.625,7.83137],"rotation":{"angle":0,"axis":"y","origin":[7.94653,2.64036,7.88485]},"faces":{"north":{"uv":[3.999,3.999,0,0],"texture":"#2"},"east":{"uv":[3.999,3.999,0,0],"texture":"#2"},"south":{"uv":[3.999,3.999,0,0],"texture":"#2"},"west":{"uv":[15.999,3.999,12,0],"texture":"#2"},"up":{"uv":[3.999,15.999,0,12],"rotation":270,"texture":"#2"},"down":{"uv":[3.999,3.999,0,0],"rotation":90,"texture":"#2"}}},{"from":[8.06168,-5.125,7.20637],"to":[8.68668,-4.625,7.83137],"rotation":{"angle":0,"axis":"y","origin":[7.94653,2.64036,7.88485]},"faces":{"north":{"uv":[0,3.999,3.999,0],"texture":"#2"},"east":{"uv":[12,3.999,15.999,0],"texture":"#2"},"south":{"uv":[0,3.999,3.999,0],"texture":"#2"},"west":{"uv":[0,3.999,3.999,0],"texture":"#2"},"up":{"uv":[3.999,12,0,15.999],"rotation":270,"texture":"#2"},"down":{"uv":[3.999,0,0,3.999],"rotation":90,"texture":"#2"}}},{"from":[8.06168,0.375,7.83137],"to":[8.68668,0.875,8.45637],"rotation":{"angle":0,"axis":"y","origin":[7.94653,2.64036,7.88485]},"faces":{"north":{"uv":[3.999,0,0,3.999],"texture":"#2"},"east":{"uv":[15.999,0,12,3.999],"texture":"#2"},"south":{"uv":[3.999,0,0,3.999],"texture":"#2"},"west":{"uv":[3.999,0,0,3.999],"texture":"#2"},"up":{"uv":[0,3.999,3.999,0],"rotation":270,"texture":"#2"},"down":{"uv":[0,15.999,3.999,12],"rotation":90,"texture":"#2"}}},{"from":[7.43668,0.375,7.83137],"to":[8.06168,0.875,8.45637],"rotation":{"angle":0,"axis":"y","origin":[7.94653,2.64036,7.88485]},"faces":{"north":{"uv":[0,0,3.999,3.999],"texture":"#2"},"east":{"uv":[0,0,3.999,3.999],"texture":"#2"},"south":{"uv":[0,0,3.999,3.999],"texture":"#2"},"west":{"uv":[12,0,15.999,3.999],"texture":"#2"},"up":{"uv":[0,0,3.999,3.999],"rotation":270,"texture":"#2"},"down":{"uv":[0,12,3.999,15.999],"rotation":90,"texture":"#2"}}},{"from":[7.43668,0.375,7.20637],"to":[8.06168,0.875,7.83137],"rotation":{"angle":0,"axis":"y","origin":[7.94653,2.64036,7.88485]},"faces":{"north":{"uv":[3.999,0,0,3.999],"texture":"#2"},"east":{"uv":[3.999,0,0,3.999],"texture":"#2"},"south":{"uv":[3.999,0,0,3.999],"texture":"#2"},"west":{"uv":[15.999,0,12,3.999],"texture":"#2"},"up":{"uv":[3.999,0,0,3.999],"rotation":270,"texture":"#2"},"down":{"uv":[3.999,12,0,15.999],"rotation":90,"texture":"#2"}}},{"from":[8.06168,0.375,7.20637],"to":[8.68668,0.875,7.83137],"rotation":{"angle":0,"axis":"y","origin":[7.94653,2.64036,7.88485]},"faces":{"north":{"uv":[0,0,3.999,3.999],"texture":"#2"},"east":{"uv":[12,0,15.999,3.999],"texture":"#2"},"south":{"uv":[0,0,3.999,3.999],"texture":"#2"},"west":{"uv":[0,0,3.999,3.999],"texture":"#2"},"up":{"uv":[3.999,3.999,0,0],"rotation":270,"texture":"#2"},"down":{"uv":[3.999,15.999,0,12],"rotation":90,"texture":"#2"}}},{"from":[8.06168,-0.125,7.83137],"to":[8.68668,0.375,8.45637],"rotation":{"angle":0,"axis":"y","origin":[7.94653,2.64036,7.88485]},"faces":{"north":{"uv":[3.999,3.999,0,0],"texture":"#2"},"east":{"uv":[15.999,3.999,12,0],"texture":"#2"},"south":{"uv":[3.999,3.999,0,0],"texture":"#2"},"west":{"uv":[3.999,3.999,0,0],"texture":"#2"},"up":{"uv":[0,12,3.999,15.999],"rotation":270,"texture":"#2"},"down":{"uv":[0,0,3.999,3.999],"rotation":90,"texture":"#2"}}},{"from":[7.43668,-0.125,7.83137],"to":[8.06168,0.375,8.45637],"rotation":{"angle":0,"axis":"y","origin":[7.94653,2.64036,7.88485]},"faces":{"north":{"uv":[0,3.999,3.999,0],"texture":"#2"},"east":{"uv":[0,3.999,3.999,0],"texture":"#2"},"south":{"uv":[0,3.999,3.999,0],"texture":"#2"},"west":{"uv":[12,3.999,15.999,0],"texture":"#2"},"up":{"uv":[0,15.999,3.999,12],"rotation":270,"texture":"#2"},"down":{"uv":[0,3.999,3.999,0],"rotation":90,"texture":"#2"}}},{"from":[7.43668,-0.125,7.20637],"to":[8.06168,0.375,7.83137],"rotation":{"angle":0,"axis":"y","origin":[7.94653,2.64036,7.88485]},"faces":{"north":{"uv":[3.999,3.999,0,0],"texture":"#2"},"east":{"uv":[3.999,3.999,0,0],"texture":"#2"},"south":{"uv":[3.999,3.999,0,0],"texture":"#2"},"west":{"uv":[15.999,3.999,12,0],"texture":"#2"},"up":{"uv":[3.999,15.999,0,12],"rotation":270,"texture":"#2"},"down":{"uv":[3.999,3.999,0,0],"rotation":90,"texture":"#2"}}},{"from":[8.06168,-0.125,7.20637],"to":[8.68668,0.375,7.83137],"rotation":{"angle":0,"axis":"y","origin":[7.94653,2.64036,7.88485]},"faces":{"north":{"uv":[0,3.999,3.999,0],"texture":"#2"},"east":{"uv":[12,3.999,15.999,0],"texture":"#2"},"south":{"uv":[0,3.999,3.999,0],"texture":"#2"},"west":{"uv":[0,3.999,3.999,0],"texture":"#2"},"up":{"uv":[3.999,12,0,15.999],"rotation":270,"texture":"#2"},"down":{"uv":[3.999,0,0,3.999],"rotation":90,"texture":"#2"}}},{"from":[8.06168,1.625,7.83137],"to":[8.68668,2.125,8.45637],"rotation":{"angle":0,"axis":"y","origin":[7.94653,2.64036,7.88485]},"faces":{"north":{"uv":[3.999,0,0,3.999],"texture":"#2"},"east":{"uv":[15.999,0,12,3.999],"texture":"#2"},"south":{"uv":[3.999,0,0,3.999],"texture":"#2"},"west":{"uv":[3.999,0,0,3.999],"texture":"#2"},"up":{"uv":[0,3.999,3.999,0],"rotation":270,"texture":"#2"},"down":{"uv":[0,15.999,3.999,12],"rotation":90,"texture":"#2"}}},{"from":[7.43668,1.625,7.83137],"to":[8.06168,2.125,8.45637],"rotation":{"angle":0,"axis":"y","origin":[7.94653,2.64036,7.88485]},"faces":{"north":{"uv":[0,0,3.999,3.999],"texture":"#2"},"east":{"uv":[0,0,3.999,3.999],"texture":"#2"},"south":{"uv":[0,0,3.999,3.999],"texture":"#2"},"west":{"uv":[12,0,15.999,3.999],"texture":"#2"},"up":{"uv":[0,0,3.999,3.999],"rotation":270,"texture":"#2"},"down":{"uv":[0,12,3.999,15.999],"rotation":90,"texture":"#2"}}},{"from":[7.43668,1.625,7.20637],"to":[8.06168,2.125,7.83137],"rotation":{"angle":0,"axis":"y","origin":[7.94653,2.64036,7.88485]},"faces":{"north":{"uv":[3.999,0,0,3.999],"texture":"#2"},"east":{"uv":[3.999,0,0,3.999],"texture":"#2"},"south":{"uv":[3.999,0,0,3.999],"texture":"#2"},"west":{"uv":[15.999,0,12,3.999],"texture":"#2"},"up":{"uv":[3.999,0,0,3.999],"rotation":270,"texture":"#2"},"down":{"uv":[3.999,12,0,15.999],"rotation":90,"texture":"#2"}}},{"from":[8.06168,1.625,7.20637],"to":[8.68668,2.125,7.83137],"rotation":{"angle":0,"axis":"y","origin":[7.94653,2.64036,7.88485]},"faces":{"north":{"uv":[0,0,3.999,3.999],"texture":"#2"},"east":{"uv":[12,0,15.999,3.999],"texture":"#2"},"south":{"uv":[0,0,3.999,3.999],"texture":"#2"},"west":{"uv":[0,0,3.999,3.999],"texture":"#2"},"up":{"uv":[3.999,3.999,0,0],"rotation":270,"texture":"#2"},"down":{"uv":[3.999,15.999,0,12],"rotation":90,"texture":"#2"}}},{"from":[8.06168,1.125,7.83137],"to":[8.68668,1.625,8.45637],"rotation":{"angle":0,"axis":"y","origin":[7.94653,2.64036,7.88485]},"faces":{"north":{"uv":[3.999,3.999,0,0],"texture":"#2"},"east":{"uv":[15.999,3.999,12,0],"texture":"#2"},"south":{"uv":[3.999,3.999,0,0],"texture":"#2"},"west":{"uv":[3.999,3.999,0,0],"texture":"#2"},"up":{"uv":[0,12,3.999,15.999],"rotation":270,"texture":"#2"},"down":{"uv":[0,0,3.999,3.999],"rotation":90,"texture":"#2"}}},{"from":[7.43668,1.125,7.83137],"to":[8.06168,1.625,8.45637],"rotation":{"angle":0,"axis":"y","origin":[7.94653,2.64036,7.88485]},"faces":{"north":{"uv":[0,3.999,3.999,0],"texture":"#2"},"east":{"uv":[0,3.999,3.999,0],"texture":"#2"},"south":{"uv":[0,3.999,3.999,0],"texture":"#2"},"west":{"uv":[12,3.999,15.999,0],"texture":"#2"},"up":{"uv":[0,15.999,3.999,12],"rotation":270,"texture":"#2"},"down":{"uv":[0,3.999,3.999,0],"rotation":90,"texture":"#2"}}},{"from":[7.43668,1.125,7.20637],"to":[8.06168,1.625,7.83137],"rotation":{"angle":0,"axis":"y","origin":[7.94653,2.64036,7.88485]},"faces":{"north":{"uv":[3.999,3.999,0,0],"texture":"#2"},"east":{"uv":[3.999,3.999,0,0],"texture":"#2"},"south":{"uv":[3.999,3.999,0,0],"texture":"#2"},"west":{"uv":[15.999,3.999,12,0],"texture":"#2"},"up":{"uv":[3.999,15.999,0,12],"rotation":270,"texture":"#2"},"down":{"uv":[3.999,3.999,0,0],"rotation":90,"texture":"#2"}}},{"from":[8.06168,1.125,7.20637],"to":[8.68668,1.625,7.83137],"rotation":{"angle":0,"axis":"y","origin":[7.94653,2.64036,7.88485]},"faces":{"north":{"uv":[0,3.999,3.999,0],"texture":"#2"},"east":{"uv":[12,3.999,15.999,0],"texture":"#2"},"south":{"uv":[0,3.999,3.999,0],"texture":"#2"},"west":{"uv":[0,3.999,3.999,0],"texture":"#2"},"up":{"uv":[3.999,12,0,15.999],"rotation":270,"texture":"#2"},"down":{"uv":[3.999,0,0,3.999],"rotation":90,"texture":"#2"}}},{"from":[8.06168,2.875,7.83137],"to":[8.68668,3.375,8.45637],"rotation":{"angle":0,"axis":"y","origin":[7.94653,2.64036,7.88485]},"faces":{"north":{"uv":[3.999,0,0,3.999],"texture":"#2"},"east":{"uv":[15.999,0,12,3.999],"texture":"#2"},"south":{"uv":[3.999,0,0,3.999],"texture":"#2"},"west":{"uv":[3.999,0,0,3.999],"texture":"#2"},"up":{"uv":[0,3.999,3.999,0],"rotation":270,"texture":"#2"},"down":{"uv":[0,15.999,3.999,12],"rotation":90,"texture":"#2"}}},{"from":[7.43668,2.875,7.83137],"to":[8.06168,3.375,8.45637],"rotation":{"angle":0,"axis":"y","origin":[7.94653,2.64036,7.88485]},"faces":{"north":{"uv":[0,0,3.999,3.999],"texture":"#2"},"east":{"uv":[0,0,3.999,3.999],"texture":"#2"},"south":{"uv":[0,0,3.999,3.999],"texture":"#2"},"west":{"uv":[12,0,15.999,3.999],"texture":"#2"},"up":{"uv":[0,0,3.999,3.999],"rotation":270,"texture":"#2"},"down":{"uv":[0,12,3.999,15.999],"rotation":90,"texture":"#2"}}},{"from":[7.43668,2.875,7.20637],"to":[8.06168,3.375,7.83137],"rotation":{"angle":0,"axis":"y","origin":[7.94653,2.64036,7.88485]},"faces":{"north":{"uv":[3.999,0,0,3.999],"texture":"#2"},"east":{"uv":[3.999,0,0,3.999],"texture":"#2"},"south":{"uv":[3.999,0,0,3.999],"texture":"#2"},"west":{"uv":[15.999,0,12,3.999],"texture":"#2"},"up":{"uv":[3.999,0,0,3.999],"rotation":270,"texture":"#2"},"down":{"uv":[3.999,12,0,15.999],"rotation":90,"texture":"#2"}}},{"from":[8.06168,2.875,7.20637],"to":[8.68668,3.375,7.83137],"rotation":{"angle":0,"axis":"y","origin":[7.94653,2.64036,7.88485]},"faces":{"north":{"uv":[0,0,3.999,3.999],"texture":"#2"},"east":{"uv":[12,0,15.999,3.999],"texture":"#2"},"south":{"uv":[0,0,3.999,3.999],"texture":"#2"},"west":{"uv":[0,0,3.999,3.999],"texture":"#2"},"up":{"uv":[3.999,3.999,0,0],"rotation":270,"texture":"#2"},"down":{"uv":[3.999,15.999,0,12],"rotation":90,"texture":"#2"}}},{"from":[8.06168,2.375,7.83137],"to":[8.68668,2.875,8.45637],"rotation":{"angle":0,"axis":"y","origin":[7.94653,2.64036,7.88485]},"faces":{"north":{"uv":[3.999,3.999,0,0],"texture":"#2"},"east":{"uv":[15.999,3.999,12,0],"texture":"#2"},"south":{"uv":[3.999,3.999,0,0],"texture":"#2"},"west":{"uv":[3.999,3.999,0,0],"texture":"#2"},"up":{"uv":[0,12,3.999,15.999],"rotation":270,"texture":"#2"},"down":{"uv":[0,0,3.999,3.999],"rotation":90,"texture":"#2"}}},{"from":[7.43668,2.375,7.83137],"to":[8.06168,2.875,8.45637],"rotation":{"angle":0,"axis":"y","origin":[7.94653,2.64036,7.88485]},"faces":{"north":{"uv":[0,3.999,3.999,0],"texture":"#2"},"east":{"uv":[0,3.999,3.999,0],"texture":"#2"},"south":{"uv":[0,3.999,3.999,0],"texture":"#2"},"west":{"uv":[12,3.999,15.999,0],"texture":"#2"},"up":{"uv":[0,15.999,3.999,12],"rotation":270,"texture":"#2"},"down":{"uv":[0,3.999,3.999,0],"rotation":90,"texture":"#2"}}},{"from":[7.43668,2.375,7.20637],"to":[8.06168,2.875,7.83137],"rotation":{"angle":0,"axis":"y","origin":[7.94653,2.64036,7.88485]},"faces":{"north":{"uv":[3.999,3.999,0,0],"texture":"#2"},"east":{"uv":[3.999,3.999,0,0],"texture":"#2"},"south":{"uv":[3.999,3.999,0,0],"texture":"#2"},"west":{"uv":[15.999,3.999,12,0],"texture":"#2"},"up":{"uv":[3.999,15.999,0,12],"rotation":270,"texture":"#2"},"down":{"uv":[3.999,3.999,0,0],"rotation":90,"texture":"#2"}}},{"from":[8.06168,2.375,7.20637],"to":[8.68668,2.875,7.83137],"rotation":{"angle":0,"axis":"y","origin":[7.94653,2.64036,7.88485]},"faces":{"north":{"uv":[0,3.999,3.999,0],"texture":"#2"},"east":{"uv":[12,3.999,15.999,0],"texture":"#2"},"south":{"uv":[0,3.999,3.999,0],"texture":"#2"},"west":{"uv":[0,3.999,3.999,0],"texture":"#2"},"up":{"uv":[3.999,12,0,15.999],"rotation":270,"texture":"#2"},"down":{"uv":[3.999,0,0,3.999],"rotation":90,"texture":"#2"}}},{"from":[8.06168,-4.875,7.45637],"to":[8.43668,-0.625,7.83137],"rotation":{"angle":0,"axis":"y","origin":[7.94653,2.64036,7.88485]},"faces":{"north":{"uv":[0,11.999,1.999,0],"texture":"#2"},"east":{"uv":[14,11.999,15.998,0],"texture":"#2"},"south":{"uv":[0,11.999,1.999,0],"texture":"#2"},"west":{"uv":[0,11.999,1.999,0],"texture":"#2"},"up":{"uv":[1.999,0,0,11.999],"rotation":270,"texture":"#2"},"down":{"uv":[1.999,0,0,11.999],"rotation":90,"texture":"#2"}}},{"from":[7.68668,-0.875,7.83137],"to":[8.06168,3.375,8.20637],"rotation":{"angle":0,"axis":"y","origin":[7.94653,2.64036,7.88485]},"faces":{"north":{"uv":[0,0,1.999,11.999],"texture":"#2"},"east":{"uv":[0,0,1.999,11.999],"texture":"#2"},"south":{"uv":[0,0,1.999,11.999],"texture":"#2"},"west":{"uv":[14,0,15.998,11.999],"texture":"#2"},"up":{"uv":[0,0,1.999,11.999],"rotation":270,"texture":"#2"},"down":{"uv":[0,0,1.999,11.999],"rotation":90,"texture":"#2"}}},{"from":[7.68668,-4.875,7.83137],"to":[8.06168,-0.625,8.20637],"rotation":{"angle":0,"axis":"y","origin":[7.94653,2.64036,7.88485]},"faces":{"north":{"uv":[0,11.999,1.999,0],"texture":"#2"},"east":{"uv":[0,11.999,1.999,0],"texture":"#2"},"south":{"uv":[0,11.999,1.999,0],"texture":"#2"},"west":{"uv":[14,11.999,15.998,0],"texture":"#2"},"up":{"uv":[0,11.999,1.999,0],"rotation":270,"texture":"#2"},"down":{"uv":[0,11.999,1.999,0],"rotation":90,"texture":"#2"}}},{"from":[7.68668,-0.875,7.45637],"to":[8.06168,3.375,7.83137],"rotation":{"angle":0,"axis":"y","origin":[7.94653,2.64036,7.88485]},"faces":{"north":{"uv":[1.999,0,0,11.999],"texture":"#2"},"east":{"uv":[1.999,0,0,11.999],"texture":"#2"},"south":{"uv":[1.999,0,0,11.999],"texture":"#2"},"west":{"uv":[15.998,0,14,11.999],"texture":"#2"},"up":{"uv":[1.999,0,0,11.999],"rotation":270,"texture":"#2"},"down":{"uv":[1.999,0,0,11.999],"rotation":90,"texture":"#2"}}},{"from":[7.68668,-4.875,7.45637],"to":[8.06168,-0.625,7.83137],"rotation":{"angle":0,"axis":"y","origin":[7.94653,2.64036,7.88485]},"faces":{"north":{"uv":[1.999,11.999,0,0],"texture":"#2"},"east":{"uv":[1.999,11.999,0,0],"texture":"#2"},"south":{"uv":[1.999,11.999,0,0],"texture":"#2"},"west":{"uv":[15.998,11.999,14,0],"texture":"#2"},"up":{"uv":[1.999,11.999,0,0],"rotation":270,"texture":"#2"},"down":{"uv":[1.999,11.999,0,0],"rotation":90,"texture":"#2"}}},{"from":[8.06168,-0.875,7.83137],"to":[8.43668,3.375,8.20637],"rotation":{"angle":0,"axis":"y","origin":[7.94653,2.64036,7.88485]},"faces":{"north":{"uv":[1.999,0,0,11.999],"texture":"#2"},"east":{"uv":[15.998,0,14,11.999],"texture":"#2"},"south":{"uv":[1.999,0,0,11.999],"texture":"#2"},"west":{"uv":[1.999,0,0,11.999],"texture":"#2"},"up":{"uv":[0,11.999,1.999,0],"rotation":270,"texture":"#2"},"down":{"uv":[0,11.999,1.999,0],"rotation":90,"texture":"#2"}}},{"from":[8.06168,-4.875,7.83137],"to":[8.43668,-0.625,8.20637],"rotation":{"angle":0,"axis":"y","origin":[7.94653,2.64036,7.88485]},"faces":{"north":{"uv":[1.999,11.999,0,0],"texture":"#2"},"east":{"uv":[15.998,11.999,14,0],"texture":"#2"},"south":{"uv":[1.999,11.999,0,0],"texture":"#2"},"west":{"uv":[1.999,11.999,0,0],"texture":"#2"},"up":{"uv":[0,0,1.999,11.999],"rotation":270,"texture":"#2"},"down":{"uv":[0,0,1.999,11.999],"rotation":90,"texture":"#2"}}},{"from":[8.06168,-0.875,7.45637],"to":[8.43668,3.375,7.83137],"rotation":{"angle":0,"axis":"y","origin":[7.94653,2.64036,7.88485]},"faces":{"north":{"uv":[0,0,1.999,11.999],"texture":"#2"},"east":{"uv":[14,0,15.998,11.999],"texture":"#2"},"south":{"uv":[0,0,1.999,11.999],"texture":"#2"},"west":{"uv":[0,0,1.999,11.999],"texture":"#2"},"up":{"uv":[1.999,11.999,0,0],"rotation":270,"texture":"#2"},"down":{"uv":[1.999,11.999,0,0],"rotation":90,"texture":"#2"}}},{"name":"hexadecagon","from":[7.06712,-5.75,6.60915],"to":[9.05624,-4.75,7.60915],"rotation":{"angle":0,"axis":"x","origin":[7.94653,2.64036,7.88485]},"faces":{"north":{"uv":[8,0,4,3],"texture":"#1"},"east":{"uv":[8,0,4,3],"texture":"#1"},"south":{"uv":[8,0,4,3],"rotation":180,"texture":"#1"},"west":{"uv":[8,0,4,3],"texture":"#1"},"up":{"uv":[6,3,10,0],"texture":"#1"},"down":{"uv":[6,3,10,0],"texture":"#1"}}},{"name":"hexadecagon","from":[3.06168,-1.74456,7.35915],"to":[4.06168,0.24456,8.35915],"rotation":{"angle":0,"axis":"x","origin":[7.94653,2.64036,7.88485]},"faces":{"north":{"uv":[4,3,8,0],"rotation":90,"texture":"#1"},"east":{"uv":[6,3,10,0],"rotation":90,"texture":"#1"},"south":{"uv":[4,3,8,0],"rotation":90,"texture":"#1"},"west":{"uv":[6,3,10,0],"rotation":90,"texture":"#1"},"up":{"uv":[8,0,4,3],"rotation":90,"texture":"#1"},"down":{"uv":[8,0,4,3],"rotation":90,"texture":"#1"}}},{"name":"hexadecagon","from":[9.43074,-4.67556,6.98415],"to":[11.41986,-3.67556,7.98415],"rotation":{"angle":-45,"axis":"z","origin":[7.94653,2.64036,7.88485]},"faces":{"north":{"uv":[8,0,4,3],"texture":"#1"},"east":{"uv":[8,0,4,3],"texture":"#1"},"south":{"uv":[8,0,4,3],"rotation":180,"texture":"#1"},"west":{"uv":[8,0,4,3],"texture":"#1"},"up":{"uv":[6,3,10,0],"texture":"#1"},"down":{"uv":[6,3,10,0],"texture":"#1"}}},{"name":"hexadecagon","from":[4.63605,4.16159,7.73415],"to":[6.62517,5.16159,8.73415],"rotation":{"angle":45,"axis":"z","origin":[7.94653,2.64036,7.88485]},"faces":{"north":{"uv":[8,0,4,3],"rotation":180,"texture":"#1"},"east":{"uv":[8,0,4,3],"rotation":180,"texture":"#1"},"south":{"uv":[8,0,4,3],"texture":"#1"},"west":{"uv":[8,0,4,3],"rotation":180,"texture":"#1"},"up":{"uv":[6,3,10,0],"rotation":180,"texture":"#1"},"down":{"uv":[6,3,10,0],"rotation":180,"texture":"#1"}}},{"name":"hexadecagon","from":[6.19238,3.67154,6.55359],"to":[8.6815,4.67154,7.55359],"rotation":{"angle":-22.5,"axis":"z","origin":[7.94653,2.64036,7.88485]},"faces":{"north":{"uv":[4,0,8,3],"texture":"#1"},"east":{"uv":[4,0,8,3],"rotation":180,"texture":"#1"},"south":{"uv":[4,0,8,3],"rotation":180,"texture":"#1"},"west":{"uv":[4,0,8,3],"rotation":180,"texture":"#1"},"up":{"uv":[6,0,10,3],"rotation":180,"texture":"#1"},"down":{"uv":[6,0,10,3],"rotation":180,"texture":"#1"}}},{"name":"hexadecagon","from":[3.59751,-5.65539,8.10915],"to":[6.08663,-4.65539,9.10915],"rotation":{"angle":22.5,"axis":"z","origin":[7.94653,2.64036,7.88485]},"faces":{"north":{"uv":[8.999,3,4,0],"texture":"#1"},"east":{"uv":[8.999,3,4,0],"texture":"#1"},"south":{"uv":[8.999,3,4,0],"texture":"#1"},"west":{"uv":[8.999,3,4,0],"texture":"#1"},"up":{"uv":[8.999,3,4,0],"texture":"#1"},"down":{"uv":[8.999,3,4,0],"rotation":180,"texture":"#1"}}},{"name":"hexadecagon","from":[9.06168,3.25,6.83681],"to":[9.81168,4.25,8.82593],"rotation":{"angle":0,"axis":"y","origin":[7.94653,2.64036,7.88485]},"faces":{"north":{"uv":[4,0,8,3],"rotation":180,"texture":"#1"},"east":{"uv":[4,0,8,3],"texture":"#1"},"south":{"uv":[4,0,7,3],"rotation":180,"texture":"#1"},"west":{"uv":[4,0,8,3],"rotation":180,"texture":"#1"},"up":{"uv":[6,0,10,3],"rotation":270,"texture":"#1"},"down":{"uv":[6,0,10,3],"rotation":90,"texture":"#1"}}},{"name":"hexadecagon","from":[9.06168,-5.75,6.83681],"to":[9.81168,-4.75,8.82593],"rotation":{"angle":0,"axis":"y","origin":[7.94653,2.64036,7.88485]},"faces":{"north":{"uv":[7,3,4,0],"rotation":180,"texture":"#1"},"east":{"uv":[8,3,4,0],"texture":"#1"},"south":{"uv":[8,3,4,0],"rotation":180,"texture":"#1"},"west":{"uv":[8,3,4,0],"rotation":180,"texture":"#1"},"up":{"uv":[10,3,6,0],"rotation":270,"texture":"#1"},"down":{"uv":[10,3,6,0],"rotation":90,"texture":"#1"}}},{"name":"hexadecagon","from":[6.43668,4.375,6.83681],"to":[7.18668,5.125,8.70093],"rotation":{"angle":0,"axis":"y","origin":[7.94653,2.64036,7.88485]},"faces":{"north":{"uv":[8,0,4,3],"rotation":180,"texture":"#1"},"east":{"uv":[8,0,4,3],"rotation":180,"texture":"#1"},"south":{"uv":[8,0,4,3],"rotation":180,"texture":"#1"},"west":{"uv":[8,0,4,3],"texture":"#1"},"up":{"uv":[6,3,10,0],"rotation":270,"texture":"#1"},"down":{"uv":[6,3,10,0],"rotation":90,"texture":"#1"}}},{"name":"hexadecagon","from":[6.43668,-6.625,7.46181],"to":[7.18668,-5.875,8.82593],"rotation":{"angle":0,"axis":"y","origin":[7.94653,2.64036,7.88485]},"faces":{"north":{"uv":[4,3,8,0],"rotation":180,"texture":"#1"},"east":{"uv":[4,3,8,0],"rotation":180,"texture":"#1"},"south":{"uv":[4,3,8,0],"rotation":180,"texture":"#1"},"west":{"uv":[4,3,8,0],"texture":"#1"},"up":{"uv":[10,0,6,3],"rotation":270,"texture":"#1"},"down":{"uv":[10,0,6,3],"rotation":90,"texture":"#1"}}},{"name":"hexadecagon","from":[7.06712,3.25,8.10915],"to":[9.05624,4.25,9.10915],"rotation":{"angle":0,"axis":"x","origin":[7.94653,2.64036,7.88485]},"faces":{"north":{"uv":[8,0,4,3],"rotation":180,"texture":"#1"},"east":{"uv":[8,0,4,3],"rotation":180,"texture":"#1"},"south":{"uv":[8,0,4,3],"texture":"#1"},"west":{"uv":[8,0,4,3],"rotation":180,"texture":"#1"},"up":{"uv":[6,3,10,0],"rotation":180,"texture":"#1"},"down":{"uv":[6,3,10,0],"rotation":180,"texture":"#1"}}},{"name":"hexadecagon","from":[7.06712,4.375,8.10915],"to":[9.05624,5.125,8.98415],"rotation":{"angle":0,"axis":"x","origin":[7.94653,2.64036,7.88485]},"faces":{"north":{"uv":[4,0,8,3],"rotation":180,"texture":"#1"},"east":{"uv":[4,0,8,3],"rotation":180,"texture":"#1"},"south":{"uv":[4,0,8,3],"texture":"#1"},"west":{"uv":[4,0,8,3],"rotation":180,"texture":"#1"},"up":{"uv":[10,3,6,0],"rotation":180,"texture":"#1"},"down":{"uv":[10,3,6,0],"rotation":180,"texture":"#1"}}},{"name":"hexadecagon","from":[7.06712,-6.625,7.17859],"to":[9.05624,-5.875,8.05359],"rotation":{"angle":0,"axis":"x","origin":[7.94653,2.64036,7.88485]},"faces":{"north":{"uv":[8,3,4,0],"texture":"#1"},"east":{"uv":[8,3,4,0],"rotation":180,"texture":"#1"},"south":{"uv":[8,3,4,0],"rotation":180,"texture":"#1"},"west":{"uv":[8,3,4,0],"rotation":180,"texture":"#1"},"up":{"uv":[6,0,10,3],"texture":"#1"},"down":{"uv":[6,0,10,3],"texture":"#1"}}},{"name":"hexadecagon","from":[8.56168,4.63044,8.10915],"to":[9.31168,5.86956,8.85915],"rotation":{"angle":0,"axis":"x","origin":[7.94653,2.64036,7.88485]},"faces":{"north":{"uv":[4,0,8,3],"rotation":270,"texture":"#1"},"east":{"uv":[10,3,6,0],"rotation":90,"texture":"#1"},"south":{"uv":[4,0,8,3],"rotation":270,"texture":"#1"},"west":{"uv":[10,3,6,0],"rotation":90,"texture":"#1"},"up":{"uv":[4,0,8,3],"rotation":90,"texture":"#1"},"down":{"uv":[4,0,8,3],"rotation":90,"texture":"#1"}}},{"name":"hexadecagon","from":[8.56168,-6.86956,7.42859],"to":[9.31168,-6.13044,8.17859],"rotation":{"angle":0,"axis":"x","origin":[7.94653,2.64036,7.88485]},"faces":{"north":{"uv":[8,3,4,0],"rotation":270,"texture":"#1"},"east":{"uv":[6,0,10,3],"rotation":90,"texture":"#1"},"south":{"uv":[8,3,4,0],"rotation":270,"texture":"#1"},"west":{"uv":[6,0,10,3],"rotation":90,"texture":"#1"},"up":{"uv":[8,3,4,0],"rotation":270,"texture":"#1"},"down":{"uv":[8,3,4,0],"rotation":270,"texture":"#1"}}},{"name":"hexadecagon","from":[10.47052,3.97661,8.10915],"to":[11.22052,5.46573,8.73415],"rotation":{"angle":45,"axis":"z","origin":[7.94653,2.64036,7.88485]},"faces":{"north":{"uv":[4,0,8,3],"rotation":270,"texture":"#1"},"east":{"uv":[10,3,6,0],"rotation":90,"texture":"#1"},"south":{"uv":[4,0,8,3],"rotation":270,"texture":"#1"},"west":{"uv":[10,3,6,0],"rotation":90,"texture":"#1"},"up":{"uv":[4,0,8,3],"rotation":90,"texture":"#1"},"down":{"uv":[4,0,8,3],"rotation":90,"texture":"#1"}}},{"name":"hexadecagon","from":[15.01137,-4.48298,7.67859],"to":[15.63637,-3.11886,8.30359],"rotation":{"angle":-45,"axis":"z","origin":[7.94653,2.64036,7.88485]},"faces":{"north":{"uv":[8,3,4,0],"rotation":270,"texture":"#1"},"east":{"uv":[6,0,10,3],"rotation":90,"texture":"#1"},"south":{"uv":[8,3,4,0],"rotation":270,"texture":"#1"},"west":{"uv":[6,0,10,3],"rotation":90,"texture":"#1"},"up":{"uv":[8,3,4,0],"rotation":270,"texture":"#1"},"down":{"uv":[8,3,4,0],"rotation":270,"texture":"#1"}}},{"name":"hexadecagon","from":[7.68668,6.38044,8.10915],"to":[8.43668,7.49456,8.60915],"rotation":{"angle":0,"axis":"x","origin":[7.94653,2.64036,7.88485]},"faces":{"north":{"uv":[4,0,8,3],"rotation":270,"texture":"#1"},"east":{"uv":[7,3.999,3,2],"rotation":90,"texture":"#1"},"south":{"uv":[4,0,8.999,2.999],"rotation":270,"texture":"#1"},"west":{"uv":[11,4.999,7,3],"rotation":90,"texture":"#1"},"up":{"uv":[4,0,8,3],"rotation":90,"texture":"#1"},"down":{"uv":[4,0,8,3],"rotation":90,"texture":"#1"}}},{"name":"hexadecagon","from":[7.90516,-8.50632,7.92859],"to":[8.40516,-7.3922,8.42859],"rotation":{"angle":0,"axis":"x","origin":[7.94653,2.64036,7.88485]},"faces":{"north":{"uv":[10,6.999,6,4.999],"rotation":270,"texture":"#1"},"east":{"uv":[8.999,10.999,4.999,8.999],"rotation":270,"texture":"#1"},"south":{"uv":[8,2,4,0],"rotation":270,"texture":"#1"},"west":{"uv":[12.999,3.999,8.999,2],"rotation":270,"texture":"#1"},"up":{"uv":[8,2,4,0],"rotation":180,"texture":"#1"},"down":{"uv":[8,2,4,0],"texture":"#1"}}},{"name":"hexadecagon","from":[7.43668,7.25544,8.10915],"to":[8.68668,7.86956,8.85915],"rotation":{"angle":0,"axis":"x","origin":[7.94653,2.64036,7.88485]},"faces":{"north":{"uv":[3,2,6,7],"rotation":270,"texture":"#1"},"east":{"uv":[3,0,6,0.999],"rotation":270,"texture":"#1"},"south":{"uv":[3,2,6,7],"rotation":270,"texture":"#1"},"west":{"uv":[3,0,6,0.999],"rotation":270,"texture":"#1"},"up":{"uv":[3,2,6,7],"rotation":180,"texture":"#1"},"down":{"uv":[3,2,6,7],"texture":"#1"}}},{"name":"hexadecagon","from":[7.56168,7.75544,8.10915],"to":[8.56168,8.11956,8.73415],"rotation":{"angle":0,"axis":"x","origin":[7.94653,2.64036,7.88485]},"faces":{"north":{"uv":[3,2,3.999,3.998],"rotation":270,"texture":"#1"},"east":{"uv":[3,2,3.999,3.998],"rotation":270,"texture":"#1"},"south":{"uv":[3,2,3.999,3.998],"rotation":270,"texture":"#1"},"west":{"uv":[3,2,3.999,3.998],"rotation":270,"texture":"#1"},"up":{"uv":[3,2,3.999,3.998],"rotation":180,"texture":"#1"},"down":{"uv":[3,2,3.999,3.998],"texture":"#1"}}},{"name":"hexadecagon","from":[7.49918,7.86956,8.40915],"to":[8.62418,8.06956,8.60915],"rotation":{"angle":0,"axis":"x","origin":[7.94653,2.64036,7.88485]},"faces":{"north":{"uv":[3,2,3.999,3.998],"rotation":270,"texture":"#4"},"east":{"uv":[3,2,3.999,3.998],"rotation":270,"texture":"#4"},"south":{"uv":[3,2,3.999,3.998],"rotation":270,"texture":"#4"},"west":{"uv":[3,2,3.999,3.998],"rotation":270,"texture":"#4"},"up":{"uv":[3,2,3.999,3.998],"rotation":180,"texture":"#4"},"down":{"uv":[3,2,3.999,3.998],"texture":"#4"}}},{"name":"hexadecagon","from":[7.68668,8.00544,8.10915],"to":[8.43668,8.36956,8.60915],"rotation":{"angle":0,"axis":"x","origin":[7.94653,2.64036,7.88485]},"faces":{"north":{"uv":[3,2,3.999,3.998],"rotation":270,"texture":"#1"},"east":{"uv":[3,2,3.999,3.998],"rotation":270,"texture":"#1"},"south":{"uv":[3,2,3.999,3.998],"rotation":270,"texture":"#1"},"west":{"uv":[3,2,3.999,3.998],"rotation":270,"texture":"#1"},"up":{"uv":[3,2,3.999,3.998],"rotation":180,"texture":"#1"},"down":{"uv":[3,2,3.999,3.998],"texture":"#1"}}},{"name":"hexadecagon","from":[7.81168,8.25544,8.10915],"to":[8.31168,8.61956,8.48415],"rotation":{"angle":0,"axis":"x","origin":[7.94653,2.64036,7.88485]},"faces":{"north":{"uv":[3,2,3.999,3.998],"rotation":270,"texture":"#1"},"east":{"uv":[3,2,3.999,3.998],"rotation":270,"texture":"#1"},"south":{"uv":[3,2,3.999,3.998],"rotation":270,"texture":"#1"},"west":{"uv":[3,2,3.999,3.998],"rotation":270,"texture":"#1"},"up":{"uv":[3,2,3.999,3.998],"rotation":180,"texture":"#1"},"down":{"uv":[3,2,3.999,3.998],"texture":"#1"}}},{"name":"hexadecagon","from":[7.93668,8.50544,8.10915],"to":[8.18668,9.11956,8.23415],"rotation":{"angle":0,"axis":"x","origin":[7.94653,2.64036,7.88485]},"faces":{"north":{"uv":[3,2,3.999,3.998],"rotation":270,"texture":"#3"},"east":{"uv":[3,2,3.999,3.998],"rotation":270,"texture":"#3"},"south":{"uv":[3,2,3.999,3.998],"rotation":270,"texture":"#3"},"west":{"uv":[3,2,3.999,3.998],"rotation":270,"texture":"#3"},"up":{"uv":[3,2,3.999,3.998],"rotation":180,"texture":"#3"},"down":{"uv":[3,2,3.999,3.998],"texture":"#3"}}},{"name":"hexadecagon","from":[10.41692,8.56564,8.10915],"to":[10.54192,8.92976,8.23415],"rotation":{"angle":22.5,"axis":"z","origin":[7.94653,2.64036,7.88485]},"faces":{"north":{"uv":[3,2,3.999,3.998],"rotation":270,"texture":"#3"},"east":{"uv":[3,2,3.999,3.998],"rotation":270,"texture":"#3"},"south":{"uv":[3,2,3.999,3.998],"rotation":270,"texture":"#3"},"west":{"uv":[3,2,3.999,3.998],"rotation":270,"texture":"#3"},"up":{"uv":[3,2,3.999,3.998],"rotation":180,"texture":"#3"},"down":{"uv":[3,2,3.999,3.998],"texture":"#3"}}},{"name":"hexadecagon","from":[5.56392,8.65377,8.10915],"to":[5.68892,9.01789,8.23415],"rotation":{"angle":-22.5,"axis":"z","origin":[7.94653,2.64036,7.88485]},"faces":{"north":{"uv":[3,3.998,3.999,2],"rotation":270,"texture":"#3"},"east":{"uv":[3,3.998,3.999,2],"rotation":270,"texture":"#3"},"south":{"uv":[3,3.998,3.999,2],"rotation":270,"texture":"#3"},"west":{"uv":[3,3.998,3.999,2],"rotation":270,"texture":"#3"},"up":{"uv":[3.999,2,3,3.998],"rotation":180,"texture":"#3"},"down":{"uv":[3.999,2,3,3.998],"texture":"#3"}}},{"name":"hexadecagon","from":[8.35579,-5.44786,6.73415],"to":[10.34491,-4.44786,7.73415],"rotation":{"angle":-22.5,"axis":"z","origin":[7.94653,2.64036,7.88485]},"faces":{"north":{"uv":[8,0,4,3],"texture":"#1"},"east":{"uv":[8,0,4,3],"texture":"#1"},"south":{"uv":[8,0,4,3],"rotation":180,"texture":"#1"},"west":{"uv":[8,0,4,3],"texture":"#1"},"up":{"uv":[6,3,10,0],"texture":"#1"},"down":{"uv":[6,3,10,0],"texture":"#1"}}},{"name":"hexadecagon","from":[4.35035,-1.44242,7.48415],"to":[5.35035,0.5467,8.48415],"rotation":{"angle":-22.5,"axis":"z","origin":[7.94653,2.64036,7.88485]},"faces":{"north":{"uv":[4,3,8,0],"rotation":90,"texture":"#1"},"east":{"uv":[6,3,10,0],"rotation":90,"texture":"#1"},"south":{"uv":[4,3,8,0],"rotation":90,"texture":"#1"},"west":{"uv":[6,3,10,0],"rotation":90,"texture":"#1"},"up":{"uv":[8,0,4,3],"rotation":90,"texture":"#1"},"down":{"uv":[8,0,4,3],"rotation":90,"texture":"#1"}}},{"name":"hexadecagon","from":[1.75549,-1.53055,7.10915],"to":[2.75549,0.45857,8.10915],"rotation":{"angle":22.5,"axis":"z","origin":[7.94653,2.64036,7.88485]},"faces":{"north":{"uv":[4,3,8,0],"rotation":90,"texture":"#1"},"east":{"uv":[6,3,10,0],"rotation":90,"texture":"#1"},"south":{"uv":[4,3,8,0],"rotation":90,"texture":"#1"},"west":{"uv":[6,3,10,0],"rotation":90,"texture":"#1"},"up":{"uv":[8,0,4,3],"rotation":90,"texture":"#1"},"down":{"uv":[8,0,4,3],"rotation":90,"texture":"#1"}}},{"name":"hexadecagon","from":[5.76093,3.46401,7.85915],"to":[7.75005,4.46401,8.85915],"rotation":{"angle":22.5,"axis":"z","origin":[7.94653,2.64036,7.88485]},"faces":{"north":{"uv":[8,0,4,3],"rotation":180,"texture":"#1"},"east":{"uv":[8,0,4,3],"rotation":180,"texture":"#1"},"south":{"uv":[8,0,4,3],"texture":"#1"},"west":{"uv":[8,0,4,3],"rotation":180,"texture":"#1"},"up":{"uv":[6,3,10,0],"rotation":180,"texture":"#1"},"down":{"uv":[6,3,10,0],"rotation":180,"texture":"#1"}}}],"display":{"thirdperson_righthand":{"rotation":[0,-90,0],"translation":[0,4.5,0],"scale":[0.8,0.75,0.8]},"thirdperson_lefthand":{"rotation":[0,90,0],"translation":[0,4.5,0],"scale":[0.8,0.75,0.8]},"firstperson_righthand":{"rotation":[-22.5,-90,0],"translation":[0,5,0],"scale":[0.7,0.7,0.7]},"firstperson_lefthand":{"rotation":[-22.5,90,0],"translation":[0,5,0],"scale":[0.7,0.7,0.7]},"ground":{"rotation":[-45,-90,0],"scale":[0.7,0.7,0.7]},"gui":{"rotation":[0,0,-45],"scale":[0.7,0.7,4]},"fixed":{"rotation":[0,-180,45],"translation":[0,-0.75,-1],"scale":[0.8,0.8,0.8]}},"groups":[{"name":"group","origin":[8,8,8],"children":[{"name":"blade","origin":[15.75,11.375,15.75],"children":[0,1,2,3,4,5,6,7,8,9,10,11,12,13,14,15]},{"name":"group","origin":[8,8,8],"children":[{"name":"group","origin":[0.125,15.875,0.625],"children":[16,17,18,19,{"name":"group","origin":[0.125,15.875,0.625],"children":[20,21,22,23]}]},{"name":"group","origin":[0.125,15.875,0.625],"children":[24,25,26,27,{"name":"group","origin":[0.125,15.875,0.625],"children":[28,29,30,31]}]},{"name":"group","origin":[0.125,15.875,0.625],"children":[32,33,34,35,{"name":"group","origin":[0.125,15.875,0.625],"children":[36,37,38,39]}]},{"name":"group","origin":[0.125,15.875,0.625],"children":[40,41,42,43,{"name":"group","origin":[0.125,15.875,0.625],"children":[44,45,46,47]}]},{"name":"group","origin":[0.125,15.875,0.625],"children":[48,49,50,51,{"name":"group","origin":[0.125,15.875,0.625],"children":[52,53,54,55]}]},{"name":"group","origin":[0.125,15.875,0.625],"children":[56,57,58,59,{"name":"group","origin":[0.125,15.875,0.625],"children":[60,61,62,63]}]},{"name":"group","origin":[0.125,15.875,0.625],"children":[64,65,66,67,{"name":"group","origin":[0.125,15.875,0.625],"children":[68,69,70,71]}]}]},72,73,74,75,76,77,78,79,{"name":"hexadecagon","origin":[8,8,8],"children":[80,81,82,83,84,85,86,87,88,89,90,91,92,93,94,95,96,97,98,99,100,101,102,103,104,105,106,107,108,109,110]}]}],"credit":"Model by Craftventure"}