{"textures":{"chair":"block/anvil","uitlaat top ":"block/piston_inner","uitlaat zijkant":"block/furnace_side","furnace_front":"block/comparator_on","geel":"block/yellow_wool","paars":"block/white_concrete","glass":"block/glass","dispenser_front":"block/dispenser_front","texture":"block/cyan_terracotta","grill2":"block/grill2","daylight_detector_top":"block/daylight_detector_top"},"elements":[{"name":"onderstoel","from":[1,4.9,3.1875],"to":[15,7.7,11.5875],"faces":{"north":{"uv":[3,10.5,13,12.5],"texture":"#texture"},"east":{"uv":[5.4375,10.5,11.4375,12.5],"texture":"#texture"},"south":{"uv":[3,10.5,13,12.5],"texture":"#texture"},"west":{"uv":[4.5625,10.5,10.5625,12.5],"texture":"#texture"},"up":{"uv":[3,4.5625,13,10.5625],"texture":"#texture"},"down":{"uv":[13,10.5625,3,4.5625],"texture":"#texture"}}},{"name":"stoel","from":[2.4,7.7,2.575],"to":[13.6,9.1,10.975],"faces":{"north":{"uv":[0,0,16,2.5],"texture":"#chair"},"east":{"uv":[0,0,16,2],"texture":"#chair"},"south":{"uv":[0,0,16,2],"texture":"#chair"},"west":{"uv":[0,0,16,2.5],"texture":"#chair"},"up":{"uv":[0,0,16,16],"texture":"#chair"},"down":{"uv":[0,0,16,16],"texture":"#chair"}}},{"name":"stoel","from":[2.4,7.7,10.1875],"to":[13.6,9.1,12.2875],"rotation":{"angle":-45,"axis":"x","origin":[2.4,9.1,10.1875]},"faces":{"north":{"uv":[4,10.5,12,12.5],"texture":"#chair"},"east":{"uv":[0,10.5,4.5,12.5],"texture":"#chair"},"south":{"uv":[4,10.5,12,12.5],"texture":"#chair"},"west":{"uv":[11.5,10.5,16,12.5],"texture":"#chair"},"up":{"uv":[0,11.5,16,16],"texture":"#chair"},"down":{"uv":[0,16,16,12],"texture":"#chair"}}},{"name":"stoel","from":[2.4,9.8,13.6875],"to":[13.6,15.4,15.0875],"rotation":{"angle":22.5,"axis":"x","origin":[2.4,15.4,13.6875]},"faces":{"north":{"uv":[0,0,16,16],"texture":"#chair"},"east":{"uv":[0,0,16,2.5],"texture":"#chair"},"south":{"uv":[0,0,16,16],"texture":"#chair"},"west":{"uv":[0,0,16,2.5],"texture":"#chair"},"up":{"uv":[0,0,16,2.5],"texture":"#chair"},"down":{"uv":[0,0,16,2.5],"texture":"#chair"}}},{"name":"stuur","from":[6.075,16.52,-2.675],"to":[9.995,17.5,-1.695],"rotation":{"angle":45,"axis":"x","origin":[6.075,17.5,-2.675]},"faces":{"north":{"uv":[5.9375,0,9.9375,1],"texture":"#chair"},"east":{"uv":[0,0,1,1],"texture":"#chair"},"south":{"uv":[5.9375,0,9.9375,1],"texture":"#chair"},"west":{"uv":[0,0,1,1],"texture":"#chair"},"up":{"uv":[5.9375,0,9.9375,1],"texture":"#chair"},"down":{"uv":[5.9375,0,9.9375,1],"texture":"#chair"}}},{"name":"stuur","from":[5.1125,15.82,-1.975],"to":[6.0925,16.8,1.945],"rotation":{"angle":45,"axis":"x","origin":[5.1125,16.8,-1.975]},"faces":{"north":{"uv":[4.9375,0,5.9375,1],"texture":"#chair"},"east":{"uv":[0,0,4,1],"texture":"#chair"},"south":{"uv":[4.9375,0,5.9375,1],"texture":"#chair"},"west":{"uv":[0,0,4,1],"texture":"#chair"},"up":{"uv":[4.9375,0,5.9375,4],"texture":"#chair"},"down":{"uv":[4.9375,0,5.9375,4],"texture":"#chair"}}},{"name":"stuur","from":[9.925,15.82,-2.0625],"to":[10.905,16.8,1.8575],"rotation":{"angle":45,"axis":"x","origin":[9.925,16.8,-2.0625]},"faces":{"north":{"uv":[10,0,11,1],"texture":"#chair"},"east":{"uv":[0,0,4,1],"texture":"#chair"},"south":{"uv":[10,0,11,1],"texture":"#chair"},"west":{"uv":[0,0,4,1],"texture":"#chair"},"up":{"uv":[10,0,11,4],"texture":"#chair"},"down":{"uv":[10,0,11,4],"texture":"#chair"}}},{"name":"stuur","from":[6.075,13.1075,0.7375],"to":[9.995,14.0875,1.7175],"rotation":{"angle":45,"axis":"x","origin":[6.075,14.0875,0.7375]},"faces":{"north":{"uv":[5.9375,2.0625,9.9375,3.0625],"texture":"#chair"},"east":{"uv":[0.375,2.0625,1.375,3.0625],"texture":"#chair"},"south":{"uv":[5.9375,2.0625,9.9375,3.0625],"texture":"#chair"},"west":{"uv":[0.375,2.0625,1.375,3.0625],"texture":"#chair"},"up":{"uv":[5.9375,0.375,9.9375,1.375],"texture":"#chair"},"down":{"uv":[5.9375,0.375,9.9375,1.375],"texture":"#chair"}}},{"name":"stuurmidden","from":[7.0375,0.5375,-1.1875],"to":[9.1375,16.1875,0.9125],"rotation":{"angle":45,"axis":"x","origin":[7.0375,16.1875,-1.1875]},"faces":{"north":{"uv":[7,0,9.0625,11.875],"texture":"#texture"},"east":{"uv":[0,0,2.0625,11.875],"texture":"#texture"},"south":{"uv":[7,0,9.0625,11.875],"texture":"#texture"},"west":{"uv":[0,0,2.0625,11.875],"texture":"#texture"},"up":{"uv":[7,0,9.0625,2.0625],"texture":"#texture"},"down":{"uv":[7,0,9.0625,2.0625],"texture":"#texture"}}},{"name":"stuur","from":[8.9625,15.2075,-1.3625],"to":[9.9425,16.1875,-0.3825],"rotation":{"angle":45,"axis":"x","origin":[8.9625,16.1875,-1.3625]},"faces":{"north":{"uv":[7,6,7.5,6.5],"texture":"#texture"},"east":{"uv":[13.5,6,14,6.5],"texture":"#texture"},"south":{"uv":[8.5,6,9,6.5],"texture":"#texture"},"west":{"uv":[2,6,2.5,6.5],"texture":"#texture"},"up":{"uv":[8.5,2,9,2.5],"texture":"#texture"},"down":{"uv":[7.5,2.5,7,2],"texture":"#texture"}}},{"name":"stuur","from":[6.075,15.2075,-1.3625],"to":[7.055,16.1875,-0.3825],"rotation":{"angle":45,"axis":"x","origin":[6.075,16.1875,-1.3625]},"faces":{"north":{"uv":[8.5,6,9,6.5],"texture":"#texture"},"east":{"uv":[13.5,6,14,6.5],"texture":"#texture"},"south":{"uv":[7,6,7.5,6.5],"texture":"#texture"},"west":{"uv":[2,6,2.5,6.5],"texture":"#texture"},"up":{"uv":[7,2,7.5,2.5],"texture":"#texture"},"down":{"uv":[9,2.5,8.5,2],"texture":"#texture"}}},{"name":"as","from":[-2.5,2.1,14.3],"to":[18.5,4.9,17.1],"faces":{"north":{"uv":[0.5,12.5,15.5,14.5],"texture":"#chair"},"east":{"uv":[1.5,12.5,3.5,14.5],"texture":"#chair"},"south":{"uv":[0.5,12.5,15.5,14.5],"texture":"#chair"},"west":{"uv":[12.5,12.5,14.5,14.5],"texture":"#chair"},"up":{"uv":[0.5,12.5,15.5,14.5],"texture":"#chair"},"down":{"uv":[15.5,14.5,0.5,12.5],"texture":"#chair"}}},{"name":"glas","from":[1,12.1625,-4.9625],"to":[15,17.0625,-4.7625],"rotation":{"angle":22.5,"axis":"x","origin":[1,17.0625,-5.2125]},"faces":{"north":{"uv":[0,0,16,6],"texture":"#glass"},"south":{"uv":[16,0,0,5.999],"texture":"#glass"}}},{"name":"bodem","from":[0.3,4.2,-13],"to":[15.7,4.9,19.9],"faces":{"north":{"uv":[2.5,12.5,13.5,13],"texture":"#geel"},"east":{"uv":[0,12.5,16,13],"texture":"#geel"},"south":{"uv":[2.5,12.5,13.5,13],"texture":"#geel"},"west":{"uv":[0,12.5,16,13],"texture":"#geel"},"up":{"uv":[2.5,0,13.5,16],"texture":"#geel"},"down":{"uv":[13.5,16,2.5,0],"texture":"#geel"}}},{"name":"as","from":[-1.8,2.1,-9.5],"to":[0.3,4.9,-6.7],"faces":{"north":{"uv":[13.5,12.5,15,14.5],"texture":"#chair"},"east":{"uv":[16,12.5,16,14.5],"texture":"#chair"},"south":{"uv":[1,12.5,2.5,14.5],"texture":"#chair"},"west":{"uv":[0,12.5,0,14.5],"texture":"#chair"},"up":{"uv":[1,0,2.5,1],"texture":"#chair"},"down":{"uv":[15,0,13.5,1],"texture":"#chair"}}},{"name":"as","from":[15.7,2.1,-9.5],"to":[17.8,4.9,-6.7],"faces":{"north":{"uv":[1,12.5,2.5,14.5],"texture":"#chair"},"east":{"uv":[16,12.5,16,14.5],"texture":"#chair"},"south":{"uv":[13.5,12.5,15,14.5],"texture":"#chair"},"west":{"uv":[0,12.5,0,14.5],"texture":"#chair"},"up":{"uv":[13.5,0,15,1],"texture":"#chair"},"down":{"uv":[2.5,0,1,1],"texture":"#chair"}}},{"name":"as","from":[0.3,2.1,-9.5],"to":[15.7,4.2,-6.7],"faces":{"north":{"uv":[2.5,13,13.5,14.5],"texture":"#chair"},"east":{"uv":[16,13,16,14.5],"texture":"#chair"},"south":{"uv":[2.5,13,13.5,14.5],"texture":"#chair"},"west":{"uv":[0,13,0,14.5],"texture":"#chair"},"up":{"uv":[2.5,0,13.5,0],"texture":"#chair"},"down":{"uv":[13.5,0,2.5,1],"texture":"#chair"}}},{"name":"stoelding","from":[13.6,7,13.5824],"to":[15,16.1,15.6824],"rotation":{"angle":22.5,"axis":"x","origin":[13.6,16.1,13.5824]},"faces":{"north":{"uv":[12,5.5,13,12],"texture":"#texture"},"east":{"uv":[12,5.5,13.5,12],"texture":"#texture"},"south":{"uv":[12,5.5,13,12],"texture":"#texture"},"west":{"uv":[12,5.5,13.5,12],"texture":"#texture"},"up":{"uv":[12,12,13,13.5],"texture":"#texture"},"down":{"uv":[12,12,13,13.5],"texture":"#texture"}}},{"name":"stoelding","from":[1,7,13.5824],"to":[2.4,16.1,15.6824],"rotation":{"angle":22.5,"axis":"x","origin":[1,16.1,13.5824]},"faces":{"north":{"uv":[3,5.5,4,12],"texture":"#texture"},"east":{"uv":[12,5.5,13.5,12],"texture":"#texture"},"south":{"uv":[3,5.5,4,12],"texture":"#texture"},"west":{"uv":[12,5.5,13.5,12],"texture":"#texture"},"up":{"uv":[3,12,4,13.5],"texture":"#texture"},"down":{"uv":[3,12,4,13.5],"texture":"#texture"}}},{"name":"achterlamp","from":[-0.4,9.1,22.7],"to":[1,11.2,23.4],"faces":{"north":{"uv":[11,10.5,12,13.5],"texture":"#furnace_front"},"east":{"uv":[11,10.5,13,13.5],"texture":"#furnace_front"},"south":{"uv":[11,10.5,12,13.5],"texture":"#furnace_front"},"west":{"uv":[3,10.5,5,13.5],"texture":"#furnace_front"},"up":{"uv":[3,4,5,5],"texture":"#furnace_front"},"down":{"uv":[3,4,5,5],"texture":"#furnace_front"}}},{"name":"achterlamp","from":[15,9.1,22.7],"to":[16.4,11.2,23.4],"faces":{"north":{"uv":[11,10.5,12,13.5],"texture":"#furnace_front"},"east":{"uv":[11,10.5,13,13.5],"texture":"#furnace_front"},"south":{"uv":[11,10.5,12,13.5],"texture":"#furnace_front"},"west":{"uv":[3,10.5,5,13.5],"texture":"#furnace_front"},"up":{"uv":[1,1,3,2],"texture":"#furnace_front"},"down":{"uv":[1,1,3,2],"texture":"#furnace_front"}}},{"name":"bodem","from":[0.3,4.9,-12.3],"to":[15.7,5.6,12.9],"faces":{"up":{"uv":[2.5,0,13.499,16],"texture":"#dispenser_front"}}},{"name":"paars*","from":[14.3,11.9,-13.7],"to":[16.4,13.3,-3.2],"rotation":{"angle":-45,"axis":"z","origin":[14.3,13.3,-13.7]},"faces":{"north":{"uv":[12.4375,6.5,14.5375,7.9],"texture":"#paars","tintindex":1},"south":{"uv":[12.4375,6.5,13.9375,7.5],"texture":"#paars","tintindex":1},"up":{"uv":[9,2,11.1,12.499],"texture":"#paars","tintindex":1},"down":{"uv":[12.4375,0,13.9375,7.5],"texture":"#paars","tintindex":1}}},{"name":"paars*","from":[-0.4,11.9,-13.7],"to":[1.7,13.3,-3.2],"rotation":{"angle":45,"axis":"z","origin":[1.7,13.3,-13.7]},"faces":{"north":{"uv":[14.5375,6.5,12.4375,7.9],"texture":"#paars","tintindex":1},"south":{"uv":[13.9375,6.5,12.4375,7.5],"texture":"#paars","tintindex":1},"up":{"uv":[11.1,2,9,12.499],"texture":"#paars","tintindex":1},"down":{"uv":[13.9375,0,12.4375,7.5],"texture":"#paars","tintindex":1}}},{"name":"paars*","from":[-0.4,3.5,-13.7],"to":[16.4,4.9,21.3],"faces":{"north":{"uv":[2.5,8.5,13.5,9.5],"texture":"#paars","tintindex":1},"east":{"uv":[0,5,16,6.399],"texture":"#paars","tintindex":1},"south":{"uv":[2.5,8.5,13.5,9.5],"texture":"#paars","tintindex":1},"west":{"uv":[0,8.5,16,9.9],"texture":"#paars","tintindex":1},"up":{"uv":[2.5,0,13.5,1],"texture":"#paars","tintindex":1},"down":{"uv":[0,0,16,16],"texture":"#paars","tintindex":1}}},{"name":"paars*","from":[-1.8,8.4,10.1],"to":[-0.4,12.6,22.7],"faces":{"north":{"uv":[2.5,8.5,13.5,9.5],"texture":"#paars","tintindex":1},"east":{"uv":[0,0,12.6,4.2],"texture":"#paars","tintindex":1},"south":{"uv":[2,6,3.4,10.2],"texture":"#paars","tintindex":1},"west":{"uv":[0,8.5,12.6,12.7],"texture":"#paars","tintindex":1},"up":{"uv":[0,0,1.4,12.6],"texture":"#paars","tintindex":1},"down":{"uv":[13.5,0,2.5,0],"texture":"#paars","tintindex":1}}},{"name":"paars*","from":[16.38321,8.4,10.1],"to":[17.78041,12.6,12.9],"rotation":{"angle":22.5,"axis":"x","origin":[17.78041,12.6,10.1]},"faces":{"north":{"uv":[1,6,2.397,10.2],"texture":"#paars","tintindex":1},"east":{"uv":[0,3,2.8,7.2],"texture":"#paars","tintindex":1},"south":{"uv":[13.5,8.5,2.5,9.5],"texture":"#paars","tintindex":1},"west":{"uv":[4,2,6.799,6.2],"texture":"#paars","tintindex":1},"up":{"uv":[13.5,0,2.5,0],"texture":"#paars","tintindex":1},"down":{"uv":[2.5,0,13.5,0],"texture":"#paars","tintindex":1}}},{"name":"paars*","from":[-1.78041,8.4,10.1],"to":[-0.38321,12.6,12.9],"rotation":{"angle":22.5,"axis":"x","origin":[-1.78041,12.6,10.1]},"faces":{"north":{"uv":[2.397,6,1,10.2],"texture":"#paars","tintindex":1},"east":{"uv":[6.799,2,4,6.2],"texture":"#paars","tintindex":1},"south":{"uv":[2.5,8.5,13.5,9.5],"texture":"#paars","tintindex":1},"west":{"uv":[2.8,3,0,7.2],"texture":"#paars","tintindex":1},"up":{"uv":[2.5,0,13.5,0],"texture":"#paars","tintindex":1},"down":{"uv":[13.5,0,2.5,0],"texture":"#paars","tintindex":1}}},{"name":"paars*","from":[-1.8,3.9375,-13.6783],"to":[-0.4,8.8375,21.2867],"rotation":{"angle":22.5,"axis":"z","origin":[-1.8,8.8375,-13.6783]},"faces":{"north":{"uv":[2.5,8.5,3.9,13.4],"texture":"#paars","tintindex":1},"east":{"uv":[0,6,16,10.9],"texture":"#paars","tintindex":1},"south":{"uv":[3,3,4.4,7.9],"texture":"#paars","tintindex":1},"west":{"uv":[0,8.5,16,13.4],"texture":"#paars","tintindex":1}}},{"name":"paars*","from":[15,11.2,-13.7],"to":[16.3375,12.6,-3.2],"faces":{"north":{"uv":[8,2,9.4,3.4],"texture":"#paars","tintindex":1},"east":{"uv":[0,3,10.5,4.375],"texture":"#paars","tintindex":1},"south":{"uv":[14.5,3,15.875,4.375],"texture":"#paars","tintindex":1},"west":{"uv":[0,3,10.5,4.375],"texture":"#paars","tintindex":1},"up":{"uv":[7,0,8.4,10.5],"texture":"#paars","tintindex":1},"down":{"uv":[14,0,15.375,10.5],"texture":"#paars","tintindex":1}}},{"name":"paars*","from":[-0.3375,11.2,-13.7],"to":[1,12.6,-3.2],"faces":{"north":{"uv":[9.4,2,8,3.4],"texture":"#paars","tintindex":1},"east":{"uv":[10.5,3,0,4.375],"texture":"#paars","tintindex":1},"south":{"uv":[15.875,3,14.5,4.375],"texture":"#paars","tintindex":1},"west":{"uv":[10.5,3,0,4.375],"texture":"#paars","tintindex":1},"up":{"uv":[8.4,0,7,10.5],"texture":"#paars","tintindex":1},"down":{"uv":[15.375,0,14,10.5],"texture":"#paars","tintindex":1}}},{"name":"paars*","from":[16.3399,11.2,-13.7],"to":[18.4399,12.6,0.3],"rotation":{"angle":-45,"axis":"z","origin":[16.3399,12.6,-13.7]},"faces":{"north":{"uv":[10,5,12.1,6.399],"texture":"#paars","tintindex":1},"south":{"uv":[8,5,10.1,6.399],"texture":"#paars","tintindex":1},"west":{"uv":[0,0,14,1.4],"texture":"#paars","tintindex":1},"up":{"uv":[7,0,9.1,14],"texture":"#paars","tintindex":1},"down":{"uv":[13.9375,0,15.4375,10],"texture":"#paars","tintindex":1}}},{"name":"paars*","from":[-2.4399,11.2,-13.7],"to":[-0.3399,12.6,0.3],"rotation":{"angle":45,"axis":"z","origin":[-0.3399,12.6,-13.7]},"faces":{"north":{"uv":[12.1,5,10,6.399],"texture":"#paars","tintindex":1},"east":{"uv":[0,3,14,4.399],"texture":"#paars","tintindex":1},"south":{"uv":[10.1,5,8,6.399],"texture":"#paars","tintindex":1},"up":{"uv":[9.1,0,7,14],"texture":"#paars","tintindex":1},"down":{"uv":[15.4375,0,13.9375,10],"texture":"#paars","tintindex":1}}},{"name":"paars*","from":[16.4,7.7,-13.7],"to":[17.8,11.1375,0.3],"faces":{"north":{"uv":[2.5,8.5,3.9,12],"texture":"#paars","tintindex":1},"east":{"uv":[0,3,14,6.5],"texture":"#paars","tintindex":1},"south":{"uv":[2.5,8.5,13.5,9.5],"texture":"#paars","tintindex":1},"west":{"uv":[0,8.5,14,12],"texture":"#paars","tintindex":1},"down":{"uv":[13.5,0,2.5,0],"texture":"#paars","tintindex":1}}},{"name":"paars*","from":[-1.8,7.7,-13.7],"to":[-0.4,11.1375,0.3],"faces":{"north":{"uv":[3.9,8.5,2.5,12],"texture":"#paars","tintindex":1},"east":{"uv":[14,8.5,0,12],"texture":"#paars","tintindex":1},"south":{"uv":[13.5,8.5,2.5,9.5],"texture":"#paars","tintindex":1},"west":{"uv":[14,3,0,6.5],"texture":"#paars","tintindex":1},"down":{"uv":[2.5,0,13.5,0],"texture":"#paars","tintindex":1}}},{"name":"paars*","from":[16.4875,4.025,-13.6783],"to":[17.8875,8.925,21.2867],"rotation":{"angle":-22.5,"axis":"z","origin":[16.4875,8.925,-13.6783]},"faces":{"north":{"uv":[2.5,8.5,3.9,13.4],"texture":"#paars","tintindex":1},"east":{"uv":[0,4,16,8.9],"texture":"#paars","tintindex":1},"south":{"uv":[2.5,8.5,13.5,9.5],"texture":"#paars","tintindex":1},"west":{"uv":[0,5,16,9.9],"texture":"#paars","tintindex":1}}},{"name":"paars*","from":[1.7,11.9,-13.7],"to":[14.3,13.3,-3.2],"faces":{"north":{"uv":[3.5,6.5,16.1,7.9],"texture":"#paars","tintindex":1},"east":{"uv":[0,6.5,7.5,7.5],"texture":"#paars","tintindex":1},"south":{"uv":[3.5,6.5,12.5,7.5],"texture":"#paars","tintindex":1},"west":{"uv":[0,6.5,7.5,7.5],"texture":"#paars","tintindex":1},"up":{"uv":[0,0,12.6,10.5],"texture":"#paars","tintindex":1},"down":{"uv":[0,0,12.6,10.5],"texture":"#paars","tintindex":1}}},{"name":"paars*","from":[-1.8,4.2,-2.5],"to":[-0.4,9.8,10.1],"faces":{"north":{"uv":[2.5,8.5,13.5,9.5],"texture":"#paars","tintindex":1},"east":{"uv":[0,2,12.6,7.6],"texture":"#paars","tintindex":1},"south":{"uv":[2.5,8.5,13.5,9.5],"texture":"#paars","tintindex":1},"west":{"uv":[0,8.5,12.6,14.1],"texture":"#paars","tintindex":1},"up":{"uv":[1,0,2.4,12.6],"texture":"#paars","tintindex":1},"down":{"uv":[13.5,0,2.5,0],"texture":"#paars","tintindex":1}}},{"name":"paars*","from":[16.4,4.2,-2.5],"to":[17.8,9.8,10.1],"faces":{"north":{"uv":[2.5,8.5,13.5,9.5],"texture":"#paars","tintindex":1},"east":{"uv":[1,3,13.6,8.599],"texture":"#paars","tintindex":1},"south":{"uv":[2.5,8.5,13.5,9.5],"texture":"#paars","tintindex":1},"west":{"uv":[0,8.5,12.6,14.1],"texture":"#paars","tintindex":1},"up":{"uv":[2.5,0,3.9,12.6],"texture":"#paars","tintindex":1},"down":{"uv":[13.5,0,2.5,0],"texture":"#paars","tintindex":1}}},{"name":"paars*","from":[16.3916,6.9125,-1.625],"to":[17.7902,10.4125,0.475],"rotation":{"angle":-22.5,"axis":"x","origin":[17.7902,10.4125,-1.625]},"faces":{"north":{"uv":[13.5,8.5,2.5,9.5],"texture":"#paars","tintindex":1},"east":{"uv":[0,8.5,2.1,12],"texture":"#paars","tintindex":1},"south":{"uv":[2.5,8.5,3.8986,12],"texture":"#paars","tintindex":1},"west":{"uv":[4,2,6.1,5.5],"texture":"#paars","tintindex":1},"up":{"uv":[13.5,0,2.5,0],"texture":"#paars","tintindex":1},"down":{"uv":[2.5,0,13.5,0],"texture":"#paars","tintindex":1}}},{"name":"paars*","from":[-1.7902,6.9125,-1.625],"to":[-0.3916,10.4125,0.475],"rotation":{"angle":-22.5,"axis":"x","origin":[-1.7902,10.4125,-1.625]},"faces":{"north":{"uv":[2.5,8.5,13.5,9.5],"texture":"#paars","tintindex":1},"east":{"uv":[6.1,2,4,5.5],"texture":"#paars","tintindex":1},"south":{"uv":[3.8986,8.5,2.5,12],"texture":"#paars","tintindex":1},"west":{"uv":[2.1,8.5,0,12],"texture":"#paars","tintindex":1},"up":{"uv":[2.5,0,13.5,0],"texture":"#paars","tintindex":1},"down":{"uv":[13.5,0,2.5,0],"texture":"#paars","tintindex":1}}},{"name":"paars*","from":[-0.4,7,21.3],"to":[16.4,12.6,22.7],"faces":{"north":{"uv":[0,0,16,5.6],"texture":"#paars","tintindex":1},"east":{"uv":[16,8.5,16,9.5],"texture":"#paars","tintindex":1},"south":{"uv":[0,1,16,6.6],"texture":"#paars","tintindex":1},"west":{"uv":[0,8.5,0,9.5],"texture":"#paars","tintindex":1},"up":{"uv":[0,0,16,1.4],"texture":"#paars","tintindex":1},"down":{"uv":[13.5,0,2.5,0],"texture":"#paars","tintindex":1}}},{"name":"paars*","from":[-0.4,4.025,21.3875],"to":[16.4,7.525,22.7875],"rotation":{"angle":22.5,"axis":"x","origin":[-0.4,7.525,21.3875]},"faces":{"north":{"uv":[2.5,8.5,13.5,9.5],"texture":"#paars","tintindex":1},"east":{"uv":[6,5,7.4,8.5],"texture":"#paars","tintindex":1},"south":{"uv":[0,0,16,3.5],"texture":"#paars","tintindex":1},"west":{"uv":[0,8.5,1.4,12],"texture":"#paars","tintindex":1},"up":{"uv":[2.5,0,13.5,0],"texture":"#paars","tintindex":1},"down":{"uv":[13.5,0,2.5,0],"texture":"#paars","tintindex":1}}},{"name":"paars*","from":[-1.8,6.3,21.2867],"to":[-0.4,8.4,22.6853],"rotation":{"angle":45,"axis":"z","origin":[-1.8,8.4,21.2867]},"faces":{"north":{"uv":[2.5,8.5,13.5,9.5],"texture":"#paars","tintindex":1},"east":{"uv":[16,8.5,16,9.5],"texture":"#paars","tintindex":1},"south":{"uv":[2.5,8.5,3.9,10.6],"texture":"#paars","tintindex":1},"west":{"uv":[0,8.5,1.4,10.6],"texture":"#paars","tintindex":1},"up":{"uv":[2.5,0,13.5,0],"texture":"#paars","tintindex":1},"down":{"uv":[13.5,0,2.5,0],"texture":"#paars","tintindex":1}}},{"name":"paars*","from":[16.4,8.4,10.1],"to":[17.8,12.6,22.7],"faces":{"north":{"uv":[2.5,8.5,13.5,9.5],"texture":"#paars","tintindex":1},"east":{"uv":[0,3,12.6,7.2],"texture":"#paars","tintindex":1},"south":{"uv":[2,4,3.4,8.2],"texture":"#paars","tintindex":1},"west":{"uv":[0,8.5,12.6,12.7],"texture":"#paars","tintindex":1},"up":{"uv":[0,0,1.4,12.6],"texture":"#paars","tintindex":1},"down":{"uv":[13.5,0,2.5,0],"texture":"#paars","tintindex":1}}},{"name":"paars*","from":[16.8375,7.2625,21.2867],"to":[18.2375,9.3625,22.6853],"rotation":{"angle":-45,"axis":"z","origin":[16.8375,9.3625,21.2867]},"faces":{"north":{"uv":[2.5,8.5,13.5,9.5],"texture":"#paars","tintindex":1},"east":{"uv":[10,7,11.4,9.1],"texture":"#paars","tintindex":1},"south":{"uv":[2.5,8.5,3.9,10.6],"texture":"#paars","tintindex":1},"west":{"uv":[0,8.5,0,9.5],"texture":"#paars","tintindex":1},"up":{"uv":[2.5,0,13.5,0],"texture":"#paars","tintindex":1},"down":{"uv":[13.5,0,2.5,0],"texture":"#paars","tintindex":1}}},{"name":"stoelding*","from":[-0.4,6.3,12.2],"to":[16.4,9.8,21.3],"faces":{"north":{"uv":[2,9,14,11.5],"texture":"#chair"},"east":{"uv":[9,9,15.5,11.5],"texture":"#chair"},"south":{"uv":[2,9,14,11.5],"texture":"#chair"},"west":{"uv":[9,9,15.5,11.5],"texture":"#chair"},"up":{"uv":[1.5,9.5,13.5,16],"texture":"#chair"},"down":{"uv":[1.5,9.5,13.5,16],"texture":"#chair"}}},{"name":"lampenvoor","from":[-0.4,9.8,-14.4],"to":[1.7,11.9,-13.7],"faces":{"north":{"uv":[7,7,9,9],"texture":"#daylight_detector_top"},"east":{"uv":[0,7.5,0.5,9],"texture":"#chair"},"south":{"uv":[2,7.5,3.5,9],"texture":"#chair"},"west":{"uv":[0,7.5,0.5,9],"texture":"#chair"},"up":{"uv":[2,0,3.5,0.5],"texture":"#chair"},"down":{"uv":[2,0,3.5,0.5],"texture":"#chair"}}},{"name":"lampenvoor*","from":[14.3,9.8,-14.4],"to":[16.4,11.9,-13.7],"faces":{"north":{"uv":[7,7,9,9],"texture":"#daylight_detector_top"},"east":{"uv":[0,7.5,0.5,9],"texture":"#chair"},"south":{"uv":[12.5,7.5,14,9],"texture":"#chair"},"west":{"uv":[0,7.5,0.5,9],"texture":"#chair"},"up":{"uv":[12.5,0,14,0.5],"texture":"#chair"},"down":{"uv":[12.5,0,14,0.5],"texture":"#chair"}}},{"name":"stoelding*","from":[17.1,13.3,10.1],"to":[17.8,14,22.7],"faces":{"north":{"uv":[0,0,0.7,0.7],"texture":"#texture"},"east":{"uv":[0,0,12.6,0.7],"texture":"#texture"},"south":{"uv":[0,0,0.7,0.7],"texture":"#texture"},"west":{"uv":[0,0,12.6,0.7],"texture":"#texture"},"up":{"uv":[0,0,0.7,12.6],"texture":"#texture"},"down":{"uv":[0,0,0.7,12.6],"texture":"#texture"}}},{"name":"stoelding*","from":[-1.8,13.3,10.1],"to":[-1.1,14,22.7],"faces":{"north":{"uv":[0.7,0,0,0.7],"texture":"#texture"},"east":{"uv":[12.6,0,0,0.7],"texture":"#texture"},"south":{"uv":[0.7,0,0,0.7],"texture":"#texture"},"west":{"uv":[12.6,0,0,0.7],"texture":"#texture"},"up":{"uv":[0.7,0,0,12.6],"texture":"#texture"},"down":{"uv":[0.7,0,0,12.6],"texture":"#texture"}}},{"name":"stoelding*","from":[-1.1,13.3,22],"to":[17.1,14,22.7],"faces":{"north":{"uv":[0,13,16,13.7],"texture":"#texture"},"east":{"uv":[0,1,0.7,1.7],"texture":"#texture"},"south":{"uv":[0,1,16,1.7],"texture":"#texture"},"west":{"uv":[0,1,0.7,1.7],"texture":"#texture"},"up":{"uv":[0,4,16,4.699],"texture":"#texture"},"down":{"uv":[0,10,16,10.699],"texture":"#texture"}}},{"name":"stoelding*","from":[17.1875,12.1625,10.8],"to":[17.8875,13.5625,11.5],"rotation":{"angle":-22.5,"axis":"z","origin":[17.1875,13.5625,10.8]},"faces":{"north":{"uv":[3,5.5,4,12],"texture":"#texture"},"east":{"uv":[12,5.5,13.5,12],"texture":"#texture"},"south":{"uv":[3,5.5,4,12],"texture":"#texture"},"west":{"uv":[12,5.5,13.5,12],"texture":"#texture"},"up":{"uv":[3,12,4,13.5],"texture":"#texture"},"down":{"uv":[3,12,4,13.5],"texture":"#texture"}}},{"name":"stoelding*","from":[-1.8875,12.1625,10.8],"to":[-1.1875,13.5625,11.5],"rotation":{"angle":22.5,"axis":"z","origin":[-1.1875,13.5625,10.8]},"faces":{"north":{"uv":[4,5.5,3,12],"texture":"#texture"},"east":{"uv":[13.5,5.5,12,12],"texture":"#texture"},"south":{"uv":[4,5.5,3,12],"texture":"#texture"},"west":{"uv":[13.5,5.5,12,12],"texture":"#texture"},"up":{"uv":[4,12,3,13.5],"texture":"#texture"},"down":{"uv":[4,12,3,13.5],"texture":"#texture"}}},{"name":"stoelding*","from":[15,12.1625,22.0875],"to":[15.7,13.5625,22.7875],"rotation":{"angle":22.5,"axis":"x","origin":[15,13.5625,22.0875]},"faces":{"north":{"uv":[3,5.5,4,12],"texture":"#texture"},"east":{"uv":[12,5.5,13.5,12],"texture":"#texture"},"south":{"uv":[3,5.5,4,12],"texture":"#texture"},"west":{"uv":[12,5.5,13.5,12],"texture":"#texture"},"up":{"uv":[3,12,4,13.5],"texture":"#texture"},"down":{"uv":[3,12,4,13.5],"texture":"#texture"}}},{"name":"stoelding*","from":[0.3,12.1625,22.0875],"to":[1,13.5625,22.7875],"rotation":{"angle":22.5,"axis":"x","origin":[0.3,13.5625,22.0875]},"faces":{"north":{"uv":[3,5.5,4,12],"texture":"#texture"},"east":{"uv":[12,5.5,13.5,12],"texture":"#texture"},"south":{"uv":[3,5.5,4,12],"texture":"#texture"},"west":{"uv":[12,5.5,13.5,12],"texture":"#texture"},"up":{"uv":[3,12,4,13.5],"texture":"#texture"},"down":{"uv":[3,12,4,13.5],"texture":"#texture"}}},{"name":"stoelding*","from":[17.1875,12.1625,19.9],"to":[17.8875,13.5625,20.6],"rotation":{"angle":-22.5,"axis":"z","origin":[17.1875,13.5625,19.9]},"faces":{"north":{"uv":[3,5.5,4,12],"texture":"#texture"},"east":{"uv":[12,5.5,13.5,12],"texture":"#texture"},"south":{"uv":[3,5.5,4,12],"texture":"#texture"},"west":{"uv":[12,5.5,13.5,12],"texture":"#texture"},"up":{"uv":[3,12,4,13.5],"texture":"#texture"},"down":{"uv":[3,12,4,13.5],"texture":"#texture"}}},{"name":"stoelding*","from":[-1.8875,12.1625,19.9],"to":[-1.1875,13.5625,20.6],"rotation":{"angle":22.5,"axis":"z","origin":[-1.1875,13.5625,19.9]},"faces":{"north":{"uv":[4,5.5,3,12],"texture":"#texture"},"east":{"uv":[13.5,5.5,12,12],"texture":"#texture"},"south":{"uv":[4,5.5,3,12],"texture":"#texture"},"west":{"uv":[13.5,5.5,12,12],"texture":"#texture"},"up":{"uv":[4,12,3,13.5],"texture":"#texture"},"down":{"uv":[4,12,3,13.5],"texture":"#texture"}}},{"name":"uitlaat","from":[14.3,2.8,17.1],"to":[15.7,4.2,24.8],"faces":{"north":{"uv":[5,5,11,11],"texture":"#uitlaat top "},"east":{"uv":[5,10,10.499,11],"texture":"#uitlaat zijkant"},"south":{"uv":[5,5,11,11],"texture":"#uitlaat top "},"west":{"uv":[2,13,7.5,14],"texture":"#uitlaat zijkant"},"up":{"uv":[13,10,14,14],"texture":"#uitlaat zijkant"},"down":{"uv":[13,10,14,14],"texture":"#uitlaat zijkant"}}},{"name":"paars*","from":[-0.4,4.9,-13.7],"to":[2.4,11.9,-13],"faces":{"north":{"uv":[2.5,8.5,5.3,15.5],"texture":"#paars","tintindex":1},"east":{"uv":[5,6,5.7,13],"texture":"#paars","tintindex":1},"south":{"uv":[2.5,8.5,13.5,9.5],"texture":"#paars","tintindex":1},"west":{"uv":[0,8.5,1,9.5],"texture":"#paars","tintindex":1}}},{"name":"paars*","from":[13.6,4.9,-13.7],"to":[16.4,11.9,-13],"faces":{"north":{"uv":[2.5,8.5,5.3,15.5],"texture":"#paars","tintindex":1},"east":{"uv":[15,8.5,16,9.5],"texture":"#paars","tintindex":1},"south":{"uv":[2.5,8.5,13.5,9.5],"texture":"#paars","tintindex":1},"west":{"uv":[0,4,0.7,11],"texture":"#paars","tintindex":1}}},{"name":"lampenvoor*","from":[2.4,4.9,-13],"to":[13.6,11.9,-12.3],"faces":{"north":{"uv":[4,7.5,13.5,14],"texture":"#grill2"},"east":{"uv":[0,7.5,0.5,12.5],"texture":"#grill2"},"south":{"uv":[4,7.5,13.5,14],"texture":"#paars","tintindex":1},"west":{"uv":[0,7.5,0.5,12.5],"texture":"#grill2"},"up":{"uv":[4,0,12,0.5],"texture":"#grill2"},"down":{"uv":[4,0,12,0.5],"texture":"#grill2"}}},{"name":"lampenvoor*","from":[-1.1,2.925,22.7],"to":[17.1,5.725,23.4],"rotation":{"angle":0,"axis":"y","origin":[8,8.125,8]},"faces":{"north":{"uv":[1.5,12,14.5,14],"texture":"#chair"},"east":{"uv":[0,12,0,14],"texture":"#chair"},"south":{"uv":[1.5,12,14.5,14],"texture":"#chair"},"west":{"uv":[16,12,16,14],"texture":"#chair"},"up":{"uv":[1,13,14,14],"texture":"#chair"},"down":{"uv":[14,14,1,15],"texture":"#chair"}}},{"name":"lampenvoor*","from":[16.8375,2.925,22.7875],"to":[18.9375,5.725,23.4875],"rotation":{"angle":22.5,"axis":"y","origin":[16.8375,2.925,22.7875]},"faces":{"north":{"uv":[0,12.5,1.5,14],"texture":"#chair"},"east":{"uv":[12,10,13,11.5],"texture":"#chair"},"south":{"uv":[14.5,12.5,16,14],"texture":"#chair"},"west":{"uv":[0,12.5,0,14],"texture":"#chair"},"up":{"uv":[7,2,8.5,3],"texture":"#chair"},"down":{"uv":[1.5,0,0,1],"texture":"#chair"}}},{"name":"lampenvoor*","from":[-2.7625,2.925,21.9125],"to":[-0.6625,5.725,22.6125],"rotation":{"angle":-22.5,"axis":"y","origin":[-2.7625,2.925,21.9125]},"faces":{"north":{"uv":[0,12.5,1.5,14],"texture":"#chair"},"east":{"uv":[16,12.5,16,14],"texture":"#chair"},"south":{"uv":[14.5,12.5,16,14],"texture":"#chair"},"west":{"uv":[0,12.5,1,14],"texture":"#chair"},"up":{"uv":[6,3,7.5,4],"texture":"#chair"},"down":{"uv":[1.5,0,0,1],"texture":"#chair"}}},{"name":"lampenvoor*","from":[0.3,3.5,21.3],"to":[1.7,4.9,22.7],"faces":{"north":{"uv":[12.5,12.5,13.5,13.5],"texture":"#chair"},"east":{"uv":[0,12.5,1,13.5],"texture":"#chair"},"south":{"uv":[2.5,12.5,3.5,13.5],"texture":"#chair"},"west":{"uv":[15,13,16,14],"texture":"#chair"},"up":{"uv":[2.5,15,3.5,16],"texture":"#chair"},"down":{"uv":[13.5,15,12.5,16],"texture":"#chair"}}},{"name":"uitlaat*","from":[12.2,2.8,17.1],"to":[13.6,4.2,24.8],"faces":{"north":{"uv":[5,5,11,11],"texture":"#uitlaat top "},"east":{"uv":[6,9,11.5,10],"texture":"#uitlaat zijkant"},"south":{"uv":[5,5,11,11],"texture":"#uitlaat top "},"west":{"uv":[2,13,7.5,14],"texture":"#uitlaat zijkant"},"up":{"uv":[13,10,14,14],"texture":"#uitlaat zijkant"},"down":{"uv":[13,10,14,14],"texture":"#uitlaat zijkant"}}},{"name":"stoelding*","from":[0.3,12.1625,-5.2125],"to":[1,17.0625,-4.5125],"rotation":{"angle":22.5,"axis":"x","origin":[0.3,17.0625,-5.2125]},"faces":{"north":{"uv":[3,5.5,4,12],"texture":"#texture"},"east":{"uv":[12,5.5,13.5,12],"texture":"#texture"},"south":{"uv":[3,5.5,4,12],"texture":"#texture"},"west":{"uv":[12,5.5,13.5,12],"texture":"#texture"},"up":{"uv":[3,12,4,13.5],"texture":"#texture"},"down":{"uv":[3,12,4,13.5],"texture":"#texture"}}},{"name":"stoelding*","from":[15,11.4625,-5.2125],"to":[15.7,17.0625,-4.5125],"rotation":{"angle":22.5,"axis":"x","origin":[15,17.0625,-5.2125]},"faces":{"north":{"uv":[3,5.5,4,12],"texture":"#texture"},"east":{"uv":[12,5.5,13.5,12],"texture":"#texture"},"south":{"uv":[3,5.5,4,12],"texture":"#texture"},"west":{"uv":[12,5.5,13.5,12],"texture":"#texture"},"up":{"uv":[3,12,4,13.5],"texture":"#texture"},"down":{"uv":[3,12,4,13.5],"texture":"#texture"}}},{"name":"stoelding*","from":[0.3,16.975,-4.95],"to":[15.7,17.675,-4.25],"rotation":{"angle":22.5,"axis":"x","origin":[0.3,17.675,-4.95]},"faces":{"north":{"uv":[3,5.5,4,12],"texture":"#texture"},"east":{"uv":[12,5.5,13.5,12],"texture":"#texture"},"south":{"uv":[3,5.5,4,12],"texture":"#texture"},"west":{"uv":[12,5.5,13.5,12],"texture":"#texture"},"up":{"uv":[3,12,4,13.5],"texture":"#texture"},"down":{"uv":[3,12,4,13.5],"texture":"#texture"}}},{"name":"lampenvoor*","from":[17.1,2.8,-15.8],"to":[19.2,5.6,-15.1],"rotation":{"angle":-22.5,"axis":"y","origin":[17.1,2.8,-15.8]},"faces":{"north":{"uv":[0,12.5,1.5,14],"texture":"#chair"},"east":{"uv":[15,12.5,16,14],"texture":"#chair"},"south":{"uv":[14.5,12.5,16,14],"texture":"#chair"},"west":{"uv":[0,12.5,0,14],"texture":"#chair"},"up":{"uv":[14.5,0,16,1],"texture":"#chair"},"down":{"uv":[1.5,0,0,1],"texture":"#chair"}}},{"name":"lampenvoor*","from":[-1.1,2.8,-15.8],"to":[17.1,5.6,-15.1],"faces":{"north":{"uv":[1.5,12,14.5,14],"texture":"#chair"},"east":{"uv":[16,12,16,14],"texture":"#chair"},"south":{"uv":[1.5,12,14.5,14],"texture":"#chair"},"west":{"uv":[0,12,0,14],"texture":"#chair"},"up":{"uv":[1.5,0,14.5,1],"texture":"#chair"},"down":{"uv":[14.5,0,1.5,1],"texture":"#chair"}}},{"name":"lampenvoor*","from":[-3.025,2.8,-15.0125],"to":[-0.925,5.6,-14.3125],"rotation":{"angle":22.5,"axis":"y","origin":[-3.025,2.8,-15.0125]},"faces":{"north":{"uv":[14.5,12.5,16,14],"texture":"#chair"},"east":{"uv":[16,12.5,16,14],"texture":"#chair"},"south":{"uv":[0,12.5,1.5,14],"texture":"#chair"},"west":{"uv":[0,12.5,1,14],"texture":"#chair"},"up":{"uv":[0,0,1.5,1],"texture":"#chair"},"down":{"uv":[16,0,14.5,1],"texture":"#chair"}}},{"name":"lampenvoor*","from":[0.3,3.5,-15.1],"to":[1.7,4.9,-13.7],"faces":{"north":{"uv":[2.5,0,3.5,1],"texture":"#chair"},"east":{"uv":[2.5,0,3.5,1],"texture":"#chair"},"south":{"uv":[2.5,0,3.5,1],"texture":"#chair"},"west":{"uv":[2.5,0,3.5,1],"texture":"#chair"},"up":{"uv":[2.5,0,3.5,1],"texture":"#chair"},"down":{"uv":[2.5,0,3.5,1],"texture":"#chair"}}},{"name":"lampenvoor*","from":[14.3,3.5,-15.1],"to":[15.7,4.9,-13.7],"faces":{"north":{"uv":[7,0,8,1],"texture":"#chair"},"east":{"uv":[7,0,8,1],"texture":"#chair"},"south":{"uv":[7,0,8,1],"texture":"#chair"},"west":{"uv":[7,0,8,1],"texture":"#chair"},"up":{"uv":[7,0,8,1],"texture":"#chair"},"down":{"uv":[7,0,8,1],"texture":"#chair"}}},{"name":"wheel right front","from":[17.8,0.05,13.675],"to":[20.6,2.15,17.875],"rotation":{"angle":0,"axis":"x","origin":[19.2,2.0625,15.1625]},"faces":{"north":{"uv":[7.499,5,5,7],"rotation":180,"texture":"#chair"},"east":{"uv":[10,9,6,11],"texture":"#chair"},"south":{"uv":[9,6.5,11,4],"rotation":270,"texture":"#chair"},"west":{"uv":[11,8.999,12.999,5],"rotation":90,"texture":"#chair"},"up":{"uv":[11,5,9,8.999],"texture":"#chair"},"down":{"uv":[9.5,4,7,7.999],"texture":"#chair"}}},{"name":"wheel right back *","from":[17.8,0.7,12.975],"to":[20.6,1.4,13.675],"rotation":{"angle":0,"axis":"y","origin":[19.2,1.3125,15.1625]},"faces":{"north":{"uv":[3.5,5,1,6],"rotation":180,"texture":"#chair"},"east":{"uv":[6,5,5,6],"rotation":180,"texture":"#chair"},"west":{"uv":[3.5,5,1,6],"rotation":180,"texture":"#chair"},"up":{"uv":[3.5,5,1,6],"rotation":180,"texture":"#chair"},"down":{"uv":[10.5,8,8,9],"texture":"#chair"}}},{"name":"wheel right front","from":[17.8,1.4,12.275],"to":[20.6,5.6,14.375],"rotation":{"angle":0,"axis":"y","origin":[19.2,1.3125,15.1625]},"faces":{"north":{"uv":[9.5,4,7,7.999],"rotation":180,"texture":"#chair"},"east":{"uv":[7,6,5,10],"texture":"#chair"},"south":{"uv":[11,5,9,8.999],"texture":"#chair"},"west":{"uv":[12.999,5,11,8.999],"texture":"#chair"},"up":{"uv":[7.499,5,5,7],"texture":"#chair"},"down":{"uv":[9,6.5,11,4],"rotation":270,"texture":"#chair"}}},{"name":"wheel right back *","from":[17.8,5.6,12.925],"to":[20.6,6.3,13.625],"rotation":{"angle":0,"axis":"x","origin":[19.2,4.9875,16.3375]},"faces":{"north":{"uv":[10.5,8,8,9],"rotation":180,"texture":"#chair"},"east":{"uv":[1,5,2,4],"rotation":270,"texture":"#chair"},"south":{"uv":[3.5,5,1,6],"rotation":180,"texture":"#chair"},"west":{"uv":[1,6,3.5,5],"rotation":90,"texture":"#chair"},"up":{"uv":[3.5,5,1,6],"texture":"#chair"}}},{"name":"wheel right front","from":[17.8,4.9,13.625],"to":[20.6,7,17.825],"rotation":{"angle":0,"axis":"x","origin":[19.2,4.9875,16.3375]},"faces":{"north":{"uv":[9,6.5,11,4],"rotation":90,"texture":"#chair"},"east":{"uv":[10,5,6,7],"texture":"#chair"},"south":{"uv":[7.499,5,5,7],"texture":"#chair"},"west":{"uv":[11,8.999,12.999,5],"rotation":270,"texture":"#chair"},"up":{"uv":[9.5,4,7,7.999],"texture":"#chair"},"down":{"uv":[11,5,9,8.999],"texture":"#chair"}}},{"name":"wheel right back *","from":[17.8,5.65,17.825],"to":[20.6,6.35,18.525],"rotation":{"angle":0,"axis":"x","origin":[19.2,5.7375,16.3375]},"faces":{"east":{"uv":[6,5,5,6],"texture":"#chair"},"south":{"uv":[3.5,5,1,6],"texture":"#chair"},"west":{"uv":[3.5,5,1,6],"texture":"#chair"},"up":{"uv":[10.5,8,8,9],"texture":"#chair"},"down":{"uv":[3.5,5,1,6],"rotation":180,"texture":"#chair"}}},{"name":"wheel right front","from":[17.8,1.45,17.125],"to":[20.6,5.65,19.225],"rotation":{"angle":0,"axis":"x","origin":[19.2,5.7375,16.3375]},"faces":{"north":{"uv":[11,5,9,8.999],"rotation":180,"texture":"#chair"},"east":{"uv":[11,6,9,10],"texture":"#chair"},"south":{"uv":[9.5,4,7,7.999],"texture":"#chair"},"west":{"uv":[12.999,5,11,8.999],"rotation":180,"texture":"#chair"},"up":{"uv":[9,6.5,11,4],"rotation":270,"texture":"#chair"},"down":{"uv":[7.499,5,5,7],"texture":"#chair"}}},{"name":"wheel right back *","from":[17.8,0.75,17.875],"to":[20.6,1.45,18.575],"rotation":{"angle":0,"axis":"x","origin":[19.2,2.0625,15.1625]},"faces":{"north":{"uv":[3.5,5,1,6],"texture":"#chair"},"east":{"uv":[1,5,2,4],"rotation":90,"texture":"#chair"},"south":{"uv":[10.5,8,8,9],"texture":"#chair"},"west":{"uv":[1,6,3.5,5],"rotation":270,"texture":"#chair"},"down":{"uv":[3.5,5,1,6],"texture":"#chair"}}},{"name":"wiel rechts voor","from":[17.8,2.1,14.375],"to":[19.9,4.9,17.175],"rotation":{"angle":0,"axis":"y","origin":[8,8,31.875]},"faces":{"north":{"uv":[1,15,0,16],"texture":"#chair"},"east":{"uv":[11,5,5,11],"texture":"#uitlaat top "},"south":{"uv":[16,15,15,16],"texture":"#chair"},"west":{"uv":[16,15,15.5,16],"texture":"#chair"},"up":{"uv":[16,0,15,0.5],"texture":"#chair"},"down":{"uv":[0,0.5,1,0],"texture":"#chair"}}},{"name":"wheel right front","from":[17.8,0.05,-10.2],"to":[20.6,2.15,-6],"rotation":{"angle":0,"axis":"x","origin":[19.2,2.0625,-8.7125]},"faces":{"north":{"uv":[7.499,5,5,7],"rotation":180,"texture":"#chair"},"east":{"uv":[10,9,6,11],"texture":"#chair"},"south":{"uv":[9,6.5,11,4],"rotation":270,"texture":"#chair"},"west":{"uv":[11,8.999,12.999,5],"rotation":90,"texture":"#chair"},"up":{"uv":[11,5,9,8.999],"texture":"#chair"},"down":{"uv":[9.5,4,7,7.999],"texture":"#chair"}}},{"name":"wheel right back *","from":[17.8,0.7,-10.9],"to":[20.6,1.4,-10.2],"rotation":{"angle":0,"axis":"y","origin":[19.2,1.3125,-8.7125]},"faces":{"north":{"uv":[3.5,5,1,6],"rotation":180,"texture":"#chair"},"east":{"uv":[6,5,5,6],"rotation":180,"texture":"#chair"},"west":{"uv":[3.5,5,1,6],"rotation":180,"texture":"#chair"},"up":{"uv":[3.5,5,1,6],"rotation":180,"texture":"#chair"},"down":{"uv":[10.5,8,8,9],"texture":"#chair"}}},{"name":"wheel right front","from":[17.8,1.4,-11.6],"to":[20.6,5.6,-9.5],"rotation":{"angle":0,"axis":"y","origin":[19.2,1.3125,-8.7125]},"faces":{"north":{"uv":[9.5,4,7,7.999],"rotation":180,"texture":"#chair"},"east":{"uv":[7,6,5,10],"texture":"#chair"},"south":{"uv":[11,5,9,8.999],"texture":"#chair"},"west":{"uv":[12.999,5,11,8.999],"texture":"#chair"},"up":{"uv":[7.499,5,5,7],"texture":"#chair"},"down":{"uv":[9,6.5,11,4],"rotation":270,"texture":"#chair"}}},{"name":"wheel right back *","from":[17.8,5.6,-10.95],"to":[20.6,6.3,-10.25],"rotation":{"angle":0,"axis":"x","origin":[19.2,4.9875,-7.5375]},"faces":{"north":{"uv":[10.5,8,8,9],"rotation":180,"texture":"#chair"},"east":{"uv":[1,5,2,4],"rotation":270,"texture":"#chair"},"south":{"uv":[3.5,5,1,6],"rotation":180,"texture":"#chair"},"west":{"uv":[1,6,3.5,5],"rotation":90,"texture":"#chair"},"up":{"uv":[3.5,5,1,6],"texture":"#chair"}}},{"name":"wheel right front","from":[17.8,4.9,-10.25],"to":[20.6,7,-6.05],"rotation":{"angle":0,"axis":"x","origin":[19.2,4.9875,-7.5375]},"faces":{"north":{"uv":[9,6.5,11,4],"rotation":90,"texture":"#chair"},"east":{"uv":[10,5,6,7],"texture":"#chair"},"south":{"uv":[7.499,5,5,7],"texture":"#chair"},"west":{"uv":[11,8.999,12.999,5],"rotation":270,"texture":"#chair"},"up":{"uv":[9.5,4,7,7.999],"texture":"#chair"},"down":{"uv":[11,5,9,8.999],"texture":"#chair"}}},{"name":"wheel right back *","from":[17.8,5.65,-6.05],"to":[20.6,6.35,-5.35],"rotation":{"angle":0,"axis":"x","origin":[19.2,5.7375,-7.5375]},"faces":{"east":{"uv":[6,5,5,6],"texture":"#chair"},"south":{"uv":[3.5,5,1,6],"texture":"#chair"},"west":{"uv":[3.5,5,1,6],"texture":"#chair"},"up":{"uv":[10.5,8,8,9],"texture":"#chair"},"down":{"uv":[3.5,5,1,6],"rotation":180,"texture":"#chair"}}},{"name":"wheel right front","from":[17.8,1.45,-6.75],"to":[20.6,5.65,-4.65],"rotation":{"angle":0,"axis":"x","origin":[19.2,5.7375,-7.5375]},"faces":{"north":{"uv":[11,5,9,8.999],"rotation":180,"texture":"#chair"},"east":{"uv":[11,6,9,10],"texture":"#chair"},"south":{"uv":[9.5,4,7,7.999],"texture":"#chair"},"west":{"uv":[12.999,5,11,8.999],"rotation":180,"texture":"#chair"},"up":{"uv":[9,6.5,11,4],"rotation":270,"texture":"#chair"},"down":{"uv":[7.499,5,5,7],"texture":"#chair"}}},{"name":"wheel right back *","from":[17.8,0.75,-6],"to":[20.6,1.45,-5.3],"rotation":{"angle":0,"axis":"x","origin":[19.2,2.0625,-8.7125]},"faces":{"north":{"uv":[3.5,5,1,6],"texture":"#chair"},"east":{"uv":[1,5,2,4],"rotation":90,"texture":"#chair"},"south":{"uv":[10.5,8,8,9],"texture":"#chair"},"west":{"uv":[1,6,3.5,5],"rotation":270,"texture":"#chair"},"down":{"uv":[3.5,5,1,6],"texture":"#chair"}}},{"name":"wiel rechts voor","from":[17.8,2.1,-9.5],"to":[19.9,4.9,-6.7],"faces":{"north":{"uv":[1,15,0,16],"texture":"#chair"},"east":{"uv":[11,5,5,11],"texture":"#uitlaat top "},"south":{"uv":[16,15,15,16],"texture":"#chair"},"west":{"uv":[16,15,15.5,16],"texture":"#chair"},"up":{"uv":[16,0,15,0.5],"texture":"#chair"},"down":{"uv":[0,0.5,1,0],"texture":"#chair"}}},{"name":"wheel right front","from":[-4.6,0.05,13.675],"to":[-1.8,2.15,17.875],"rotation":{"angle":0,"axis":"x","origin":[-3.2,2.0625,15.1625]},"faces":{"north":{"uv":[5,5,7.499,7],"rotation":180,"texture":"#chair"},"east":{"uv":[11,5,12.999,8.999],"rotation":90,"texture":"#chair"},"south":{"uv":[9,4,11,6.5],"rotation":270,"texture":"#chair"},"west":{"uv":[6,9,10,11],"texture":"#chair"},"up":{"uv":[9,5,11,8.999],"texture":"#chair"},"down":{"uv":[7,4,9.5,7.999],"texture":"#chair"}}},{"name":"wheel right back *","from":[-4.6,0.7,12.975],"to":[-1.8,1.4,13.675],"rotation":{"angle":0,"axis":"y","origin":[-3.2,1.3125,15.1625]},"faces":{"north":{"uv":[1,5,3.5,6],"rotation":180,"texture":"#chair"},"east":{"uv":[1,5,3.5,6],"rotation":180,"texture":"#chair"},"west":{"uv":[5,5,6,6],"rotation":180,"texture":"#chair"},"up":{"uv":[1,5,3.5,6],"rotation":180,"texture":"#chair"},"down":{"uv":[8,8,10.5,9],"texture":"#chair"}}},{"name":"wheel right front","from":[-4.6,1.4,12.275],"to":[-1.8,5.6,14.375],"rotation":{"angle":0,"axis":"y","origin":[-3.2,1.3125,15.1625]},"faces":{"north":{"uv":[7,4,9.5,7.999],"rotation":180,"texture":"#chair"},"east":{"uv":[11,5,12.999,8.999],"texture":"#chair"},"south":{"uv":[9,5,11,8.999],"texture":"#chair"},"west":{"uv":[5,6,7,10],"texture":"#chair"},"up":{"uv":[5,5,7.499,7],"texture":"#chair"},"down":{"uv":[9,4,11,6.5],"rotation":270,"texture":"#chair"}}},{"name":"wheel right back *","from":[-4.6,5.6,12.925],"to":[-1.8,6.3,13.625],"rotation":{"angle":0,"axis":"x","origin":[-3.2,4.9875,16.3375]},"faces":{"north":{"uv":[8,8,10.5,9],"rotation":180,"texture":"#chair"},"east":{"uv":[1,5,3.5,6],"rotation":90,"texture":"#chair"},"south":{"uv":[1,5,3.5,6],"rotation":180,"texture":"#chair"},"west":{"uv":[1,4,2,5],"rotation":270,"texture":"#chair"},"up":{"uv":[1,5,3.5,6],"texture":"#chair"}}},{"name":"wheel right front","from":[-4.6,4.9,13.625],"to":[-1.8,7,17.825],"rotation":{"angle":0,"axis":"x","origin":[-3.2,4.9875,16.3375]},"faces":{"north":{"uv":[9,4,11,6.5],"rotation":90,"texture":"#chair"},"east":{"uv":[11,5,12.999,8.999],"rotation":270,"texture":"#chair"},"south":{"uv":[5,5,7.499,7],"texture":"#chair"},"west":{"uv":[6,5,10,7],"texture":"#chair"},"up":{"uv":[7,4,9.5,7.999],"texture":"#chair"},"down":{"uv":[9,5,11,8.999],"texture":"#chair"}}},{"name":"wheel right back *","from":[-4.6,5.65,17.825],"to":[-1.8,6.35,18.525],"rotation":{"angle":0,"axis":"x","origin":[-3.2,5.7375,16.3375]},"faces":{"east":{"uv":[1,5,3.5,6],"texture":"#chair"},"south":{"uv":[1,5,3.5,6],"texture":"#chair"},"west":{"uv":[5,5,6,6],"texture":"#chair"},"up":{"uv":[8,8,10.5,9],"texture":"#chair"},"down":{"uv":[1,5,3.5,6],"rotation":180,"texture":"#chair"}}},{"name":"wheel right front","from":[-4.6,1.45,17.125],"to":[-1.8,5.65,19.225],"rotation":{"angle":0,"axis":"x","origin":[-3.2,5.7375,16.3375]},"faces":{"north":{"uv":[9,5,11,8.999],"rotation":180,"texture":"#chair"},"east":{"uv":[11,5,12.999,8.999],"rotation":180,"texture":"#chair"},"south":{"uv":[7,4,9.5,7.999],"texture":"#chair"},"west":{"uv":[9,6,11,10],"texture":"#chair"},"up":{"uv":[9,4,11,6.5],"rotation":270,"texture":"#chair"},"down":{"uv":[5,5,7.499,7],"texture":"#chair"}}},{"name":"wheel right back *","from":[-4.6,0.75,17.875],"to":[-1.8,1.45,18.575],"rotation":{"angle":0,"axis":"x","origin":[-3.2,2.0625,15.1625]},"faces":{"north":{"uv":[1,5,3.5,6],"texture":"#chair"},"east":{"uv":[1,5,3.5,6],"rotation":270,"texture":"#chair"},"south":{"uv":[8,8,10.5,9],"texture":"#chair"},"west":{"uv":[1,4,2,5],"rotation":90,"texture":"#chair"},"down":{"uv":[1,5,3.5,6],"texture":"#chair"}}},{"name":"wiel rechts voor","from":[-3.9,2.1,14.375],"to":[-1.8,4.9,17.175],"rotation":{"angle":0,"axis":"y","origin":[8,8,31.875]},"faces":{"north":{"uv":[0,15,1,16],"texture":"#chair"},"east":{"uv":[15.5,15,16,16],"texture":"#chair"},"south":{"uv":[15,15,16,16],"texture":"#chair"},"west":{"uv":[5,5,11,11],"texture":"#uitlaat top "},"up":{"uv":[15,0,16,0.5],"texture":"#chair"},"down":{"uv":[1,0.5,0,0],"texture":"#chair"}}},{"name":"wheel right front","from":[-4.6,0.05,-10.2],"to":[-1.8,2.15,-6],"rotation":{"angle":0,"axis":"x","origin":[-3.2,2.0625,-8.7125]},"faces":{"north":{"uv":[5,5,7.499,7],"rotation":180,"texture":"#chair"},"east":{"uv":[11,5,12.999,8.999],"rotation":90,"texture":"#chair"},"south":{"uv":[9,4,11,6.5],"rotation":270,"texture":"#chair"},"west":{"uv":[6,9,10,11],"texture":"#chair"},"up":{"uv":[9,5,11,8.999],"texture":"#chair"},"down":{"uv":[7,4,9.5,7.999],"texture":"#chair"}}},{"name":"wheel right back *","from":[-4.6,0.7,-10.9],"to":[-1.8,1.4,-10.2],"rotation":{"angle":0,"axis":"y","origin":[-3.2,1.3125,-8.7125]},"faces":{"north":{"uv":[1,5,3.5,6],"rotation":180,"texture":"#chair"},"east":{"uv":[1,5,3.5,6],"rotation":180,"texture":"#chair"},"west":{"uv":[5,5,6,6],"rotation":180,"texture":"#chair"},"up":{"uv":[1,5,3.5,6],"rotation":180,"texture":"#chair"},"down":{"uv":[8,8,10.5,9],"texture":"#chair"}}},{"name":"wheel right front","from":[-4.6,1.4,-11.6],"to":[-1.8,5.6,-9.5],"rotation":{"angle":0,"axis":"y","origin":[-3.2,1.3125,-8.7125]},"faces":{"north":{"uv":[7,4,9.5,7.999],"rotation":180,"texture":"#chair"},"east":{"uv":[11,5,12.999,8.999],"texture":"#chair"},"south":{"uv":[9,5,11,8.999],"texture":"#chair"},"west":{"uv":[5,6,7,10],"texture":"#chair"},"up":{"uv":[5,5,7.499,7],"texture":"#chair"},"down":{"uv":[9,4,11,6.5],"rotation":270,"texture":"#chair"}}},{"name":"wheel right back *","from":[-4.6,5.6,-10.95],"to":[-1.8,6.3,-10.25],"rotation":{"angle":0,"axis":"x","origin":[-3.2,4.9875,-7.5375]},"faces":{"north":{"uv":[8,8,10.5,9],"rotation":180,"texture":"#chair"},"east":{"uv":[1,5,3.5,6],"rotation":90,"texture":"#chair"},"south":{"uv":[1,5,3.5,6],"rotation":180,"texture":"#chair"},"west":{"uv":[1,4,2,5],"rotation":270,"texture":"#chair"},"up":{"uv":[1,5,3.5,6],"texture":"#chair"}}},{"name":"wheel right front","from":[-4.6,4.9,-10.25],"to":[-1.8,7,-6.05],"rotation":{"angle":0,"axis":"x","origin":[-3.2,4.9875,-7.5375]},"faces":{"north":{"uv":[9,4,11,6.5],"rotation":90,"texture":"#chair"},"east":{"uv":[11,5,12.999,8.999],"rotation":270,"texture":"#chair"},"south":{"uv":[5,5,7.499,7],"texture":"#chair"},"west":{"uv":[6,5,10,7],"texture":"#chair"},"up":{"uv":[7,4,9.5,7.999],"texture":"#chair"},"down":{"uv":[9,5,11,8.999],"texture":"#chair"}}},{"name":"wheel right back *","from":[-4.6,5.65,-6.05],"to":[-1.8,6.35,-5.35],"rotation":{"angle":0,"axis":"x","origin":[-3.2,5.7375,-7.5375]},"faces":{"east":{"uv":[1,5,3.5,6],"texture":"#chair"},"south":{"uv":[1,5,3.5,6],"texture":"#chair"},"west":{"uv":[5,5,6,6],"texture":"#chair"},"up":{"uv":[8,8,10.5,9],"texture":"#chair"},"down":{"uv":[1,5,3.5,6],"rotation":180,"texture":"#chair"}}},{"name":"wheel right front","from":[-4.6,1.45,-6.75],"to":[-1.8,5.65,-4.65],"rotation":{"angle":0,"axis":"x","origin":[-3.2,5.7375,-7.5375]},"faces":{"north":{"uv":[9,5,11,8.999],"rotation":180,"texture":"#chair"},"east":{"uv":[11,5,12.999,8.999],"rotation":180,"texture":"#chair"},"south":{"uv":[7,4,9.5,7.999],"texture":"#chair"},"west":{"uv":[9,6,11,10],"texture":"#chair"},"up":{"uv":[9,4,11,6.5],"rotation":270,"texture":"#chair"},"down":{"uv":[5,5,7.499,7],"texture":"#chair"}}},{"name":"wheel right back *","from":[-4.6,0.75,-6],"to":[-1.8,1.45,-5.3],"rotation":{"angle":0,"axis":"x","origin":[-3.2,2.0625,-8.7125]},"faces":{"north":{"uv":[1,5,3.5,6],"texture":"#chair"},"east":{"uv":[1,5,3.5,6],"rotation":270,"texture":"#chair"},"south":{"uv":[8,8,10.5,9],"texture":"#chair"},"west":{"uv":[1,4,2,5],"rotation":90,"texture":"#chair"},"down":{"uv":[1,5,3.5,6],"texture":"#chair"}}},{"name":"wiel rechts voor","from":[-3.9,2.1,-9.5],"to":[-1.8,4.9,-6.7],"faces":{"north":{"uv":[0,15,1,16],"texture":"#chair"},"east":{"uv":[15.5,15,16,16],"texture":"#chair"},"south":{"uv":[15,15,16,16],"texture":"#chair"},"west":{"uv":[5,5,11,11],"texture":"#uitlaat top "},"up":{"uv":[15,0,16,0.5],"texture":"#chair"},"down":{"uv":[1,0.5,0,0],"texture":"#chair"}}},{"name":"wielkap","from":[17.1,6.31403,10.1219],"to":[20.6,7.71403,13.8719],"rotation":{"angle":-22.5,"axis":"x","origin":[17.1,7.71403,10.3719]},"faces":{"north":{"uv":[3.5,0,0,1.4],"texture":"#texture"},"east":{"uv":[3.75,0,0,1.4],"texture":"#texture"},"south":{"uv":[3.5,0,0,1.4],"texture":"#texture"},"west":{"uv":[3.75,0,0,1.4],"texture":"#texture"},"up":{"uv":[3.5,0,0,3.75],"texture":"#texture"},"down":{"uv":[3.5,0,0,3.75],"texture":"#texture"}}},{"name":"wielkap*","from":[17.1,3.88029,10.33227],"to":[20.6,7.58029,11.73227],"rotation":{"angle":22.5,"axis":"x","origin":[17.1,8.08029,10.33227]},"faces":{"north":{"uv":[3.5,0,0,3.7],"texture":"#texture"},"east":{"uv":[1.4,0,0,3.7],"texture":"#texture"},"south":{"uv":[3.5,0,0,3.7],"texture":"#texture"},"west":{"uv":[1.4,0,0,3.7],"texture":"#texture"},"up":{"uv":[16.5,9,13,10.4],"texture":"#texture"},"down":{"uv":[3.5,0,0,1.4],"texture":"#texture"}}},{"name":"wielkap","from":[17.1,7.65342,13.60548],"to":[20.6,9.05342,17.80548],"rotation":{"angle":0,"axis":"y","origin":[8,7.95342,8.00548]},"faces":{"north":{"uv":[3.5,0,0,1.4],"texture":"#texture"},"east":{"uv":[4.2,0,0,1.4],"texture":"#texture"},"south":{"uv":[3.5,0,0,1.4],"texture":"#texture"},"west":{"uv":[4.2,0,0,1.4],"texture":"#texture"},"up":{"uv":[3.5,0,0,4.2],"texture":"#texture"},"down":{"uv":[3.5,0,0,4.2],"texture":"#texture"}}},{"name":"wielkap","from":[17.1,7.65342,17.80548],"to":[20.6,9.05342,21.30548],"rotation":{"angle":22.5,"axis":"x","origin":[17.1,9.05342,17.80548]},"faces":{"north":{"uv":[3.5,0,0,1.4],"texture":"#texture"},"east":{"uv":[3.5,0,0,1.4],"texture":"#texture"},"south":{"uv":[3.5,0,0,1.4],"texture":"#texture"},"west":{"uv":[3.5,0,0,1.4],"texture":"#texture"},"up":{"uv":[3.5,0,0,3.5],"texture":"#texture"},"down":{"uv":[3.5,0,0,3.5],"texture":"#texture"}}},{"name":"wielkap","from":[17.1,2.8,-2.5],"to":[20.6,4.2,10.1],"faces":{"north":{"uv":[3.5,0,0,1.4],"texture":"#texture"},"east":{"uv":[12.6,0,0,1.4],"texture":"#texture"},"south":{"uv":[3.5,0,0,1.4],"texture":"#texture"},"west":{"uv":[12.6,0,0,1.4],"texture":"#texture"},"up":{"uv":[3.5,0,0,12.6],"texture":"#texture"},"down":{"uv":[3.5,0,0,12.6],"texture":"#texture"}}},{"name":"wielkap*","from":[17.1,3.34454,-4.0257],"to":[20.6,7.29454,-2.6257],"rotation":{"angle":-22.5,"axis":"x","origin":[17.1,7.54454,-4.0257]},"faces":{"north":{"uv":[3.5,0,0,3.95],"texture":"#texture"},"east":{"uv":[1.4,0,0,3.95],"texture":"#texture"},"south":{"uv":[3.5,0,0,3.95],"texture":"#texture"},"west":{"uv":[1.4,0,0,3.95],"texture":"#texture"},"up":{"uv":[3.5,0,0,1.4],"texture":"#texture"},"down":{"uv":[3.5,0,0,1.4],"texture":"#texture"}}},{"name":"wielkap","from":[17.1,7.78872,-5.87018],"to":[20.6,9.18872,-2.37018],"rotation":{"angle":22.5,"axis":"x","origin":[17.1,9.18872,-5.87018]},"faces":{"north":{"uv":[3.5,0,0,1.4],"texture":"#texture"},"east":{"uv":[3.5,0,0,1.4],"texture":"#texture"},"south":{"uv":[3.5,0,0,1.4],"texture":"#texture"},"west":{"uv":[3.5,0,0,1.4],"texture":"#texture"},"up":{"uv":[3.5,0,0,3.5],"texture":"#texture"},"down":{"uv":[3.5,0,0,3.5],"texture":"#texture"}}},{"name":"wielkap","from":[17.1,7.78872,-10.07018],"to":[20.6,9.18872,-5.87018],"rotation":{"angle":0,"axis":"y","origin":[8,8.08872,8.12982]},"faces":{"north":{"uv":[3.5,0,0,1.4],"texture":"#texture"},"east":{"uv":[4.2,0,0,1.4],"texture":"#texture"},"south":{"uv":[3.5,0,0,1.4],"texture":"#texture"},"west":{"uv":[4.2,0,0,1.4],"texture":"#texture"},"up":{"uv":[3.5,0,0,4.2],"texture":"#texture"},"down":{"uv":[3.5,0,0,4.2],"texture":"#texture"}}},{"name":"wielkap","from":[17.1,6.44932,-13.30376],"to":[20.6,7.84932,-9.80376],"rotation":{"angle":-22.5,"axis":"x","origin":[17.1,7.84932,-13.30376]},"faces":{"north":{"uv":[3.5,0,0,1.4],"texture":"#texture"},"east":{"uv":[3.5,0,0,1.4],"texture":"#texture"},"south":{"uv":[3.5,0,0,1.4],"texture":"#texture"},"west":{"uv":[3.5,0,0,1.4],"texture":"#texture"},"up":{"uv":[3.5,0,0,3.5],"texture":"#texture"},"down":{"uv":[3.5,0,0,3.5],"texture":"#texture"}}},{"name":"wielkap","from":[-4.6,6.31403,10.1219],"to":[-1.1,7.71403,13.8719],"rotation":{"angle":-22.5,"axis":"x","origin":[-1.1,7.71403,10.3719]},"faces":{"north":{"uv":[0,0,3.5,1.4],"texture":"#texture"},"east":{"uv":[0,0,3.75,1.4],"texture":"#texture"},"south":{"uv":[0,0,3.5,1.4],"texture":"#texture"},"west":{"uv":[0,0,3.75,1.4],"texture":"#texture"},"up":{"uv":[0,0,3.5,3.75],"texture":"#texture"},"down":{"uv":[0,0,3.5,3.75],"texture":"#texture"}}},{"name":"wielkap*","from":[-4.6,3.88029,10.33227],"to":[-1.1,7.58029,11.73227],"rotation":{"angle":22.5,"axis":"x","origin":[-1.1,8.08029,10.33227]},"faces":{"north":{"uv":[0,0,3.5,3.7],"texture":"#texture"},"east":{"uv":[0,0,1.4,3.7],"texture":"#texture"},"south":{"uv":[0,0,3.5,3.7],"texture":"#texture"},"west":{"uv":[0,0,1.4,3.7],"texture":"#texture"},"up":{"uv":[13,9,16.5,10.4],"texture":"#texture"},"down":{"uv":[0,0,3.5,1.4],"texture":"#texture"}}},{"name":"wielkap","from":[-4.6,7.65342,13.60548],"to":[-1.1,9.05342,17.80548],"rotation":{"angle":0,"axis":"y","origin":[8,7.95342,8.00548]},"faces":{"north":{"uv":[0,0,3.5,1.4],"texture":"#texture"},"east":{"uv":[0,0,4.2,1.4],"texture":"#texture"},"south":{"uv":[0,0,3.5,1.4],"texture":"#texture"},"west":{"uv":[0,0,4.2,1.4],"texture":"#texture"},"up":{"uv":[0,0,3.5,4.2],"texture":"#texture"},"down":{"uv":[0,0,3.5,4.2],"texture":"#texture"}}},{"name":"wielkap","from":[-4.6,7.65342,17.80548],"to":[-1.1,9.05342,21.30548],"rotation":{"angle":22.5,"axis":"x","origin":[-1.1,9.05342,17.80548]},"faces":{"north":{"uv":[0,0,3.5,1.4],"texture":"#texture"},"east":{"uv":[0,0,3.5,1.4],"texture":"#texture"},"south":{"uv":[0,0,3.5,1.4],"texture":"#texture"},"west":{"uv":[0,0,3.5,1.4],"texture":"#texture"},"up":{"uv":[0,0,3.5,3.5],"texture":"#texture"},"down":{"uv":[0,0,3.5,3.5],"texture":"#texture"}}},{"name":"wielkap","from":[-4.6,2.8,-2.5],"to":[-1.1,4.2,10.1],"faces":{"north":{"uv":[0,0,3.5,1.4],"texture":"#texture"},"east":{"uv":[0,0,12.6,1.4],"texture":"#texture"},"south":{"uv":[0,0,3.5,1.4],"texture":"#texture"},"west":{"uv":[0,0,12.6,1.4],"texture":"#texture"},"up":{"uv":[0,0,3.5,12.6],"texture":"#texture"},"down":{"uv":[0,0,3.5,12.6],"texture":"#texture"}}},{"name":"wielkap*","from":[-4.6,3.34454,-4.0257],"to":[-1.1,7.29454,-2.6257],"rotation":{"angle":-22.5,"axis":"x","origin":[-1.1,7.54454,-4.0257]},"faces":{"north":{"uv":[0,0,3.5,3.95],"texture":"#texture"},"east":{"uv":[0,0,1.4,3.95],"texture":"#texture"},"south":{"uv":[0,0,3.5,3.95],"texture":"#texture"},"west":{"uv":[0,0,1.4,3.95],"texture":"#texture"},"up":{"uv":[0,0,3.5,1.4],"texture":"#texture"},"down":{"uv":[0,0,3.5,1.4],"texture":"#texture"}}},{"name":"wielkap","from":[-4.6,7.78872,-5.87018],"to":[-1.1,9.18872,-2.37018],"rotation":{"angle":22.5,"axis":"x","origin":[-1.1,9.18872,-5.87018]},"faces":{"north":{"uv":[0,0,3.5,1.4],"texture":"#texture"},"east":{"uv":[0,0,3.5,1.4],"texture":"#texture"},"south":{"uv":[0,0,3.5,1.4],"texture":"#texture"},"west":{"uv":[0,0,3.5,1.4],"texture":"#texture"},"up":{"uv":[0,0,3.5,3.5],"texture":"#texture"},"down":{"uv":[0,0,3.5,3.5],"texture":"#texture"}}},{"name":"wielkap","from":[-4.6,7.78872,-10.07018],"to":[-1.1,9.18872,-5.87018],"rotation":{"angle":0,"axis":"y","origin":[8,8.08872,8.12982]},"faces":{"north":{"uv":[0,0,3.5,1.4],"texture":"#texture"},"east":{"uv":[0,0,4.2,1.4],"texture":"#texture"},"south":{"uv":[0,0,3.5,1.4],"texture":"#texture"},"west":{"uv":[0,0,4.2,1.4],"texture":"#texture"},"up":{"uv":[0,0,3.5,4.2],"texture":"#texture"},"down":{"uv":[0,0,3.5,4.2],"texture":"#texture"}}},{"name":"wielkap","from":[-4.6,6.44932,-13.30376],"to":[-1.1,7.84932,-9.80376],"rotation":{"angle":-22.5,"axis":"x","origin":[-1.1,7.84932,-13.30376]},"faces":{"north":{"uv":[0,0,3.5,1.4],"texture":"#texture"},"east":{"uv":[0,0,3.5,1.4],"texture":"#texture"},"south":{"uv":[0,0,3.5,1.4],"texture":"#texture"},"west":{"uv":[0,0,3.5,1.4],"texture":"#texture"},"up":{"uv":[0,0,3.5,3.5],"texture":"#texture"},"down":{"uv":[0,0,3.5,3.5],"texture":"#texture"}}},{"name":"wheel right front","from":[5.92222,7.02778,22.63889],"to":[10.12222,9.12778,25.43889],"rotation":{"angle":0,"axis":"z","origin":[8.01159,10.46697,23.97862]},"faces":{"north":{"uv":[11,5,12.999,8.999],"rotation":90,"texture":"#chair"},"east":{"uv":[9,4,11,6.5],"rotation":270,"texture":"#chair"},"south":{"uv":[6,9,10,11],"texture":"#chair"},"west":{"uv":[5,5,7.499,7],"rotation":180,"texture":"#chair"},"up":{"uv":[9,5,11,8.999],"rotation":270,"texture":"#chair"},"down":{"uv":[7,4,9.5,7.999],"rotation":90,"texture":"#chair"}}},{"name":"wheel right back *","from":[5.22222,7.67778,22.63889],"to":[5.92222,8.37778,25.43889],"rotation":{"angle":0,"axis":"z","origin":[8.01159,10.46697,23.97862]},"faces":{"north":{"uv":[1,5,3.5,6],"rotation":180,"texture":"#chair"},"south":{"uv":[5,5,6,6],"rotation":180,"texture":"#chair"},"west":{"uv":[1,5,3.5,6],"rotation":180,"texture":"#chair"},"up":{"uv":[1,5,3.5,6],"rotation":90,"texture":"#chair"},"down":{"uv":[8,8,10.5,9],"rotation":90,"texture":"#chair"}}},{"name":"wheel right front","from":[4.52222,8.37778,22.63889],"to":[6.62222,12.57778,25.43889],"rotation":{"angle":0,"axis":"z","origin":[8.01159,10.46697,23.97862]},"faces":{"north":{"uv":[11,5,12.999,8.999],"texture":"#chair"},"east":{"uv":[9,5,11,8.999],"texture":"#chair"},"south":{"uv":[5,6,7,10],"texture":"#chair"},"west":{"uv":[7,4,9.5,7.999],"rotation":180,"texture":"#chair"},"up":{"uv":[5,5,7.499,7],"rotation":270,"texture":"#chair"},"down":{"uv":[9,4,11,6.5],"texture":"#chair"}}},{"name":"wheel right back *","from":[5.17222,12.57778,22.63889],"to":[5.87222,13.27778,25.43889],"rotation":{"angle":0,"axis":"z","origin":[8.01159,10.46697,23.97862]},"faces":{"north":{"uv":[1,5,3.5,6],"rotation":90,"texture":"#chair"},"east":{"uv":[1,5,3.5,6],"rotation":180,"texture":"#chair"},"south":{"uv":[1,4,2,5],"rotation":270,"texture":"#chair"},"west":{"uv":[8,8,10.5,9],"rotation":180,"texture":"#chair"},"up":{"uv":[1,5,3.5,6],"rotation":270,"texture":"#chair"}}},{"name":"wheel right front","from":[5.87222,11.87778,22.63889],"to":[10.07222,13.97778,25.43889],"rotation":{"angle":0,"axis":"z","origin":[8.01159,10.46697,23.97862]},"faces":{"north":{"uv":[11,5,12.999,8.999],"rotation":270,"texture":"#chair"},"east":{"uv":[5,5,7.499,7],"texture":"#chair"},"south":{"uv":[6,5,10,7],"texture":"#chair"},"west":{"uv":[9,4,11,6.5],"rotation":90,"texture":"#chair"},"up":{"uv":[7,4,9.5,7.999],"rotation":270,"texture":"#chair"},"down":{"uv":[9,5,11,8.999],"rotation":90,"texture":"#chair"}}},{"name":"wheel right back *","from":[10.07222,12.62778,22.63889],"to":[10.77222,13.32778,25.43889],"rotation":{"angle":0,"axis":"z","origin":[8.01159,10.46697,23.97862]},"faces":{"north":{"uv":[1,5,3.5,6],"texture":"#chair"},"east":{"uv":[1,5,3.5,6],"texture":"#chair"},"south":{"uv":[5,5,6,6],"texture":"#chair"},"up":{"uv":[8,8,10.5,9],"rotation":270,"texture":"#chair"},"down":{"uv":[1,5,3.5,6],"rotation":270,"texture":"#chair"}}},{"name":"wheel right front","from":[9.37222,8.42778,22.63889],"to":[11.47222,12.62778,25.43889],"rotation":{"angle":0,"axis":"z","origin":[8.01159,10.46697,23.97862]},"faces":{"north":{"uv":[11,5,12.999,8.999],"rotation":180,"texture":"#chair"},"east":{"uv":[7,4,9.5,7.999],"texture":"#chair"},"south":{"uv":[9,6,11,10],"texture":"#chair"},"west":{"uv":[9,5,11,8.999],"rotation":180,"texture":"#chair"},"up":{"uv":[9,4,11,6.5],"rotation":180,"texture":"#chair"},"down":{"uv":[5,5,7.499,7],"rotation":90,"texture":"#chair"}}},{"name":"wheel right back *","from":[10.12222,7.72778,22.63889],"to":[10.82222,8.42778,25.43889],"rotation":{"angle":0,"axis":"z","origin":[8.01159,10.46697,23.97862]},"faces":{"north":{"uv":[1,5,3.5,6],"rotation":270,"texture":"#chair"},"east":{"uv":[8,8,10.5,9],"texture":"#chair"},"south":{"uv":[1,4,2,5],"rotation":90,"texture":"#chair"},"west":{"uv":[1,5,3.5,6],"texture":"#chair"},"down":{"uv":[1,5,3.5,6],"rotation":90,"texture":"#chair"}}},{"name":"wiel rechts voor","from":[6.62222,9.07778,22.63889],"to":[9.42222,11.87778,24.73889],"rotation":{"angle":0,"axis":"z","origin":[8.01159,10.46697,23.97862]},"faces":{"north":{"uv":[15.5,15,16,16],"texture":"#chair"},"east":{"uv":[15,15,16,16],"texture":"#chair"},"south":{"uv":[5,5,11,11],"texture":"#uitlaat top "},"west":{"uv":[0,15,1,16],"texture":"#chair"},"up":{"uv":[15,0,16,0.5],"rotation":270,"texture":"#chair"},"down":{"uv":[1,0.5,0,0],"rotation":90,"texture":"#chair"}}}],"display":{"gui":{"rotation":[10,150,0],"translation":[0.8,0,0],"scale":[0.4,0.4,0.4]},"head":{"scale":[1.5,1.5,1.5]}},"groups":[0,1,2,3,4,5,6,7,8,9,10,11,12,13,14,15,16,17,18,19,20,21,22,23,24,25,26,27,28,29,30,31,32,33,34,35,36,37,38,39,40,41,42,43,44,45,46,47,48,49,50,51,52,53,54,55,56,57,58,59,60,61,62,63,64,65,66,67,68,69,{"name":"bumper","origin":[8,8,8],"children":[70,71,72,73,74]},{"name":"wheels","origin":[8,8,8],"children":[{"name":"group","origin":[8,8,8],"children":[{"name":"group","origin":[-3.2,2.0625,-8.7125],"children":[75,76,77,78,79,80,81,82,83]},{"name":"group","origin":[-3.2,2.0625,-8.7125],"children":[84,85,86,87,88,89,90,91,92]}]},{"name":"group","origin":[8,8,8],"children":[{"name":"group","origin":[-3.2,2.0625,-8.7125],"children":[93,94,95,96,97,98,99,100,101]},{"name":"group","origin":[-3.2,2.0625,-8.7125],"children":[102,103,104,105,106,107,108,109,110]}]}]},{"name":"bars","origin":[8,8,8],"children":[{"name":"group","origin":[17.1,7.84932,-13.30376],"children":[111,112,113,114,115,116,117,118,119]},{"name":"group","origin":[17.1,7.84932,-13.30376],"children":[120,121,122,123,124,125,126,127,128]}]},{"name":"group","origin":[-3.2,2.0625,-8.7125],"children":[129,130,131,132,133,134,135,136,137]}],"credit":"Model by Craftventure"}