{"textures":{"chair":"block/orange_stained_glass2","uitlaat top ":"block/piston_inner","uitlaat zijkant":"block/furnace_side","texture":"block/cyan_terracotta"},"elements":[{"name":"wheel right back ","from":[6.4,1.4,17.1],"to":[9.2,5.6,19.2],"rotation":{"angle":0,"axis":"y","origin":[19,8,8]},"faces":{"north":{"uv":[0,12,2,15],"texture":"#chair"},"east":{"uv":[14.5625,12,16.0625,15],"texture":"#chair"},"south":{"uv":[0,12,2,15],"texture":"#chair"},"west":{"uv":[14.5625,12,16.0625,15],"texture":"#chair"},"up":{"uv":[0,14.5625,2,16.0625],"texture":"#chair"},"down":{"uv":[0,14.5625,2,16.0625],"texture":"#chair"}}},{"name":"wheel right front","from":[6.4,1.4,-11.6],"to":[9.2,5.6,-9.5],"rotation":{"angle":0,"axis":"y","origin":[19,8,8]},"faces":{"north":{"uv":[16,11,16,12],"texture":"#chair"},"east":{"uv":[6,11,8,12],"texture":"#chair"},"south":{"uv":[0,11,1,12.5],"texture":"#chair"},"west":{"uv":[8,11,10,12],"texture":"#chair"},"up":{"uv":[0,8,0,10],"texture":"#chair"},"down":{"uv":[16,10,16,8],"texture":"#chair"}}},{"name":"wheel right back ","from":[6.4,0,13.6],"to":[9.2,2.1,17.8],"rotation":{"angle":0,"axis":"y","origin":[19,8,8]},"faces":{"north":{"uv":[15,14.5,16,16],"texture":"#chair"},"east":{"uv":[1,14.5,4,16],"texture":"#chair"},"south":{"uv":[0,14.5,1,16],"texture":"#chair"},"west":{"uv":[12,14.5,15,16],"texture":"#chair"},"up":{"uv":[0,12,1,15],"texture":"#chair"},"down":{"uv":[16,15,15,12],"texture":"#chair"}}},{"name":"wheel right back ","from":[6.4,0,-10.2],"to":[9.2,2.1,-6],"rotation":{"angle":0,"axis":"y","origin":[19,8,8]},"faces":{"north":{"uv":[15,14.5,16,16],"texture":"#chair"},"east":{"uv":[16,14.5,16,16],"texture":"#chair"},"south":{"uv":[0,11,1,12.5],"texture":"#chair"},"west":{"uv":[0,14.5,0,16],"texture":"#chair"},"up":{"uv":[0,0,1,0],"texture":"#chair"},"down":{"uv":[16,0,15,0],"texture":"#chair"}}},{"name":"wheel left back","from":[6.4,1.4,12.2875],"to":[9.2,5.6,14.3875],"rotation":{"angle":0,"axis":"y","origin":[19,8,8]},"faces":{"north":{"uv":[16,11,16,12],"texture":"#chair"},"east":{"uv":[6,11,8,12],"texture":"#chair"},"south":{"uv":[0,11,0,12],"texture":"#chair"},"west":{"uv":[8,11,10,12],"texture":"#chair"},"up":{"uv":[0,8,0,10],"texture":"#chair"},"down":{"uv":[16,10,16,8],"texture":"#chair"}}},{"name":"onderstoel","from":[1,4.9,3.1875],"to":[15,7.7,11.5875],"faces":{"north":{"uv":[3,10.5,13,12.5],"texture":"#texture"},"east":{"uv":[5.4375,10.5,11.4375,12.5],"texture":"#texture"},"south":{"uv":[3,10.5,13,12.5],"texture":"#texture"},"west":{"uv":[4.5625,10.5,10.5625,12.5],"texture":"#texture"},"up":{"uv":[3,4.5625,13,10.5625],"texture":"#texture"},"down":{"uv":[13,10.5625,3,4.5625],"texture":"#texture"}}},{"name":"stoel","from":[2.4,7.7,2.575],"to":[13.6,9.1,10.975],"faces":{"north":{"uv":[0,0,16,2.5],"texture":"#chair"},"east":{"uv":[0,0,16,2],"texture":"#chair"},"south":{"uv":[0,0,16,2],"texture":"#chair"},"west":{"uv":[0,0,16,2.5],"texture":"#chair"},"up":{"uv":[0,0,16,16],"texture":"#chair"},"down":{"uv":[0,0,16,16],"texture":"#chair"}}},{"name":"stoel","from":[2.4,7.7,10.1875],"to":[13.6,9.1,12.2875],"rotation":{"angle":-45,"axis":"x","origin":[2.4,9.1,10.1875]},"faces":{"north":{"uv":[4,10.5,12,12.5],"texture":"#chair"},"east":{"uv":[0,10.5,4.5,12.5],"texture":"#chair"},"south":{"uv":[4,10.5,12,12.5],"texture":"#chair"},"west":{"uv":[11.5,10.5,16,12.5],"texture":"#chair"},"up":{"uv":[0,11.5,16,16],"texture":"#chair"},"down":{"uv":[0,16,16,12],"texture":"#chair"}}},{"name":"stoel","from":[2.4,9.8,13.6875],"to":[13.6,15.4,15.0875],"rotation":{"angle":22.5,"axis":"x","origin":[2.4,15.4,13.6875]},"faces":{"north":{"uv":[0,0,16,16],"texture":"#chair"},"east":{"uv":[0,0,16,2.5],"texture":"#chair"},"south":{"uv":[0,0,16,16],"texture":"#chair"},"west":{"uv":[0,0,16,2.5],"texture":"#chair"},"up":{"uv":[0,0,16,2.5],"texture":"#chair"},"down":{"uv":[0,0,16,2.5],"texture":"#chair"}}},{"name":"stuur","from":[6.075,16.52,-2.675],"to":[9.995,17.5,-1.695],"rotation":{"angle":45,"axis":"x","origin":[6.075,17.5,-2.675]},"faces":{"north":{"uv":[5.9375,0,9.9375,1],"texture":"#chair"},"east":{"uv":[0,0,1,1],"texture":"#chair"},"south":{"uv":[5.9375,0,9.9375,1],"texture":"#chair"},"west":{"uv":[0,0,1,1],"texture":"#chair"},"up":{"uv":[5.9375,0,9.9375,1],"texture":"#chair"},"down":{"uv":[5.9375,0,9.9375,1],"texture":"#chair"}}},{"name":"stuur","from":[5.1125,15.82,-1.975],"to":[6.0925,16.8,1.945],"rotation":{"angle":45,"axis":"x","origin":[5.1125,16.8,-1.975]},"faces":{"north":{"uv":[4.9375,0,5.9375,1],"texture":"#chair"},"east":{"uv":[0,0,4,1],"texture":"#chair"},"south":{"uv":[4.9375,0,5.9375,1],"texture":"#chair"},"west":{"uv":[0,0,4,1],"texture":"#chair"},"up":{"uv":[4.9375,0,5.9375,4],"texture":"#chair"},"down":{"uv":[4.9375,0,5.9375,4],"texture":"#chair"}}},{"name":"stuur","from":[9.925,15.82,-2.0625],"to":[10.905,16.8,1.8575],"rotation":{"angle":45,"axis":"x","origin":[9.925,16.8,-2.0625]},"faces":{"north":{"uv":[10,0,11,1],"texture":"#chair"},"east":{"uv":[0,0,4,1],"texture":"#chair"},"south":{"uv":[10,0,11,1],"texture":"#chair"},"west":{"uv":[0,0,4,1],"texture":"#chair"},"up":{"uv":[10,0,11,4],"texture":"#chair"},"down":{"uv":[10,0,11,4],"texture":"#chair"}}},{"name":"stuur","from":[6.075,13.1075,0.7375],"to":[9.995,14.0875,1.7175],"rotation":{"angle":45,"axis":"x","origin":[6.075,14.0875,0.7375]},"faces":{"north":{"uv":[5.9375,2.0625,9.9375,3.0625],"texture":"#chair"},"east":{"uv":[0.375,2.0625,1.375,3.0625],"texture":"#chair"},"south":{"uv":[5.9375,2.0625,9.9375,3.0625],"texture":"#chair"},"west":{"uv":[0.375,2.0625,1.375,3.0625],"texture":"#chair"},"up":{"uv":[5.9375,0.375,9.9375,1.375],"texture":"#chair"},"down":{"uv":[5.9375,0.375,9.9375,1.375],"texture":"#chair"}}},{"name":"stuurmidden","from":[7.0375,4.2875,-1.1875],"to":[9.1375,16.1875,0.9125],"rotation":{"angle":45,"axis":"x","origin":[7.0375,16.1875,-1.1875]},"faces":{"north":{"uv":[7,0,9.0625,11.875],"texture":"#texture"},"east":{"uv":[0,0,2.0625,11.875],"texture":"#texture"},"south":{"uv":[7,0,9.0625,11.875],"texture":"#texture"},"west":{"uv":[0,0,2.0625,11.875],"texture":"#texture"},"up":{"uv":[7,0,9.0625,2.0625],"texture":"#texture"},"down":{"uv":[7,0,9.0625,2.0625],"texture":"#texture"}}},{"name":"stuur","from":[8.9625,15.2075,-1.3625],"to":[9.9425,16.1875,-0.3825],"rotation":{"angle":45,"axis":"x","origin":[8.9625,16.1875,-1.3625]},"faces":{"north":{"uv":[7,6,7.5,6.5],"texture":"#texture"},"east":{"uv":[13.5,6,14,6.5],"texture":"#texture"},"south":{"uv":[8.5,6,9,6.5],"texture":"#texture"},"west":{"uv":[2,6,2.5,6.5],"texture":"#texture"},"up":{"uv":[8.5,2,9,2.5],"texture":"#texture"},"down":{"uv":[7.5,2.5,7,2],"texture":"#texture"}}},{"name":"stuur","from":[6.075,15.2075,-1.3625],"to":[7.055,16.1875,-0.3825],"rotation":{"angle":45,"axis":"x","origin":[6.075,16.1875,-1.3625]},"faces":{"north":{"uv":[8.5,6,9,6.5],"texture":"#texture"},"east":{"uv":[13.5,6,14,6.5],"texture":"#texture"},"south":{"uv":[7,6,7.5,6.5],"texture":"#texture"},"west":{"uv":[2,6,2.5,6.5],"texture":"#texture"},"up":{"uv":[7,2,7.5,2.5],"texture":"#texture"},"down":{"uv":[9,2.5,8.5,2],"texture":"#texture"}}},{"name":"wiel links voor","from":[6.8,2.1,-9.5],"to":[8.9,4.9,-6.7],"faces":{"north":{"uv":[15,12.5,16.5,14.5],"texture":"#chair"},"east":{"uv":[5,5,11,11],"texture":"#uitlaat top "},"south":{"uv":[15,12.5,16.5,14.5],"texture":"#chair"},"west":{"uv":[5,5,11,11],"texture":"#uitlaat top "},"up":{"uv":[15,0,16.5,2],"texture":"#chair"},"down":{"uv":[15,-2,16.5,0],"texture":"#chair"}}},{"name":"wiel links voor","from":[6.8,2.1,14.5],"to":[8.9,4.9,17.3],"faces":{"north":{"uv":[15,12.5,16.5,14.5],"texture":"#chair"},"east":{"uv":[5,5,11,11],"texture":"#uitlaat top "},"south":{"uv":[15,12.5,16.5,14.5],"texture":"#chair"},"west":{"uv":[5,5,11,11],"texture":"#uitlaat top "},"up":{"uv":[15,0,16.5,2],"texture":"#chair"},"down":{"uv":[15,-2,16.5,0],"texture":"#chair"}}},{"name":"wheel right front","from":[6.4,1.4,-6.7],"to":[9.2,5.6,-4.6],"rotation":{"angle":0,"axis":"y","origin":[19,8,8]},"faces":{"north":{"uv":[16,11,16,12],"texture":"#chair"},"east":{"uv":[6,11,8,12],"texture":"#chair"},"south":{"uv":[0,11,1,12.5],"texture":"#chair"},"west":{"uv":[8,11,10,12],"texture":"#chair"},"up":{"uv":[0,8,0,10],"texture":"#chair"},"down":{"uv":[16,10,16,8],"texture":"#chair"}}},{"name":"wheel right front","from":[6.4,4.9,-10.2],"to":[9.2,7,-6],"rotation":{"angle":0,"axis":"y","origin":[19,8,8]},"faces":{"north":{"uv":[15,11,16,12.5],"texture":"#chair"},"east":{"uv":[16,11,16,12.5],"texture":"#chair"},"south":{"uv":[0,11,1,12.5],"texture":"#chair"},"west":{"uv":[0,11,0,12.5],"texture":"#chair"},"up":{"uv":[0,0,1,0],"texture":"#chair"},"down":{"uv":[16,0,15,0],"texture":"#chair"}}},{"name":"wheel right front *","from":[-4.6,6.2125,-7.4],"to":[-1.8,6.3,-7.3125],"faces":{"north":{"uv":[15,11.5,16,12],"texture":"#chair"},"east":{"uv":[16,11.5,16,12],"texture":"#chair"},"west":{"uv":[0,11.5,0,12],"texture":"#chair"},"down":{"uv":[16,0,15,0],"texture":"#chair"}}},{"name":"wheel right front*","from":[6.4,4.9,13.6],"to":[9.2,7,17.8],"rotation":{"angle":0,"axis":"y","origin":[19,8,8]},"faces":{"north":{"uv":[15,11,16,12.5],"texture":"#chair"},"east":{"uv":[1,11,4,12.5],"texture":"#chair"},"south":{"uv":[0,11,1,12.5],"texture":"#chair"},"west":{"uv":[12,11,15,12.5],"texture":"#chair"},"up":{"uv":[0,12,1,15],"texture":"#chair"},"down":{"uv":[16,15,15,12],"texture":"#chair"}}},{"name":"wielkap","from":[6.4,7.7,-6.07674],"to":[9.9,9.1,-2.57674],"rotation":{"angle":22.5,"axis":"x","origin":[6.4,9.1,-6.07674]},"faces":{"north":{"uv":[15,10,16,11],"texture":"#texture"},"east":{"uv":[16,10,16,11],"texture":"#texture"},"south":{"uv":[0,10,1,11],"texture":"#texture"},"west":{"uv":[0,10,0,11],"texture":"#texture"},"up":{"uv":[0,0,1,0],"texture":"#texture"},"down":{"uv":[16,0,15,0],"texture":"#texture"}}},{"name":"wielkap","from":[6.4,7.7,-10.2],"to":[9.9,9.1,-6],"rotation":{"angle":0,"axis":"y","origin":[19,8,8]},"faces":{"north":{"uv":[15,10,16,11],"texture":"#texture"},"east":{"uv":[16,10,16,11],"texture":"#texture"},"south":{"uv":[0,10,1,11],"texture":"#texture"},"west":{"uv":[0,10,0,11],"texture":"#texture"},"up":{"uv":[0,0,1,0],"texture":"#texture"},"down":{"uv":[16,0,15,0],"texture":"#texture"}}},{"name":"wielkap","from":[6.4,6.3875,10.3625],"to":[9.9,7.7875,13.8625],"rotation":{"angle":-22.5,"axis":"x","origin":[6.4,7.7875,10.3625]},"faces":{"north":{"uv":[15,10,16,11],"texture":"#texture"},"east":{"uv":[16,10,16,11],"texture":"#texture"},"south":{"uv":[0,10,1,11],"texture":"#texture"},"west":{"uv":[0,10,0,11],"texture":"#texture"},"up":{"uv":[0,0,1,0],"texture":"#texture"},"down":{"uv":[16,0,15,0],"texture":"#texture"}}},{"name":"wielkap","from":[6.4,7.7,13.6],"to":[9.9,9.1,17.8],"rotation":{"angle":0,"axis":"y","origin":[19,8,8]},"faces":{"north":{"uv":[15,10,16,11],"texture":"#texture"},"east":{"uv":[16,10,16,11],"texture":"#texture"},"south":{"uv":[0,10,1,11],"texture":"#texture"},"west":{"uv":[0,10,0,11],"texture":"#texture"},"up":{"uv":[0,0,1,0],"texture":"#texture"},"down":{"uv":[16,0,15,0],"texture":"#texture"}}},{"name":"wielkap","from":[6.4,6.3875,-13.4375],"to":[9.9,7.7875,-9.9375],"rotation":{"angle":-22.5,"axis":"x","origin":[6.4,7.7875,-13.4375]},"faces":{"north":{"uv":[15,10,16,11],"texture":"#texture"},"east":{"uv":[16,10,16,11],"texture":"#texture"},"south":{"uv":[0,10,1,11],"texture":"#texture"},"west":{"uv":[0,10,0,11],"texture":"#texture"},"up":{"uv":[0,0,1,0],"texture":"#texture"},"down":{"uv":[16,0,15,0],"texture":"#texture"}}},{"name":"wielkap","from":[6.4,7.7,17.8],"to":[9.9,9.1,21.3],"rotation":{"angle":22.5,"axis":"x","origin":[6.4,9.1,17.8]},"faces":{"north":{"uv":[15,10,16,11],"texture":"#texture"},"east":{"uv":[16,10,16,11],"texture":"#texture"},"south":{"uv":[0,10,1,11],"texture":"#texture"},"west":{"uv":[0,10,0,11],"texture":"#texture"},"up":{"uv":[0,0,1,0],"texture":"#texture"},"down":{"uv":[16,0,15,0],"texture":"#texture"}}},{"name":"stoelding","from":[13.6,7,13.5824],"to":[15,16.1,15.6824],"rotation":{"angle":22.5,"axis":"x","origin":[13.6,16.1,13.5824]},"faces":{"north":{"uv":[12,5.5,13,12],"texture":"#texture"},"east":{"uv":[12,5.5,13.5,12],"texture":"#texture"},"south":{"uv":[12,5.5,13,12],"texture":"#texture"},"west":{"uv":[12,5.5,13.5,12],"texture":"#texture"},"up":{"uv":[12,12,13,13.5],"texture":"#texture"},"down":{"uv":[12,12,13,13.5],"texture":"#texture"}}},{"name":"stoelding","from":[1,7,13.5824],"to":[2.4,16.1,15.6824],"rotation":{"angle":22.5,"axis":"x","origin":[1,16.1,13.5824]},"faces":{"north":{"uv":[3,5.5,4,12],"texture":"#texture"},"east":{"uv":[12,5.5,13.5,12],"texture":"#texture"},"south":{"uv":[3,5.5,4,12],"texture":"#texture"},"west":{"uv":[12,5.5,13.5,12],"texture":"#texture"},"up":{"uv":[3,12,4,13.5],"texture":"#texture"},"down":{"uv":[3,12,4,13.5],"texture":"#texture"}}},{"name":"wielkap*","from":[6.4,2.975,-3.8125],"to":[9.9,7.175,-2.4125],"rotation":{"angle":-22.5,"axis":"x","origin":[6.4,7.175,-3.8125]},"faces":{"north":{"uv":[15,10,16,11],"texture":"#texture"},"east":{"uv":[16,10,16,11],"texture":"#texture"},"south":{"uv":[0,10,1,11],"texture":"#texture"},"west":{"uv":[0,10,0,11],"texture":"#texture"},"up":{"uv":[0,0,1,0],"texture":"#texture"},"down":{"uv":[16,0,15,0],"texture":"#texture"}}},{"name":"wielkap","from":[6.4,3.5,10.1],"to":[9.9,7.7,11.5],"rotation":{"angle":22.5,"axis":"x","origin":[6.4,7.7,10.1]},"faces":{"north":{"uv":[15,10,16,11],"texture":"#texture"},"east":{"uv":[16,10,16,11],"texture":"#texture"},"south":{"uv":[0,10,1,11],"texture":"#texture"},"west":{"uv":[0,10,0,11],"texture":"#texture"},"up":{"uv":[0,0,1,0],"texture":"#texture"},"down":{"uv":[16,0,15,0],"texture":"#texture"}}},{"name":"wielkap","from":[6.4,2.8,-2.5],"to":[9.9,4.2,10.1],"rotation":{"angle":0,"axis":"y","origin":[19,8,8]},"faces":{"north":{"uv":[15,10,16,11],"texture":"#texture"},"east":{"uv":[16,10,16,11],"texture":"#texture"},"south":{"uv":[0,10,1,11],"texture":"#texture"},"west":{"uv":[0,10,0,11],"texture":"#texture"},"up":{"uv":[0,0,1,0],"texture":"#texture"},"down":{"uv":[16,0,15,0],"texture":"#texture"}}},{"name":"lampenvoor*","from":[10.1,5.8,-10.8],"to":[12.2,8.6,-10.1],"rotation":{"angle":-22.5,"axis":"y","origin":[17.1,5.8,-13.8]},"faces":{"north":{"uv":[0,12.5,1.5,14],"texture":"#chair"},"east":{"uv":[16,12.5,16,14],"texture":"#chair"},"south":{"uv":[14.5,12.5,16,14],"texture":"#chair"},"west":{"uv":[0,12.5,0,14],"texture":"#chair"},"up":{"uv":[14.5,0,16,0],"texture":"#chair"},"down":{"uv":[1.5,0,0,0],"texture":"#chair"}}},{"name":"lampenvoor*","from":[5.9,5.8,-13.8],"to":[10.1,8.6,-13.1],"rotation":{"angle":0,"axis":"y","origin":[8,11,10]},"faces":{"north":{"uv":[1.5,12,14.5,14],"texture":"#chair"},"east":{"uv":[16,12,16,14],"texture":"#chair"},"south":{"uv":[1.5,12,14.5,14],"texture":"#chair"},"west":{"uv":[0,12,0,14],"texture":"#chair"},"up":{"uv":[1.5,0,14.5,0],"texture":"#chair"},"down":{"uv":[14.5,0,1.5,0],"texture":"#chair"}}},{"name":"lampenvoor*","from":[3.975,5.8,-10.0125],"to":[6.075,8.6,-9.3125],"rotation":{"angle":22.5,"axis":"y","origin":[-3.025,5.8,-13.0125]},"faces":{"north":{"uv":[14.5,12.5,16,14],"texture":"#chair"},"east":{"uv":[16,12.5,16,14],"texture":"#chair"},"south":{"uv":[0,12.5,1.5,14],"texture":"#chair"},"west":{"uv":[0,12.5,0,14],"texture":"#chair"},"up":{"uv":[0,0,1.5,0],"texture":"#chair"},"down":{"uv":[16,0,14.5,0],"texture":"#chair"}}},{"name":"lampenvoor*","from":[4.9,7.8,19.7],"to":[11.1,10.6,20.4],"rotation":{"angle":0,"axis":"y","origin":[8,13,5]},"faces":{"north":{"uv":[1.5,12,14.5,14],"texture":"#chair"},"east":{"uv":[0,12,0,14],"texture":"#chair"},"south":{"uv":[1.5,12,14.5,14],"texture":"#chair"},"west":{"uv":[16,12,16,14],"texture":"#chair"},"up":{"uv":[1.5,16,14.5,16],"texture":"#chair"},"down":{"uv":[14.5,16,1.5,16],"texture":"#chair"}}},{"name":"lampenvoor*","from":[10.8375,7.8,17.7875],"to":[12.9375,10.6,18.4875],"rotation":{"angle":22.5,"axis":"y","origin":[16.8375,7.8,19.7875]},"faces":{"north":{"uv":[0,12.5,1.5,14],"texture":"#chair"},"east":{"uv":[16,12.5,16,14],"texture":"#chair"},"south":{"uv":[14.5,12.5,16,14],"texture":"#chair"},"west":{"uv":[0,12.5,0,14],"texture":"#chair"},"up":{"uv":[14.5,0,16,0],"texture":"#chair"},"down":{"uv":[1.5,0,0,0],"texture":"#chair"}}},{"name":"lampenvoor*","from":[3.2375,7.8,16.9125],"to":[5.3375,10.6,17.6125],"rotation":{"angle":-22.5,"axis":"y","origin":[-2.7625,7.8,18.9125]},"faces":{"north":{"uv":[0,12.5,1.5,14],"texture":"#chair"},"east":{"uv":[16,12.5,16,14],"texture":"#chair"},"south":{"uv":[14.5,12.5,16,14],"texture":"#chair"},"west":{"uv":[0,12.5,0,14],"texture":"#chair"},"up":{"uv":[14.5,0,16,0],"texture":"#chair"},"down":{"uv":[1.5,0,0,0],"texture":"#chair"}}},{"name":"uitlaat*","from":[9.2,7.8,14.1],"to":[10.6,9.2,21.8],"faces":{"north":{"uv":[5,5,11,11],"texture":"#uitlaat top "},"east":{"uv":[14.5,13,20,14],"texture":"#uitlaat zijkant"},"south":{"uv":[5,5,11,11],"texture":"#uitlaat top "},"west":{"uv":[2,13,7.5,14],"texture":"#uitlaat zijkant"},"up":{"uv":[13,10,14,14],"texture":"#uitlaat zijkant"},"down":{"uv":[13,10,14,14],"texture":"#uitlaat zijkant"}}},{"name":"wheel right back *","from":[6.4,0.7,17.8],"to":[9.2,1.4,18.5],"rotation":{"angle":0,"axis":"y","origin":[19,8,8]},"faces":{"north":{"uv":[0,12,2,15],"texture":"#chair"},"east":{"uv":[14.5625,12,16.0625,15],"texture":"#chair"},"south":{"uv":[0,12,2,15],"texture":"#chair"},"west":{"uv":[14.5625,12,16.0625,15],"texture":"#chair"},"up":{"uv":[0,14.5625,2,16.0625],"texture":"#chair"},"down":{"uv":[0,14.5625,2,16.0625],"texture":"#chair"}}},{"name":"wheel right back *","from":[6.4,5.6,12.9],"to":[9.2,6.3,13.6],"rotation":{"angle":0,"axis":"y","origin":[19,8,8]},"faces":{"north":{"uv":[0,12,2,15],"texture":"#chair"},"east":{"uv":[14.5625,12,16.0625,15],"texture":"#chair"},"south":{"uv":[0,12,2,15],"texture":"#chair"},"west":{"uv":[14.5625,12,16.0625,15],"texture":"#chair"},"up":{"uv":[0,14.5625,2,16.0625],"texture":"#chair"},"down":{"uv":[0,14.5625,2,16.0625],"texture":"#chair"}}},{"name":"wheel right back *","from":[6.4,5.6,17.8],"to":[9.2,6.3,18.5],"rotation":{"angle":0,"axis":"y","origin":[19,8,8]},"faces":{"north":{"uv":[0,12,2,15],"texture":"#chair"},"east":{"uv":[14.5625,12,16.0625,15],"texture":"#chair"},"south":{"uv":[0,12,2,15],"texture":"#chair"},"west":{"uv":[14.5625,12,16.0625,15],"texture":"#chair"},"up":{"uv":[0,14.5625,2,16.0625],"texture":"#chair"},"down":{"uv":[0,14.5625,2,16.0625],"texture":"#chair"}}},{"name":"wheel right back *","from":[6.4,5.6,-6],"to":[9.2,6.3,-5.3],"rotation":{"angle":0,"axis":"y","origin":[19,8,8]},"faces":{"north":{"uv":[0,12,2,15],"texture":"#chair"},"east":{"uv":[14.5625,12,16.0625,15],"texture":"#chair"},"south":{"uv":[0,11,1,12.5],"texture":"#chair"},"west":{"uv":[14.5625,12,16.0625,15],"texture":"#chair"},"up":{"uv":[0,14.5625,2,16.0625],"texture":"#chair"},"down":{"uv":[0,14.5625,2,16.0625],"texture":"#chair"}}},{"name":"wheel right back *","from":[6.4,5.6,-10.9],"to":[9.2,6.3,-10.2],"rotation":{"angle":0,"axis":"y","origin":[19,8,8]},"faces":{"north":{"uv":[0,12,2,15],"texture":"#chair"},"east":{"uv":[14.5625,12,16.0625,15],"texture":"#chair"},"south":{"uv":[0,11,1,12.5],"texture":"#chair"},"west":{"uv":[14.5625,12,16.0625,15],"texture":"#chair"},"up":{"uv":[0,14.5625,2,16.0625],"texture":"#chair"},"down":{"uv":[0,14.5625,2,16.0625],"texture":"#chair"}}},{"name":"wheel right back *","from":[6.4,0.7,-10.9],"to":[9.2,1.4,-10.2],"rotation":{"angle":0,"axis":"y","origin":[19,8,8]},"faces":{"north":{"uv":[0,12,2,15],"texture":"#chair"},"east":{"uv":[14.5625,12,16.0625,15],"texture":"#chair"},"south":{"uv":[0,11,1,12.5],"texture":"#chair"},"west":{"uv":[14.5625,12,16.0625,15],"texture":"#chair"},"up":{"uv":[0,14.5625,2,16.0625],"texture":"#chair"},"down":{"uv":[0,14.5625,2,16.0625],"texture":"#chair"}}},{"name":"wheel right back *","from":[6.4,0.7,12.9],"to":[9.2,1.4,13.6],"rotation":{"angle":0,"axis":"y","origin":[19,8,8]},"faces":{"north":{"uv":[0,12,2,15],"texture":"#chair"},"east":{"uv":[14.5625,12,16.0625,15],"texture":"#chair"},"south":{"uv":[0,12,2,15],"texture":"#chair"},"west":{"uv":[14.5625,12,16.0625,15],"texture":"#chair"},"up":{"uv":[0,14.5625,2,16.0625],"texture":"#chair"},"down":{"uv":[0,14.5625,2,16.0625],"texture":"#chair"}}},{"name":"wheel right back *","from":[6.4,0.7,-6],"to":[9.2,1.4,-5.3],"rotation":{"angle":0,"axis":"y","origin":[19,8,8]},"faces":{"north":{"uv":[0,12,2,15],"texture":"#chair"},"east":{"uv":[14.5625,12,16.0625,15],"texture":"#chair"},"south":{"uv":[0,11,1,12.5],"texture":"#chair"},"west":{"uv":[14.5625,12,16.0625,15],"texture":"#chair"},"up":{"uv":[0,14.5625,2,16.0625],"texture":"#chair"},"down":{"uv":[0,14.5625,2,16.0625],"texture":"#chair"}}}],"display":{"gui":{"rotation":[10,150,0],"translation":[0.8,0,0],"scale":[0.4,0.4,0.4]},"head":{"scale":[1.5,1.5,1.5]}},"credit":"Model by Craftventure"}