{"textures":{"0":"block/brown_mushroom","1":"block/brown_mushroom_block","particle":"block/brown_mushroom"},"elements":[{"from":[12.5,0,13],"to":[13.5,2,14],"faces":{"north":{"uv":[7,14,8,16],"texture":"#0"},"east":{"uv":[7,14,8,16],"texture":"#0"},"south":{"uv":[7,14,8,16],"texture":"#0"},"west":{"uv":[7,14,8,16],"texture":"#0"},"up":{"uv":[7,14,8,16],"texture":"#0","rotation":90},"down":{"uv":[7,14,8,16],"texture":"#0","rotation":270}}},{"from":[11.5,2,12],"to":[14.5,3.5,15],"faces":{"north":{"uv":[1,3,4,4.5],"texture":"#1"},"east":{"uv":[8,10,11,11.5],"texture":"#1"},"south":{"uv":[8,11,11,12.5],"texture":"#1"},"west":{"uv":[3,0,6,1.5],"texture":"#1"},"up":{"uv":[10,7,13,10],"texture":"#1","rotation":180},"down":{"uv":[0,0,3,3],"texture":"#1","rotation":270}}},{"from":[10.24,0,8.8],"to":[11.56,2.64,10.12],"faces":{"north":{"uv":[7,14,8,16],"texture":"#0"},"east":{"uv":[7,14,8,16],"texture":"#0"},"south":{"uv":[7,14,8,16],"texture":"#0"},"west":{"uv":[7,14,8,16],"texture":"#0"},"up":{"uv":[7,14,8,16],"texture":"#0","rotation":90},"down":{"uv":[7,14,8,16],"texture":"#0","rotation":270}}},{"from":[8.92,2.58,7.48],"to":[12.88,4.56,11.44],"faces":{"north":{"uv":[1,9,4.95937,10.97969],"texture":"#1"},"east":{"uv":[10,5,13.95938,6.97969],"texture":"#1"},"south":{"uv":[6,10,9.95938,11.97969],"texture":"#1"},"west":{"uv":[1,10,4.95937,11.97969],"texture":"#1"},"up":{"uv":[3,6,6.95938,9.95938],"texture":"#1","rotation":90},"down":{"uv":[0,0,3.96,3.96],"texture":"#1","rotation":270}}},{"from":[1.75,2,3],"to":[4.75,3.5,6],"faces":{"north":{"uv":[10,6,13,7.5],"texture":"#1"},"east":{"uv":[0,0,3,1.5],"texture":"#1"},"south":{"uv":[4,9,7,10.5],"texture":"#1"},"west":{"uv":[3,4,6,5.5],"texture":"#1"},"up":{"uv":[9,9,12,12],"texture":"#1","rotation":180},"down":{"uv":[0,0,3,3],"texture":"#1","rotation":270}}},{"from":[2.75,0,4],"to":[3.75,2,5],"faces":{"north":{"uv":[7,14,8,16],"texture":"#0"},"east":{"uv":[7,14,8,16],"texture":"#0"},"south":{"uv":[7,14,8,16],"texture":"#0"},"west":{"uv":[7,14,8,16],"texture":"#0"},"up":{"uv":[7,14,8,16],"texture":"#0","rotation":90},"down":{"uv":[7,14,8,16],"texture":"#0","rotation":270}}},{"from":[4.465,1.315,6.705],"to":[6.445,2.305,8.685],"faces":{"north":{"uv":[0,0,1.98,0.99],"texture":"#1"},"east":{"uv":[0,0,1.98,0.99],"texture":"#1"},"south":{"uv":[0,0,1.98,0.99],"texture":"#1"},"west":{"uv":[0,0,1.98,0.99],"texture":"#1"},"up":{"uv":[4,6,5.97969,7.97969],"texture":"#1","rotation":90},"down":{"uv":[0,0,1.98,1.98],"texture":"#1","rotation":270}}},{"from":[5.125,0,7.365],"to":[5.785,1.32,8.025],"faces":{"north":{"uv":[7,14,8,16],"texture":"#0"},"east":{"uv":[7,14,8,16],"texture":"#0"},"south":{"uv":[7,14,8,16],"texture":"#0"},"west":{"uv":[7,14,8,16],"texture":"#0"},"up":{"uv":[7,14,8,16],"texture":"#0","rotation":90},"down":{"uv":[7,14,8,16],"texture":"#0","rotation":270}}}],"credit":"Model by Craftventure"}