{
	"credit": "Steven Paw",
	"texture_size": [64, 64],
	"textures": {
		"0": "nlp/blocks/nlp-automat-top",
		"particle": "nlp/blocks/nlp-automat-top"
	},
	"elements": [
		{
			"from": [1, 0, 8],
			"to": [15, 16.5, 9],
			"rotation": {"angle": 0, "axis": "y", "origin": [8, 8, 16]},
			"faces": {
				"north": {"uv": [0.25, 0.25, 3.75, 4.25], "texture": "#0"},
				"east": {"uv": [0, 0.25, 0.25, 4.25], "texture": "#0"},
				"south": {"uv": [4, 0.25, 7.5, 4.25], "texture": "#0"},
				"west": {"uv": [3.75, 0.25, 4, 4.25], "texture": "#0"},
				"up": {"uv": [3.75, 0.25, 0.25, 0], "texture": "#0"},
				"down": {"uv": [7.25, 0, 3.75, 0.25], "texture": "#0"}
			}
		},
		{
			"from": [1, 0, 9],
			"to": [15, 16.5, 10],
			"rotation": {"angle": 0, "axis": "y", "origin": [8, 8, 17]},
			"faces": {
				"north": {"uv": [0.25, 0.25, 3.75, 4.25], "texture": "#0"},
				"east": {"uv": [0, 0.25, 0.25, 4.25], "texture": "#0"},
				"south": {"uv": [4, 0.25, 7.5, 4.25], "texture": "#0"},
				"west": {"uv": [3.75, 0.25, 4, 4.25], "texture": "#0"},
				"up": {"uv": [3.75, 0.25, 0.25, 0], "texture": "#0"},
				"down": {"uv": [7.25, 0, 3.75, 0.25], "texture": "#0"}
			}
		},
		{
			"from": [1, 14.5, 7],
			"to": [15, 15.5, 8],
			"rotation": {"angle": 0, "axis": "y", "origin": [8, 9, 16]},
			"faces": {
				"north": {"uv": [0.25, 6.5, 3.75, 6.75], "texture": "#0"},
				"east": {"uv": [0, 6.5, 0.25, 6.75], "texture": "#0"},
				"south": {"uv": [4, 6.5, 7.5, 6.75], "texture": "#0"},
				"west": {"uv": [3.75, 6.5, 4, 6.75], "texture": "#0"},
				"up": {"uv": [3.75, 6.5, 0.25, 6.25], "texture": "#0"},
				"down": {"uv": [7.25, 6.25, 3.75, 6.5], "texture": "#0"}
			}
		},
		{
			"from": [1, 0, 7],
			"to": [15, 1, 8],
			"rotation": {"angle": 0, "axis": "y", "origin": [8, -6, 16]},
			"faces": {
				"north": {"uv": [0.25, 6, 3.75, 6.25], "texture": "#0"},
				"east": {"uv": [0, 6, 0.25, 6.25], "texture": "#0"},
				"south": {"uv": [4, 6, 7.5, 6.25], "texture": "#0"},
				"west": {"uv": [3.75, 6, 4, 6.25], "texture": "#0"},
				"up": {"uv": [3.75, 6, 0.25, 5.75], "texture": "#0"},
				"down": {"uv": [7.25, 5.75, 3.75, 6], "texture": "#0"}
			}
		},
		{
			"from": [0, 13, 7.8],
			"to": [2, 14, 8.8],
			"rotation": {"angle": 45, "axis": "z", "origin": [1, 14, 8.8]},
			"faces": {
				"north": {"uv": [6.5, 7, 7, 7.25], "texture": "#0"},
				"east": {"uv": [6.25, 7, 6.5, 7.25], "texture": "#0"},
				"south": {"uv": [7.25, 7, 7.75, 7.25], "texture": "#0"},
				"west": {"uv": [7, 7, 7.25, 7.25], "texture": "#0"},
				"up": {"uv": [7, 7, 6.5, 6.75], "texture": "#0"},
				"down": {"uv": [7.5, 6.75, 7, 7], "texture": "#0"}
			}
		},
		{
			"from": [14, 13, 7.8],
			"to": [16, 14, 8.8],
			"rotation": {"angle": -45, "axis": "z", "origin": [15, 14, 8.8]},
			"faces": {
				"north": {"uv": [4.5, 7, 5, 7.25], "texture": "#0"},
				"east": {"uv": [4.25, 7, 4.5, 7.25], "texture": "#0"},
				"south": {"uv": [5.25, 7, 5.75, 7.25], "texture": "#0"},
				"west": {"uv": [5, 7, 5.25, 7.25], "texture": "#0"},
				"up": {"uv": [5, 7, 4.5, 6.75], "texture": "#0"},
				"down": {"uv": [5.5, 6.75, 5, 7], "texture": "#0"}
			}
		},
		{
			"from": [0, 14, 6.7],
			"to": [16, 15, 8.7],
			"rotation": {"angle": 0, "axis": "y", "origin": [8, 8, 16.7]},
			"faces": {
				"north": {"uv": [0.5, 4.75, 4.5, 5], "texture": "#0"},
				"east": {"uv": [0, 4.75, 0.5, 5], "texture": "#0"},
				"south": {"uv": [5, 4.75, 9, 5], "texture": "#0"},
				"west": {"uv": [4.5, 4.75, 5, 5], "texture": "#0"},
				"up": {"uv": [4.5, 4.75, 0.5, 4.25], "texture": "#0"},
				"down": {"uv": [8.5, 4.25, 4.5, 4.75], "texture": "#0"}
			}
		},
		{
			"from": [15, 15, 6.7],
			"to": [16, 16, 9.7],
			"rotation": {"angle": 0, "axis": "y", "origin": [8, 9, 16.7]},
			"faces": {
				"north": {"uv": [5.75, 7.5, 6, 7.75], "texture": "#0"},
				"east": {"uv": [5, 7.5, 5.75, 7.75], "texture": "#0"},
				"south": {"uv": [6.75, 7.5, 7, 7.75], "texture": "#0"},
				"west": {"uv": [6, 7.5, 6.75, 7.75], "texture": "#0"},
				"up": {"uv": [6, 7.5, 5.75, 6.75], "texture": "#0"},
				"down": {"uv": [6.25, 6.75, 6, 7.5], "texture": "#0"}
			}
		},
		{
			"from": [0, 15, 6.7],
			"to": [1, 16, 9.7],
			"rotation": {"angle": 0, "axis": "y", "origin": [-7, 9, 16.7]},
			"faces": {
				"north": {"uv": [3.75, 7.5, 4, 7.75], "texture": "#0"},
				"east": {"uv": [3, 7.5, 3.75, 7.75], "texture": "#0"},
				"south": {"uv": [4.75, 7.5, 5, 7.75], "texture": "#0"},
				"west": {"uv": [4, 7.5, 4.75, 7.75], "texture": "#0"},
				"up": {"uv": [4, 7.5, 3.75, 6.75], "texture": "#0"},
				"down": {"uv": [4.25, 6.75, 4, 7.5], "texture": "#0"}
			}
		},
		{
			"from": [1, 15.5, 6],
			"to": [15, 16.5, 8],
			"rotation": {"angle": 0, "axis": "y", "origin": [8, 9, 16]},
			"faces": {
				"north": {"uv": [0.5, 5.5, 4, 5.75], "texture": "#0"},
				"east": {"uv": [0, 5.5, 0.5, 5.75], "texture": "#0"},
				"south": {"uv": [4.5, 5.5, 8, 5.75], "texture": "#0"},
				"west": {"uv": [4, 5.5, 4.5, 5.75], "texture": "#0"},
				"up": {"uv": [4, 5.5, 0.5, 5], "texture": "#0"},
				"down": {"uv": [7.5, 5, 4, 5.5], "texture": "#0"}
			}
		},
		{
			"from": [0, 0, 7.7],
			"to": [1, 14, 9.7],
			"rotation": {"angle": 0, "axis": "y", "origin": [8, 7, 16.7]},
			"faces": {
				"north": {"uv": [2, 7.25, 2.25, 10.75], "texture": "#0"},
				"east": {"uv": [1.5, 7.25, 2, 10.75], "texture": "#0"},
				"south": {"uv": [2.75, 7.25, 3, 10.75], "texture": "#0"},
				"west": {"uv": [2.25, 7.25, 2.75, 10.75], "texture": "#0"},
				"up": {"uv": [2.25, 7.25, 2, 6.75], "texture": "#0"},
				"down": {"uv": [2.5, 6.75, 2.25, 7.25], "texture": "#0"}
			}
		},
		{
			"from": [15, 0, 7.7],
			"to": [16, 14, 9.7],
			"rotation": {"angle": 0, "axis": "y", "origin": [23, 7, 16.7]},
			"faces": {
				"north": {"uv": [0.5, 7.25, 0.75, 10.75], "texture": "#0"},
				"east": {"uv": [0, 7.25, 0.5, 10.75], "texture": "#0"},
				"south": {"uv": [1.25, 7.25, 1.5, 10.75], "texture": "#0"},
				"west": {"uv": [0.75, 7.25, 1.25, 10.75], "texture": "#0"},
				"up": {"uv": [0.75, 7.25, 0.5, 6.75], "texture": "#0"},
				"down": {"uv": [1, 6.75, 0.75, 7.25], "texture": "#0"}
			}
		},
		{
			"from": [15, 14, 8.7],
			"to": [16, 15, 9.7],
			"rotation": {"angle": 0, "axis": "y", "origin": [23, 8, 16.7]},
			"faces": {
				"north": {"uv": [1.25, 7, 1.5, 7.25], "texture": "#0"},
				"east": {"uv": [1, 7, 1.25, 7.25], "texture": "#0"},
				"south": {"uv": [1.75, 7, 2, 7.25], "texture": "#0"},
				"west": {"uv": [1.5, 7, 1.75, 7.25], "texture": "#0"},
				"up": {"uv": [1.5, 7, 1.25, 6.75], "texture": "#0"},
				"down": {"uv": [1.75, 6.75, 1.5, 7], "texture": "#0"}
			}
		},
		{
			"from": [0, 14, 8.7],
			"to": [1, 15, 9.7],
			"rotation": {"angle": 0, "axis": "y", "origin": [8, 8, 16.7]},
			"faces": {
				"north": {"uv": [2.75, 7, 3, 7.25], "texture": "#0"},
				"east": {"uv": [2.5, 7, 2.75, 7.25], "texture": "#0"},
				"south": {"uv": [3.25, 7, 3.5, 7.25], "texture": "#0"},
				"west": {"uv": [3, 7, 3.25, 7.25], "texture": "#0"},
				"up": {"uv": [3, 7, 2.75, 6.75], "texture": "#0"},
				"down": {"uv": [3.25, 6.75, 3, 7], "texture": "#0"}
			}
		}
	],
	"display": {
		"thirdperson_righthand": {
			"rotation": [0, 165, 0],
			"translation": [0, 0, 0.5],
			"scale": [0.5, 0.5, 0.5]
		},
		"thirdperson_lefthand": {
			"rotation": [0, 165, 0],
			"translation": [0, 0, 0.5],
			"scale": [0.5, 0.5, 0.5]
		},
		"firstperson_righthand": {
			"rotation": [0, 145, 0],
			"translation": [0, -1.5, 0],
			"scale": [0.7, 0.7, 0.7]
		},
		"firstperson_lefthand": {
			"rotation": [0, 145, 0],
			"translation": [0, -1.5, 0],
			"scale": [0.7, 0.7, 0.7]
		},
		"ground": {
			"scale": [0.5, 0.5, 0.5]
		},
		"gui": {
			"rotation": [45, 145, 0],
			"scale": [0.8, 0.8, 0.8]
		},
		"head": {
			"translation": [0, 0, -6.5]
		},
		"fixed": {
			"translation": [0, 0, -1.25],
			"scale": [1.995, 1.995, 2]
		}
	}
}