{"textures":{"1":"block/gold_block","4":"entity/parrot/parrot_grey","particle":"block/gold_block"},"elements":[{"from":[7.1,1.1,7.7],"to":[8.5,4.1,9.1],"faces":{"north":{"uv":[3,6,4.5,9],"texture":"#1"},"east":{"uv":[1,5.5,2.5,8.5],"texture":"#1"},"south":{"uv":[1,5.5,2.5,8.5],"texture":"#1"},"west":{"uv":[1,5.5,2.5,8.5],"texture":"#1"},"up":{"uv":[1,5.5,2.5,8.5],"texture":"#1"},"down":{"uv":[1,5.5,2.5,8.5],"texture":"#1"}}},{"from":[6.8,1.8,8.7],"to":[7.1,4.3,10.1],"rotation":{"angle":-22.5,"axis":"x","origin":[-2.4,1.8,9.2]},"faces":{"north":{"uv":[10,5,11.5,8],"texture":"#1"},"east":{"uv":[10,5,11.5,8],"texture":"#1"},"south":{"uv":[10,5,11.5,8],"texture":"#1"},"west":{"uv":[10,5,11.5,8],"texture":"#1"},"up":{"uv":[10,5,11.5,8],"texture":"#1"},"down":{"uv":[10,5,11.5,8],"texture":"#1"}}},{"from":[8.5,1.8,8.7],"to":[8.8,4.3,10.1],"rotation":{"angle":-22.5,"axis":"x","origin":[-0.7,1.8,9.2]},"faces":{"north":{"uv":[10,5,11.5,8],"texture":"#1"},"east":{"uv":[10,5,11.5,8],"texture":"#1"},"south":{"uv":[10,5,11.5,8],"texture":"#1"},"west":{"uv":[10,5,11.5,8],"texture":"#1"},"up":{"uv":[10,5,11.5,8],"texture":"#1"},"down":{"uv":[10,5,11.5,8],"texture":"#1"}}},{"from":[7.3,3.6,8.7],"to":[8.3,5.5,9.1],"faces":{"north":{"uv":[1,5.5,2.5,8.5],"texture":"#1"},"east":{"uv":[1,5.5,2.5,8.5],"texture":"#1"},"south":{"uv":[1,5.5,2.5,8.5],"texture":"#1"},"west":{"uv":[1,5.5,2.5,8.5],"texture":"#1"},"up":{"uv":[1,5.5,2.5,8.5],"texture":"#1"},"down":{"uv":[1,5.5,2.5,8.5],"texture":"#1"}}},{"from":[7.3,5.1,7.4],"to":[8.3,5.5,8.7],"faces":{"north":{"uv":[1,5.5,2.5,8.5],"texture":"#1"},"east":{"uv":[1,5.5,2.5,8.5],"texture":"#1"},"south":{"uv":[1,5,2.5,8],"texture":"#1"},"west":{"uv":[1,5.5,2.5,8.5],"texture":"#1"},"up":{"uv":[1,5.5,2.5,8.5],"texture":"#1"},"down":{"uv":[1,5.5,2.5,8.5],"texture":"#1"}}},{"from":[7.3,4.2,8.3],"to":[8.3,5.1,8.7],"faces":{"north":{"uv":[2,2,3,4.5],"texture":"#1"},"east":{"uv":[9,0,10,2.5],"texture":"#1"},"south":{"uv":[1,0,2,2.5],"texture":"#1"},"west":{"uv":[9,0,10,2.5],"texture":"#1"},"up":{"uv":[1,0,2,2.5],"texture":"#1"},"down":{"uv":[1,0,2,2.5],"texture":"#1"}}},{"from":[7.3,3.3,8.3],"to":[8.3,4.2,8.7],"faces":{"north":{"uv":[3,5,4,6.5],"texture":"#1"},"east":{"uv":[3,5.5,4,7],"texture":"#1"},"south":{"uv":[3,5.5,4,7],"texture":"#1"},"west":{"uv":[3,5.5,4,7],"texture":"#1"},"up":{"uv":[3,5.5,4,7],"texture":"#1"},"down":{"uv":[3,5.5,4,7],"texture":"#1"}}},{"from":[7.4,4.2,7.9],"to":[8.2,5.1,8.3],"faces":{"north":{"uv":[0,0,1.3,0.9],"texture":"#1"},"east":{"uv":[0,0,1.3,0.9],"texture":"#1"},"south":{"uv":[0,0,1.3,0.9],"texture":"#1"},"west":{"uv":[0,0,1.3,0.9],"texture":"#1"},"up":{"uv":[0,0,1.3,0.9],"texture":"#1"},"down":{"uv":[0,0,1.3,0.9],"texture":"#1"}}},{"from":[7.5,4.3,7.5],"to":[8.1,5.1,7.9],"faces":{"north":{"uv":[0,0,1.3,0.9],"texture":"#1"},"east":{"uv":[0,0,1.3,0.9],"texture":"#1"},"south":{"uv":[0,0,1.3,0.9],"texture":"#1"},"west":{"uv":[0,0,1.3,0.9],"texture":"#1"},"up":{"uv":[0,0,1.3,0.9],"texture":"#1"},"down":{"uv":[0,0,1.3,0.9],"texture":"#1"}}},{"from":[7.7,6.2,7],"to":[7.8,8.2,8.3],"rotation":{"angle":22.5,"axis":"x","origin":[-1.2,3.1,5.8]},"faces":{"north":{"uv":[3,11,5,13.5],"texture":"#4"},"east":{"uv":[1,11,3,13.5],"texture":"#4"},"south":{"uv":[3,11,5,13.5],"texture":"#4"},"west":{"uv":[3,11,1,13.5],"texture":"#4"},"up":{"uv":[3,11,5,13.5],"texture":"#4"},"down":{"uv":[3,11,5,13.5],"texture":"#4"}}},{"from":[7.2,-0.01161,8.63367],"to":[8.4,0.38839,10.78367],"rotation":{"angle":45,"axis":"x","origin":[6.7,1.18839,10.70867]},"faces":{"north":{"uv":[5,5,6.2,6.399],"rotation":180,"texture":"#1"},"east":{"uv":[5,5,6.2,6.399],"rotation":180,"texture":"#1"},"south":{"uv":[5,5,6.2,6.399],"rotation":180,"texture":"#1"},"west":{"uv":[5,5,6.2,6.399],"rotation":180,"texture":"#1"},"up":{"uv":[5,5,6.2,6.399],"rotation":180,"texture":"#1"},"down":{"uv":[5,5,6.2,6.399],"rotation":180,"texture":"#1"}}},{"from":[7.9,0.4,8.4],"to":[8.3,1.3,8.4],"faces":{"north":{"uv":[0,0,1.3,0.9],"texture":"#1"},"east":{"uv":[0,0,1.3,0.9],"texture":"#1"},"south":{"uv":[0,0,1.3,0.9],"texture":"#1"},"west":{"uv":[0,0,1.3,0.9],"texture":"#1"},"up":{"uv":[0,0,1.3,0.9],"texture":"#1"},"down":{"uv":[0,0,1.3,0.9],"texture":"#1"}}},{"from":[7.9,0.51,8],"to":[8.3,0.51,8.4],"faces":{"north":{"uv":[0,0,1.3,0.9],"texture":"#1"},"east":{"uv":[0,0,1.3,0.9],"texture":"#1"},"south":{"uv":[0,0,1.3,0.9],"texture":"#1"},"west":{"uv":[0,0,1.3,0.9],"texture":"#1"},"up":{"uv":[0,0,1.3,0.9],"texture":"#1"},"down":{"uv":[0,0,1.3,0.9],"texture":"#1"}}},{"from":[7.3,0.4,8.4],"to":[7.7,1.3,8.4],"faces":{"north":{"uv":[0,0,1.3,0.9],"texture":"#1"},"east":{"uv":[0,0,1.3,0.9],"texture":"#1"},"south":{"uv":[0,0,1.3,0.9],"texture":"#1"},"west":{"uv":[0,0,1.3,0.9],"texture":"#1"},"up":{"uv":[0,0,1.3,0.9],"texture":"#1"},"down":{"uv":[0,0,1.3,0.9],"texture":"#1"}}},{"from":[7.3,0.51,8],"to":[7.7,0.51,8.4],"faces":{"north":{"uv":[0,0,1.3,0.9],"texture":"#1"},"east":{"uv":[0,0,1.3,0.9],"texture":"#1"},"south":{"uv":[0,0,1.3,0.9],"texture":"#1"},"west":{"uv":[0,0,1.3,0.9],"texture":"#1"},"up":{"uv":[0,0,1.3,0.9],"texture":"#1"},"down":{"uv":[0,0,1.3,0.9],"texture":"#1"}}}],"display":{"thirdperson_righthand":{"rotation":[0,40,-6],"translation":[1,15,-1],"scale":[2,2,2]},"thirdperson_lefthand":{"rotation":[0,40,6],"translation":[-2,15,1.5],"scale":[2,2,2]},"firstperson_righthand":{"rotation":[-40,30,0],"translation":[-2,9.5,-4],"scale":[2,2,2]},"firstperson_lefthand":{"rotation":[-40,30,0],"translation":[-2,9.5,-4],"scale":[2,2,2]},"gui":{"rotation":[50,141,-47],"translation":[-6.25,5.75,2.25],"scale":[2,2,2]},"head":{"translation":[0.5,21,0],"scale":[2,2,2]}},"credit":"Model by Craftventure"}