{"textures":{"2":"block/red_mushroom","3":"block/red_mushroom_block"},"elements":[{"from":[13,0,2.5],"to":[14,2,3.5],"faces":{"north":{"uv":[7,15,8,16],"texture":"#2"},"east":{"uv":[7,15,8,16],"texture":"#2"},"south":{"uv":[7,15,8,16],"texture":"#2"},"west":{"uv":[7,15,8,16],"texture":"#2"},"up":{"uv":[7,15,8,16],"texture":"#2"},"down":{"uv":[7,15,8,16],"texture":"#2"}}},{"from":[12,2,1.5],"to":[15,3.5,4.5],"faces":{"north":{"uv":[8,11,11,12.5],"texture":"#3"},"east":{"uv":[8,11,11,12.5],"texture":"#3"},"south":{"uv":[3,0,6,1.5],"texture":"#3"},"west":{"uv":[1,3,4,4.5],"texture":"#3"},"up":{"uv":[10,7,13,10],"texture":"#3","rotation":90},"down":{"uv":[0,0,3,3],"texture":"#3"}}},{"from":[8.8,0,4.44],"to":[10.12,2.64,5.76],"faces":{"north":{"uv":[7,15,8,16],"texture":"#2"},"east":{"uv":[7,15,8,16],"texture":"#2"},"south":{"uv":[7,15,8,16],"texture":"#2"},"west":{"uv":[7,15,8,16],"texture":"#2"},"up":{"uv":[7,15,8,16],"texture":"#2"},"down":{"uv":[7,15,8,16],"texture":"#2"}}},{"from":[7.48,2.58,3.12],"to":[11.44,4.56,7.08],"faces":{"north":{"uv":[10,8,13.95938,9.97969],"texture":"#3"},"east":{"uv":[7,11,10.95938,12.97969],"texture":"#3"},"south":{"uv":[4,11,7.95859,12.97969],"texture":"#3"},"west":{"uv":[7,13,10.95859,14.97969],"texture":"#3"},"up":{"uv":[3,3,6.95938,6.95938],"texture":"#3"},"down":{"uv":[0,0,3.96,3.96],"texture":"#3"}}},{"from":[3,2,11.25],"to":[6,3.5,14.25],"faces":{"north":{"uv":[0,0,3,1.5],"texture":"#3"},"east":{"uv":[4,9,7,10.5],"texture":"#3"},"south":{"uv":[3,4,6,5.5],"texture":"#3"},"west":{"uv":[10,6,13,7.5],"texture":"#3"},"up":{"uv":[10,8,13,11],"texture":"#3","rotation":90},"down":{"uv":[0,0,3,3],"texture":"#3"}}},{"from":[4,0,12.25],"to":[5,2,13.25],"faces":{"north":{"uv":[7,15,8,16],"texture":"#2"},"east":{"uv":[7,15,8,16],"texture":"#2"},"south":{"uv":[7,15,8,16],"texture":"#2"},"west":{"uv":[7,15,8,16],"texture":"#2"},"up":{"uv":[7,15,8,16],"texture":"#2"},"down":{"uv":[7,15,8,16],"texture":"#2"}}},{"from":[6.705,1.315,9.555],"to":[8.685,2.305,11.535],"faces":{"north":{"uv":[0,0,1.98,0.99],"texture":"#3"},"east":{"uv":[0,0,1.98,0.99],"texture":"#3"},"south":{"uv":[2,3,3.97969,3.98984],"texture":"#3"},"west":{"uv":[0,0,1.98,0.99],"texture":"#3"},"up":{"uv":[4,4,5.97969,5.97969],"texture":"#3"},"down":{"uv":[0,0,1.98,1.98],"texture":"#3"}}},{"from":[7.365,0,10.215],"to":[8.025,1.32,10.875],"faces":{"north":{"uv":[7,15,8,16],"texture":"#2"},"east":{"uv":[7,15,8,16],"texture":"#2"},"south":{"uv":[7,15,8,16],"texture":"#2"},"west":{"uv":[7,15,8,16],"texture":"#2"},"up":{"uv":[7,15,8,16],"texture":"#2"},"down":{"uv":[7,15,8,16],"texture":"#2"}}}],"credit":"Model by Craftventure"}