{"textures":{"1":"block/armen1"},"elements":[{"from":[0,0,0],"to":[4,12,4],"faces":{"north":{"uv":[10,10,12,16],"texture":"#1"},"east":{"uv":[8,10,10,16],"texture":"#1"},"south":{"uv":[14,10,16,16],"texture":"#1"},"west":{"uv":[12,10,14,16],"texture":"#1"},"up":{"uv":[10,8,12,10],"texture":"#1"},"down":{"uv":[12,10,14,8],"texture":"#1"}}}],"display":{"thirdperson_righthand":{"rotation":[90,0,0],"translation":[6,-8,8]},"thirdperson_lefthand":{"rotation":[90,90,0],"translation":[6,-8,8]}},"credit":"Model by Craftventure"}